[INFO] Scanning for projects...
[INFO] 
[INFO] -------------------< com.trasua:tea-attendance-api >--------------------
[INFO] Building tea-attendance-api 0.0.1-SNAPSHOT
[INFO]   from pom.xml
[INFO] --------------------------------[ jar ]---------------------------------
[INFO] 
[INFO] >>> spring-boot:3.4.5:run (default-cli) > test-compile @ tea-attendance-api >>>
[INFO] 
[INFO] --- resources:3.3.1:resources (default-resources) @ tea-attendance-api ---
[INFO] Copying 1 resource from src\main\resources to target\classes
[INFO] Copying 4 resources from src\main\resources to target\classes
[INFO] 
[INFO] --- compiler:3.13.0:compile (default-compile) @ tea-attendance-api ---
[INFO] Nothing to compile - all classes are up to date.
[INFO] 
[INFO] --- resources:3.3.1:testResources (default-testResources) @ tea-attendance-api ---
[INFO] skip non existing resourceDirectory D:\web_diem_danh_tra_da\backend\src\test\resources
[INFO] 
[INFO] --- compiler:3.13.0:testCompile (default-testCompile) @ tea-attendance-api ---
[INFO] No sources to compile
[INFO] 
[INFO] <<< spring-boot:3.4.5:run (default-cli) < test-compile @ tea-attendance-api <<<
[INFO] 
[INFO] 
[INFO] --- spring-boot:3.4.5:run (default-cli) @ tea-attendance-api ---
[INFO] Attaching agents: []

  .   ____          _            __ _ _
 /\\ / ___'_ __ _ _(_)_ __  __ _ \ \ \ \
( ( )\___ | '_ | '_| | '_ \/ _` | \ \ \ \
 \\/  ___)| |_)| | | | | || (_| |  ) ) ) )
  '  |____| .__|_| |_|_| |_\__, | / / / /
 =========|_|==============|___/=/_/_/_/

 :: Spring Boot ::                (v3.4.5)

2026-09-13T22:30:02.462+07:00  INFO 2616 --- [tea-attendance-api] [           main] com.trasua.TeaAttendanceApplication      : Starting TeaAttendanceApplication using Java 17.0.20 with PID 2616 (D:\web_diem_danh_tra_da\backend\target\classes started by Admin in D:\web_diem_danh_tra_da\backend)
2026-09-13T22:30:02.469+07:00  INFO 2616 --- [tea-attendance-api] [           main] com.trasua.TeaAttendanceApplication      : No active profile set, falling back to 1 default profile: "default"
2026-09-13T22:30:02.471+07:00 DEBUG 2616 --- [tea-attendance-api] [           main] o.s.boot.SpringApplication               : Loading source class com.trasua.TeaAttendanceApplication
2026-09-13T22:30:02.621+07:00 DEBUG 2616 --- [tea-attendance-api] [           main] ConfigServletWebServerApplicationContext : Refreshing org.springframework.boot.web.servlet.context.AnnotationConfigServletWebServerApplicationContext@291f18
2026-09-13T22:30:05.410+07:00  INFO 2616 --- [tea-attendance-api] [           main] .s.d.r.c.RepositoryConfigurationDelegate : Bootstrapping Spring Data JPA repositories in DEFAULT mode.
2026-09-13T22:30:05.454+07:00 DEBUG 2616 --- [tea-attendance-api] [           main] o.s.b.a.AutoConfigurationPackages        : @EnableAutoConfiguration was declared on a class in the package 'com.trasua'. Automatic @Repository and @Entity scanning is enabled.
2026-09-13T22:30:05.635+07:00  INFO 2616 --- [tea-attendance-api] [           main] .s.d.r.c.RepositoryConfigurationDelegate : Finished Spring Data repository scanning in 199 ms. Found 10 JPA repository interfaces.
2026-09-13T22:30:15.682+07:00 DEBUG 2616 --- [tea-attendance-api] [           main] .s.b.w.e.t.TomcatServletWebServerFactory : Code archive: C:\Users\CodexSandboxOffline\.m2\repository\org\springframework\boot\spring-boot\3.4.5\spring-boot-3.4.5.jar
2026-09-13T22:30:15.683+07:00 DEBUG 2616 --- [tea-attendance-api] [           main] .s.b.w.e.t.TomcatServletWebServerFactory : Code archive: C:\Users\CodexSandboxOffline\.m2\repository\org\springframework\boot\spring-boot\3.4.5\spring-boot-3.4.5.jar
2026-09-13T22:30:15.684+07:00 DEBUG 2616 --- [tea-attendance-api] [           main] .s.b.w.e.t.TomcatServletWebServerFactory : None of the document roots [src/main/webapp, public, static] point to a directory and will be ignored.
2026-09-13T22:30:15.744+07:00  INFO 2616 --- [tea-attendance-api] [           main] o.s.b.w.embedded.tomcat.TomcatWebServer  : Tomcat initialized with port 8080 (http)
2026-09-13T22:30:15.773+07:00  INFO 2616 --- [tea-attendance-api] [           main] o.apache.catalina.core.StandardService   : Starting service [Tomcat]
2026-09-13T22:30:15.773+07:00  INFO 2616 --- [tea-attendance-api] [           main] o.apache.catalina.core.StandardEngine    : Starting Servlet engine: [Apache Tomcat/10.1.40]
2026-09-13T22:30:15.903+07:00  INFO 2616 --- [tea-attendance-api] [           main] o.a.c.c.C.[Tomcat].[localhost].[/]       : Initializing Spring embedded WebApplicationContext
2026-09-13T22:30:15.904+07:00 DEBUG 2616 --- [tea-attendance-api] [           main] w.s.c.ServletWebServerApplicationContext : Published root WebApplicationContext as ServletContext attribute with name [org.springframework.web.context.WebApplicationContext.ROOT]
2026-09-13T22:30:15.905+07:00  INFO 2616 --- [tea-attendance-api] [           main] w.s.c.ServletWebServerApplicationContext : Root WebApplicationContext: initialization completed in 13283 ms
2026-09-13T22:30:15.931+07:00 DEBUG 2616 --- [tea-attendance-api] [           main] o.s.b.w.s.ServletContextInitializerBeans : Mapping filters: characterEncodingFilter urls=[/*] order=-2147483648, formContentFilter urls=[/*] order=-9900, requestContextFilter urls=[/*] order=-105
2026-09-13T22:30:15.931+07:00 DEBUG 2616 --- [tea-attendance-api] [           main] o.s.b.w.s.ServletContextInitializerBeans : Mapping servlets: dispatcherServlet urls=[/]
2026-09-13T22:30:15.978+07:00 DEBUG 2616 --- [tea-attendance-api] [           main] o.s.b.w.s.f.OrderedRequestContextFilter  : Filter 'requestContextFilter' configured for use
2026-09-13T22:30:15.985+07:00 DEBUG 2616 --- [tea-attendance-api] [           main] s.b.w.s.f.OrderedCharacterEncodingFilter : Filter 'characterEncodingFilter' configured for use
2026-09-13T22:30:15.986+07:00 DEBUG 2616 --- [tea-attendance-api] [           main] o.s.b.w.s.f.OrderedFormContentFilter     : Filter 'formContentFilter' configured for use
2026-09-13T22:30:16.439+07:00  INFO 2616 --- [tea-attendance-api] [           main] com.zaxxer.hikari.HikariDataSource       : HikariPool-1 - Starting...
2026-09-13T22:30:17.407+07:00  INFO 2616 --- [tea-attendance-api] [           main] com.zaxxer.hikari.pool.HikariPool        : HikariPool-1 - Added connection com.mysql.cj.jdbc.ConnectionImpl@37d699a1
2026-09-13T22:30:17.411+07:00  INFO 2616 --- [tea-attendance-api] [           main] com.zaxxer.hikari.HikariDataSource       : HikariPool-1 - Start completed.
2026-09-13T22:30:17.564+07:00  INFO 2616 --- [tea-attendance-api] [           main] org.flywaydb.core.FlywayExecutor         : Database: jdbc:mysql://localhost:3307/tea_attendance?createDatabaseIfNotExist=true&useUnicode=true&characterEncoding=utf8&serverTimezone=Asia/Ho_Chi_Minh (MySQL 8.4)
2026-09-13T22:30:17.755+07:00  WARN 2616 --- [tea-attendance-api] [           main] o.f.c.internal.database.base.Database    : Flyway upgrade recommended: MySQL 8.4 is newer than this version of Flyway and support has not been tested. The latest supported version of MySQL is 8.1.
2026-09-13T22:30:17.945+07:00  INFO 2616 --- [tea-attendance-api] [           main] o.f.core.internal.command.DbValidate     : Successfully validated 4 migrations (execution time 00:00.161s)
2026-09-13T22:30:18.017+07:00  INFO 2616 --- [tea-attendance-api] [           main] o.f.core.internal.command.DbMigrate      : Current version of schema `tea_attendance`: 4
2026-09-13T22:30:18.034+07:00  INFO 2616 --- [tea-attendance-api] [           main] o.f.core.internal.command.DbMigrate      : Schema `tea_attendance` is up to date. No migration necessary.
2026-09-13T22:30:18.339+07:00  INFO 2616 --- [tea-attendance-api] [           main] o.hibernate.jpa.internal.util.LogHelper  : HHH000204: Processing PersistenceUnitInfo [name: default]
2026-09-13T22:30:18.546+07:00  INFO 2616 --- [tea-attendance-api] [           main] org.hibernate.Version                    : HHH000412: Hibernate ORM core version 6.6.13.Final
2026-09-13T22:30:18.649+07:00  INFO 2616 --- [tea-attendance-api] [           main] o.h.c.internal.RegionFactoryInitiator    : HHH000026: Second-level cache disabled
2026-09-13T22:30:19.493+07:00  INFO 2616 --- [tea-attendance-api] [           main] o.s.o.j.p.SpringPersistenceUnitInfo      : No LoadTimeWeaver setup: ignoring JPA class transformer
2026-09-13T22:30:19.723+07:00  INFO 2616 --- [tea-attendance-api] [           main] org.hibernate.orm.connections.pooling    : HHH10001005: Database info:
	Database JDBC URL [Connecting through datasource 'HikariDataSource (HikariPool-1)']
	Database driver: undefined/unknown
	Database version: 8.4.11
	Autocommit mode: undefined/unknown
	Isolation level: undefined/unknown
	Minimum pool size: undefined/unknown
	Maximum pool size: undefined/unknown
2026-09-13T22:30:22.507+07:00  INFO 2616 --- [tea-attendance-api] [           main] o.h.e.t.j.p.i.JtaPlatformInitiator       : HHH000489: No JTA platform available (set 'hibernate.transaction.jta.platform' to enable JTA platform integration)
2026-09-13T22:30:22.668+07:00  INFO 2616 --- [tea-attendance-api] [           main] j.LocalContainerEntityManagerFactoryBean : Initialized JPA EntityManagerFactory for persistence unit 'default'
2026-09-13T22:30:23.307+07:00  INFO 2616 --- [tea-attendance-api] [           main] o.s.d.j.r.query.QueryEnhancerFactory     : Hibernate is in classpath; If applicable, HQL parser will be used.
2026-09-13T22:30:25.364+07:00 DEBUG 2616 --- [tea-attendance-api] [           main] o.s.w.s.s.s.WebSocketHandlerMapping      : Patterns [/ws/**] in 'stompWebSocketHandlerMapping'
2026-09-13T22:30:25.477+07:00 DEBUG 2616 --- [tea-attendance-api] [           main] .WebSocketAnnotationMethodMessageHandler : 
	c.t.a.AttendanceController:
	
2026-09-13T22:30:25.478+07:00 DEBUG 2616 --- [tea-attendance-api] [           main] .WebSocketAnnotationMethodMessageHandler : 
	c.t.a.AuthController:
	
2026-09-13T22:30:25.478+07:00 DEBUG 2616 --- [tea-attendance-api] [           main] .WebSocketAnnotationMethodMessageHandler : 
	c.t.a.ChatController:
	
2026-09-13T22:30:25.479+07:00 DEBUG 2616 --- [tea-attendance-api] [           main] .WebSocketAnnotationMethodMessageHandler : 
	c.t.a.DrinkCatalogController:
	
2026-09-13T22:30:25.479+07:00 DEBUG 2616 --- [tea-attendance-api] [           main] .WebSocketAnnotationMethodMessageHandler : 
	c.t.a.ExpenseController:
	
2026-09-13T22:30:25.479+07:00 DEBUG 2616 --- [tea-attendance-api] [           main] .WebSocketAnnotationMethodMessageHandler : 
	c.t.a.MemberController:
	
2026-09-13T22:30:25.480+07:00 DEBUG 2616 --- [tea-attendance-api] [           main] .WebSocketAnnotationMethodMessageHandler : 
	c.t.a.NotificationController:
	
2026-09-13T22:30:25.480+07:00 DEBUG 2616 --- [tea-attendance-api] [           main] .WebSocketAnnotationMethodMessageHandler : 
	c.t.a.WeeklySettlementController:
	
2026-09-13T22:30:25.484+07:00 DEBUG 2616 --- [tea-attendance-api] [           main] .WebSocketAnnotationMethodMessageHandler : 
	o.s.b.a.w.s.e.BasicErrorController:
	
2026-09-13T22:30:25.697+07:00 DEBUG 2616 --- [tea-attendance-api] [           main] s.w.s.m.m.a.RequestMappingHandlerMapping : 33 mappings in 'requestMappingHandlerMapping'
2026-09-13T22:30:25.814+07:00 DEBUG 2616 --- [tea-attendance-api] [           main] o.s.w.s.handler.SimpleUrlHandlerMapping  : Patterns [/webjars/**, /**] in 'resourceHandlerMapping'
2026-09-13T22:30:25.871+07:00 DEBUG 2616 --- [tea-attendance-api] [           main] s.w.s.m.m.a.RequestMappingHandlerAdapter : ControllerAdvice beans: 0 @ModelAttribute, 0 @InitBinder, 1 RequestBodyAdvice, 1 ResponseBodyAdvice
2026-09-13T22:30:25.967+07:00 DEBUG 2616 --- [tea-attendance-api] [           main] .m.m.a.ExceptionHandlerExceptionResolver : ControllerAdvice beans: 1 @ExceptionHandler, 1 ResponseBodyAdvice
2026-09-13T22:30:26.134+07:00 DEBUG 2616 --- [tea-attendance-api] [           main] org.springframework.web.SimpLogging      : clientOutboundChannel added SubProtocolWebSocketHandler[StompSubProtocolHandler[v10.stomp, v11.stomp, v12.stomp]]
2026-09-13T22:30:26.135+07:00 DEBUG 2616 --- [tea-attendance-api] [           main] org.springframework.web.SimpLogging      : clientInboundChannel added WebSocketAnnotationMethodMessageHandler[prefixes=[/app/]]
2026-09-13T22:30:26.135+07:00  INFO 2616 --- [tea-attendance-api] [           main] o.s.m.s.b.SimpleBrokerMessageHandler     : Starting...
2026-09-13T22:30:26.135+07:00 DEBUG 2616 --- [tea-attendance-api] [           main] org.springframework.web.SimpLogging      : clientInboundChannel added SimpleBrokerMessageHandler [org.springframework.messaging.simp.broker.DefaultSubscriptionRegistry@3cce6db1]
2026-09-13T22:30:26.136+07:00 DEBUG 2616 --- [tea-attendance-api] [           main] org.springframework.web.SimpLogging      : brokerChannel added SimpleBrokerMessageHandler [org.springframework.messaging.simp.broker.DefaultSubscriptionRegistry@3cce6db1]
2026-09-13T22:30:26.136+07:00  INFO 2616 --- [tea-attendance-api] [           main] o.s.m.s.b.SimpleBrokerMessageHandler     : BrokerAvailabilityEvent[available=true, SimpleBrokerMessageHandler [org.springframework.messaging.simp.broker.DefaultSubscriptionRegistry@3cce6db1]]
2026-09-13T22:30:26.138+07:00  INFO 2616 --- [tea-attendance-api] [           main] o.s.m.s.b.SimpleBrokerMessageHandler     : Started.
2026-09-13T22:30:26.143+07:00 DEBUG 2616 --- [tea-attendance-api] [           main] org.springframework.web.SimpLogging      : clientInboundChannel added UserDestinationMessageHandler[DefaultUserDestinationResolver[prefix=/user/]]
2026-09-13T22:30:26.143+07:00 DEBUG 2616 --- [tea-attendance-api] [           main] org.springframework.web.SimpLogging      : brokerChannel added UserDestinationMessageHandler[DefaultUserDestinationResolver[prefix=/user/]]
2026-09-13T22:30:26.183+07:00  INFO 2616 --- [tea-attendance-api] [           main] o.s.b.w.embedded.tomcat.TomcatWebServer  : Tomcat started on port 8080 (http) with context path '/'
2026-09-13T22:30:26.200+07:00 DEBUG 2616 --- [tea-attendance-api] [           main] .s.b.a.l.ConditionEvaluationReportLogger : 


============================
CONDITIONS EVALUATION REPORT
============================


Positive matches:
-----------------

   AopAutoConfiguration matched:
      - @ConditionalOnProperty (spring.aop.auto=true) matched (OnPropertyCondition)

   AopAutoConfiguration.AspectJAutoProxyingConfiguration matched:
      - @ConditionalOnClass found required class 'org.aspectj.weaver.Advice' (OnClassCondition)

   AopAutoConfiguration.AspectJAutoProxyingConfiguration.CglibAutoProxyConfiguration matched:
      - @ConditionalOnProperty (spring.aop.proxy-target-class=true) matched (OnPropertyCondition)

   ApplicationAvailabilityAutoConfiguration#applicationAvailability matched:
      - @ConditionalOnMissingBean (types: org.springframework.boot.availability.ApplicationAvailability; SearchStrategy: all) did not find any beans (OnBeanCondition)

   DataSourceAutoConfiguration matched:
      - @ConditionalOnClass found required classes 'javax.sql.DataSource', 'org.springframework.jdbc.datasource.embedded.EmbeddedDatabaseType' (OnClassCondition)
      - @ConditionalOnMissingBean (types: io.r2dbc.spi.ConnectionFactory; SearchStrategy: all) did not find any beans (OnBeanCondition)

   DataSourceAutoConfiguration.PooledDataSourceConfiguration matched:
      - AnyNestedCondition 1 matched 1 did not; NestedCondition on DataSourceAutoConfiguration.PooledDataSourceCondition.PooledDataSourceAvailable PooledDataSource found supported DataSource; NestedCondition on DataSourceAutoConfiguration.PooledDataSourceCondition.ExplicitType @ConditionalOnProperty (spring.datasource.type) did not find property 'type' (DataSourceAutoConfiguration.PooledDataSourceCondition)
      - @ConditionalOnMissingBean (types: javax.sql.DataSource,javax.sql.XADataSource; SearchStrategy: all) did not find any beans (OnBeanCondition)

   DataSourceAutoConfiguration.PooledDataSourceConfiguration#jdbcConnectionDetails matched:
      - @ConditionalOnMissingBean (types: org.springframework.boot.autoconfigure.jdbc.JdbcConnectionDetails; SearchStrategy: all) did not find any beans (OnBeanCondition)

   DataSourceConfiguration.Hikari matched:
      - @ConditionalOnClass found required class 'com.zaxxer.hikari.HikariDataSource' (OnClassCondition)
      - @ConditionalOnProperty (spring.datasource.type=com.zaxxer.hikari.HikariDataSource) matched (OnPropertyCondition)
      - @ConditionalOnMissingBean (types: javax.sql.DataSource; SearchStrategy: all) did not find any beans (OnBeanCondition)

   DataSourceInitializationConfiguration matched:
      - @ConditionalOnClass found required class 'org.springframework.jdbc.datasource.init.DatabasePopulator' (OnClassCondition)
      - @ConditionalOnSingleCandidate (types: javax.sql.DataSource; SearchStrategy: all) found a single bean 'dataSource'; @ConditionalOnMissingBean (types: org.springframework.boot.autoconfigure.sql.init.SqlDataSourceScriptDatabaseInitializer,org.springframework.boot.autoconfigure.sql.init.SqlR2dbcScriptDatabaseInitializer; SearchStrategy: all) did not find any beans (OnBeanCondition)

   DataSourceJmxConfiguration matched:
      - @ConditionalOnProperty (spring.jmx.enabled=true) matched (OnPropertyCondition)

   DataSourceJmxConfiguration.Hikari matched:
      - @ConditionalOnClass found required class 'com.zaxxer.hikari.HikariDataSource' (OnClassCondition)
      - @ConditionalOnSingleCandidate (types: javax.sql.DataSource; SearchStrategy: all) found a single bean 'dataSource' (OnBeanCondition)

   DataSourcePoolMetadataProvidersConfiguration.HikariPoolDataSourceMetadataProviderConfiguration matched:
      - @ConditionalOnClass found required class 'com.zaxxer.hikari.HikariDataSource' (OnClassCondition)

   DataSourceTransactionManagerAutoConfiguration matched:
      - @ConditionalOnClass found required classes 'javax.sql.DataSource', 'org.springframework.jdbc.core.JdbcTemplate', 'org.springframework.transaction.TransactionManager' (OnClassCondition)

   DataSourceTransactionManagerAutoConfiguration.JdbcTransactionManagerConfiguration matched:
      - @ConditionalOnSingleCandidate (types: javax.sql.DataSource; SearchStrategy: all) found a single bean 'dataSource' (OnBeanCondition)

   DispatcherServletAutoConfiguration matched:
      - @ConditionalOnClass found required class 'org.springframework.web.servlet.DispatcherServlet' (OnClassCondition)
      - found 'session' scope (OnWebApplicationCondition)

   DispatcherServletAutoConfiguration.DispatcherServletConfiguration matched:
      - @ConditionalOnClass found required class 'jakarta.servlet.ServletRegistration' (OnClassCondition)
      - Default DispatcherServlet did not find dispatcher servlet beans (DispatcherServletAutoConfiguration.DefaultDispatcherServletCondition)

   DispatcherServletAutoConfiguration.DispatcherServletRegistrationConfiguration matched:
      - @ConditionalOnClass found required class 'jakarta.servlet.ServletRegistration' (OnClassCondition)
      - DispatcherServlet Registration did not find servlet registration bean (DispatcherServletAutoConfiguration.DispatcherServletRegistrationCondition)

   DispatcherServletAutoConfiguration.DispatcherServletRegistrationConfiguration#dispatcherServletRegistration matched:
      - @ConditionalOnBean (names: dispatcherServlet types: org.springframework.web.servlet.DispatcherServlet; SearchStrategy: all) found bean 'dispatcherServlet' (OnBeanCondition)

   EmbeddedWebServerFactoryCustomizerAutoConfiguration matched:
      - @ConditionalOnWebApplication (required) found 'session' scope (OnWebApplicationCondition)
      - @ConditionalOnWarDeployment the application is not deployed as a WAR file. (OnWarDeploymentCondition)

   EmbeddedWebServerFactoryCustomizerAutoConfiguration.TomcatWebServerFactoryCustomizerConfiguration matched:
      - @ConditionalOnClass found required classes 'org.apache.catalina.startup.Tomcat', 'org.apache.coyote.UpgradeProtocol' (OnClassCondition)

   ErrorMvcAutoConfiguration matched:
      - @ConditionalOnClass found required classes 'jakarta.servlet.Servlet', 'org.springframework.web.servlet.DispatcherServlet' (OnClassCondition)
      - found 'session' scope (OnWebApplicationCondition)

   ErrorMvcAutoConfiguration#basicErrorController matched:
      - @ConditionalOnMissingBean (types: org.springframework.boot.web.servlet.error.ErrorController; SearchStrategy: current) did not find any beans (OnBeanCondition)

   ErrorMvcAutoConfiguration#errorAttributes matched:
      - @ConditionalOnMissingBean (types: org.springframework.boot.web.servlet.error.ErrorAttributes; SearchStrategy: current) did not find any beans (OnBeanCondition)

   ErrorMvcAutoConfiguration.DefaultErrorViewResolverConfiguration#conventionErrorViewResolver matched:
      - @ConditionalOnBean (types: org.springframework.web.servlet.DispatcherServlet; SearchStrategy: all) found bean 'dispatcherServlet'; @ConditionalOnMissingBean (types: org.springframework.boot.autoconfigure.web.servlet.error.ErrorViewResolver; SearchStrategy: all) did not find any beans (OnBeanCondition)

   ErrorMvcAutoConfiguration.WhitelabelErrorViewConfiguration matched:
      - @ConditionalOnProperty (server.error.whitelabel.enabled) matched (OnPropertyCondition)
      - ErrorTemplate Missing did not find error template view (ErrorMvcAutoConfiguration.ErrorTemplateMissingCondition)

   ErrorMvcAutoConfiguration.WhitelabelErrorViewConfiguration#beanNameViewResolver matched:
      - @ConditionalOnMissingBean (types: org.springframework.web.servlet.view.BeanNameViewResolver; SearchStrategy: all) did not find any beans (OnBeanCondition)

   ErrorMvcAutoConfiguration.WhitelabelErrorViewConfiguration#defaultErrorView matched:
      - @ConditionalOnMissingBean (names: error; SearchStrategy: all) did not find any beans (OnBeanCondition)

   FlywayAutoConfiguration matched:
      - @ConditionalOnClass found required class 'org.flywaydb.core.Flyway' (OnClassCondition)
      - @ConditionalOnProperty (spring.flyway.enabled) matched (OnPropertyCondition)
      - AnyNestedCondition 2 matched 1 did not; NestedCondition on FlywayAutoConfiguration.FlywayDataSourceCondition.FlywayUrlCondition @ConditionalOnProperty (spring.flyway.url) did not find property 'url'; NestedCondition on FlywayAutoConfiguration.FlywayDataSourceCondition.JdbcConnectionDetailsCondition @ConditionalOnBean (types: org.springframework.boot.autoconfigure.jdbc.JdbcConnectionDetails; SearchStrategy: all) found bean 'jdbcConnectionDetails'; NestedCondition on FlywayAutoConfiguration.FlywayDataSourceCondition.DataSourceBeanCondition @ConditionalOnBean (types: javax.sql.DataSource; SearchStrategy: all) found bean 'dataSource' (FlywayAutoConfiguration.FlywayDataSourceCondition)

   FlywayAutoConfiguration.FlywayConfiguration matched:
      - @ConditionalOnClass found required class 'org.springframework.jdbc.support.JdbcUtils' (OnClassCondition)
      - @ConditionalOnMissingBean (types: org.flywaydb.core.Flyway; SearchStrategy: all) did not find any beans (OnBeanCondition)

   FlywayAutoConfiguration.FlywayConfiguration#flywayConnectionDetails matched:
      - @ConditionalOnMissingBean (types: org.springframework.boot.autoconfigure.flyway.FlywayConnectionDetails; SearchStrategy: all) did not find any beans (OnBeanCondition)

   FlywayAutoConfiguration.FlywayConfiguration#flywayInitializer matched:
      - @ConditionalOnMissingBean (types: org.springframework.boot.autoconfigure.flyway.FlywayMigrationInitializer; SearchStrategy: all) did not find any beans (OnBeanCondition)

   GenericCacheConfiguration matched:
      - Cache org.springframework.boot.autoconfigure.cache.GenericCacheConfiguration automatic cache type (CacheCondition)

   HibernateJpaAutoConfiguration matched:
      - @ConditionalOnClass found required classes 'org.springframework.orm.jpa.LocalContainerEntityManagerFactoryBean', 'jakarta.persistence.EntityManager', 'org.hibernate.engine.spi.SessionImplementor' (OnClassCondition)

   HibernateJpaConfiguration matched:
      - @ConditionalOnSingleCandidate (types: javax.sql.DataSource; SearchStrategy: all) found a single bean 'dataSource' (OnBeanCondition)

   HttpClientAutoConfiguration matched:
      - @ConditionalOnClass found required class 'org.springframework.http.client.ClientHttpRequestFactory' (OnClassCondition)
      - NoneNestedConditions 0 matched 1 did not; NestedCondition on NotReactiveWebApplicationCondition.ReactiveWebApplication did not find reactive web application classes (NotReactiveWebApplicationCondition)

   HttpClientAutoConfiguration#clientHttpRequestFactoryBuilder matched:
      - @ConditionalOnMissingBean (types: org.springframework.boot.http.client.ClientHttpRequestFactoryBuilder; SearchStrategy: all) did not find any beans (OnBeanCondition)

   HttpClientAutoConfiguration#clientHttpRequestFactorySettings matched:
      - @ConditionalOnMissingBean (types: org.springframework.boot.http.client.ClientHttpRequestFactorySettings; SearchStrategy: all) did not find any beans (OnBeanCondition)

   HttpEncodingAutoConfiguration matched:
      - @ConditionalOnClass found required class 'org.springframework.web.filter.CharacterEncodingFilter' (OnClassCondition)
      - found 'session' scope (OnWebApplicationCondition)
      - @ConditionalOnProperty (server.servlet.encoding.enabled) matched (OnPropertyCondition)

   HttpEncodingAutoConfiguration#characterEncodingFilter matched:
      - @ConditionalOnMissingBean (types: org.springframework.web.filter.CharacterEncodingFilter; SearchStrategy: all) did not find any beans (OnBeanCondition)

   HttpMessageConvertersAutoConfiguration matched:
      - @ConditionalOnClass found required class 'org.springframework.http.converter.HttpMessageConverter' (OnClassCondition)
      - NoneNestedConditions 0 matched 1 did not; NestedCondition on HttpMessageConvertersAutoConfiguration.NotReactiveWebApplicationCondition.ReactiveWebApplication did not find reactive web application classes (HttpMessageConvertersAutoConfiguration.NotReactiveWebApplicationCondition)

   HttpMessageConvertersAutoConfiguration#messageConverters matched:
      - @ConditionalOnMissingBean (types: org.springframework.boot.autoconfigure.http.HttpMessageConverters; SearchStrategy: all) did not find any beans (OnBeanCondition)

   HttpMessageConvertersAutoConfiguration.StringHttpMessageConverterConfiguration matched:
      - @ConditionalOnClass found required class 'org.springframework.http.converter.StringHttpMessageConverter' (OnClassCondition)

   HttpMessageConvertersAutoConfiguration.StringHttpMessageConverterConfiguration#stringHttpMessageConverter matched:
      - @ConditionalOnMissingBean (types: org.springframework.http.converter.StringHttpMessageConverter; SearchStrategy: all) did not find any beans (OnBeanCondition)

   JacksonAutoConfiguration matched:
      - @ConditionalOnClass found required class 'com.fasterxml.jackson.databind.ObjectMapper' (OnClassCondition)

   JacksonAutoConfiguration.Jackson2ObjectMapperBuilderCustomizerConfiguration matched:
      - @ConditionalOnClass found required class 'org.springframework.http.converter.json.Jackson2ObjectMapperBuilder' (OnClassCondition)

   JacksonAutoConfiguration.JacksonObjectMapperBuilderConfiguration matched:
      - @ConditionalOnClass found required class 'org.springframework.http.converter.json.Jackson2ObjectMapperBuilder' (OnClassCondition)

   JacksonAutoConfiguration.JacksonObjectMapperBuilderConfiguration#jacksonObjectMapperBuilder matched:
      - @ConditionalOnMissingBean (types: org.springframework.http.converter.json.Jackson2ObjectMapperBuilder; SearchStrategy: all) did not find any beans (OnBeanCondition)

   JacksonAutoConfiguration.JacksonObjectMapperConfiguration matched:
      - @ConditionalOnClass found required class 'org.springframework.http.converter.json.Jackson2ObjectMapperBuilder' (OnClassCondition)

   JacksonAutoConfiguration.JacksonObjectMapperConfiguration#jacksonObjectMapper matched:
      - @ConditionalOnMissingBean (types: com.fasterxml.jackson.databind.ObjectMapper; SearchStrategy: all) did not find any beans (OnBeanCondition)

   JacksonAutoConfiguration.ParameterNamesModuleConfiguration matched:
      - @ConditionalOnClass found required class 'com.fasterxml.jackson.module.paramnames.ParameterNamesModule' (OnClassCondition)

   JacksonAutoConfiguration.ParameterNamesModuleConfiguration#parameterNamesModule matched:
      - @ConditionalOnMissingBean (types: com.fasterxml.jackson.module.paramnames.ParameterNamesModule; SearchStrategy: all) did not find any beans (OnBeanCondition)

   JacksonHttpMessageConvertersConfiguration.MappingJackson2HttpMessageConverterConfiguration matched:
      - @ConditionalOnClass found required class 'com.fasterxml.jackson.databind.ObjectMapper' (OnClassCondition)
      - @ConditionalOnProperty (spring.mvc.converters.preferred-json-mapper=jackson) matched (OnPropertyCondition)
      - @ConditionalOnBean (types: com.fasterxml.jackson.databind.ObjectMapper; SearchStrategy: all) found bean 'jacksonObjectMapper' (OnBeanCondition)

   JacksonHttpMessageConvertersConfiguration.MappingJackson2HttpMessageConverterConfiguration#mappingJackson2HttpMessageConverter matched:
      - @ConditionalOnMissingBean (types: org.springframework.http.converter.json.MappingJackson2HttpMessageConverter ignored: org.springframework.hateoas.server.mvc.TypeConstrainedMappingJackson2HttpMessageConverter,org.springframework.data.rest.webmvc.alps.AlpsJsonHttpMessageConverter; SearchStrategy: all) did not find any beans (OnBeanCondition)

   JdbcClientAutoConfiguration matched:
      - @ConditionalOnSingleCandidate (types: org.springframework.jdbc.core.namedparam.NamedParameterJdbcTemplate; SearchStrategy: all) found a single bean 'namedParameterJdbcTemplate'; @ConditionalOnMissingBean (types: org.springframework.jdbc.core.simple.JdbcClient; SearchStrategy: all) did not find any beans (OnBeanCondition)

   JdbcTemplateAutoConfiguration matched:
      - @ConditionalOnClass found required classes 'javax.sql.DataSource', 'org.springframework.jdbc.core.JdbcTemplate' (OnClassCondition)
      - @ConditionalOnSingleCandidate (types: javax.sql.DataSource; SearchStrategy: all) found a single bean 'dataSource' (OnBeanCondition)

   JdbcTemplateConfiguration matched:
      - @ConditionalOnMissingBean (types: org.springframework.jdbc.core.JdbcOperations; SearchStrategy: all) did not find any beans (OnBeanCondition)

   JpaBaseConfiguration#entityManagerFactory matched:
      - @ConditionalOnMissingBean (types: org.springframework.orm.jpa.LocalContainerEntityManagerFactoryBean,jakarta.persistence.EntityManagerFactory; SearchStrategy: all) did not find any beans (OnBeanCondition)

   JpaBaseConfiguration#entityManagerFactoryBuilder matched:
      - @ConditionalOnMissingBean (types: org.springframework.boot.orm.jpa.EntityManagerFactoryBuilder; SearchStrategy: all) did not find any beans (OnBeanCondition)

   JpaBaseConfiguration#jpaVendorAdapter matched:
      - @ConditionalOnMissingBean (types: org.springframework.orm.jpa.JpaVendorAdapter; SearchStrategy: all) did not find any beans (OnBeanCondition)

   JpaBaseConfiguration#transactionManager matched:
      - @ConditionalOnMissingBean (types: org.springframework.transaction.TransactionManager; SearchStrategy: all) did not find any beans (OnBeanCondition)

   JpaBaseConfiguration.PersistenceManagedTypesConfiguration matched:
      - @ConditionalOnMissingBean (types: org.springframework.orm.jpa.LocalContainerEntityManagerFactoryBean,jakarta.persistence.EntityManagerFactory; SearchStrategy: all) did not find any beans (OnBeanCondition)

   JpaBaseConfiguration.PersistenceManagedTypesConfiguration#persistenceManagedTypes matched:
      - @ConditionalOnMissingBean (types: org.springframework.orm.jpa.persistenceunit.PersistenceManagedTypes; SearchStrategy: all) did not find any beans (OnBeanCondition)

   JpaRepositoriesAutoConfiguration matched:
      - @ConditionalOnClass found required class 'org.springframework.data.jpa.repository.JpaRepository' (OnClassCondition)
      - @ConditionalOnProperty (spring.data.jpa.repositories.enabled=true) matched (OnPropertyCondition)
      - @ConditionalOnBean (types: javax.sql.DataSource; SearchStrategy: all) found bean 'dataSource'; @ConditionalOnMissingBean (types: org.springframework.data.jpa.repository.support.JpaRepositoryFactoryBean,org.springframework.data.jpa.repository.config.JpaRepositoryConfigExtension; SearchStrategy: all) did not find any beans (OnBeanCondition)

   JtaAutoConfiguration matched:
      - @ConditionalOnClass found required class 'jakarta.transaction.Transaction' (OnClassCondition)
      - @ConditionalOnProperty (spring.jta.enabled) matched (OnPropertyCondition)

   LifecycleAutoConfiguration#defaultLifecycleProcessor matched:
      - @ConditionalOnMissingBean (names: lifecycleProcessor; SearchStrategy: current) did not find any beans (OnBeanCondition)

   MultipartAutoConfiguration matched:
      - @ConditionalOnClass found required classes 'jakarta.servlet.Servlet', 'org.springframework.web.multipart.support.StandardServletMultipartResolver', 'jakarta.servlet.MultipartConfigElement' (OnClassCondition)
      - found 'session' scope (OnWebApplicationCondition)
      - @ConditionalOnProperty (spring.servlet.multipart.enabled) matched (OnPropertyCondition)

   MultipartAutoConfiguration#multipartConfigElement matched:
      - @ConditionalOnMissingBean (types: jakarta.servlet.MultipartConfigElement; SearchStrategy: all) did not find any beans (OnBeanCondition)

   MultipartAutoConfiguration#multipartResolver matched:
      - @ConditionalOnMissingBean (types: org.springframework.web.multipart.MultipartResolver; SearchStrategy: all) did not find any beans (OnBeanCondition)

   NamedParameterJdbcTemplateConfiguration matched:
      - @ConditionalOnSingleCandidate (types: org.springframework.jdbc.core.JdbcTemplate; SearchStrategy: all) found a single bean 'jdbcTemplate'; @ConditionalOnMissingBean (types: org.springframework.jdbc.core.namedparam.NamedParameterJdbcOperations; SearchStrategy: all) did not find any beans (OnBeanCondition)

   NoOpCacheConfiguration matched:
      - Cache org.springframework.boot.autoconfigure.cache.NoOpCacheConfiguration automatic cache type (CacheCondition)

   PersistenceExceptionTranslationAutoConfiguration matched:
      - @ConditionalOnClass found required class 'org.springframework.dao.annotation.PersistenceExceptionTranslationPostProcessor' (OnClassCondition)

   PersistenceExceptionTranslationAutoConfiguration#persistenceExceptionTranslationPostProcessor matched:
      - @ConditionalOnProperty (spring.dao.exceptiontranslation.enabled) matched (OnPropertyCondition)
      - @ConditionalOnMissingBean (types: org.springframework.dao.annotation.PersistenceExceptionTranslationPostProcessor; SearchStrategy: all) did not find any beans (OnBeanCondition)

   PropertyPlaceholderAutoConfiguration#propertySourcesPlaceholderConfigurer matched:
      - @ConditionalOnMissingBean (types: org.springframework.context.support.PropertySourcesPlaceholderConfigurer; SearchStrategy: current) did not find any beans (OnBeanCondition)

   RestClientAutoConfiguration matched:
      - @ConditionalOnClass found required class 'org.springframework.web.client.RestClient' (OnClassCondition)
      - NoneNestedConditions 0 matched 1 did not; NestedCondition on NotReactiveWebApplicationCondition.ReactiveWebApplication did not find reactive web application classes (NotReactiveWebApplicationCondition)

   RestClientAutoConfiguration#httpMessageConvertersRestClientCustomizer matched:
      - @ConditionalOnMissingBean (types: org.springframework.boot.autoconfigure.web.client.HttpMessageConvertersRestClientCustomizer; SearchStrategy: all) did not find any beans (OnBeanCondition)

   RestClientAutoConfiguration#restClientBuilder matched:
      - @ConditionalOnMissingBean (types: org.springframework.web.client.RestClient$Builder; SearchStrategy: all) did not find any beans (OnBeanCondition)

   RestClientAutoConfiguration#restClientBuilderConfigurer matched:
      - @ConditionalOnMissingBean (types: org.springframework.boot.autoconfigure.web.client.RestClientBuilderConfigurer; SearchStrategy: all) did not find any beans (OnBeanCondition)

   RestClientAutoConfiguration#restClientSsl matched:
      - @ConditionalOnBean (types: org.springframework.boot.ssl.SslBundles; SearchStrategy: all) found bean 'sslBundleRegistry'; @ConditionalOnMissingBean (types: org.springframework.boot.autoconfigure.web.client.RestClientSsl; SearchStrategy: all) did not find any beans (OnBeanCondition)

   RestTemplateAutoConfiguration matched:
      - @ConditionalOnClass found required class 'org.springframework.web.client.RestTemplate' (OnClassCondition)
      - NoneNestedConditions 0 matched 1 did not; NestedCondition on NotReactiveWebApplicationCondition.ReactiveWebApplication did not find reactive web application classes (NotReactiveWebApplicationCondition)

   RestTemplateAutoConfiguration#restTemplateBuilder matched:
      - @ConditionalOnMissingBean (types: org.springframework.boot.web.client.RestTemplateBuilder; SearchStrategy: all) did not find any beans (OnBeanCondition)

   SampleDataConfig#sampleTeaData matched:
      - @ConditionalOnProperty (app.seed.enabled=true) matched (OnPropertyCondition)

   ServletWebServerFactoryAutoConfiguration matched:
      - @ConditionalOnClass found required class 'jakarta.servlet.ServletRequest' (OnClassCondition)
      - found 'session' scope (OnWebApplicationCondition)

   ServletWebServerFactoryAutoConfiguration#tomcatServletWebServerFactoryCustomizer matched:
      - @ConditionalOnClass found required class 'org.apache.catalina.startup.Tomcat' (OnClassCondition)

   ServletWebServerFactoryConfiguration.EmbeddedTomcat matched:
      - @ConditionalOnClass found required classes 'jakarta.servlet.Servlet', 'org.apache.catalina.startup.Tomcat', 'org.apache.coyote.UpgradeProtocol' (OnClassCondition)
      - @ConditionalOnMissingBean (types: org.springframework.boot.web.servlet.server.ServletWebServerFactory; SearchStrategy: current) did not find any beans (OnBeanCondition)

   SimpleCacheConfiguration matched:
      - Cache org.springframework.boot.autoconfigure.cache.SimpleCacheConfiguration automatic cache type (CacheCondition)

   SpringDataWebAutoConfiguration matched:
      - @ConditionalOnClass found required classes 'org.springframework.data.web.PageableHandlerMethodArgumentResolver', 'org.springframework.web.servlet.config.annotation.WebMvcConfigurer' (OnClassCondition)
      - found 'session' scope (OnWebApplicationCondition)
      - @ConditionalOnMissingBean (types: org.springframework.data.web.PageableHandlerMethodArgumentResolver; SearchStrategy: all) did not find any beans (OnBeanCondition)

   SpringDataWebAutoConfiguration#pageableCustomizer matched:
      - @ConditionalOnMissingBean (types: org.springframework.data.web.config.PageableHandlerMethodArgumentResolverCustomizer; SearchStrategy: all) did not find any beans (OnBeanCondition)

   SpringDataWebAutoConfiguration#sortCustomizer matched:
      - @ConditionalOnMissingBean (types: org.springframework.data.web.config.SortHandlerMethodArgumentResolverCustomizer; SearchStrategy: all) did not find any beans (OnBeanCondition)

   SpringDataWebAutoConfiguration#springDataWebSettings matched:
      - @ConditionalOnMissingBean (types: org.springframework.data.web.config.SpringDataWebSettings; SearchStrategy: all) did not find any beans (OnBeanCondition)

   SqlInitializationAutoConfiguration matched:
      - @ConditionalOnProperty (spring.sql.init.enabled) matched (OnPropertyCondition)
      - NoneNestedConditions 0 matched 1 did not; NestedCondition on SqlInitializationAutoConfiguration.SqlInitializationModeCondition.ModeIsNever @ConditionalOnProperty (spring.sql.init.mode=never) did not find property 'mode' (SqlInitializationAutoConfiguration.SqlInitializationModeCondition)

   SslAutoConfiguration#sslBundleRegistry matched:
      - @ConditionalOnMissingBean (types: org.springframework.boot.ssl.SslBundleRegistry,org.springframework.boot.ssl.SslBundles; SearchStrategy: all) did not find any beans (OnBeanCondition)

   TaskExecutionAutoConfiguration matched:
      - @ConditionalOnClass found required class 'org.springframework.scheduling.concurrent.ThreadPoolTaskExecutor' (OnClassCondition)

   TaskExecutorConfigurations.SimpleAsyncTaskExecutorBuilderConfiguration#simpleAsyncTaskExecutorBuilder matched:
      - @ConditionalOnMissingBean (types: org.springframework.boot.task.SimpleAsyncTaskExecutorBuilder; SearchStrategy: all) did not find any beans (OnBeanCondition)
      - @ConditionalOnThreading found PLATFORM (OnThreadingCondition)

   TaskExecutorConfigurations.ThreadPoolTaskExecutorBuilderConfiguration#threadPoolTaskExecutorBuilder matched:
      - @ConditionalOnMissingBean (types: org.springframework.boot.task.ThreadPoolTaskExecutorBuilder; SearchStrategy: all) did not find any beans (OnBeanCondition)

   TaskSchedulingAutoConfiguration matched:
      - @ConditionalOnClass found required class 'org.springframework.scheduling.concurrent.ThreadPoolTaskScheduler' (OnClassCondition)

   TaskSchedulingAutoConfiguration#scheduledBeanLazyInitializationExcludeFilter matched:
      - @ConditionalOnBean (names: org.springframework.context.annotation.internalScheduledAnnotationProcessor; SearchStrategy: all) found bean 'org.springframework.context.annotation.internalScheduledAnnotationProcessor' (OnBeanCondition)

   TaskSchedulingConfigurations.SimpleAsyncTaskSchedulerBuilderConfiguration#simpleAsyncTaskSchedulerBuilder matched:
      - @ConditionalOnMissingBean (types: org.springframework.boot.task.SimpleAsyncTaskSchedulerBuilder; SearchStrategy: all) did not find any beans (OnBeanCondition)
      - @ConditionalOnThreading found PLATFORM (OnThreadingCondition)

   TaskSchedulingConfigurations.ThreadPoolTaskSchedulerBuilderConfiguration#threadPoolTaskSchedulerBuilder matched:
      - @ConditionalOnMissingBean (types: org.springframework.boot.task.ThreadPoolTaskSchedulerBuilder; SearchStrategy: all) did not find any beans (OnBeanCondition)

   TransactionAutoConfiguration matched:
      - @ConditionalOnClass found required class 'org.springframework.transaction.PlatformTransactionManager' (OnClassCondition)

   TransactionAutoConfiguration.EnableTransactionManagementConfiguration matched:
      - @ConditionalOnBean (types: org.springframework.transaction.TransactionManager; SearchStrategy: all) found bean 'transactionManager'; @ConditionalOnMissingBean (types: org.springframework.transaction.annotation.AbstractTransactionManagementConfiguration; SearchStrategy: all) did not find any beans (OnBeanCondition)

   TransactionAutoConfiguration.EnableTransactionManagementConfiguration.CglibAutoProxyConfiguration matched:
      - @ConditionalOnProperty (spring.aop.proxy-target-class=true) matched (OnPropertyCondition)

   TransactionAutoConfiguration.TransactionTemplateConfiguration matched:
      - @ConditionalOnSingleCandidate (types: org.springframework.transaction.PlatformTransactionManager; SearchStrategy: all) found a single bean 'transactionManager' (OnBeanCondition)

   TransactionAutoConfiguration.TransactionTemplateConfiguration#transactionTemplate matched:
      - @ConditionalOnMissingBean (types: org.springframework.transaction.support.TransactionOperations; SearchStrategy: all) did not find any beans (OnBeanCondition)

   TransactionManagerCustomizationAutoConfiguration matched:
      - @ConditionalOnClass found required class 'org.springframework.transaction.PlatformTransactionManager' (OnClassCondition)

   TransactionManagerCustomizationAutoConfiguration#platformTransactionManagerCustomizers matched:
      - @ConditionalOnMissingBean (types: org.springframework.boot.autoconfigure.transaction.TransactionManagerCustomizers; SearchStrategy: all) did not find any beans (OnBeanCondition)

   ValidationAutoConfiguration matched:
      - @ConditionalOnClass found required class 'jakarta.validation.executable.ExecutableValidator' (OnClassCondition)
      - @ConditionalOnResource found location classpath:META-INF/services/jakarta.validation.spi.ValidationProvider (OnResourceCondition)

   ValidationAutoConfiguration#defaultValidator matched:
      - @ConditionalOnMissingBean (types: jakarta.validation.Validator; SearchStrategy: all) did not find any beans (OnBeanCondition)

   ValidationAutoConfiguration#methodValidationPostProcessor matched:
      - @ConditionalOnMissingBean (types: org.springframework.validation.beanvalidation.MethodValidationPostProcessor; SearchStrategy: current) did not find any beans (OnBeanCondition)

   WebMvcAutoConfiguration matched:
      - @ConditionalOnClass found required classes 'jakarta.servlet.Servlet', 'org.springframework.web.servlet.DispatcherServlet', 'org.springframework.web.servlet.config.annotation.WebMvcConfigurer' (OnClassCondition)
      - found 'session' scope (OnWebApplicationCondition)
      - @ConditionalOnMissingBean (types: org.springframework.web.servlet.config.annotation.WebMvcConfigurationSupport; SearchStrategy: all) did not find any beans (OnBeanCondition)

   WebMvcAutoConfiguration#formContentFilter matched:
      - @ConditionalOnProperty (spring.mvc.formcontent.filter.enabled) matched (OnPropertyCondition)
      - @ConditionalOnMissingBean (types: org.springframework.web.filter.FormContentFilter; SearchStrategy: all) did not find any beans (OnBeanCondition)

   WebMvcAutoConfiguration.EnableWebMvcConfiguration#flashMapManager matched:
      - @ConditionalOnMissingBean (names: flashMapManager; SearchStrategy: all) did not find any beans (OnBeanCondition)

   WebMvcAutoConfiguration.EnableWebMvcConfiguration#localeResolver matched:
      - @ConditionalOnMissingBean (names: localeResolver; SearchStrategy: all) did not find any beans (OnBeanCondition)

   WebMvcAutoConfiguration.EnableWebMvcConfiguration#themeResolver matched:
      - @ConditionalOnMissingBean (names: themeResolver; SearchStrategy: all) did not find any beans (OnBeanCondition)

   WebMvcAutoConfiguration.EnableWebMvcConfiguration#viewNameTranslator matched:
      - @ConditionalOnMissingBean (names: viewNameTranslator; SearchStrategy: all) did not find any beans (OnBeanCondition)

   WebMvcAutoConfiguration.WebMvcAutoConfigurationAdapter#defaultViewResolver matched:
      - @ConditionalOnMissingBean (types: org.springframework.web.servlet.view.InternalResourceViewResolver; SearchStrategy: all) did not find any beans (OnBeanCondition)

   WebMvcAutoConfiguration.WebMvcAutoConfigurationAdapter#requestContextFilter matched:
      - @ConditionalOnMissingBean (types: org.springframework.web.context.request.RequestContextListener,org.springframework.web.filter.RequestContextFilter; SearchStrategy: all) did not find any beans (OnBeanCondition)

   WebMvcAutoConfiguration.WebMvcAutoConfigurationAdapter#viewResolver matched:
      - @ConditionalOnBean (types: org.springframework.web.servlet.ViewResolver; SearchStrategy: all) found beans 'defaultViewResolver', 'beanNameViewResolver', 'mvcViewResolver'; @ConditionalOnMissingBean (names: viewResolver types: org.springframework.web.servlet.view.ContentNegotiatingViewResolver; SearchStrategy: all) did not find any beans (OnBeanCondition)

   WebSocketMessagingAutoConfiguration matched:
      - @ConditionalOnClass found required class 'org.springframework.web.socket.config.annotation.WebSocketMessageBrokerConfigurer' (OnClassCondition)
      - found 'session' scope (OnWebApplicationCondition)

   WebSocketMessagingAutoConfiguration.WebSocketMessageConverterConfiguration matched:
      - @ConditionalOnClass found required classes 'com.fasterxml.jackson.databind.ObjectMapper', 'org.springframework.messaging.simp.config.AbstractMessageBrokerConfiguration' (OnClassCondition)
      - @ConditionalOnBean (types: org.springframework.web.socket.config.annotation.DelegatingWebSocketMessageBrokerConfiguration,com.fasterxml.jackson.databind.ObjectMapper; SearchStrategy: all) found beans 'jacksonObjectMapper', 'org.springframework.web.socket.config.annotation.DelegatingWebSocketMessageBrokerConfiguration' (OnBeanCondition)

   WebSocketServletAutoConfiguration matched:
      - @ConditionalOnClass found required classes 'jakarta.servlet.Servlet', 'jakarta.websocket.server.ServerContainer' (OnClassCondition)
      - found 'session' scope (OnWebApplicationCondition)

   WebSocketServletAutoConfiguration.TomcatWebSocketConfiguration matched:
      - @ConditionalOnClass found required classes 'org.apache.catalina.startup.Tomcat', 'org.apache.tomcat.websocket.server.WsSci' (OnClassCondition)

   WebSocketServletAutoConfiguration.TomcatWebSocketConfiguration#websocketServletWebServerCustomizer matched:
      - @ConditionalOnMissingBean (names: websocketServletWebServerCustomizer; SearchStrategy: all) did not find any beans (OnBeanCondition)

   WeeklySettlementScheduler matched:
      - @ConditionalOnProperty (app.scheduler.enabled=true) matched (OnPropertyCondition)


Negative matches:
-----------------

   ActiveMQAutoConfiguration:
      Did not match:
         - @ConditionalOnClass did not find required class 'jakarta.jms.ConnectionFactory' (OnClassCondition)

   AopAutoConfiguration.AspectJAutoProxyingConfiguration.JdkDynamicAutoProxyConfiguration:
      Did not match:
         - @ConditionalOnProperty (spring.aop.proxy-target-class=false) did not find property 'proxy-target-class' (OnPropertyCondition)

   AopAutoConfiguration.ClassProxyingConfiguration:
      Did not match:
         - @ConditionalOnMissingClass found unwanted class 'org.aspectj.weaver.Advice' (OnClassCondition)

   ArtemisAutoConfiguration:
      Did not match:
         - @ConditionalOnClass did not find required class 'jakarta.jms.ConnectionFactory' (OnClassCondition)

   BatchAutoConfiguration:
      Did not match:
         - @ConditionalOnClass did not find required class 'org.springframework.batch.core.launch.JobLauncher' (OnClassCondition)

   Cache2kCacheConfiguration:
      Did not match:
         - @ConditionalOnClass did not find required class 'org.cache2k.Cache2kBuilder' (OnClassCondition)

   CacheAutoConfiguration:
      Did not match:
         - @ConditionalOnBean (types: org.springframework.cache.interceptor.CacheAspectSupport; SearchStrategy: all) did not find any beans of type org.springframework.cache.interceptor.CacheAspectSupport (OnBeanCondition)
      Matched:
         - @ConditionalOnClass found required class 'org.springframework.cache.CacheManager' (OnClassCondition)

   CacheAutoConfiguration.CacheManagerEntityManagerFactoryDependsOnPostProcessor:
      Did not match:
         - Ancestor org.springframework.boot.autoconfigure.cache.CacheAutoConfiguration did not match (ConditionEvaluationReport.AncestorsMatchedCondition)
      Matched:
         - @ConditionalOnClass found required class 'org.springframework.orm.jpa.LocalContainerEntityManagerFactoryBean' (OnClassCondition)

   CaffeineCacheConfiguration:
      Did not match:
         - @ConditionalOnClass did not find required class 'com.github.benmanes.caffeine.cache.Caffeine' (OnClassCondition)

   CassandraAutoConfiguration:
      Did not match:
         - @ConditionalOnClass did not find required class 'com.datastax.oss.driver.api.core.CqlSession' (OnClassCondition)

   CassandraDataAutoConfiguration:
      Did not match:
         - @ConditionalOnClass did not find required class 'com.datastax.oss.driver.api.core.CqlSession' (OnClassCondition)

   CassandraReactiveDataAutoConfiguration:
      Did not match:
         - @ConditionalOnClass did not find required class 'com.datastax.oss.driver.api.core.CqlSession' (OnClassCondition)

   CassandraReactiveRepositoriesAutoConfiguration:
      Did not match:
         - @ConditionalOnClass did not find required class 'org.springframework.data.cassandra.ReactiveSession' (OnClassCondition)

   CassandraRepositoriesAutoConfiguration:
      Did not match:
         - @ConditionalOnClass did not find required class 'com.datastax.oss.driver.api.core.CqlSession' (OnClassCondition)

   ClientHttpConnectorAutoConfiguration:
      Did not match:
         - @ConditionalOnClass did not find required class 'org.springframework.web.reactive.function.client.WebClient' (OnClassCondition)

   CodecsAutoConfiguration:
      Did not match:
         - @ConditionalOnClass did not find required class 'org.springframework.web.reactive.function.client.WebClient' (OnClassCondition)

   CouchbaseAutoConfiguration:
      Did not match:
         - @ConditionalOnClass did not find required class 'com.couchbase.client.java.Cluster' (OnClassCondition)

   CouchbaseCacheConfiguration:
      Did not match:
         - @ConditionalOnClass did not find required class 'com.couchbase.client.java.Cluster' (OnClassCondition)

   CouchbaseDataAutoConfiguration:
      Did not match:
         - @ConditionalOnClass did not find required class 'com.couchbase.client.java.Bucket' (OnClassCondition)

   CouchbaseReactiveDataAutoConfiguration:
      Did not match:
         - @ConditionalOnClass did not find required class 'com.couchbase.client.java.Cluster' (OnClassCondition)

   CouchbaseReactiveRepositoriesAutoConfiguration:
      Did not match:
         - @ConditionalOnClass did not find required class 'com.couchbase.client.java.Cluster' (OnClassCondition)

   CouchbaseRepositoriesAutoConfiguration:
      Did not match:
         - @ConditionalOnClass did not find required class 'com.couchbase.client.java.Bucket' (OnClassCondition)

   DataSourceAutoConfiguration.EmbeddedDatabaseConfiguration:
      Did not match:
         - EmbeddedDataSource spring.datasource.url is set (DataSourceAutoConfiguration.EmbeddedDatabaseCondition)

   DataSourceCheckpointRestoreConfiguration:
      Did not match:
         - @ConditionalOnClass did not find required class 'org.crac.Resource' (OnClassCondition)

   DataSourceConfiguration.Dbcp2:
      Did not match:
         - @ConditionalOnClass did not find required class 'org.apache.commons.dbcp2.BasicDataSource' (OnClassCondition)

   DataSourceConfiguration.Generic:
      Did not match:
         - @ConditionalOnProperty (spring.datasource.type) did not find property 'spring.datasource.type' (OnPropertyCondition)

   DataSourceConfiguration.OracleUcp:
      Did not match:
         - @ConditionalOnClass did not find required classes 'oracle.ucp.jdbc.PoolDataSourceImpl', 'oracle.jdbc.OracleConnection' (OnClassCondition)

   DataSourceConfiguration.Tomcat:
      Did not match:
         - @ConditionalOnClass did not find required class 'org.apache.tomcat.jdbc.pool.DataSource' (OnClassCondition)

   DataSourceJmxConfiguration.TomcatDataSourceJmxConfiguration:
      Did not match:
         - @ConditionalOnClass did not find required class 'org.apache.tomcat.jdbc.pool.DataSourceProxy' (OnClassCondition)

   DataSourcePoolMetadataProvidersConfiguration.CommonsDbcp2PoolDataSourceMetadataProviderConfiguration:
      Did not match:
         - @ConditionalOnClass did not find required class 'org.apache.commons.dbcp2.BasicDataSource' (OnClassCondition)

   DataSourcePoolMetadataProvidersConfiguration.OracleUcpPoolDataSourceMetadataProviderConfiguration:
      Did not match:
         - @ConditionalOnClass did not find required classes 'oracle.ucp.jdbc.PoolDataSource', 'oracle.jdbc.OracleConnection' (OnClassCondition)

   DataSourcePoolMetadataProvidersConfiguration.TomcatDataSourcePoolMetadataProviderConfiguration:
      Did not match:
         - @ConditionalOnClass did not find required class 'org.apache.tomcat.jdbc.pool.DataSource' (OnClassCondition)

   DataSourceTransactionManagerAutoConfiguration.JdbcTransactionManagerConfiguration#transactionManager:
      Did not match:
         - @ConditionalOnMissingBean (types: org.springframework.transaction.TransactionManager; SearchStrategy: all) found beans of type 'org.springframework.transaction.TransactionManager' transactionManager (OnBeanCondition)

   DispatcherServletAutoConfiguration.DispatcherServletConfiguration#multipartResolver:
      Did not match:
         - @ConditionalOnBean (types: org.springframework.web.multipart.MultipartResolver; SearchStrategy: all) did not find any beans of type org.springframework.web.multipart.MultipartResolver (OnBeanCondition)

   ElasticsearchClientAutoConfiguration:
      Did not match:
         - @ConditionalOnClass did not find required class 'co.elastic.clients.elasticsearch.ElasticsearchClient' (OnClassCondition)

   ElasticsearchDataAutoConfiguration:
      Did not match:
         - @ConditionalOnClass did not find required class 'org.springframework.data.elasticsearch.client.elc.ElasticsearchTemplate' (OnClassCondition)

   ElasticsearchRepositoriesAutoConfiguration:
      Did not match:
         - @ConditionalOnClass did not find required class 'org.springframework.data.elasticsearch.repository.ElasticsearchRepository' (OnClassCondition)

   ElasticsearchRestClientAutoConfiguration:
      Did not match:
         - @ConditionalOnClass did not find required class 'org.elasticsearch.client.RestClientBuilder' (OnClassCondition)

   EmbeddedLdapAutoConfiguration:
      Did not match:
         - @ConditionalOnClass did not find required class 'com.unboundid.ldap.listener.InMemoryDirectoryServer' (OnClassCondition)

   EmbeddedWebServerFactoryCustomizerAutoConfiguration.JettyWebServerFactoryCustomizerConfiguration:
      Did not match:
         - @ConditionalOnClass did not find required classes 'org.eclipse.jetty.server.Server', 'org.eclipse.jetty.util.Loader', 'org.eclipse.jetty.ee10.webapp.WebAppContext' (OnClassCondition)

   EmbeddedWebServerFactoryCustomizerAutoConfiguration.NettyWebServerFactoryCustomizerConfiguration:
      Did not match:
         - @ConditionalOnClass did not find required class 'reactor.netty.http.server.HttpServer' (OnClassCondition)

   EmbeddedWebServerFactoryCustomizerAutoConfiguration.TomcatWebServerFactoryCustomizerConfiguration#tomcatVirtualThreadsProtocolHandlerCustomizer:
      Did not match:
         - @ConditionalOnThreading did not find VIRTUAL (OnThreadingCondition)

   EmbeddedWebServerFactoryCustomizerAutoConfiguration.UndertowWebServerFactoryCustomizerConfiguration:
      Did not match:
         - @ConditionalOnClass did not find required classes 'io.undertow.Undertow', 'org.xnio.SslClientAuthMode' (OnClassCondition)

   ErrorWebFluxAutoConfiguration:
      Did not match:
         - @ConditionalOnClass did not find required class 'org.springframework.web.reactive.config.WebFluxConfigurer' (OnClassCondition)

   FlywayAutoConfiguration.FlywayConfiguration#oracleFlywayConfigurationCustomizer:
      Did not match:
         - @ConditionalOnClass did not find required class 'org.flywaydb.database.oracle.OracleConfigurationExtension' (OnClassCondition)

   FlywayAutoConfiguration.FlywayConfiguration#postgresqlFlywayConfigurationCustomizer:
      Did not match:
         - @ConditionalOnClass did not find required class 'org.flywaydb.database.postgresql.PostgreSQLConfigurationExtension' (OnClassCondition)

   FlywayAutoConfiguration.FlywayConfiguration#sqlServerFlywayConfigurationCustomizer:
      Did not match:
         - @ConditionalOnClass did not find required class 'org.flywaydb.database.sqlserver.SQLServerConfigurationExtension' (OnClassCondition)

   FreeMarkerAutoConfiguration:
      Did not match:
         - @ConditionalOnClass did not find required class 'freemarker.template.Configuration' (OnClassCondition)

   GraphQlAutoConfiguration:
      Did not match:
         - @ConditionalOnClass did not find required class 'graphql.GraphQL' (OnClassCondition)

   GraphQlQueryByExampleAutoConfiguration:
      Did not match:
         - @ConditionalOnClass did not find required class 'graphql.GraphQL' (OnClassCondition)

   GraphQlQuerydslAutoConfiguration:
      Did not match:
         - @ConditionalOnClass did not find required class 'com.querydsl.core.Query' (OnClassCondition)

   GraphQlRSocketAutoConfiguration:
      Did not match:
         - @ConditionalOnClass did not find required class 'graphql.GraphQL' (OnClassCondition)

   GraphQlReactiveQueryByExampleAutoConfiguration:
      Did not match:
         - @ConditionalOnClass did not find required class 'graphql.GraphQL' (OnClassCondition)

   GraphQlReactiveQuerydslAutoConfiguration:
      Did not match:
         - @ConditionalOnClass did not find required class 'com.querydsl.core.Query' (OnClassCondition)

   GraphQlWebFluxAutoConfiguration:
      Did not match:
         - @ConditionalOnClass did not find required class 'graphql.GraphQL' (OnClassCondition)

   GraphQlWebFluxSecurityAutoConfiguration:
      Did not match:
         - @ConditionalOnClass did not find required class 'graphql.GraphQL' (OnClassCondition)

   GraphQlWebMvcAutoConfiguration:
      Did not match:
         - @ConditionalOnClass did not find required class 'graphql.GraphQL' (OnClassCondition)

   GraphQlWebMvcSecurityAutoConfiguration:
      Did not match:
         - @ConditionalOnClass did not find required class 'graphql.GraphQL' (OnClassCondition)

   GroovyTemplateAutoConfiguration:
      Did not match:
         - @ConditionalOnClass did not find required class 'groovy.text.markup.MarkupTemplateEngine' (OnClassCondition)

   GsonAutoConfiguration:
      Did not match:
         - @ConditionalOnClass did not find required class 'com.google.gson.Gson' (OnClassCondition)

   GsonHttpMessageConvertersConfiguration:
      Did not match:
         - @ConditionalOnClass did not find required class 'com.google.gson.Gson' (OnClassCondition)

   H2ConsoleAutoConfiguration:
      Did not match:
         - @ConditionalOnClass did not find required class 'org.h2.server.web.JakartaWebServlet' (OnClassCondition)

   HazelcastAutoConfiguration:
      Did not match:
         - @ConditionalOnClass did not find required class 'com.hazelcast.core.HazelcastInstance' (OnClassCondition)

   HazelcastCacheConfiguration:
      Did not match:
         - @ConditionalOnClass did not find required class 'com.hazelcast.core.HazelcastInstance' (OnClassCondition)

   HazelcastJpaDependencyAutoConfiguration:
      Did not match:
         - @ConditionalOnClass did not find required class 'com.hazelcast.core.HazelcastInstance' (OnClassCondition)

   HttpHandlerAutoConfiguration:
      Did not match:
         - @ConditionalOnClass did not find required class 'org.springframework.web.reactive.DispatcherHandler' (OnClassCondition)

   HypermediaAutoConfiguration:
      Did not match:
         - @ConditionalOnClass did not find required class 'org.springframework.hateoas.EntityModel' (OnClassCondition)

   InfinispanCacheConfiguration:
      Did not match:
         - @ConditionalOnClass did not find required class 'org.infinispan.spring.embedded.provider.SpringEmbeddedCacheManager' (OnClassCondition)

   IntegrationAutoConfiguration:
      Did not match:
         - @ConditionalOnClass did not find required class 'org.springframework.integration.config.EnableIntegration' (OnClassCondition)

   JCacheCacheConfiguration:
      Did not match:
         - @ConditionalOnClass did not find required class 'javax.cache.Caching' (OnClassCondition)

   JacksonHttpMessageConvertersConfiguration.MappingJackson2XmlHttpMessageConverterConfiguration:
      Did not match:
         - @ConditionalOnClass did not find required class 'com.fasterxml.jackson.dataformat.xml.XmlMapper' (OnClassCondition)

   JdbcRepositoriesAutoConfiguration:
      Did not match:
         - @ConditionalOnClass did not find required class 'org.springframework.data.jdbc.repository.config.AbstractJdbcConfiguration' (OnClassCondition)

   JerseyAutoConfiguration:
      Did not match:
         - @ConditionalOnClass did not find required class 'org.glassfish.jersey.server.spring.SpringComponentProvider' (OnClassCondition)

   JmsAutoConfiguration:
      Did not match:
         - @ConditionalOnClass did not find required class 'jakarta.jms.Message' (OnClassCondition)

   JmxAutoConfiguration:
      Did not match:
         - @ConditionalOnProperty (spring.jmx.enabled=true) did not find property 'enabled' (OnPropertyCondition)
      Matched:
         - @ConditionalOnClass found required class 'org.springframework.jmx.export.MBeanExporter' (OnClassCondition)

   JndiConnectionFactoryAutoConfiguration:
      Did not match:
         - @ConditionalOnClass did not find required class 'org.springframework.jms.core.JmsTemplate' (OnClassCondition)

   JndiDataSourceAutoConfiguration:
      Did not match:
         - @ConditionalOnProperty (spring.datasource.jndi-name) did not find property 'jndi-name' (OnPropertyCondition)
      Matched:
         - @ConditionalOnClass found required classes 'javax.sql.DataSource', 'org.springframework.jdbc.datasource.embedded.EmbeddedDatabaseType' (OnClassCondition)

   JndiJtaConfiguration:
      Did not match:
         - @ConditionalOnJndi JNDI environment is not available (OnJndiCondition)
      Matched:
         - @ConditionalOnClass found required class 'org.springframework.transaction.jta.JtaTransactionManager' (OnClassCondition)

   JooqAutoConfiguration:
      Did not match:
         - @ConditionalOnClass did not find required class 'org.jooq.DSLContext' (OnClassCondition)

   JpaBaseConfiguration.JpaWebConfiguration:
      Did not match:
         - @ConditionalOnProperty (spring.jpa.open-in-view=true) found different value in property 'open-in-view' (OnPropertyCondition)
      Matched:
         - @ConditionalOnClass found required class 'org.springframework.web.servlet.config.annotation.WebMvcConfigurer' (OnClassCondition)
         - found 'session' scope (OnWebApplicationCondition)

   JpaRepositoriesAutoConfiguration#entityManagerFactoryBootstrapExecutorCustomizer:
      Did not match:
         - AnyNestedCondition 0 matched 2 did not; NestedCondition on JpaRepositoriesAutoConfiguration.BootstrapExecutorCondition.LazyBootstrapMode @ConditionalOnProperty (spring.data.jpa.repositories.bootstrap-mode=lazy) did not find property 'bootstrap-mode'; NestedCondition on JpaRepositoriesAutoConfiguration.BootstrapExecutorCondition.DeferredBootstrapMode @ConditionalOnProperty (spring.data.jpa.repositories.bootstrap-mode=deferred) did not find property 'bootstrap-mode' (JpaRepositoriesAutoConfiguration.BootstrapExecutorCondition)

   JsonbAutoConfiguration:
      Did not match:
         - @ConditionalOnClass did not find required class 'jakarta.json.bind.Jsonb' (OnClassCondition)

   JsonbHttpMessageConvertersConfiguration:
      Did not match:
         - @ConditionalOnClass did not find required class 'jakarta.json.bind.Jsonb' (OnClassCondition)

   KafkaAutoConfiguration:
      Did not match:
         - @ConditionalOnClass did not find required class 'org.springframework.kafka.core.KafkaTemplate' (OnClassCondition)

   LdapAutoConfiguration:
      Did not match:
         - @ConditionalOnClass did not find required class 'org.springframework.ldap.core.ContextSource' (OnClassCondition)

   LdapRepositoriesAutoConfiguration:
      Did not match:
         - @ConditionalOnClass did not find required class 'org.springframework.data.ldap.repository.LdapRepository' (OnClassCondition)

   LiquibaseAutoConfiguration:
      Did not match:
         - @ConditionalOnClass did not find required class 'liquibase.change.DatabaseChange' (OnClassCondition)

   MailSenderAutoConfiguration:
      Did not match:
         - @ConditionalOnClass did not find required class 'jakarta.mail.internet.MimeMessage' (OnClassCondition)

   MailSenderValidatorAutoConfiguration:
      Did not match:
         - @ConditionalOnSingleCandidate did not find required type 'org.springframework.mail.javamail.JavaMailSenderImpl' (OnBeanCondition)

   MessageSourceAutoConfiguration:
      Did not match:
         - ResourceBundle did not find bundle with basename messages (MessageSourceAutoConfiguration.ResourceBundleCondition)

   MongoAutoConfiguration:
      Did not match:
         - @ConditionalOnClass did not find required class 'com.mongodb.client.MongoClient' (OnClassCondition)

   MongoDataAutoConfiguration:
      Did not match:
         - @ConditionalOnClass did not find required class 'com.mongodb.client.MongoClient' (OnClassCondition)

   MongoReactiveAutoConfiguration:
      Did not match:
         - @ConditionalOnClass did not find required class 'com.mongodb.reactivestreams.client.MongoClient' (OnClassCondition)

   MongoReactiveDataAutoConfiguration:
      Did not match:
         - @ConditionalOnClass did not find required class 'com.mongodb.reactivestreams.client.MongoClient' (OnClassCondition)

   MongoReactiveRepositoriesAutoConfiguration:
      Did not match:
         - @ConditionalOnClass did not find required class 'com.mongodb.reactivestreams.client.MongoClient' (OnClassCondition)

   MongoRepositoriesAutoConfiguration:
      Did not match:
         - @ConditionalOnClass did not find required class 'com.mongodb.client.MongoClient' (OnClassCondition)

   MustacheAutoConfiguration:
      Did not match:
         - @ConditionalOnClass did not find required class 'com.samskivert.mustache.Mustache' (OnClassCondition)

   Neo4jAutoConfiguration:
      Did not match:
         - @ConditionalOnClass did not find required class 'org.neo4j.driver.Driver' (OnClassCondition)

   Neo4jDataAutoConfiguration:
      Did not match:
         - @ConditionalOnClass did not find required class 'org.neo4j.driver.Driver' (OnClassCondition)

   Neo4jReactiveDataAutoConfiguration:
      Did not match:
         - @ConditionalOnClass did not find required class 'org.neo4j.driver.Driver' (OnClassCondition)

   Neo4jReactiveRepositoriesAutoConfiguration:
      Did not match:
         - @ConditionalOnClass did not find required class 'org.neo4j.driver.Driver' (OnClassCondition)

   Neo4jRepositoriesAutoConfiguration:
      Did not match:
         - @ConditionalOnClass did not find required class 'org.neo4j.driver.Driver' (OnClassCondition)

   NettyAutoConfiguration:
      Did not match:
         - @ConditionalOnClass did not find required class 'io.netty.util.NettyRuntime' (OnClassCondition)

   OAuth2AuthorizationServerAutoConfiguration:
      Did not match:
         - @ConditionalOnClass did not find required class 'org.springframework.security.oauth2.server.authorization.OAuth2Authorization' (OnClassCondition)

   OAuth2AuthorizationServerJwtAutoConfiguration:
      Did not match:
         - @ConditionalOnClass did not find required class 'com.nimbusds.jose.jwk.source.JWKSource' (OnClassCondition)

   OAuth2ClientAutoConfiguration:
      Did not match:
         - @ConditionalOnClass did not find required class 'org.springframework.security.config.annotation.web.configuration.EnableWebSecurity' (OnClassCondition)

   OAuth2ResourceServerAutoConfiguration:
      Did not match:
         - @ConditionalOnClass did not find required class 'org.springframework.security.oauth2.server.resource.authentication.BearerTokenAuthenticationToken' (OnClassCondition)

   ProjectInfoAutoConfiguration#buildProperties:
      Did not match:
         - @ConditionalOnResource did not find resource '${spring.info.build.location:classpath:META-INF/build-info.properties}' (OnResourceCondition)

   ProjectInfoAutoConfiguration#gitProperties:
      Did not match:
         - GitResource did not find git info at classpath:git.properties (ProjectInfoAutoConfiguration.GitResourceAvailableCondition)

   PulsarAutoConfiguration:
      Did not match:
         - @ConditionalOnClass did not find required class 'org.apache.pulsar.client.api.PulsarClient' (OnClassCondition)

   PulsarReactiveAutoConfiguration:
      Did not match:
         - @ConditionalOnClass did not find required class 'org.apache.pulsar.client.api.PulsarClient' (OnClassCondition)

   QuartzAutoConfiguration:
      Did not match:
         - @ConditionalOnClass did not find required class 'org.quartz.Scheduler' (OnClassCondition)

   R2dbcAutoConfiguration:
      Did not match:
         - @ConditionalOnClass did not find required class 'io.r2dbc.spi.ConnectionFactory' (OnClassCondition)

   R2dbcDataAutoConfiguration:
      Did not match:
         - @ConditionalOnClass did not find required class 'org.springframework.data.r2dbc.core.R2dbcEntityTemplate' (OnClassCondition)

   R2dbcInitializationConfiguration:
      Did not match:
         - @ConditionalOnClass did not find required classes 'io.r2dbc.spi.ConnectionFactory', 'org.springframework.r2dbc.connection.init.DatabasePopulator' (OnClassCondition)

   R2dbcProxyAutoConfiguration:
      Did not match:
         - @ConditionalOnClass did not find required class 'io.r2dbc.proxy.ProxyConnectionFactory' (OnClassCondition)

   R2dbcRepositoriesAutoConfiguration:
      Did not match:
         - @ConditionalOnClass did not find required class 'io.r2dbc.spi.ConnectionFactory' (OnClassCondition)

   R2dbcTransactionManagerAutoConfiguration:
      Did not match:
         - @ConditionalOnClass did not find required class 'org.springframework.r2dbc.connection.R2dbcTransactionManager' (OnClassCondition)

   RSocketGraphQlClientAutoConfiguration:
      Did not match:
         - @ConditionalOnClass did not find required class 'graphql.GraphQL' (OnClassCondition)

   RSocketMessagingAutoConfiguration:
      Did not match:
         - @ConditionalOnClass did not find required class 'io.rsocket.RSocket' (OnClassCondition)

   RSocketRequesterAutoConfiguration:
      Did not match:
         - @ConditionalOnClass did not find required class 'io.rsocket.RSocket' (OnClassCondition)

   RSocketSecurityAutoConfiguration:
      Did not match:
         - @ConditionalOnClass did not find required class 'org.springframework.security.rsocket.core.SecuritySocketAcceptorInterceptor' (OnClassCondition)

   RSocketServerAutoConfiguration:
      Did not match:
         - @ConditionalOnClass did not find required class 'io.rsocket.core.RSocketServer' (OnClassCondition)

   RSocketStrategiesAutoConfiguration:
      Did not match:
         - @ConditionalOnClass did not find required class 'io.netty.buffer.PooledByteBufAllocator' (OnClassCondition)

   RabbitAutoConfiguration:
      Did not match:
         - @ConditionalOnClass did not find required class 'com.rabbitmq.client.Channel' (OnClassCondition)

   ReactiveElasticsearchClientAutoConfiguration:
      Did not match:
         - @ConditionalOnClass did not find required class 'co.elastic.clients.transport.ElasticsearchTransport' (OnClassCondition)

   ReactiveElasticsearchRepositoriesAutoConfiguration:
      Did not match:
         - @ConditionalOnClass did not find required class 'reactor.core.publisher.Mono' (OnClassCondition)

   ReactiveMultipartAutoConfiguration:
      Did not match:
         - @ConditionalOnClass did not find required class 'org.springframework.web.reactive.config.WebFluxConfigurer' (OnClassCondition)

   ReactiveOAuth2ClientAutoConfiguration:
      Did not match:
         - @ConditionalOnClass did not find required class 'reactor.core.publisher.Flux' (OnClassCondition)

   ReactiveOAuth2ResourceServerAutoConfiguration:
      Did not match:
         - @ConditionalOnClass did not find required class 'org.springframework.security.config.annotation.web.reactive.EnableWebFluxSecurity' (OnClassCondition)

   ReactiveSecurityAutoConfiguration:
      Did not match:
         - @ConditionalOnClass did not find required class 'reactor.core.publisher.Flux' (OnClassCondition)

   ReactiveUserDetailsServiceAutoConfiguration:
      Did not match:
         - @ConditionalOnClass did not find required class 'org.springframework.security.authentication.ReactiveAuthenticationManager' (OnClassCondition)

   ReactiveWebServerFactoryAutoConfiguration:
      Did not match:
         - @ConditionalOnWebApplication did not find reactive web application classes (OnWebApplicationCondition)

   ReactorAutoConfiguration:
      Did not match:
         - @ConditionalOnClass did not find required class 'reactor.core.publisher.Hooks' (OnClassCondition)

   RedisAutoConfiguration:
      Did not match:
         - @ConditionalOnClass did not find required class 'org.springframework.data.redis.core.RedisOperations' (OnClassCondition)

   RedisCacheConfiguration:
      Did not match:
         - @ConditionalOnClass did not find required class 'org.springframework.data.redis.connection.RedisConnectionFactory' (OnClassCondition)

   RedisReactiveAutoConfiguration:
      Did not match:
         - @ConditionalOnClass did not find required class 'reactor.core.publisher.Flux' (OnClassCondition)

   RedisRepositoriesAutoConfiguration:
      Did not match:
         - @ConditionalOnClass did not find required class 'org.springframework.data.redis.repository.configuration.EnableRedisRepositories' (OnClassCondition)

   RepositoryRestMvcAutoConfiguration:
      Did not match:
         - @ConditionalOnClass did not find required class 'org.springframework.data.rest.webmvc.config.RepositoryRestMvcConfiguration' (OnClassCondition)

   Saml2RelyingPartyAutoConfiguration:
      Did not match:
         - @ConditionalOnClass did not find required class 'org.springframework.security.saml2.provider.service.registration.RelyingPartyRegistrationRepository' (OnClassCondition)

   SecurityAutoConfiguration:
      Did not match:
         - @ConditionalOnClass did not find required class 'org.springframework.security.authentication.DefaultAuthenticationEventPublisher' (OnClassCondition)

   SecurityFilterAutoConfiguration:
      Did not match:
         - @ConditionalOnClass did not find required class 'org.springframework.security.config.http.SessionCreationPolicy' (OnClassCondition)

   SendGridAutoConfiguration:
      Did not match:
         - @ConditionalOnClass did not find required class 'com.sendgrid.SendGrid' (OnClassCondition)

   ServletWebServerFactoryAutoConfiguration.ForwardedHeaderFilterConfiguration:
      Did not match:
         - @ConditionalOnProperty (server.forward-headers-strategy=framework) did not find property 'server.forward-headers-strategy' (OnPropertyCondition)

   ServletWebServerFactoryConfiguration.EmbeddedJetty:
      Did not match:
         - @ConditionalOnClass did not find required classes 'org.eclipse.jetty.server.Server', 'org.eclipse.jetty.util.Loader', 'org.eclipse.jetty.ee10.webapp.WebAppContext' (OnClassCondition)

   ServletWebServerFactoryConfiguration.EmbeddedUndertow:
      Did not match:
         - @ConditionalOnClass did not find required classes 'io.undertow.Undertow', 'org.xnio.SslClientAuthMode' (OnClassCondition)

   SessionAutoConfiguration:
      Did not match:
         - @ConditionalOnClass did not find required class 'org.springframework.session.Session' (OnClassCondition)

   SpringApplicationAdminJmxAutoConfiguration:
      Did not match:
         - @ConditionalOnProperty (spring.application.admin.enabled=true) did not find property 'enabled' (OnPropertyCondition)

   TaskExecutorConfigurations.SimpleAsyncTaskExecutorBuilderConfiguration#simpleAsyncTaskExecutorBuilderVirtualThreads:
      Did not match:
         - @ConditionalOnMissingBean (types: org.springframework.boot.task.SimpleAsyncTaskExecutorBuilder; SearchStrategy: all) found beans of type 'org.springframework.boot.task.SimpleAsyncTaskExecutorBuilder' simpleAsyncTaskExecutorBuilder (OnBeanCondition)

   TaskExecutorConfigurations.TaskExecutorConfiguration:
      Did not match:
         - @ConditionalOnMissingBean (types: java.util.concurrent.Executor; SearchStrategy: all) found beans of type 'java.util.concurrent.Executor' clientInboundChannelExecutor, clientOutboundChannelExecutor, brokerChannelExecutor (OnBeanCondition)

   TaskSchedulingConfigurations.SimpleAsyncTaskSchedulerBuilderConfiguration#simpleAsyncTaskSchedulerBuilderVirtualThreads:
      Did not match:
         - @ConditionalOnMissingBean (types: org.springframework.boot.task.SimpleAsyncTaskSchedulerBuilder; SearchStrategy: all) found beans of type 'org.springframework.boot.task.SimpleAsyncTaskSchedulerBuilder' simpleAsyncTaskSchedulerBuilder (OnBeanCondition)

   TaskSchedulingConfigurations.TaskSchedulerConfiguration:
      Did not match:
         - @ConditionalOnMissingBean (types: org.springframework.scheduling.TaskScheduler,java.util.concurrent.ScheduledExecutorService; SearchStrategy: all) found beans of type 'org.springframework.scheduling.TaskScheduler' messageBrokerTaskScheduler (OnBeanCondition)

   ThymeleafAutoConfiguration:
      Did not match:
         - @ConditionalOnClass did not find required class 'org.thymeleaf.spring6.SpringTemplateEngine' (OnClassCondition)

   TransactionAutoConfiguration#transactionalOperator:
      Did not match:
         - @ConditionalOnSingleCandidate (types: org.springframework.transaction.ReactiveTransactionManager; SearchStrategy: all) did not find any beans (OnBeanCondition)

   TransactionAutoConfiguration.AspectJTransactionManagementConfiguration:
      Did not match:
         - @ConditionalOnBean (types: org.springframework.transaction.aspectj.AbstractTransactionAspect; SearchStrategy: all) did not find any beans of type org.springframework.transaction.aspectj.AbstractTransactionAspect (OnBeanCondition)

   TransactionAutoConfiguration.EnableTransactionManagementConfiguration.JdkDynamicAutoProxyConfiguration:
      Did not match:
         - @ConditionalOnProperty (spring.aop.proxy-target-class=false) did not find property 'proxy-target-class' (OnPropertyCondition)

   UserDetailsServiceAutoConfiguration:
      Did not match:
         - @ConditionalOnClass did not find required class 'org.springframework.security.authentication.AuthenticationManager' (OnClassCondition)

   WebClientAutoConfiguration:
      Did not match:
         - @ConditionalOnClass did not find required class 'org.springframework.web.reactive.function.client.WebClient' (OnClassCondition)

   WebFluxAutoConfiguration:
      Did not match:
         - @ConditionalOnClass did not find required class 'org.springframework.web.reactive.config.WebFluxConfigurer' (OnClassCondition)

   WebMvcAutoConfiguration#hiddenHttpMethodFilter:
      Did not match:
         - @ConditionalOnProperty (spring.mvc.hiddenmethod.filter.enabled) did not find property 'enabled' (OnPropertyCondition)

   WebMvcAutoConfiguration.ProblemDetailsErrorHandlingConfiguration:
      Did not match:
         - @ConditionalOnProperty (spring.mvc.problemdetails.enabled=true) did not find property 'enabled' (OnPropertyCondition)

   WebMvcAutoConfiguration.ResourceChainCustomizerConfiguration:
      Did not match:
         - @ConditionalOnEnabledResourceChain did not find class org.webjars.WebJarVersionLocator (OnEnabledResourceChainCondition)

   WebMvcAutoConfiguration.WebMvcAutoConfigurationAdapter#beanNameViewResolver:
      Did not match:
         - @ConditionalOnMissingBean (types: org.springframework.web.servlet.view.BeanNameViewResolver; SearchStrategy: all) found beans of type 'org.springframework.web.servlet.view.BeanNameViewResolver' beanNameViewResolver (OnBeanCondition)

   WebServiceTemplateAutoConfiguration:
      Did not match:
         - @ConditionalOnClass did not find required class 'org.springframework.oxm.Marshaller' (OnClassCondition)

   WebServicesAutoConfiguration:
      Did not match:
         - @ConditionalOnClass did not find required class 'org.springframework.ws.transport.http.MessageDispatcherServlet' (OnClassCondition)

   WebSessionIdResolverAutoConfiguration:
      Did not match:
         - @ConditionalOnClass did not find required class 'reactor.core.publisher.Mono' (OnClassCondition)

   WebSocketReactiveAutoConfiguration:
      Did not match:
         - @ConditionalOnWebApplication did not find reactive web application classes (OnWebApplicationCondition)

   WebSocketServletAutoConfiguration.JettyWebSocketConfiguration:
      Did not match:
         - @ConditionalOnClass did not find required class 'org.eclipse.jetty.ee10.websocket.jakarta.server.config.JakartaWebSocketServletContainerInitializer' (OnClassCondition)

   WebSocketServletAutoConfiguration.UndertowWebSocketConfiguration:
      Did not match:
         - @ConditionalOnClass did not find required class 'io.undertow.websockets.jsr.Bootstrap' (OnClassCondition)

   XADataSourceAutoConfiguration:
      Did not match:
         - @ConditionalOnBean (types: org.springframework.boot.jdbc.XADataSourceWrapper; SearchStrategy: all) did not find any beans of type org.springframework.boot.jdbc.XADataSourceWrapper (OnBeanCondition)
      Matched:
         - @ConditionalOnClass found required classes 'javax.sql.DataSource', 'jakarta.transaction.TransactionManager', 'org.springframework.jdbc.datasource.embedded.EmbeddedDatabaseType' (OnClassCondition)


Exclusions:
-----------

    None


Unconditional classes:
----------------------

    org.springframework.boot.autoconfigure.context.ConfigurationPropertiesAutoConfiguration

    org.springframework.boot.autoconfigure.ssl.SslAutoConfiguration

    org.springframework.boot.autoconfigure.context.LifecycleAutoConfiguration

    org.springframework.boot.autoconfigure.context.PropertyPlaceholderAutoConfiguration

    org.springframework.boot.autoconfigure.availability.ApplicationAvailabilityAutoConfiguration

    org.springframework.boot.autoconfigure.info.ProjectInfoAutoConfiguration



2026-09-13T22:30:26.208+07:00  INFO 2616 --- [tea-attendance-api] [           main] com.trasua.TeaAttendanceApplication      : Started TeaAttendanceApplication in 25.09 seconds (process running for 26.354)
2026-09-13T22:30:26.209+07:00 DEBUG 2616 --- [tea-attendance-api] [           main] o.s.b.a.ApplicationAvailabilityBean      : Application availability state LivenessState changed to CORRECT
2026-09-13T22:30:26.436+07:00 DEBUG 2616 --- [tea-attendance-api] [           main] org.hibernate.SQL                        : 
    select
        count(*) 
    from
        members m1_0
2026-09-13T22:30:26.487+07:00 DEBUG 2616 --- [tea-attendance-api] [           main] o.s.b.a.ApplicationAvailabilityBean      : Application availability state ReadinessState changed to ACCEPTING_TRAFFIC
2026-09-13T22:31:26.143+07:00  INFO 2616 --- [tea-attendance-api] [MessageBroker-1] o.s.w.s.c.WebSocketMessageBrokerStats    : WebSocketSession[0 current WS(0)-HttpStream(0)-HttpPoll(0), 0 total, 0 closed abnormally (0 connect failure, 0 send limit, 0 transport error)], stompSubProtocol[processed CONNECT(0)-CONNECTED(0)-DISCONNECT(0)], stompBrokerRelay[null], inboundChannel[pool size = 0, active threads = 0, queued tasks = 0, completed tasks = 0], outboundChannel[pool size = 0, active threads = 0, queued tasks = 0, completed tasks = 0], sockJsScheduler[pool size = 2, active threads = 1, queued tasks = 1, completed tasks = 0]
2026-09-13T22:32:29.642+07:00  INFO 2616 --- [tea-attendance-api] [nio-8080-exec-1] o.a.c.c.C.[Tomcat].[localhost].[/]       : Initializing Spring DispatcherServlet 'dispatcherServlet'
2026-09-13T22:32:29.643+07:00  INFO 2616 --- [tea-attendance-api] [nio-8080-exec-1] o.s.web.servlet.DispatcherServlet        : Initializing Servlet 'dispatcherServlet'
2026-09-13T22:32:29.644+07:00 DEBUG 2616 --- [tea-attendance-api] [nio-8080-exec-1] o.s.web.servlet.DispatcherServlet        : Detected StandardServletMultipartResolver
2026-09-13T22:32:29.644+07:00 DEBUG 2616 --- [tea-attendance-api] [nio-8080-exec-1] o.s.web.servlet.DispatcherServlet        : Detected AcceptHeaderLocaleResolver
2026-09-13T22:32:29.644+07:00 DEBUG 2616 --- [tea-attendance-api] [nio-8080-exec-1] o.s.web.servlet.DispatcherServlet        : Detected FixedThemeResolver
2026-09-13T22:32:29.646+07:00 DEBUG 2616 --- [tea-attendance-api] [nio-8080-exec-1] o.s.web.servlet.DispatcherServlet        : Detected org.springframework.web.servlet.view.DefaultRequestToViewNameTranslator@12026d62
2026-09-13T22:32:29.647+07:00 DEBUG 2616 --- [tea-attendance-api] [nio-8080-exec-1] o.s.web.servlet.DispatcherServlet        : Detected org.springframework.web.servlet.support.SessionFlashMapManager@4bb5ba10
2026-09-13T22:32:29.647+07:00 DEBUG 2616 --- [tea-attendance-api] [nio-8080-exec-1] o.s.web.servlet.DispatcherServlet        : enableLoggingRequestDetails='false': request parameters and headers will be masked to prevent unsafe logging of potentially sensitive data
2026-09-13T22:32:29.648+07:00  INFO 2616 --- [tea-attendance-api] [nio-8080-exec-1] o.s.web.servlet.DispatcherServlet        : Completed initialization in 4 ms
2026-09-13T22:32:29.672+07:00 DEBUG 2616 --- [tea-attendance-api] [nio-8080-exec-1] o.s.web.servlet.DispatcherServlet        : GET "/api/drinks", parameters={}
2026-09-13T22:32:29.705+07:00 DEBUG 2616 --- [tea-attendance-api] [nio-8080-exec-1] s.w.s.m.m.a.RequestMappingHandlerMapping : Mapped to com.trasua.api.DrinkCatalogController#list(boolean)
2026-09-13T22:32:29.820+07:00 DEBUG 2616 --- [tea-attendance-api] [nio-8080-exec-1] org.hibernate.SQL                        : 
    select
        dci1_0.id,
        dci1_0.active,
        dci1_0.created_at,
        dci1_0.icon,
        dci1_0.name,
        dci1_0.price,
        dci1_0.updated_at 
    from
        drink_catalog dci1_0 
    where
        dci1_0.active 
    order by
        dci1_0.name
2026-09-13T22:32:29.902+07:00 DEBUG 2616 --- [tea-attendance-api] [nio-8080-exec-1] m.m.a.RequestResponseBodyMethodProcessor : Using 'application/json', given [*/*] and supported [application/json, application/*+json]
2026-09-13T22:32:29.919+07:00 DEBUG 2616 --- [tea-attendance-api] [nio-8080-exec-1] m.m.a.RequestResponseBodyMethodProcessor : Writing [[DrinkCatalogResponse[id=5, name=Bac xiu, price=22000, icon=?, active=true], DrinkCatalogResponse[i (truncated)...]
2026-09-13T22:32:29.972+07:00 DEBUG 2616 --- [tea-attendance-api] [nio-8080-exec-1] o.s.web.servlet.DispatcherServlet        : Completed 200 OK
2026-09-13T22:32:31.077+07:00 DEBUG 2616 --- [tea-attendance-api] [nio-8080-exec-2] o.s.web.servlet.DispatcherServlet        : GET "/api/drinks", parameters={}
2026-09-13T22:32:31.077+07:00 DEBUG 2616 --- [tea-attendance-api] [nio-8080-exec-2] s.w.s.m.m.a.RequestMappingHandlerMapping : Mapped to com.trasua.api.DrinkCatalogController#list(boolean)
2026-09-13T22:32:31.123+07:00 DEBUG 2616 --- [tea-attendance-api] [nio-8080-exec-2] org.hibernate.SQL                        : 
    select
        dci1_0.id,
        dci1_0.active,
        dci1_0.created_at,
        dci1_0.icon,
        dci1_0.name,
        dci1_0.price,
        dci1_0.updated_at 
    from
        drink_catalog dci1_0 
    where
        dci1_0.active 
    order by
        dci1_0.name
2026-09-13T22:32:31.134+07:00 DEBUG 2616 --- [tea-attendance-api] [nio-8080-exec-2] m.m.a.RequestResponseBodyMethodProcessor : Using 'application/json', given [*/*] and supported [application/json, application/*+json]
2026-09-13T22:32:31.135+07:00 DEBUG 2616 --- [tea-attendance-api] [nio-8080-exec-2] m.m.a.RequestResponseBodyMethodProcessor : Writing [[DrinkCatalogResponse[id=5, name=Bac xiu, price=22000, icon=?, active=true], DrinkCatalogResponse[i (truncated)...]
2026-09-13T22:32:31.137+07:00 DEBUG 2616 --- [tea-attendance-api] [nio-8080-exec-2] o.s.web.servlet.DispatcherServlet        : Completed 200 OK
2026-09-13T22:32:48.752+07:00 DEBUG 2616 --- [tea-attendance-api] [nio-8080-exec-3] o.s.web.servlet.DispatcherServlet        : POST "/api/drinks", parameters={}
2026-09-13T22:32:48.752+07:00 DEBUG 2616 --- [tea-attendance-api] [nio-8080-exec-3] s.w.s.m.m.a.RequestMappingHandlerMapping : Mapped to com.trasua.api.DrinkCatalogController#create(String, DrinkCatalogRequest)
2026-09-13T22:32:48.761+07:00 DEBUG 2616 --- [tea-attendance-api] [nio-8080-exec-3] o.s.web.method.HandlerMethod             : Could not resolve parameter [0] in public com.trasua.api.dto.DrinkCatalogResponse com.trasua.api.DrinkCatalogController.create(java.lang.String,com.trasua.api.dto.DrinkCatalogRequest): Required request header 'Authorization' for method parameter type String is not present
2026-09-13T22:32:48.763+07:00  WARN 2616 --- [tea-attendance-api] [nio-8080-exec-3] .w.s.m.s.DefaultHandlerExceptionResolver : Resolved [org.springframework.web.bind.MissingRequestHeaderException: Required request header 'Authorization' for method parameter type String is not present]
2026-09-13T22:32:48.764+07:00 DEBUG 2616 --- [tea-attendance-api] [nio-8080-exec-3] o.s.web.servlet.DispatcherServlet        : Completed 400 BAD_REQUEST
2026-09-13T22:32:48.774+07:00 DEBUG 2616 --- [tea-attendance-api] [nio-8080-exec-3] o.s.web.servlet.DispatcherServlet        : "ERROR" dispatch for POST "/error", parameters={}
2026-09-13T22:32:48.777+07:00 DEBUG 2616 --- [tea-attendance-api] [nio-8080-exec-3] s.w.s.m.m.a.RequestMappingHandlerMapping : Mapped to org.springframework.boot.autoconfigure.web.servlet.error.BasicErrorController#error(HttpServletRequest)
2026-09-13T22:32:48.785+07:00 DEBUG 2616 --- [tea-attendance-api] [nio-8080-exec-3] o.s.w.s.m.m.a.HttpEntityMethodProcessor  : Using 'application/json', given [*/*] and supported [application/json, application/*+json]
2026-09-13T22:32:48.792+07:00 DEBUG 2616 --- [tea-attendance-api] [nio-8080-exec-3] o.s.w.s.m.m.a.HttpEntityMethodProcessor  : Writing [{timestamp=Sun Sep 13 22:32:48 GMT+07:00 2026, status=400, error=Bad Request, path=/api/drinks}]
2026-09-13T22:32:48.807+07:00 DEBUG 2616 --- [tea-attendance-api] [nio-8080-exec-3] o.s.web.servlet.DispatcherServlet        : Exiting from "ERROR" dispatch, status 400
2026-09-13T22:41:22.061+07:00 DEBUG 2616 --- [tea-attendance-api] [nio-8080-exec-4] o.s.web.servlet.DispatcherServlet        : GET "/api/drinks", parameters={}
2026-09-13T22:41:22.102+07:00 DEBUG 2616 --- [tea-attendance-api] [nio-8080-exec-4] s.w.s.m.m.a.RequestMappingHandlerMapping : Mapped to com.trasua.api.DrinkCatalogController#list(boolean)
2026-09-13T22:41:22.417+07:00 DEBUG 2616 --- [tea-attendance-api] [nio-8080-exec-4] org.hibernate.SQL                        : 
    select
        dci1_0.id,
        dci1_0.active,
        dci1_0.created_at,
        dci1_0.icon,
        dci1_0.name,
        dci1_0.price,
        dci1_0.updated_at 
    from
        drink_catalog dci1_0 
    where
        dci1_0.active 
    order by
        dci1_0.name
2026-09-13T22:41:22.517+07:00 DEBUG 2616 --- [tea-attendance-api] [nio-8080-exec-4] m.m.a.RequestResponseBodyMethodProcessor : Using 'application/json', given [*/*] and supported [application/json, application/*+json]
2026-09-13T22:41:22.523+07:00 DEBUG 2616 --- [tea-attendance-api] [nio-8080-exec-4] m.m.a.RequestResponseBodyMethodProcessor : Writing [[DrinkCatalogResponse[id=5, name=Bac xiu, price=22000, icon=?, active=true], DrinkCatalogResponse[i (truncated)...]
2026-09-13T22:41:22.540+07:00 DEBUG 2616 --- [tea-attendance-api] [nio-8080-exec-4] o.s.web.servlet.DispatcherServlet        : Completed 200 OK
2026-09-13T22:51:23.671+07:00 DEBUG 2616 --- [tea-attendance-api] [nio-8080-exec-5] o.s.web.servlet.DispatcherServlet        : OPTIONS "/api/auth/register", parameters={}
2026-09-13T22:51:23.684+07:00 DEBUG 2616 --- [tea-attendance-api] [nio-8080-exec-5] s.w.s.m.m.a.RequestMappingHandlerMapping : Mapped to com.trasua.api.AuthController#register(Register)
2026-09-13T22:51:23.753+07:00 DEBUG 2616 --- [tea-attendance-api] [nio-8080-exec-5] o.s.web.servlet.DispatcherServlet        : Completed 200 OK
2026-09-13T22:51:23.918+07:00 DEBUG 2616 --- [tea-attendance-api] [nio-8080-exec-6] o.s.web.servlet.DispatcherServlet        : POST "/api/auth/register", parameters={}
2026-09-13T22:51:23.919+07:00 DEBUG 2616 --- [tea-attendance-api] [nio-8080-exec-6] s.w.s.m.m.a.RequestMappingHandlerMapping : Mapped to com.trasua.api.AuthController#register(Register)
2026-09-13T22:51:24.168+07:00 DEBUG 2616 --- [tea-attendance-api] [nio-8080-exec-6] m.m.a.RequestResponseBodyMethodProcessor : Read "application/json;charset=UTF-8" to [Register[displayName=Ph?m ??c Anh, email=anh64004@gmail.com, password=123456789]]
2026-09-13T22:51:24.670+07:00 DEBUG 2616 --- [tea-attendance-api] [nio-8080-exec-6] org.hibernate.SQL                        : 
    select
        m1_0.id 
    from
        members m1_0 
    where
        upper(m1_0.email)=upper(?) 
    limit
        ?
2026-09-13T22:51:25.043+07:00 DEBUG 2616 --- [tea-attendance-api] [nio-8080-exec-6] org.hibernate.SQL                        : 
    select
        m1_0.id,
        m1_0.account_name,
        m1_0.account_number,
        m1_0.active,
        m1_0.bank_bin,
        m1_0.bank_name,
        m1_0.created_at,
        m1_0.display_name,
        m1_0.email,
        m1_0.password_hash,
        m1_0.qr_code_url,
        m1_0.reset_code_expires_at,
        m1_0.reset_code_hash,
        m1_0.role,
        m1_0.updated_at 
    from
        members m1_0
2026-09-13T22:51:25.165+07:00 DEBUG 2616 --- [tea-attendance-api] [nio-8080-exec-6] org.hibernate.SQL                        : 
    insert 
    into
        members
        (account_name, account_number, active, bank_bin, bank_name, created_at, display_name, email, password_hash, qr_code_url, reset_code_expires_at, reset_code_hash, role, updated_at) 
    values
        (?, ?, ?, ?, ?, ?, ?, ?, ?, ?, ?, ?, ?, ?)
2026-09-13T22:51:25.336+07:00 DEBUG 2616 --- [tea-attendance-api] [nio-8080-exec-6] org.hibernate.SQL                        : 
    insert 
    into
        auth_sessions
        (created_at, expires_at, member_id, token_hash) 
    values
        (?, ?, ?, ?)
2026-09-13T22:51:25.676+07:00 DEBUG 2616 --- [tea-attendance-api] [nio-8080-exec-6] m.m.a.RequestResponseBodyMethodProcessor : Using 'application/json', given [*/*] and supported [application/json, application/*+json]
2026-09-13T22:51:25.705+07:00 DEBUG 2616 --- [tea-attendance-api] [nio-8080-exec-6] m.m.a.RequestResponseBodyMethodProcessor : Writing [AuthResponse[token=YC78QPDUaHKFlzVMBQ7PmBg19V5zkS8GatINOdEpOBk, member=MemberResponse[id=6, displayN (truncated)...]
2026-09-13T22:51:25.708+07:00 DEBUG 2616 --- [tea-attendance-api] [nio-8080-exec-6] o.s.web.servlet.DispatcherServlet        : Completed 201 CREATED
2026-09-13T22:51:25.757+07:00 DEBUG 2616 --- [tea-attendance-api] [nio-8080-exec-7] o.s.web.servlet.DispatcherServlet        : OPTIONS "/api/members", parameters={}
2026-09-13T22:51:25.759+07:00 DEBUG 2616 --- [tea-attendance-api] [nio-8080-exec-7] s.w.s.m.m.a.RequestMappingHandlerMapping : Mapped to com.trasua.api.MemberController#list(boolean)
2026-09-13T22:51:25.762+07:00 DEBUG 2616 --- [tea-attendance-api] [nio-8080-exec-7] o.s.web.servlet.DispatcherServlet        : Completed 200 OK
2026-09-13T22:51:25.768+07:00 DEBUG 2616 --- [tea-attendance-api] [nio-8080-exec-2] o.s.web.servlet.DispatcherServlet        : OPTIONS "/api/members", parameters={}
2026-09-13T22:51:25.769+07:00 DEBUG 2616 --- [tea-attendance-api] [io-8080-exec-10] o.s.web.servlet.DispatcherServlet        : OPTIONS "/api/chat/messages", parameters={}
2026-09-13T22:51:25.769+07:00 DEBUG 2616 --- [tea-attendance-api] [nio-8080-exec-2] s.w.s.m.m.a.RequestMappingHandlerMapping : Mapped to com.trasua.api.MemberController#list(boolean)
2026-09-13T22:51:25.770+07:00 DEBUG 2616 --- [tea-attendance-api] [io-8080-exec-10] s.w.s.m.m.a.RequestMappingHandlerMapping : Mapped to com.trasua.api.ChatController#list(Instant, int)
2026-09-13T22:51:25.770+07:00 DEBUG 2616 --- [tea-attendance-api] [nio-8080-exec-8] o.s.web.servlet.DispatcherServlet        : OPTIONS "/api/drinks?includeInactive=true", parameters={masked}
2026-09-13T22:51:25.771+07:00 DEBUG 2616 --- [tea-attendance-api] [io-8080-exec-10] o.s.web.servlet.DispatcherServlet        : Completed 200 OK
2026-09-13T22:51:25.771+07:00 DEBUG 2616 --- [tea-attendance-api] [nio-8080-exec-3] o.s.web.servlet.DispatcherServlet        : OPTIONS "/api/drinks?includeInactive=true", parameters={masked}
2026-09-13T22:51:25.771+07:00 DEBUG 2616 --- [tea-attendance-api] [nio-8080-exec-2] o.s.web.servlet.DispatcherServlet        : Completed 200 OK
2026-09-13T22:51:25.771+07:00 DEBUG 2616 --- [tea-attendance-api] [nio-8080-exec-8] s.w.s.m.m.a.RequestMappingHandlerMapping : Mapped to com.trasua.api.DrinkCatalogController#list(boolean)
2026-09-13T22:51:25.771+07:00 DEBUG 2616 --- [tea-attendance-api] [nio-8080-exec-3] s.w.s.m.m.a.RequestMappingHandlerMapping : Mapped to com.trasua.api.DrinkCatalogController#list(boolean)
2026-09-13T22:51:25.772+07:00 DEBUG 2616 --- [tea-attendance-api] [nio-8080-exec-8] o.s.web.servlet.DispatcherServlet        : Completed 200 OK
2026-09-13T22:51:25.772+07:00 DEBUG 2616 --- [tea-attendance-api] [nio-8080-exec-3] o.s.web.servlet.DispatcherServlet        : Completed 200 OK
2026-09-13T22:51:25.775+07:00 DEBUG 2616 --- [tea-attendance-api] [nio-8080-exec-8] o.s.web.servlet.DispatcherServlet        : OPTIONS "/api/expenses/range?from=2026-09-07&to=2026-09-13", parameters={masked}
2026-09-13T22:51:25.777+07:00 DEBUG 2616 --- [tea-attendance-api] [nio-8080-exec-5] o.s.web.servlet.DispatcherServlet        : OPTIONS "/api/chat/messages", parameters={}
2026-09-13T22:51:25.777+07:00 DEBUG 2616 --- [tea-attendance-api] [nio-8080-exec-6] o.s.web.servlet.DispatcherServlet        : OPTIONS "/api/notifications?memberId=6", parameters={masked}
2026-09-13T22:51:25.776+07:00 DEBUG 2616 --- [tea-attendance-api] [nio-8080-exec-8] s.w.s.m.m.a.RequestMappingHandlerMapping : Mapped to com.trasua.api.ExpenseController#range(LocalDate, LocalDate)
2026-09-13T22:51:25.777+07:00 DEBUG 2616 --- [tea-attendance-api] [nio-8080-exec-5] s.w.s.m.m.a.RequestMappingHandlerMapping : Mapped to com.trasua.api.ChatController#list(Instant, int)
2026-09-13T22:51:25.777+07:00 DEBUG 2616 --- [tea-attendance-api] [nio-8080-exec-6] s.w.s.m.m.a.RequestMappingHandlerMapping : Mapped to com.trasua.api.NotificationController#list(Long)
2026-09-13T22:51:25.778+07:00 DEBUG 2616 --- [tea-attendance-api] [nio-8080-exec-8] o.s.web.servlet.DispatcherServlet        : Completed 200 OK
2026-09-13T22:51:25.778+07:00 DEBUG 2616 --- [tea-attendance-api] [nio-8080-exec-6] o.s.web.servlet.DispatcherServlet        : Completed 200 OK
2026-09-13T22:51:25.778+07:00 DEBUG 2616 --- [tea-attendance-api] [nio-8080-exec-3] o.s.web.servlet.DispatcherServlet        : GET "/api/drinks?includeInactive=true", parameters={masked}
2026-09-13T22:51:25.779+07:00 DEBUG 2616 --- [tea-attendance-api] [nio-8080-exec-5] o.s.web.servlet.DispatcherServlet        : Completed 200 OK
2026-09-13T22:51:25.779+07:00 DEBUG 2616 --- [tea-attendance-api] [nio-8080-exec-3] s.w.s.m.m.a.RequestMappingHandlerMapping : Mapped to com.trasua.api.DrinkCatalogController#list(boolean)
2026-09-13T22:51:25.781+07:00 DEBUG 2616 --- [tea-attendance-api] [nio-8080-exec-1] o.s.web.servlet.DispatcherServlet        : OPTIONS "/api/notifications?memberId=6", parameters={masked}
2026-09-13T22:51:25.785+07:00 DEBUG 2616 --- [tea-attendance-api] [nio-8080-exec-1] s.w.s.m.m.a.RequestMappingHandlerMapping : Mapped to com.trasua.api.NotificationController#list(Long)
2026-09-13T22:51:25.786+07:00 DEBUG 2616 --- [tea-attendance-api] [nio-8080-exec-7] o.s.web.servlet.DispatcherServlet        : GET "/api/notifications?memberId=6", parameters={masked}
2026-09-13T22:51:25.786+07:00 DEBUG 2616 --- [tea-attendance-api] [nio-8080-exec-9] o.s.web.servlet.DispatcherServlet        : OPTIONS "/api/expenses/range?from=2026-09-07&to=2026-09-13", parameters={masked}
2026-09-13T22:51:25.787+07:00 DEBUG 2616 --- [tea-attendance-api] [nio-8080-exec-1] o.s.web.servlet.DispatcherServlet        : Completed 200 OK
2026-09-13T22:51:25.787+07:00 DEBUG 2616 --- [tea-attendance-api] [nio-8080-exec-7] s.w.s.m.m.a.RequestMappingHandlerMapping : Mapped to com.trasua.api.NotificationController#list(Long)
2026-09-13T22:51:25.788+07:00 DEBUG 2616 --- [tea-attendance-api] [nio-8080-exec-9] s.w.s.m.m.a.RequestMappingHandlerMapping : Mapped to com.trasua.api.ExpenseController#range(LocalDate, LocalDate)
2026-09-13T22:51:25.788+07:00 DEBUG 2616 --- [tea-attendance-api] [nio-8080-exec-2] o.s.web.servlet.DispatcherServlet        : GET "/api/chat/messages", parameters={}
2026-09-13T22:51:25.788+07:00 DEBUG 2616 --- [tea-attendance-api] [io-8080-exec-10] o.s.web.servlet.DispatcherServlet        : GET "/api/members", parameters={}
2026-09-13T22:51:25.788+07:00 DEBUG 2616 --- [tea-attendance-api] [nio-8080-exec-2] s.w.s.m.m.a.RequestMappingHandlerMapping : Mapped to com.trasua.api.ChatController#list(Instant, int)
2026-09-13T22:51:25.788+07:00 DEBUG 2616 --- [tea-attendance-api] [io-8080-exec-10] s.w.s.m.m.a.RequestMappingHandlerMapping : Mapped to com.trasua.api.MemberController#list(boolean)
2026-09-13T22:51:25.789+07:00 DEBUG 2616 --- [tea-attendance-api] [nio-8080-exec-9] o.s.web.servlet.DispatcherServlet        : Completed 200 OK
2026-09-13T22:51:25.792+07:00 DEBUG 2616 --- [tea-attendance-api] [nio-8080-exec-4] o.s.web.servlet.DispatcherServlet        : GET "/api/expenses/range?from=2026-09-07&to=2026-09-13", parameters={masked}
2026-09-13T22:51:25.793+07:00 DEBUG 2616 --- [tea-attendance-api] [nio-8080-exec-4] s.w.s.m.m.a.RequestMappingHandlerMapping : Mapped to com.trasua.api.ExpenseController#range(LocalDate, LocalDate)
2026-09-13T22:51:25.804+07:00 DEBUG 2616 --- [tea-attendance-api] [nio-8080-exec-3] org.hibernate.SQL                        : 
    select
        dci1_0.id,
        dci1_0.active,
        dci1_0.created_at,
        dci1_0.icon,
        dci1_0.name,
        dci1_0.price,
        dci1_0.updated_at 
    from
        drink_catalog dci1_0
2026-09-13T22:51:25.825+07:00 DEBUG 2616 --- [tea-attendance-api] [nio-8080-exec-3] m.m.a.RequestResponseBodyMethodProcessor : Using 'application/json', given [*/*] and supported [application/json, application/*+json]
2026-09-13T22:51:25.827+07:00 DEBUG 2616 --- [tea-attendance-api] [nio-8080-exec-3] m.m.a.RequestResponseBodyMethodProcessor : Writing [[DrinkCatalogResponse[id=1, name=Tra da, price=5000, icon=?, active=true], DrinkCatalogResponse[id= (truncated)...]
2026-09-13T22:51:25.832+07:00 DEBUG 2616 --- [tea-attendance-api] [nio-8080-exec-3] o.s.web.servlet.DispatcherServlet        : Completed 200 OK
2026-09-13T22:51:25.837+07:00 DEBUG 2616 --- [tea-attendance-api] [io-8080-exec-10] org.hibernate.SQL                        : 
    select
        m1_0.id,
        m1_0.account_name,
        m1_0.account_number,
        m1_0.active,
        m1_0.bank_bin,
        m1_0.bank_name,
        m1_0.created_at,
        m1_0.display_name,
        m1_0.email,
        m1_0.password_hash,
        m1_0.qr_code_url,
        m1_0.reset_code_expires_at,
        m1_0.reset_code_hash,
        m1_0.role,
        m1_0.updated_at 
    from
        members m1_0 
    where
        m1_0.active 
    order by
        m1_0.display_name
2026-09-13T22:51:25.838+07:00 DEBUG 2616 --- [tea-attendance-api] [nio-8080-exec-6] o.s.web.servlet.DispatcherServlet        : GET "/api/drinks?includeInactive=true", parameters={masked}
2026-09-13T22:51:25.839+07:00 DEBUG 2616 --- [tea-attendance-api] [nio-8080-exec-6] s.w.s.m.m.a.RequestMappingHandlerMapping : Mapped to com.trasua.api.DrinkCatalogController#list(boolean)
2026-09-13T22:51:25.855+07:00 DEBUG 2616 --- [tea-attendance-api] [nio-8080-exec-6] org.hibernate.SQL                        : 
    select
        dci1_0.id,
        dci1_0.active,
        dci1_0.created_at,
        dci1_0.icon,
        dci1_0.name,
        dci1_0.price,
        dci1_0.updated_at 
    from
        drink_catalog dci1_0
2026-09-13T22:51:25.892+07:00 DEBUG 2616 --- [tea-attendance-api] [nio-8080-exec-2] org.hibernate.SQL                        : 
    select
        cm1_0.id,
        cm1_0.content,
        cm1_0.created_at,
        cm1_0.sender_member_id,
        s1_0.id,
        s1_0.account_name,
        s1_0.account_number,
        s1_0.active,
        s1_0.bank_bin,
        s1_0.bank_name,
        s1_0.created_at,
        s1_0.display_name,
        s1_0.email,
        s1_0.password_hash,
        s1_0.qr_code_url,
        s1_0.reset_code_expires_at,
        s1_0.reset_code_hash,
        s1_0.role,
        s1_0.updated_at 
    from
        chat_messages cm1_0 
    join
        members s1_0 
            on s1_0.id=cm1_0.sender_member_id 
    order by
        cm1_0.created_at desc 
    limit
        ?
2026-09-13T22:51:25.894+07:00 DEBUG 2616 --- [tea-attendance-api] [nio-8080-exec-7] org.hibernate.SQL                        : 
    select
        n1_0.id,
        n1_0.body,
        n1_0.created_at,
        n1_0.read_at,
        n1_0.recipient_member_id,
        r1_0.id,
        r1_0.account_name,
        r1_0.account_number,
        r1_0.active,
        r1_0.bank_bin,
        r1_0.bank_name,
        r1_0.created_at,
        r1_0.display_name,
        r1_0.email,
        r1_0.password_hash,
        r1_0.qr_code_url,
        r1_0.reset_code_expires_at,
        r1_0.reset_code_hash,
        r1_0.role,
        r1_0.updated_at,
        n1_0.settlement_id,
        n1_0.title,
        n1_0.transfer_id,
        n1_0.type 
    from
        notifications n1_0 
    join
        members r1_0 
            on r1_0.id=n1_0.recipient_member_id 
    where
        r1_0.id=? 
    order by
        n1_0.created_at desc
2026-09-13T22:51:25.896+07:00 DEBUG 2616 --- [tea-attendance-api] [nio-8080-exec-4] org.hibernate.SQL                        : 
    select
        distinct do1_0.id,
        do1_0.created_at,
        i1_0.order_id,
        i1_0.id,
        i1_0.consumer_member_id,
        c1_0.id,
        c1_0.account_name,
        c1_0.account_number,
        c1_0.active,
        c1_0.bank_bin,
        c1_0.bank_name,
        c1_0.created_at,
        c1_0.display_name,
        c1_0.email,
        c1_0.password_hash,
        c1_0.qr_code_url,
        c1_0.reset_code_expires_at,
        c1_0.reset_code_hash,
        c1_0.role,
        c1_0.updated_at,
        i1_0.drink_name,
        i1_0.line_total,
        i1_0.quantity,
        i1_0.unit_price,
        do1_0.note,
        do1_0.order_date,
        do1_0.payer_member_id,
        p1_0.id,
        p1_0.account_name,
        p1_0.account_number,
        p1_0.active,
        p1_0.bank_bin,
        p1_0.bank_name,
        p1_0.created_at,
        p1_0.display_name,
        p1_0.email,
        p1_0.password_hash,
        p1_0.qr_code_url,
        p1_0.reset_code_expires_at,
        p1_0.reset_code_hash,
        p1_0.role,
        p1_0.updated_at,
        do1_0.total_amount,
        do1_0.updated_at 
    from
        drink_orders do1_0 
    join
        members p1_0 
            on p1_0.id=do1_0.payer_member_id 
    left join
        order_items i1_0 
            on do1_0.id=i1_0.order_id 
    left join
        members c1_0 
            on c1_0.id=i1_0.consumer_member_id 
    where
        do1_0.order_date between ? and ? 
    order by
        do1_0.order_date,
        do1_0.id
2026-09-13T22:51:25.906+07:00 DEBUG 2616 --- [tea-attendance-api] [nio-8080-exec-6] m.m.a.RequestResponseBodyMethodProcessor : Using 'application/json', given [*/*] and supported [application/json, application/*+json]
2026-09-13T22:51:25.909+07:00 DEBUG 2616 --- [tea-attendance-api] [nio-8080-exec-6] m.m.a.RequestResponseBodyMethodProcessor : Writing [[DrinkCatalogResponse[id=1, name=Tra da, price=5000, icon=?, active=true], DrinkCatalogResponse[id= (truncated)...]
2026-09-13T22:51:25.910+07:00 DEBUG 2616 --- [tea-attendance-api] [nio-8080-exec-6] o.s.web.servlet.DispatcherServlet        : Completed 200 OK
2026-09-13T22:51:25.914+07:00 DEBUG 2616 --- [tea-attendance-api] [io-8080-exec-10] m.m.a.RequestResponseBodyMethodProcessor : Using 'application/json', given [*/*] and supported [application/json, application/*+json]
2026-09-13T22:51:25.917+07:00 DEBUG 2616 --- [tea-attendance-api] [io-8080-exec-10] m.m.a.RequestResponseBodyMethodProcessor : Writing [[MemberResponse[id=4, displayName=H??ng, email=huong@example.test, bankName=Techcombank, bankBin=970 (truncated)...]
2026-09-13T22:51:25.922+07:00 DEBUG 2616 --- [tea-attendance-api] [io-8080-exec-10] o.s.web.servlet.DispatcherServlet        : Completed 200 OK
2026-09-13T22:51:25.927+07:00 DEBUG 2616 --- [tea-attendance-api] [nio-8080-exec-5] o.s.web.servlet.DispatcherServlet        : GET "/api/members", parameters={}
2026-09-13T22:51:25.929+07:00 DEBUG 2616 --- [tea-attendance-api] [nio-8080-exec-5] s.w.s.m.m.a.RequestMappingHandlerMapping : Mapped to com.trasua.api.MemberController#list(boolean)
2026-09-13T22:51:25.947+07:00 DEBUG 2616 --- [tea-attendance-api] [nio-8080-exec-5] org.hibernate.SQL                        : 
    select
        m1_0.id,
        m1_0.account_name,
        m1_0.account_number,
        m1_0.active,
        m1_0.bank_bin,
        m1_0.bank_name,
        m1_0.created_at,
        m1_0.display_name,
        m1_0.email,
        m1_0.password_hash,
        m1_0.qr_code_url,
        m1_0.reset_code_expires_at,
        m1_0.reset_code_hash,
        m1_0.role,
        m1_0.updated_at 
    from
        members m1_0 
    where
        m1_0.active 
    order by
        m1_0.display_name
2026-09-13T22:51:25.972+07:00 DEBUG 2616 --- [tea-attendance-api] [nio-8080-exec-5] m.m.a.RequestResponseBodyMethodProcessor : Using 'application/json', given [*/*] and supported [application/json, application/*+json]
2026-09-13T22:51:25.972+07:00 DEBUG 2616 --- [tea-attendance-api] [nio-8080-exec-5] m.m.a.RequestResponseBodyMethodProcessor : Writing [[MemberResponse[id=4, displayName=H??ng, email=huong@example.test, bankName=Techcombank, bankBin=970 (truncated)...]
2026-09-13T22:51:25.975+07:00 DEBUG 2616 --- [tea-attendance-api] [nio-8080-exec-5] o.s.web.servlet.DispatcherServlet        : Completed 200 OK
2026-09-13T22:51:26.087+07:00 DEBUG 2616 --- [tea-attendance-api] [nio-8080-exec-7] m.m.a.RequestResponseBodyMethodProcessor : Using 'application/json', given [*/*] and supported [application/json, application/*+json]
2026-09-13T22:51:26.087+07:00 DEBUG 2616 --- [tea-attendance-api] [nio-8080-exec-2] org.hibernate.SQL                        : 
    select
        a1_0.message_id,
        a1_0.id,
        a1_0.byte_size,
        a1_0.content_type,
        a1_0.created_at,
        a1_0.original_filename,
        a1_0.storage_key 
    from
        chat_attachments a1_0 
    where
        a1_0.message_id=? 
    order by
        a1_0.id
2026-09-13T22:51:26.087+07:00 DEBUG 2616 --- [tea-attendance-api] [nio-8080-exec-7] m.m.a.RequestResponseBodyMethodProcessor : Writing [[]]
2026-09-13T22:51:26.106+07:00 DEBUG 2616 --- [tea-attendance-api] [nio-8080-exec-7] o.s.web.servlet.DispatcherServlet        : Completed 200 OK
2026-09-13T22:51:26.112+07:00 DEBUG 2616 --- [tea-attendance-api] [nio-8080-exec-8] o.s.web.servlet.DispatcherServlet        : GET "/api/notifications?memberId=6", parameters={masked}
2026-09-13T22:51:26.113+07:00 DEBUG 2616 --- [tea-attendance-api] [nio-8080-exec-8] s.w.s.m.m.a.RequestMappingHandlerMapping : Mapped to com.trasua.api.NotificationController#list(Long)
2026-09-13T22:51:26.128+07:00 DEBUG 2616 --- [tea-attendance-api] [nio-8080-exec-8] org.hibernate.SQL                        : 
    select
        n1_0.id,
        n1_0.body,
        n1_0.created_at,
        n1_0.read_at,
        n1_0.recipient_member_id,
        r1_0.id,
        r1_0.account_name,
        r1_0.account_number,
        r1_0.active,
        r1_0.bank_bin,
        r1_0.bank_name,
        r1_0.created_at,
        r1_0.display_name,
        r1_0.email,
        r1_0.password_hash,
        r1_0.qr_code_url,
        r1_0.reset_code_expires_at,
        r1_0.reset_code_hash,
        r1_0.role,
        r1_0.updated_at,
        n1_0.settlement_id,
        n1_0.title,
        n1_0.transfer_id,
        n1_0.type 
    from
        notifications n1_0 
    join
        members r1_0 
            on r1_0.id=n1_0.recipient_member_id 
    where
        r1_0.id=? 
    order by
        n1_0.created_at desc
2026-09-13T22:51:26.144+07:00 DEBUG 2616 --- [tea-attendance-api] [nio-8080-exec-8] m.m.a.RequestResponseBodyMethodProcessor : Using 'application/json', given [*/*] and supported [application/json, application/*+json]
2026-09-13T22:51:26.144+07:00 DEBUG 2616 --- [tea-attendance-api] [nio-8080-exec-8] m.m.a.RequestResponseBodyMethodProcessor : Writing [[]]
2026-09-13T22:51:26.146+07:00 DEBUG 2616 --- [tea-attendance-api] [nio-8080-exec-8] o.s.web.servlet.DispatcherServlet        : Completed 200 OK
2026-09-13T22:51:26.173+07:00 DEBUG 2616 --- [tea-attendance-api] [nio-8080-exec-2] m.m.a.RequestResponseBodyMethodProcessor : Using 'application/json', given [*/*] and supported [application/json, application/*+json]
2026-09-13T22:51:26.178+07:00 DEBUG 2616 --- [tea-attendance-api] [nio-8080-exec-2] m.m.a.RequestResponseBodyMethodProcessor : Writing [[ChatMessageResponse[id=2, sender=MemberBriefResponse[id=1, displayName=Minh Anh], content=alo, atta (truncated)...]
2026-09-13T22:51:26.193+07:00 DEBUG 2616 --- [tea-attendance-api] [nio-8080-exec-2] o.s.web.servlet.DispatcherServlet        : Completed 200 OK
2026-09-13T22:51:26.198+07:00 DEBUG 2616 --- [tea-attendance-api] [nio-8080-exec-1] o.s.web.servlet.DispatcherServlet        : GET "/api/chat/messages", parameters={}
2026-09-13T22:51:26.199+07:00 DEBUG 2616 --- [tea-attendance-api] [nio-8080-exec-1] s.w.s.m.m.a.RequestMappingHandlerMapping : Mapped to com.trasua.api.ChatController#list(Instant, int)
2026-09-13T22:51:26.207+07:00 DEBUG 2616 --- [tea-attendance-api] [nio-8080-exec-4] m.m.a.RequestResponseBodyMethodProcessor : Using 'application/json', given [*/*] and supported [application/json, application/*+json]
2026-09-13T22:51:26.211+07:00 DEBUG 2616 --- [tea-attendance-api] [nio-8080-exec-1] org.hibernate.SQL                        : 
    select
        cm1_0.id,
        cm1_0.content,
        cm1_0.created_at,
        cm1_0.sender_member_id,
        s1_0.id,
        s1_0.account_name,
        s1_0.account_number,
        s1_0.active,
        s1_0.bank_bin,
        s1_0.bank_name,
        s1_0.created_at,
        s1_0.display_name,
        s1_0.email,
        s1_0.password_hash,
        s1_0.qr_code_url,
        s1_0.reset_code_expires_at,
        s1_0.reset_code_hash,
        s1_0.role,
        s1_0.updated_at 
    from
        chat_messages cm1_0 
    join
        members s1_0 
            on s1_0.id=cm1_0.sender_member_id 
    order by
        cm1_0.created_at desc 
    limit
        ?
2026-09-13T22:51:26.218+07:00 DEBUG 2616 --- [tea-attendance-api] [nio-8080-exec-1] org.hibernate.SQL                        : 
    select
        a1_0.message_id,
        a1_0.id,
        a1_0.byte_size,
        a1_0.content_type,
        a1_0.created_at,
        a1_0.original_filename,
        a1_0.storage_key 
    from
        chat_attachments a1_0 
    where
        a1_0.message_id=? 
    order by
        a1_0.id
2026-09-13T22:51:26.276+07:00 DEBUG 2616 --- [tea-attendance-api] [nio-8080-exec-4] m.m.a.RequestResponseBodyMethodProcessor : Writing [[ExpenseResponse[id=1, orderDate=2026-09-12, payer=MemberBriefResponse[id=2, displayName=Linh Chi],  (truncated)...]
2026-09-13T22:51:26.290+07:00 DEBUG 2616 --- [tea-attendance-api] [nio-8080-exec-4] o.s.web.servlet.DispatcherServlet        : Completed 200 OK
2026-09-13T22:51:26.294+07:00 DEBUG 2616 --- [tea-attendance-api] [nio-8080-exec-1] m.m.a.RequestResponseBodyMethodProcessor : Using 'application/json', given [*/*] and supported [application/json, application/*+json]
2026-09-13T22:51:26.296+07:00 DEBUG 2616 --- [tea-attendance-api] [nio-8080-exec-1] m.m.a.RequestResponseBodyMethodProcessor : Writing [[ChatMessageResponse[id=2, sender=MemberBriefResponse[id=1, displayName=Minh Anh], content=alo, atta (truncated)...]
2026-09-13T22:51:26.297+07:00 DEBUG 2616 --- [tea-attendance-api] [nio-8080-exec-1] o.s.web.servlet.DispatcherServlet        : Completed 200 OK
2026-09-13T22:51:26.297+07:00 DEBUG 2616 --- [tea-attendance-api] [nio-8080-exec-9] o.s.web.servlet.DispatcherServlet        : GET "/api/expenses/range?from=2026-09-07&to=2026-09-13", parameters={masked}
2026-09-13T22:51:26.298+07:00 DEBUG 2616 --- [tea-attendance-api] [nio-8080-exec-9] s.w.s.m.m.a.RequestMappingHandlerMapping : Mapped to com.trasua.api.ExpenseController#range(LocalDate, LocalDate)
2026-09-13T22:51:26.317+07:00 DEBUG 2616 --- [tea-attendance-api] [nio-8080-exec-9] org.hibernate.SQL                        : 
    select
        distinct do1_0.id,
        do1_0.created_at,
        i1_0.order_id,
        i1_0.id,
        i1_0.consumer_member_id,
        c1_0.id,
        c1_0.account_name,
        c1_0.account_number,
        c1_0.active,
        c1_0.bank_bin,
        c1_0.bank_name,
        c1_0.created_at,
        c1_0.display_name,
        c1_0.email,
        c1_0.password_hash,
        c1_0.qr_code_url,
        c1_0.reset_code_expires_at,
        c1_0.reset_code_hash,
        c1_0.role,
        c1_0.updated_at,
        i1_0.drink_name,
        i1_0.line_total,
        i1_0.quantity,
        i1_0.unit_price,
        do1_0.note,
        do1_0.order_date,
        do1_0.payer_member_id,
        p1_0.id,
        p1_0.account_name,
        p1_0.account_number,
        p1_0.active,
        p1_0.bank_bin,
        p1_0.bank_name,
        p1_0.created_at,
        p1_0.display_name,
        p1_0.email,
        p1_0.password_hash,
        p1_0.qr_code_url,
        p1_0.reset_code_expires_at,
        p1_0.reset_code_hash,
        p1_0.role,
        p1_0.updated_at,
        do1_0.total_amount,
        do1_0.updated_at 
    from
        drink_orders do1_0 
    join
        members p1_0 
            on p1_0.id=do1_0.payer_member_id 
    left join
        order_items i1_0 
            on do1_0.id=i1_0.order_id 
    left join
        members c1_0 
            on c1_0.id=i1_0.consumer_member_id 
    where
        do1_0.order_date between ? and ? 
    order by
        do1_0.order_date,
        do1_0.id
2026-09-13T22:51:26.547+07:00 DEBUG 2616 --- [tea-attendance-api] [nio-8080-exec-9] m.m.a.RequestResponseBodyMethodProcessor : Using 'application/json', given [*/*] and supported [application/json, application/*+json]
2026-09-13T22:51:26.548+07:00 DEBUG 2616 --- [tea-attendance-api] [nio-8080-exec-9] m.m.a.RequestResponseBodyMethodProcessor : Writing [[ExpenseResponse[id=1, orderDate=2026-09-12, payer=MemberBriefResponse[id=2, displayName=Linh Chi],  (truncated)...]
2026-09-13T22:51:26.549+07:00 DEBUG 2616 --- [tea-attendance-api] [nio-8080-exec-9] o.s.web.servlet.DispatcherServlet        : Completed 200 OK
2026-09-13T22:52:11.943+07:00 DEBUG 2616 --- [tea-attendance-api] [nio-8080-exec-6] o.s.web.servlet.DispatcherServlet        : GET "/api/drinks?includeInactive=true", parameters={masked}
2026-09-13T22:52:11.943+07:00 DEBUG 2616 --- [tea-attendance-api] [nio-8080-exec-3] o.s.web.servlet.DispatcherServlet        : GET "/api/members", parameters={}
2026-09-13T22:52:11.943+07:00 DEBUG 2616 --- [tea-attendance-api] [io-8080-exec-10] o.s.web.servlet.DispatcherServlet        : GET "/api/expenses/range?from=2026-09-07&to=2026-09-13", parameters={masked}
2026-09-13T22:52:11.943+07:00 DEBUG 2616 --- [tea-attendance-api] [nio-8080-exec-6] s.w.s.m.m.a.RequestMappingHandlerMapping : Mapped to com.trasua.api.DrinkCatalogController#list(boolean)
2026-09-13T22:52:11.943+07:00 DEBUG 2616 --- [tea-attendance-api] [io-8080-exec-10] s.w.s.m.m.a.RequestMappingHandlerMapping : Mapped to com.trasua.api.ExpenseController#range(LocalDate, LocalDate)
2026-09-13T22:52:11.943+07:00 DEBUG 2616 --- [tea-attendance-api] [nio-8080-exec-3] s.w.s.m.m.a.RequestMappingHandlerMapping : Mapped to com.trasua.api.MemberController#list(boolean)
2026-09-13T22:52:11.943+07:00 DEBUG 2616 --- [tea-attendance-api] [nio-8080-exec-5] o.s.web.servlet.DispatcherServlet        : GET "/api/chat/messages", parameters={}
2026-09-13T22:52:11.944+07:00 DEBUG 2616 --- [tea-attendance-api] [nio-8080-exec-7] o.s.web.servlet.DispatcherServlet        : GET "/api/notifications?memberId=6", parameters={masked}
2026-09-13T22:52:11.944+07:00 DEBUG 2616 --- [tea-attendance-api] [nio-8080-exec-5] s.w.s.m.m.a.RequestMappingHandlerMapping : Mapped to com.trasua.api.ChatController#list(Instant, int)
2026-09-13T22:52:11.944+07:00 DEBUG 2616 --- [tea-attendance-api] [nio-8080-exec-7] s.w.s.m.m.a.RequestMappingHandlerMapping : Mapped to com.trasua.api.NotificationController#list(Long)
2026-09-13T22:52:11.954+07:00 DEBUG 2616 --- [tea-attendance-api] [io-8080-exec-10] org.hibernate.SQL                        : 
    select
        distinct do1_0.id,
        do1_0.created_at,
        i1_0.order_id,
        i1_0.id,
        i1_0.consumer_member_id,
        c1_0.id,
        c1_0.account_name,
        c1_0.account_number,
        c1_0.active,
        c1_0.bank_bin,
        c1_0.bank_name,
        c1_0.created_at,
        c1_0.display_name,
        c1_0.email,
        c1_0.password_hash,
        c1_0.qr_code_url,
        c1_0.reset_code_expires_at,
        c1_0.reset_code_hash,
        c1_0.role,
        c1_0.updated_at,
        i1_0.drink_name,
        i1_0.line_total,
        i1_0.quantity,
        i1_0.unit_price,
        do1_0.note,
        do1_0.order_date,
        do1_0.payer_member_id,
        p1_0.id,
        p1_0.account_name,
        p1_0.account_number,
        p1_0.active,
        p1_0.bank_bin,
        p1_0.bank_name,
        p1_0.created_at,
        p1_0.display_name,
        p1_0.email,
        p1_0.password_hash,
        p1_0.qr_code_url,
        p1_0.reset_code_expires_at,
        p1_0.reset_code_hash,
        p1_0.role,
        p1_0.updated_at,
        do1_0.total_amount,
        do1_0.updated_at 
    from
        drink_orders do1_0 
    join
        members p1_0 
            on p1_0.id=do1_0.payer_member_id 
    left join
        order_items i1_0 
            on do1_0.id=i1_0.order_id 
    left join
        members c1_0 
            on c1_0.id=i1_0.consumer_member_id 
    where
        do1_0.order_date between ? and ? 
    order by
        do1_0.order_date,
        do1_0.id
2026-09-13T22:52:11.954+07:00 DEBUG 2616 --- [tea-attendance-api] [nio-8080-exec-7] org.hibernate.SQL                        : 
    select
        n1_0.id,
        n1_0.body,
        n1_0.created_at,
        n1_0.read_at,
        n1_0.recipient_member_id,
        r1_0.id,
        r1_0.account_name,
        r1_0.account_number,
        r1_0.active,
        r1_0.bank_bin,
        r1_0.bank_name,
        r1_0.created_at,
        r1_0.display_name,
        r1_0.email,
        r1_0.password_hash,
        r1_0.qr_code_url,
        r1_0.reset_code_expires_at,
        r1_0.reset_code_hash,
        r1_0.role,
        r1_0.updated_at,
        n1_0.settlement_id,
        n1_0.title,
        n1_0.transfer_id,
        n1_0.type 
    from
        notifications n1_0 
    join
        members r1_0 
            on r1_0.id=n1_0.recipient_member_id 
    where
        r1_0.id=? 
    order by
        n1_0.created_at desc
2026-09-13T22:52:11.954+07:00 DEBUG 2616 --- [tea-attendance-api] [nio-8080-exec-5] org.hibernate.SQL                        : 
    select
        cm1_0.id,
        cm1_0.content,
        cm1_0.created_at,
        cm1_0.sender_member_id,
        s1_0.id,
        s1_0.account_name,
        s1_0.account_number,
        s1_0.active,
        s1_0.bank_bin,
        s1_0.bank_name,
        s1_0.created_at,
        s1_0.display_name,
        s1_0.email,
        s1_0.password_hash,
        s1_0.qr_code_url,
        s1_0.reset_code_expires_at,
        s1_0.reset_code_hash,
        s1_0.role,
        s1_0.updated_at 
    from
        chat_messages cm1_0 
    join
        members s1_0 
            on s1_0.id=cm1_0.sender_member_id 
    order by
        cm1_0.created_at desc 
    limit
        ?
2026-09-13T22:52:11.954+07:00 DEBUG 2616 --- [tea-attendance-api] [nio-8080-exec-6] org.hibernate.SQL                        : 
    select
        dci1_0.id,
        dci1_0.active,
        dci1_0.created_at,
        dci1_0.icon,
        dci1_0.name,
        dci1_0.price,
        dci1_0.updated_at 
    from
        drink_catalog dci1_0
2026-09-13T22:52:11.956+07:00 DEBUG 2616 --- [tea-attendance-api] [nio-8080-exec-3] org.hibernate.SQL                        : 
    select
        m1_0.id,
        m1_0.account_name,
        m1_0.account_number,
        m1_0.active,
        m1_0.bank_bin,
        m1_0.bank_name,
        m1_0.created_at,
        m1_0.display_name,
        m1_0.email,
        m1_0.password_hash,
        m1_0.qr_code_url,
        m1_0.reset_code_expires_at,
        m1_0.reset_code_hash,
        m1_0.role,
        m1_0.updated_at 
    from
        members m1_0 
    where
        m1_0.active 
    order by
        m1_0.display_name
2026-09-13T22:52:11.960+07:00 DEBUG 2616 --- [tea-attendance-api] [nio-8080-exec-5] org.hibernate.SQL                        : 
    select
        a1_0.message_id,
        a1_0.id,
        a1_0.byte_size,
        a1_0.content_type,
        a1_0.created_at,
        a1_0.original_filename,
        a1_0.storage_key 
    from
        chat_attachments a1_0 
    where
        a1_0.message_id=? 
    order by
        a1_0.id
2026-09-13T22:52:11.969+07:00 DEBUG 2616 --- [tea-attendance-api] [nio-8080-exec-7] m.m.a.RequestResponseBodyMethodProcessor : Using 'application/json', given [*/*] and supported [application/json, application/*+json]
2026-09-13T22:52:11.969+07:00 DEBUG 2616 --- [tea-attendance-api] [nio-8080-exec-7] m.m.a.RequestResponseBodyMethodProcessor : Writing [[]]
2026-09-13T22:52:11.970+07:00 DEBUG 2616 --- [tea-attendance-api] [nio-8080-exec-7] o.s.web.servlet.DispatcherServlet        : Completed 200 OK
2026-09-13T22:52:11.972+07:00 DEBUG 2616 --- [tea-attendance-api] [nio-8080-exec-3] m.m.a.RequestResponseBodyMethodProcessor : Using 'application/json', given [*/*] and supported [application/json, application/*+json]
2026-09-13T22:52:11.972+07:00 DEBUG 2616 --- [tea-attendance-api] [nio-8080-exec-6] m.m.a.RequestResponseBodyMethodProcessor : Using 'application/json', given [*/*] and supported [application/json, application/*+json]
2026-09-13T22:52:11.972+07:00 DEBUG 2616 --- [tea-attendance-api] [nio-8080-exec-6] m.m.a.RequestResponseBodyMethodProcessor : Writing [[DrinkCatalogResponse[id=1, name=Tra da, price=5000, icon=?, active=true], DrinkCatalogResponse[id= (truncated)...]
2026-09-13T22:52:11.973+07:00 DEBUG 2616 --- [tea-attendance-api] [nio-8080-exec-3] m.m.a.RequestResponseBodyMethodProcessor : Writing [[MemberResponse[id=4, displayName=H??ng, email=huong@example.test, bankName=Techcombank, bankBin=970 (truncated)...]
2026-09-13T22:52:11.974+07:00 DEBUG 2616 --- [tea-attendance-api] [nio-8080-exec-6] o.s.web.servlet.DispatcherServlet        : Completed 200 OK
2026-09-13T22:52:11.976+07:00 DEBUG 2616 --- [tea-attendance-api] [nio-8080-exec-5] m.m.a.RequestResponseBodyMethodProcessor : Using 'application/json', given [*/*] and supported [application/json, application/*+json]
2026-09-13T22:52:11.976+07:00 DEBUG 2616 --- [tea-attendance-api] [nio-8080-exec-5] m.m.a.RequestResponseBodyMethodProcessor : Writing [[ChatMessageResponse[id=2, sender=MemberBriefResponse[id=1, displayName=Minh Anh], content=alo, atta (truncated)...]
2026-09-13T22:52:11.977+07:00 DEBUG 2616 --- [tea-attendance-api] [nio-8080-exec-5] o.s.web.servlet.DispatcherServlet        : Completed 200 OK
2026-09-13T22:52:11.977+07:00 DEBUG 2616 --- [tea-attendance-api] [io-8080-exec-10] m.m.a.RequestResponseBodyMethodProcessor : Using 'application/json', given [*/*] and supported [application/json, application/*+json]
2026-09-13T22:52:11.978+07:00 DEBUG 2616 --- [tea-attendance-api] [io-8080-exec-10] m.m.a.RequestResponseBodyMethodProcessor : Writing [[ExpenseResponse[id=1, orderDate=2026-09-12, payer=MemberBriefResponse[id=2, displayName=Linh Chi],  (truncated)...]
2026-09-13T22:52:11.979+07:00 DEBUG 2616 --- [tea-attendance-api] [nio-8080-exec-3] o.s.web.servlet.DispatcherServlet        : Completed 200 OK
2026-09-13T22:52:11.981+07:00 DEBUG 2616 --- [tea-attendance-api] [io-8080-exec-10] o.s.web.servlet.DispatcherServlet        : Completed 200 OK
2026-09-13T22:52:21.862+07:00 DEBUG 2616 --- [tea-attendance-api] [nio-8080-exec-2] o.s.web.servlet.DispatcherServlet        : GET "/api/drinks?includeInactive=true", parameters={masked}
2026-09-13T22:52:21.863+07:00 DEBUG 2616 --- [tea-attendance-api] [nio-8080-exec-2] s.w.s.m.m.a.RequestMappingHandlerMapping : Mapped to com.trasua.api.DrinkCatalogController#list(boolean)
2026-09-13T22:52:21.862+07:00 DEBUG 2616 --- [tea-attendance-api] [nio-8080-exec-8] o.s.web.servlet.DispatcherServlet        : GET "/api/members", parameters={}
2026-09-13T22:52:21.866+07:00 DEBUG 2616 --- [tea-attendance-api] [nio-8080-exec-8] s.w.s.m.m.a.RequestMappingHandlerMapping : Mapped to com.trasua.api.MemberController#list(boolean)
2026-09-13T22:52:21.866+07:00 DEBUG 2616 --- [tea-attendance-api] [nio-8080-exec-9] o.s.web.servlet.DispatcherServlet        : GET "/api/notifications?memberId=6", parameters={masked}
2026-09-13T22:52:21.866+07:00 DEBUG 2616 --- [tea-attendance-api] [nio-8080-exec-9] s.w.s.m.m.a.RequestMappingHandlerMapping : Mapped to com.trasua.api.NotificationController#list(Long)
2026-09-13T22:52:21.866+07:00 DEBUG 2616 --- [tea-attendance-api] [nio-8080-exec-1] o.s.web.servlet.DispatcherServlet        : GET "/api/chat/messages", parameters={}
2026-09-13T22:52:21.869+07:00 DEBUG 2616 --- [tea-attendance-api] [nio-8080-exec-1] s.w.s.m.m.a.RequestMappingHandlerMapping : Mapped to com.trasua.api.ChatController#list(Instant, int)
2026-09-13T22:52:21.869+07:00 DEBUG 2616 --- [tea-attendance-api] [nio-8080-exec-4] o.s.web.servlet.DispatcherServlet        : GET "/api/expenses/range?from=2026-09-07&to=2026-09-13", parameters={masked}
2026-09-13T22:52:21.870+07:00 DEBUG 2616 --- [tea-attendance-api] [nio-8080-exec-4] s.w.s.m.m.a.RequestMappingHandlerMapping : Mapped to com.trasua.api.ExpenseController#range(LocalDate, LocalDate)
2026-09-13T22:52:21.881+07:00 DEBUG 2616 --- [tea-attendance-api] [nio-8080-exec-9] org.hibernate.SQL                        : 
    select
        n1_0.id,
        n1_0.body,
        n1_0.created_at,
        n1_0.read_at,
        n1_0.recipient_member_id,
        r1_0.id,
        r1_0.account_name,
        r1_0.account_number,
        r1_0.active,
        r1_0.bank_bin,
        r1_0.bank_name,
        r1_0.created_at,
        r1_0.display_name,
        r1_0.email,
        r1_0.password_hash,
        r1_0.qr_code_url,
        r1_0.reset_code_expires_at,
        r1_0.reset_code_hash,
        r1_0.role,
        r1_0.updated_at,
        n1_0.settlement_id,
        n1_0.title,
        n1_0.transfer_id,
        n1_0.type 
    from
        notifications n1_0 
    join
        members r1_0 
            on r1_0.id=n1_0.recipient_member_id 
    where
        r1_0.id=? 
    order by
        n1_0.created_at desc
2026-09-13T22:52:21.885+07:00 DEBUG 2616 --- [tea-attendance-api] [nio-8080-exec-1] org.hibernate.SQL                        : 
    select
        cm1_0.id,
        cm1_0.content,
        cm1_0.created_at,
        cm1_0.sender_member_id,
        s1_0.id,
        s1_0.account_name,
        s1_0.account_number,
        s1_0.active,
        s1_0.bank_bin,
        s1_0.bank_name,
        s1_0.created_at,
        s1_0.display_name,
        s1_0.email,
        s1_0.password_hash,
        s1_0.qr_code_url,
        s1_0.reset_code_expires_at,
        s1_0.reset_code_hash,
        s1_0.role,
        s1_0.updated_at 
    from
        chat_messages cm1_0 
    join
        members s1_0 
            on s1_0.id=cm1_0.sender_member_id 
    order by
        cm1_0.created_at desc 
    limit
        ?
2026-09-13T22:52:21.886+07:00 DEBUG 2616 --- [tea-attendance-api] [nio-8080-exec-4] org.hibernate.SQL                        : 
    select
        distinct do1_0.id,
        do1_0.created_at,
        i1_0.order_id,
        i1_0.id,
        i1_0.consumer_member_id,
        c1_0.id,
        c1_0.account_name,
        c1_0.account_number,
        c1_0.active,
        c1_0.bank_bin,
        c1_0.bank_name,
        c1_0.created_at,
        c1_0.display_name,
        c1_0.email,
        c1_0.password_hash,
        c1_0.qr_code_url,
        c1_0.reset_code_expires_at,
        c1_0.reset_code_hash,
        c1_0.role,
        c1_0.updated_at,
        i1_0.drink_name,
        i1_0.line_total,
        i1_0.quantity,
        i1_0.unit_price,
        do1_0.note,
        do1_0.order_date,
        do1_0.payer_member_id,
        p1_0.id,
        p1_0.account_name,
        p1_0.account_number,
        p1_0.active,
        p1_0.bank_bin,
        p1_0.bank_name,
        p1_0.created_at,
        p1_0.display_name,
        p1_0.email,
        p1_0.password_hash,
        p1_0.qr_code_url,
        p1_0.reset_code_expires_at,
        p1_0.reset_code_hash,
        p1_0.role,
        p1_0.updated_at,
        do1_0.total_amount,
        do1_0.updated_at 
    from
        drink_orders do1_0 
    join
        members p1_0 
            on p1_0.id=do1_0.payer_member_id 
    left join
        order_items i1_0 
            on do1_0.id=i1_0.order_id 
    left join
        members c1_0 
            on c1_0.id=i1_0.consumer_member_id 
    where
        do1_0.order_date between ? and ? 
    order by
        do1_0.order_date,
        do1_0.id
2026-09-13T22:52:21.886+07:00 DEBUG 2616 --- [tea-attendance-api] [nio-8080-exec-2] org.hibernate.SQL                        : 
    select
        dci1_0.id,
        dci1_0.active,
        dci1_0.created_at,
        dci1_0.icon,
        dci1_0.name,
        dci1_0.price,
        dci1_0.updated_at 
    from
        drink_catalog dci1_0
2026-09-13T22:52:21.887+07:00 DEBUG 2616 --- [tea-attendance-api] [nio-8080-exec-8] org.hibernate.SQL                        : 
    select
        m1_0.id,
        m1_0.account_name,
        m1_0.account_number,
        m1_0.active,
        m1_0.bank_bin,
        m1_0.bank_name,
        m1_0.created_at,
        m1_0.display_name,
        m1_0.email,
        m1_0.password_hash,
        m1_0.qr_code_url,
        m1_0.reset_code_expires_at,
        m1_0.reset_code_hash,
        m1_0.role,
        m1_0.updated_at 
    from
        members m1_0 
    where
        m1_0.active 
    order by
        m1_0.display_name
2026-09-13T22:52:21.894+07:00 DEBUG 2616 --- [tea-attendance-api] [nio-8080-exec-1] org.hibernate.SQL                        : 
    select
        a1_0.message_id,
        a1_0.id,
        a1_0.byte_size,
        a1_0.content_type,
        a1_0.created_at,
        a1_0.original_filename,
        a1_0.storage_key 
    from
        chat_attachments a1_0 
    where
        a1_0.message_id=? 
    order by
        a1_0.id
2026-09-13T22:52:21.906+07:00 DEBUG 2616 --- [tea-attendance-api] [nio-8080-exec-2] m.m.a.RequestResponseBodyMethodProcessor : Using 'application/json', given [*/*] and supported [application/json, application/*+json]
2026-09-13T22:52:21.907+07:00 DEBUG 2616 --- [tea-attendance-api] [nio-8080-exec-9] m.m.a.RequestResponseBodyMethodProcessor : Using 'application/json', given [*/*] and supported [application/json, application/*+json]
2026-09-13T22:52:21.907+07:00 DEBUG 2616 --- [tea-attendance-api] [nio-8080-exec-8] m.m.a.RequestResponseBodyMethodProcessor : Using 'application/json', given [*/*] and supported [application/json, application/*+json]
2026-09-13T22:52:21.907+07:00 DEBUG 2616 --- [tea-attendance-api] [nio-8080-exec-2] m.m.a.RequestResponseBodyMethodProcessor : Writing [[DrinkCatalogResponse[id=1, name=Tra da, price=5000, icon=?, active=true], DrinkCatalogResponse[id= (truncated)...]
2026-09-13T22:52:21.907+07:00 DEBUG 2616 --- [tea-attendance-api] [nio-8080-exec-9] m.m.a.RequestResponseBodyMethodProcessor : Writing [[]]
2026-09-13T22:52:21.907+07:00 DEBUG 2616 --- [tea-attendance-api] [nio-8080-exec-8] m.m.a.RequestResponseBodyMethodProcessor : Writing [[MemberResponse[id=4, displayName=H??ng, email=huong@example.test, bankName=Techcombank, bankBin=970 (truncated)...]
2026-09-13T22:52:21.908+07:00 DEBUG 2616 --- [tea-attendance-api] [nio-8080-exec-9] o.s.web.servlet.DispatcherServlet        : Completed 200 OK
2026-09-13T22:52:21.908+07:00 DEBUG 2616 --- [tea-attendance-api] [nio-8080-exec-2] o.s.web.servlet.DispatcherServlet        : Completed 200 OK
2026-09-13T22:52:21.909+07:00 DEBUG 2616 --- [tea-attendance-api] [nio-8080-exec-8] o.s.web.servlet.DispatcherServlet        : Completed 200 OK
2026-09-13T22:52:21.911+07:00 DEBUG 2616 --- [tea-attendance-api] [nio-8080-exec-4] m.m.a.RequestResponseBodyMethodProcessor : Using 'application/json', given [*/*] and supported [application/json, application/*+json]
2026-09-13T22:52:21.911+07:00 DEBUG 2616 --- [tea-attendance-api] [nio-8080-exec-1] m.m.a.RequestResponseBodyMethodProcessor : Using 'application/json', given [*/*] and supported [application/json, application/*+json]
2026-09-13T22:52:21.912+07:00 DEBUG 2616 --- [tea-attendance-api] [nio-8080-exec-1] m.m.a.RequestResponseBodyMethodProcessor : Writing [[ChatMessageResponse[id=2, sender=MemberBriefResponse[id=1, displayName=Minh Anh], content=alo, atta (truncated)...]
2026-09-13T22:52:21.912+07:00 DEBUG 2616 --- [tea-attendance-api] [nio-8080-exec-4] m.m.a.RequestResponseBodyMethodProcessor : Writing [[ExpenseResponse[id=1, orderDate=2026-09-12, payer=MemberBriefResponse[id=2, displayName=Linh Chi],  (truncated)...]
2026-09-13T22:52:21.913+07:00 DEBUG 2616 --- [tea-attendance-api] [nio-8080-exec-1] o.s.web.servlet.DispatcherServlet        : Completed 200 OK
2026-09-13T22:52:21.917+07:00 DEBUG 2616 --- [tea-attendance-api] [nio-8080-exec-4] o.s.web.servlet.DispatcherServlet        : Completed 200 OK
2026-09-13T22:52:28.569+07:00 DEBUG 2616 --- [tea-attendance-api] [nio-8080-exec-6] o.s.web.servlet.DispatcherServlet        : GET "/api/members", parameters={}
2026-09-13T22:52:28.569+07:00 DEBUG 2616 --- [tea-attendance-api] [nio-8080-exec-5] o.s.web.servlet.DispatcherServlet        : GET "/api/drinks?includeInactive=true", parameters={masked}
2026-09-13T22:52:28.569+07:00 DEBUG 2616 --- [tea-attendance-api] [nio-8080-exec-6] s.w.s.m.m.a.RequestMappingHandlerMapping : Mapped to com.trasua.api.MemberController#list(boolean)
2026-09-13T22:52:28.569+07:00 DEBUG 2616 --- [tea-attendance-api] [nio-8080-exec-5] s.w.s.m.m.a.RequestMappingHandlerMapping : Mapped to com.trasua.api.DrinkCatalogController#list(boolean)
2026-09-13T22:52:28.569+07:00 DEBUG 2616 --- [tea-attendance-api] [nio-8080-exec-3] o.s.web.servlet.DispatcherServlet        : GET "/api/expenses/range?from=2026-09-07&to=2026-09-13", parameters={masked}
2026-09-13T22:52:28.570+07:00 DEBUG 2616 --- [tea-attendance-api] [nio-8080-exec-3] s.w.s.m.m.a.RequestMappingHandlerMapping : Mapped to com.trasua.api.ExpenseController#range(LocalDate, LocalDate)
2026-09-13T22:52:28.572+07:00 DEBUG 2616 --- [tea-attendance-api] [io-8080-exec-10] o.s.web.servlet.DispatcherServlet        : GET "/api/chat/messages", parameters={}
2026-09-13T22:52:28.572+07:00 DEBUG 2616 --- [tea-attendance-api] [nio-8080-exec-2] o.s.web.servlet.DispatcherServlet        : GET "/api/notifications?memberId=6", parameters={masked}
2026-09-13T22:52:28.573+07:00 DEBUG 2616 --- [tea-attendance-api] [io-8080-exec-10] s.w.s.m.m.a.RequestMappingHandlerMapping : Mapped to com.trasua.api.ChatController#list(Instant, int)
2026-09-13T22:52:28.573+07:00 DEBUG 2616 --- [tea-attendance-api] [nio-8080-exec-2] s.w.s.m.m.a.RequestMappingHandlerMapping : Mapped to com.trasua.api.NotificationController#list(Long)
2026-09-13T22:52:28.578+07:00 DEBUG 2616 --- [tea-attendance-api] [nio-8080-exec-5] org.hibernate.SQL                        : 
    select
        dci1_0.id,
        dci1_0.active,
        dci1_0.created_at,
        dci1_0.icon,
        dci1_0.name,
        dci1_0.price,
        dci1_0.updated_at 
    from
        drink_catalog dci1_0
2026-09-13T22:52:28.578+07:00 DEBUG 2616 --- [tea-attendance-api] [nio-8080-exec-6] org.hibernate.SQL                        : 
    select
        m1_0.id,
        m1_0.account_name,
        m1_0.account_number,
        m1_0.active,
        m1_0.bank_bin,
        m1_0.bank_name,
        m1_0.created_at,
        m1_0.display_name,
        m1_0.email,
        m1_0.password_hash,
        m1_0.qr_code_url,
        m1_0.reset_code_expires_at,
        m1_0.reset_code_hash,
        m1_0.role,
        m1_0.updated_at 
    from
        members m1_0 
    where
        m1_0.active 
    order by
        m1_0.display_name
2026-09-13T22:52:28.579+07:00 DEBUG 2616 --- [tea-attendance-api] [nio-8080-exec-3] org.hibernate.SQL                        : 
    select
        distinct do1_0.id,
        do1_0.created_at,
        i1_0.order_id,
        i1_0.id,
        i1_0.consumer_member_id,
        c1_0.id,
        c1_0.account_name,
        c1_0.account_number,
        c1_0.active,
        c1_0.bank_bin,
        c1_0.bank_name,
        c1_0.created_at,
        c1_0.display_name,
        c1_0.email,
        c1_0.password_hash,
        c1_0.qr_code_url,
        c1_0.reset_code_expires_at,
        c1_0.reset_code_hash,
        c1_0.role,
        c1_0.updated_at,
        i1_0.drink_name,
        i1_0.line_total,
        i1_0.quantity,
        i1_0.unit_price,
        do1_0.note,
        do1_0.order_date,
        do1_0.payer_member_id,
        p1_0.id,
        p1_0.account_name,
        p1_0.account_number,
        p1_0.active,
        p1_0.bank_bin,
        p1_0.bank_name,
        p1_0.created_at,
        p1_0.display_name,
        p1_0.email,
        p1_0.password_hash,
        p1_0.qr_code_url,
        p1_0.reset_code_expires_at,
        p1_0.reset_code_hash,
        p1_0.role,
        p1_0.updated_at,
        do1_0.total_amount,
        do1_0.updated_at 
    from
        drink_orders do1_0 
    join
        members p1_0 
            on p1_0.id=do1_0.payer_member_id 
    left join
        order_items i1_0 
            on do1_0.id=i1_0.order_id 
    left join
        members c1_0 
            on c1_0.id=i1_0.consumer_member_id 
    where
        do1_0.order_date between ? and ? 
    order by
        do1_0.order_date,
        do1_0.id
2026-09-13T22:52:28.580+07:00 DEBUG 2616 --- [tea-attendance-api] [io-8080-exec-10] org.hibernate.SQL                        : 
    select
        cm1_0.id,
        cm1_0.content,
        cm1_0.created_at,
        cm1_0.sender_member_id,
        s1_0.id,
        s1_0.account_name,
        s1_0.account_number,
        s1_0.active,
        s1_0.bank_bin,
        s1_0.bank_name,
        s1_0.created_at,
        s1_0.display_name,
        s1_0.email,
        s1_0.password_hash,
        s1_0.qr_code_url,
        s1_0.reset_code_expires_at,
        s1_0.reset_code_hash,
        s1_0.role,
        s1_0.updated_at 
    from
        chat_messages cm1_0 
    join
        members s1_0 
            on s1_0.id=cm1_0.sender_member_id 
    order by
        cm1_0.created_at desc 
    limit
        ?
2026-09-13T22:52:28.581+07:00 DEBUG 2616 --- [tea-attendance-api] [nio-8080-exec-2] org.hibernate.SQL                        : 
    select
        n1_0.id,
        n1_0.body,
        n1_0.created_at,
        n1_0.read_at,
        n1_0.recipient_member_id,
        r1_0.id,
        r1_0.account_name,
        r1_0.account_number,
        r1_0.active,
        r1_0.bank_bin,
        r1_0.bank_name,
        r1_0.created_at,
        r1_0.display_name,
        r1_0.email,
        r1_0.password_hash,
        r1_0.qr_code_url,
        r1_0.reset_code_expires_at,
        r1_0.reset_code_hash,
        r1_0.role,
        r1_0.updated_at,
        n1_0.settlement_id,
        n1_0.title,
        n1_0.transfer_id,
        n1_0.type 
    from
        notifications n1_0 
    join
        members r1_0 
            on r1_0.id=n1_0.recipient_member_id 
    where
        r1_0.id=? 
    order by
        n1_0.created_at desc
2026-09-13T22:52:28.588+07:00 DEBUG 2616 --- [tea-attendance-api] [io-8080-exec-10] org.hibernate.SQL                        : 
    select
        a1_0.message_id,
        a1_0.id,
        a1_0.byte_size,
        a1_0.content_type,
        a1_0.created_at,
        a1_0.original_filename,
        a1_0.storage_key 
    from
        chat_attachments a1_0 
    where
        a1_0.message_id=? 
    order by
        a1_0.id
2026-09-13T22:52:28.594+07:00 DEBUG 2616 --- [tea-attendance-api] [nio-8080-exec-6] m.m.a.RequestResponseBodyMethodProcessor : Using 'application/json', given [*/*] and supported [application/json, application/*+json]
2026-09-13T22:52:28.595+07:00 DEBUG 2616 --- [tea-attendance-api] [nio-8080-exec-6] m.m.a.RequestResponseBodyMethodProcessor : Writing [[MemberResponse[id=4, displayName=H??ng, email=huong@example.test, bankName=Techcombank, bankBin=970 (truncated)...]
2026-09-13T22:52:28.597+07:00 DEBUG 2616 --- [tea-attendance-api] [nio-8080-exec-2] m.m.a.RequestResponseBodyMethodProcessor : Using 'application/json', given [*/*] and supported [application/json, application/*+json]
2026-09-13T22:52:28.597+07:00 DEBUG 2616 --- [tea-attendance-api] [nio-8080-exec-5] m.m.a.RequestResponseBodyMethodProcessor : Using 'application/json', given [*/*] and supported [application/json, application/*+json]
2026-09-13T22:52:28.597+07:00 DEBUG 2616 --- [tea-attendance-api] [nio-8080-exec-6] o.s.web.servlet.DispatcherServlet        : Completed 200 OK
2026-09-13T22:52:28.597+07:00 DEBUG 2616 --- [tea-attendance-api] [nio-8080-exec-2] m.m.a.RequestResponseBodyMethodProcessor : Writing [[]]
2026-09-13T22:52:28.597+07:00 DEBUG 2616 --- [tea-attendance-api] [nio-8080-exec-5] m.m.a.RequestResponseBodyMethodProcessor : Writing [[DrinkCatalogResponse[id=1, name=Tra da, price=5000, icon=?, active=true], DrinkCatalogResponse[id= (truncated)...]
2026-09-13T22:52:28.598+07:00 DEBUG 2616 --- [tea-attendance-api] [nio-8080-exec-5] o.s.web.servlet.DispatcherServlet        : Completed 200 OK
2026-09-13T22:52:28.598+07:00 DEBUG 2616 --- [tea-attendance-api] [nio-8080-exec-2] o.s.web.servlet.DispatcherServlet        : Completed 200 OK
2026-09-13T22:52:28.602+07:00 DEBUG 2616 --- [tea-attendance-api] [io-8080-exec-10] m.m.a.RequestResponseBodyMethodProcessor : Using 'application/json', given [*/*] and supported [application/json, application/*+json]
2026-09-13T22:52:28.602+07:00 DEBUG 2616 --- [tea-attendance-api] [nio-8080-exec-3] m.m.a.RequestResponseBodyMethodProcessor : Using 'application/json', given [*/*] and supported [application/json, application/*+json]
2026-09-13T22:52:28.603+07:00 DEBUG 2616 --- [tea-attendance-api] [io-8080-exec-10] m.m.a.RequestResponseBodyMethodProcessor : Writing [[ChatMessageResponse[id=2, sender=MemberBriefResponse[id=1, displayName=Minh Anh], content=alo, atta (truncated)...]
2026-09-13T22:52:28.603+07:00 DEBUG 2616 --- [tea-attendance-api] [nio-8080-exec-3] m.m.a.RequestResponseBodyMethodProcessor : Writing [[ExpenseResponse[id=1, orderDate=2026-09-12, payer=MemberBriefResponse[id=2, displayName=Linh Chi],  (truncated)...]
2026-09-13T22:52:28.604+07:00 DEBUG 2616 --- [tea-attendance-api] [io-8080-exec-10] o.s.web.servlet.DispatcherServlet        : Completed 200 OK
2026-09-13T22:52:28.604+07:00 DEBUG 2616 --- [tea-attendance-api] [nio-8080-exec-3] o.s.web.servlet.DispatcherServlet        : Completed 200 OK
2026-09-13T22:55:24.822+07:00 DEBUG 2616 --- [tea-attendance-api] [nio-8080-exec-6] o.s.web.servlet.DispatcherServlet        : POST "/api/chat/messages", parameters={}
2026-09-13T22:55:24.822+07:00 DEBUG 2616 --- [tea-attendance-api] [nio-8080-exec-6] s.w.s.m.m.a.RequestMappingHandlerMapping : Mapped to com.trasua.api.ChatController#send(ChatMessageRequest)
2026-09-13T22:55:24.842+07:00 DEBUG 2616 --- [tea-attendance-api] [nio-8080-exec-6] m.m.a.RequestResponseBodyMethodProcessor : Read "application/json;charset=UTF-8" to [ChatMessageRequest[senderMemberId=6, content=hi]]
2026-09-13T22:55:24.878+07:00 DEBUG 2616 --- [tea-attendance-api] [nio-8080-exec-6] org.hibernate.SQL                        : 
    select
        m1_0.id,
        m1_0.account_name,
        m1_0.account_number,
        m1_0.active,
        m1_0.bank_bin,
        m1_0.bank_name,
        m1_0.created_at,
        m1_0.display_name,
        m1_0.email,
        m1_0.password_hash,
        m1_0.qr_code_url,
        m1_0.reset_code_expires_at,
        m1_0.reset_code_hash,
        m1_0.role,
        m1_0.updated_at 
    from
        members m1_0 
    where
        m1_0.id=?
2026-09-13T22:55:24.900+07:00 DEBUG 2616 --- [tea-attendance-api] [nio-8080-exec-6] org.hibernate.SQL                        : 
    insert 
    into
        chat_messages
        (content, created_at, sender_member_id) 
    values
        (?, ?, ?)
2026-09-13T22:55:24.952+07:00 DEBUG 2616 --- [tea-attendance-api] [nio-8080-exec-6] org.springframework.web.SimpLogging      : Processing MESSAGE destination=/topic/chat session=null payload={"id":3,"sender":{"id":6,"displayName":"Ph?m ??c Anh"},"content":"hi","atta...(truncated)
2026-09-13T22:55:25.002+07:00 DEBUG 2616 --- [tea-attendance-api] [nio-8080-exec-6] m.m.a.RequestResponseBodyMethodProcessor : Using 'application/json', given [*/*] and supported [application/json, application/*+json]
2026-09-13T22:55:25.002+07:00 DEBUG 2616 --- [tea-attendance-api] [nio-8080-exec-6] m.m.a.RequestResponseBodyMethodProcessor : Writing [ChatMessageResponse[id=3, sender=MemberBriefResponse[id=6, displayName=Ph?m ??c Anh], content=hi, at (truncated)...]
2026-09-13T22:55:25.003+07:00 DEBUG 2616 --- [tea-attendance-api] [nio-8080-exec-6] o.s.web.servlet.DispatcherServlet        : Completed 201 CREATED
2026-09-13T22:55:25.015+07:00 DEBUG 2616 --- [tea-attendance-api] [nio-8080-exec-5] o.s.web.servlet.DispatcherServlet        : GET "/api/chat/messages", parameters={}
2026-09-13T22:55:25.015+07:00 DEBUG 2616 --- [tea-attendance-api] [nio-8080-exec-5] s.w.s.m.m.a.RequestMappingHandlerMapping : Mapped to com.trasua.api.ChatController#list(Instant, int)
2026-09-13T22:55:25.017+07:00 DEBUG 2616 --- [tea-attendance-api] [nio-8080-exec-2] o.s.web.servlet.DispatcherServlet        : GET "/api/members", parameters={}
2026-09-13T22:55:25.017+07:00 DEBUG 2616 --- [tea-attendance-api] [nio-8080-exec-2] s.w.s.m.m.a.RequestMappingHandlerMapping : Mapped to com.trasua.api.MemberController#list(boolean)
2026-09-13T22:55:25.018+07:00 DEBUG 2616 --- [tea-attendance-api] [io-8080-exec-10] o.s.web.servlet.DispatcherServlet        : GET "/api/drinks?includeInactive=true", parameters={masked}
2026-09-13T22:55:25.018+07:00 DEBUG 2616 --- [tea-attendance-api] [nio-8080-exec-3] o.s.web.servlet.DispatcherServlet        : GET "/api/expenses/range?from=2026-09-07&to=2026-09-13", parameters={masked}
2026-09-13T22:55:25.018+07:00 DEBUG 2616 --- [tea-attendance-api] [nio-8080-exec-8] o.s.web.servlet.DispatcherServlet        : GET "/api/notifications?memberId=6", parameters={masked}
2026-09-13T22:55:25.018+07:00 DEBUG 2616 --- [tea-attendance-api] [io-8080-exec-10] s.w.s.m.m.a.RequestMappingHandlerMapping : Mapped to com.trasua.api.DrinkCatalogController#list(boolean)
2026-09-13T22:55:25.018+07:00 DEBUG 2616 --- [tea-attendance-api] [nio-8080-exec-8] s.w.s.m.m.a.RequestMappingHandlerMapping : Mapped to com.trasua.api.NotificationController#list(Long)
2026-09-13T22:55:25.018+07:00 DEBUG 2616 --- [tea-attendance-api] [nio-8080-exec-3] s.w.s.m.m.a.RequestMappingHandlerMapping : Mapped to com.trasua.api.ExpenseController#range(LocalDate, LocalDate)
2026-09-13T22:55:25.032+07:00 DEBUG 2616 --- [tea-attendance-api] [nio-8080-exec-8] org.hibernate.SQL                        : 
    select
        n1_0.id,
        n1_0.body,
        n1_0.created_at,
        n1_0.read_at,
        n1_0.recipient_member_id,
        r1_0.id,
        r1_0.account_name,
        r1_0.account_number,
        r1_0.active,
        r1_0.bank_bin,
        r1_0.bank_name,
        r1_0.created_at,
        r1_0.display_name,
        r1_0.email,
        r1_0.password_hash,
        r1_0.qr_code_url,
        r1_0.reset_code_expires_at,
        r1_0.reset_code_hash,
        r1_0.role,
        r1_0.updated_at,
        n1_0.settlement_id,
        n1_0.title,
        n1_0.transfer_id,
        n1_0.type 
    from
        notifications n1_0 
    join
        members r1_0 
            on r1_0.id=n1_0.recipient_member_id 
    where
        r1_0.id=? 
    order by
        n1_0.created_at desc
2026-09-13T22:55:25.036+07:00 DEBUG 2616 --- [tea-attendance-api] [nio-8080-exec-5] org.hibernate.SQL                        : 
    select
        cm1_0.id,
        cm1_0.content,
        cm1_0.created_at,
        cm1_0.sender_member_id,
        s1_0.id,
        s1_0.account_name,
        s1_0.account_number,
        s1_0.active,
        s1_0.bank_bin,
        s1_0.bank_name,
        s1_0.created_at,
        s1_0.display_name,
        s1_0.email,
        s1_0.password_hash,
        s1_0.qr_code_url,
        s1_0.reset_code_expires_at,
        s1_0.reset_code_hash,
        s1_0.role,
        s1_0.updated_at 
    from
        chat_messages cm1_0 
    join
        members s1_0 
            on s1_0.id=cm1_0.sender_member_id 
    order by
        cm1_0.created_at desc 
    limit
        ?
2026-09-13T22:55:25.036+07:00 DEBUG 2616 --- [tea-attendance-api] [nio-8080-exec-3] org.hibernate.SQL                        : 
    select
        distinct do1_0.id,
        do1_0.created_at,
        i1_0.order_id,
        i1_0.id,
        i1_0.consumer_member_id,
        c1_0.id,
        c1_0.account_name,
        c1_0.account_number,
        c1_0.active,
        c1_0.bank_bin,
        c1_0.bank_name,
        c1_0.created_at,
        c1_0.display_name,
        c1_0.email,
        c1_0.password_hash,
        c1_0.qr_code_url,
        c1_0.reset_code_expires_at,
        c1_0.reset_code_hash,
        c1_0.role,
        c1_0.updated_at,
        i1_0.drink_name,
        i1_0.line_total,
        i1_0.quantity,
        i1_0.unit_price,
        do1_0.note,
        do1_0.order_date,
        do1_0.payer_member_id,
        p1_0.id,
        p1_0.account_name,
        p1_0.account_number,
        p1_0.active,
        p1_0.bank_bin,
        p1_0.bank_name,
        p1_0.created_at,
        p1_0.display_name,
        p1_0.email,
        p1_0.password_hash,
        p1_0.qr_code_url,
        p1_0.reset_code_expires_at,
        p1_0.reset_code_hash,
        p1_0.role,
        p1_0.updated_at,
        do1_0.total_amount,
        do1_0.updated_at 
    from
        drink_orders do1_0 
    join
        members p1_0 
            on p1_0.id=do1_0.payer_member_id 
    left join
        order_items i1_0 
            on do1_0.id=i1_0.order_id 
    left join
        members c1_0 
            on c1_0.id=i1_0.consumer_member_id 
    where
        do1_0.order_date between ? and ? 
    order by
        do1_0.order_date,
        do1_0.id
2026-09-13T22:55:25.037+07:00 DEBUG 2616 --- [tea-attendance-api] [io-8080-exec-10] org.hibernate.SQL                        : 
    select
        dci1_0.id,
        dci1_0.active,
        dci1_0.created_at,
        dci1_0.icon,
        dci1_0.name,
        dci1_0.price,
        dci1_0.updated_at 
    from
        drink_catalog dci1_0
2026-09-13T22:55:25.037+07:00 DEBUG 2616 --- [tea-attendance-api] [nio-8080-exec-2] org.hibernate.SQL                        : 
    select
        m1_0.id,
        m1_0.account_name,
        m1_0.account_number,
        m1_0.active,
        m1_0.bank_bin,
        m1_0.bank_name,
        m1_0.created_at,
        m1_0.display_name,
        m1_0.email,
        m1_0.password_hash,
        m1_0.qr_code_url,
        m1_0.reset_code_expires_at,
        m1_0.reset_code_hash,
        m1_0.role,
        m1_0.updated_at 
    from
        members m1_0 
    where
        m1_0.active 
    order by
        m1_0.display_name
2026-09-13T22:55:25.044+07:00 DEBUG 2616 --- [tea-attendance-api] [nio-8080-exec-5] org.hibernate.SQL                        : 
    select
        a1_0.message_id,
        a1_0.id,
        a1_0.byte_size,
        a1_0.content_type,
        a1_0.created_at,
        a1_0.original_filename,
        a1_0.storage_key 
    from
        chat_attachments a1_0 
    where
        a1_0.message_id=? 
    order by
        a1_0.id
2026-09-13T22:55:25.051+07:00 DEBUG 2616 --- [tea-attendance-api] [nio-8080-exec-5] org.hibernate.SQL                        : 
    select
        a1_0.message_id,
        a1_0.id,
        a1_0.byte_size,
        a1_0.content_type,
        a1_0.created_at,
        a1_0.original_filename,
        a1_0.storage_key 
    from
        chat_attachments a1_0 
    where
        a1_0.message_id=? 
    order by
        a1_0.id
2026-09-13T22:55:25.054+07:00 DEBUG 2616 --- [tea-attendance-api] [nio-8080-exec-8] m.m.a.RequestResponseBodyMethodProcessor : Using 'application/json', given [*/*] and supported [application/json, application/*+json]
2026-09-13T22:55:25.055+07:00 DEBUG 2616 --- [tea-attendance-api] [nio-8080-exec-8] m.m.a.RequestResponseBodyMethodProcessor : Writing [[]]
2026-09-13T22:55:25.056+07:00 DEBUG 2616 --- [tea-attendance-api] [nio-8080-exec-8] o.s.web.servlet.DispatcherServlet        : Completed 200 OK
2026-09-13T22:55:25.061+07:00 DEBUG 2616 --- [tea-attendance-api] [io-8080-exec-10] m.m.a.RequestResponseBodyMethodProcessor : Using 'application/json', given [*/*] and supported [application/json, application/*+json]
2026-09-13T22:55:25.061+07:00 DEBUG 2616 --- [tea-attendance-api] [nio-8080-exec-3] m.m.a.RequestResponseBodyMethodProcessor : Using 'application/json', given [*/*] and supported [application/json, application/*+json]
2026-09-13T22:55:25.061+07:00 DEBUG 2616 --- [tea-attendance-api] [io-8080-exec-10] m.m.a.RequestResponseBodyMethodProcessor : Writing [[DrinkCatalogResponse[id=1, name=Tra da, price=5000, icon=?, active=true], DrinkCatalogResponse[id= (truncated)...]
2026-09-13T22:55:25.062+07:00 DEBUG 2616 --- [tea-attendance-api] [nio-8080-exec-3] m.m.a.RequestResponseBodyMethodProcessor : Writing [[ExpenseResponse[id=1, orderDate=2026-09-12, payer=MemberBriefResponse[id=2, displayName=Linh Chi],  (truncated)...]
2026-09-13T22:55:25.062+07:00 DEBUG 2616 --- [tea-attendance-api] [io-8080-exec-10] o.s.web.servlet.DispatcherServlet        : Completed 200 OK
2026-09-13T22:55:25.063+07:00 DEBUG 2616 --- [tea-attendance-api] [nio-8080-exec-3] o.s.web.servlet.DispatcherServlet        : Completed 200 OK
2026-09-13T22:55:25.066+07:00 DEBUG 2616 --- [tea-attendance-api] [nio-8080-exec-2] m.m.a.RequestResponseBodyMethodProcessor : Using 'application/json', given [*/*] and supported [application/json, application/*+json]
2026-09-13T22:55:25.067+07:00 DEBUG 2616 --- [tea-attendance-api] [nio-8080-exec-2] m.m.a.RequestResponseBodyMethodProcessor : Writing [[MemberResponse[id=4, displayName=H??ng, email=huong@example.test, bankName=Techcombank, bankBin=970 (truncated)...]
2026-09-13T22:55:25.068+07:00 DEBUG 2616 --- [tea-attendance-api] [nio-8080-exec-2] o.s.web.servlet.DispatcherServlet        : Completed 200 OK
2026-09-13T22:55:25.076+07:00 DEBUG 2616 --- [tea-attendance-api] [nio-8080-exec-5] m.m.a.RequestResponseBodyMethodProcessor : Using 'application/json', given [*/*] and supported [application/json, application/*+json]
2026-09-13T22:55:25.077+07:00 DEBUG 2616 --- [tea-attendance-api] [nio-8080-exec-5] m.m.a.RequestResponseBodyMethodProcessor : Writing [[ChatMessageResponse[id=2, sender=MemberBriefResponse[id=1, displayName=Minh Anh], content=alo, atta (truncated)...]
2026-09-13T22:55:25.078+07:00 DEBUG 2616 --- [tea-attendance-api] [nio-8080-exec-5] o.s.web.servlet.DispatcherServlet        : Completed 200 OK
2026-09-13T22:55:28.558+07:00 DEBUG 2616 --- [tea-attendance-api] [nio-8080-exec-1] o.s.web.servlet.DispatcherServlet        : GET "/api/members", parameters={}
2026-09-13T22:55:28.558+07:00 DEBUG 2616 --- [tea-attendance-api] [nio-8080-exec-7] o.s.web.servlet.DispatcherServlet        : GET "/api/drinks?includeInactive=true", parameters={masked}
2026-09-13T22:55:28.558+07:00 DEBUG 2616 --- [tea-attendance-api] [nio-8080-exec-4] o.s.web.servlet.DispatcherServlet        : GET "/api/expenses/range?from=2026-09-07&to=2026-09-13", parameters={masked}
2026-09-13T22:55:28.558+07:00 DEBUG 2616 --- [tea-attendance-api] [nio-8080-exec-9] o.s.web.servlet.DispatcherServlet        : GET "/api/chat/messages", parameters={}
2026-09-13T22:55:28.558+07:00 DEBUG 2616 --- [tea-attendance-api] [nio-8080-exec-7] s.w.s.m.m.a.RequestMappingHandlerMapping : Mapped to com.trasua.api.DrinkCatalogController#list(boolean)
2026-09-13T22:55:28.558+07:00 DEBUG 2616 --- [tea-attendance-api] [nio-8080-exec-4] s.w.s.m.m.a.RequestMappingHandlerMapping : Mapped to com.trasua.api.ExpenseController#range(LocalDate, LocalDate)
2026-09-13T22:55:28.558+07:00 DEBUG 2616 --- [tea-attendance-api] [nio-8080-exec-1] s.w.s.m.m.a.RequestMappingHandlerMapping : Mapped to com.trasua.api.MemberController#list(boolean)
2026-09-13T22:55:28.558+07:00 DEBUG 2616 --- [tea-attendance-api] [nio-8080-exec-9] s.w.s.m.m.a.RequestMappingHandlerMapping : Mapped to com.trasua.api.ChatController#list(Instant, int)
2026-09-13T22:55:28.558+07:00 DEBUG 2616 --- [tea-attendance-api] [nio-8080-exec-6] o.s.web.servlet.DispatcherServlet        : GET "/api/notifications?memberId=6", parameters={masked}
2026-09-13T22:55:28.559+07:00 DEBUG 2616 --- [tea-attendance-api] [nio-8080-exec-6] s.w.s.m.m.a.RequestMappingHandlerMapping : Mapped to com.trasua.api.NotificationController#list(Long)
2026-09-13T22:55:28.566+07:00 DEBUG 2616 --- [tea-attendance-api] [nio-8080-exec-6] org.hibernate.SQL                        : 
    select
        n1_0.id,
        n1_0.body,
        n1_0.created_at,
        n1_0.read_at,
        n1_0.recipient_member_id,
        r1_0.id,
        r1_0.account_name,
        r1_0.account_number,
        r1_0.active,
        r1_0.bank_bin,
        r1_0.bank_name,
        r1_0.created_at,
        r1_0.display_name,
        r1_0.email,
        r1_0.password_hash,
        r1_0.qr_code_url,
        r1_0.reset_code_expires_at,
        r1_0.reset_code_hash,
        r1_0.role,
        r1_0.updated_at,
        n1_0.settlement_id,
        n1_0.title,
        n1_0.transfer_id,
        n1_0.type 
    from
        notifications n1_0 
    join
        members r1_0 
            on r1_0.id=n1_0.recipient_member_id 
    where
        r1_0.id=? 
    order by
        n1_0.created_at desc
2026-09-13T22:55:28.567+07:00 DEBUG 2616 --- [tea-attendance-api] [nio-8080-exec-4] org.hibernate.SQL                        : 
    select
        distinct do1_0.id,
        do1_0.created_at,
        i1_0.order_id,
        i1_0.id,
        i1_0.consumer_member_id,
        c1_0.id,
        c1_0.account_name,
        c1_0.account_number,
        c1_0.active,
        c1_0.bank_bin,
        c1_0.bank_name,
        c1_0.created_at,
        c1_0.display_name,
        c1_0.email,
        c1_0.password_hash,
        c1_0.qr_code_url,
        c1_0.reset_code_expires_at,
        c1_0.reset_code_hash,
        c1_0.role,
        c1_0.updated_at,
        i1_0.drink_name,
        i1_0.line_total,
        i1_0.quantity,
        i1_0.unit_price,
        do1_0.note,
        do1_0.order_date,
        do1_0.payer_member_id,
        p1_0.id,
        p1_0.account_name,
        p1_0.account_number,
        p1_0.active,
        p1_0.bank_bin,
        p1_0.bank_name,
        p1_0.created_at,
        p1_0.display_name,
        p1_0.email,
        p1_0.password_hash,
        p1_0.qr_code_url,
        p1_0.reset_code_expires_at,
        p1_0.reset_code_hash,
        p1_0.role,
        p1_0.updated_at,
        do1_0.total_amount,
        do1_0.updated_at 
    from
        drink_orders do1_0 
    join
        members p1_0 
            on p1_0.id=do1_0.payer_member_id 
    left join
        order_items i1_0 
            on do1_0.id=i1_0.order_id 
    left join
        members c1_0 
            on c1_0.id=i1_0.consumer_member_id 
    where
        do1_0.order_date between ? and ? 
    order by
        do1_0.order_date,
        do1_0.id
2026-09-13T22:55:28.566+07:00 DEBUG 2616 --- [tea-attendance-api] [nio-8080-exec-9] org.hibernate.SQL                        : 
    select
        cm1_0.id,
        cm1_0.content,
        cm1_0.created_at,
        cm1_0.sender_member_id,
        s1_0.id,
        s1_0.account_name,
        s1_0.account_number,
        s1_0.active,
        s1_0.bank_bin,
        s1_0.bank_name,
        s1_0.created_at,
        s1_0.display_name,
        s1_0.email,
        s1_0.password_hash,
        s1_0.qr_code_url,
        s1_0.reset_code_expires_at,
        s1_0.reset_code_hash,
        s1_0.role,
        s1_0.updated_at 
    from
        chat_messages cm1_0 
    join
        members s1_0 
            on s1_0.id=cm1_0.sender_member_id 
    order by
        cm1_0.created_at desc 
    limit
        ?
2026-09-13T22:55:28.567+07:00 DEBUG 2616 --- [tea-attendance-api] [nio-8080-exec-7] org.hibernate.SQL                        : 
    select
        dci1_0.id,
        dci1_0.active,
        dci1_0.created_at,
        dci1_0.icon,
        dci1_0.name,
        dci1_0.price,
        dci1_0.updated_at 
    from
        drink_catalog dci1_0
2026-09-13T22:55:28.568+07:00 DEBUG 2616 --- [tea-attendance-api] [nio-8080-exec-1] org.hibernate.SQL                        : 
    select
        m1_0.id,
        m1_0.account_name,
        m1_0.account_number,
        m1_0.active,
        m1_0.bank_bin,
        m1_0.bank_name,
        m1_0.created_at,
        m1_0.display_name,
        m1_0.email,
        m1_0.password_hash,
        m1_0.qr_code_url,
        m1_0.reset_code_expires_at,
        m1_0.reset_code_hash,
        m1_0.role,
        m1_0.updated_at 
    from
        members m1_0 
    where
        m1_0.active 
    order by
        m1_0.display_name
2026-09-13T22:55:28.572+07:00 DEBUG 2616 --- [tea-attendance-api] [nio-8080-exec-9] org.hibernate.SQL                        : 
    select
        a1_0.message_id,
        a1_0.id,
        a1_0.byte_size,
        a1_0.content_type,
        a1_0.created_at,
        a1_0.original_filename,
        a1_0.storage_key 
    from
        chat_attachments a1_0 
    where
        a1_0.message_id=? 
    order by
        a1_0.id
2026-09-13T22:55:28.576+07:00 DEBUG 2616 --- [tea-attendance-api] [nio-8080-exec-9] org.hibernate.SQL                        : 
    select
        a1_0.message_id,
        a1_0.id,
        a1_0.byte_size,
        a1_0.content_type,
        a1_0.created_at,
        a1_0.original_filename,
        a1_0.storage_key 
    from
        chat_attachments a1_0 
    where
        a1_0.message_id=? 
    order by
        a1_0.id
2026-09-13T22:55:28.580+07:00 DEBUG 2616 --- [tea-attendance-api] [nio-8080-exec-6] m.m.a.RequestResponseBodyMethodProcessor : Using 'application/json', given [*/*] and supported [application/json, application/*+json]
2026-09-13T22:55:28.580+07:00 DEBUG 2616 --- [tea-attendance-api] [nio-8080-exec-7] m.m.a.RequestResponseBodyMethodProcessor : Using 'application/json', given [*/*] and supported [application/json, application/*+json]
2026-09-13T22:55:28.580+07:00 DEBUG 2616 --- [tea-attendance-api] [nio-8080-exec-4] m.m.a.RequestResponseBodyMethodProcessor : Using 'application/json', given [*/*] and supported [application/json, application/*+json]
2026-09-13T22:55:28.580+07:00 DEBUG 2616 --- [tea-attendance-api] [nio-8080-exec-6] m.m.a.RequestResponseBodyMethodProcessor : Writing [[]]
2026-09-13T22:55:28.581+07:00 DEBUG 2616 --- [tea-attendance-api] [nio-8080-exec-4] m.m.a.RequestResponseBodyMethodProcessor : Writing [[ExpenseResponse[id=1, orderDate=2026-09-12, payer=MemberBriefResponse[id=2, displayName=Linh Chi],  (truncated)...]
2026-09-13T22:55:28.581+07:00 DEBUG 2616 --- [tea-attendance-api] [nio-8080-exec-7] m.m.a.RequestResponseBodyMethodProcessor : Writing [[DrinkCatalogResponse[id=1, name=Tra da, price=5000, icon=?, active=true], DrinkCatalogResponse[id= (truncated)...]
2026-09-13T22:55:28.581+07:00 DEBUG 2616 --- [tea-attendance-api] [nio-8080-exec-6] o.s.web.servlet.DispatcherServlet        : Completed 200 OK
2026-09-13T22:55:28.581+07:00 DEBUG 2616 --- [tea-attendance-api] [nio-8080-exec-7] o.s.web.servlet.DispatcherServlet        : Completed 200 OK
2026-09-13T22:55:28.582+07:00 DEBUG 2616 --- [tea-attendance-api] [nio-8080-exec-4] o.s.web.servlet.DispatcherServlet        : Completed 200 OK
2026-09-13T22:55:28.584+07:00 DEBUG 2616 --- [tea-attendance-api] [nio-8080-exec-1] m.m.a.RequestResponseBodyMethodProcessor : Using 'application/json', given [*/*] and supported [application/json, application/*+json]
2026-09-13T22:55:28.586+07:00 DEBUG 2616 --- [tea-attendance-api] [nio-8080-exec-1] m.m.a.RequestResponseBodyMethodProcessor : Writing [[MemberResponse[id=4, displayName=H??ng, email=huong@example.test, bankName=Techcombank, bankBin=970 (truncated)...]
2026-09-13T22:55:28.587+07:00 DEBUG 2616 --- [tea-attendance-api] [nio-8080-exec-1] o.s.web.servlet.DispatcherServlet        : Completed 200 OK
2026-09-13T22:55:28.587+07:00 DEBUG 2616 --- [tea-attendance-api] [nio-8080-exec-9] m.m.a.RequestResponseBodyMethodProcessor : Using 'application/json', given [*/*] and supported [application/json, application/*+json]
2026-09-13T22:55:28.588+07:00 DEBUG 2616 --- [tea-attendance-api] [nio-8080-exec-9] m.m.a.RequestResponseBodyMethodProcessor : Writing [[ChatMessageResponse[id=2, sender=MemberBriefResponse[id=1, displayName=Minh Anh], content=alo, atta (truncated)...]
2026-09-13T22:55:28.589+07:00 DEBUG 2616 --- [tea-attendance-api] [nio-8080-exec-9] o.s.web.servlet.DispatcherServlet        : Completed 200 OK
2026-09-13T22:55:29.106+07:00 DEBUG 2616 --- [tea-attendance-api] [nio-8080-exec-8] o.s.web.servlet.DispatcherServlet        : GET "/api/members", parameters={}
2026-09-13T22:55:29.106+07:00 DEBUG 2616 --- [tea-attendance-api] [io-8080-exec-10] o.s.web.servlet.DispatcherServlet        : GET "/api/drinks?includeInactive=true", parameters={masked}
2026-09-13T22:55:29.106+07:00 DEBUG 2616 --- [tea-attendance-api] [nio-8080-exec-3] o.s.web.servlet.DispatcherServlet        : GET "/api/expenses/range?from=2026-09-07&to=2026-09-13", parameters={masked}
2026-09-13T22:55:29.107+07:00 DEBUG 2616 --- [tea-attendance-api] [io-8080-exec-10] s.w.s.m.m.a.RequestMappingHandlerMapping : Mapped to com.trasua.api.DrinkCatalogController#list(boolean)
2026-09-13T22:55:29.107+07:00 DEBUG 2616 --- [tea-attendance-api] [nio-8080-exec-8] s.w.s.m.m.a.RequestMappingHandlerMapping : Mapped to com.trasua.api.MemberController#list(boolean)
2026-09-13T22:55:29.107+07:00 DEBUG 2616 --- [tea-attendance-api] [nio-8080-exec-3] s.w.s.m.m.a.RequestMappingHandlerMapping : Mapped to com.trasua.api.ExpenseController#range(LocalDate, LocalDate)
2026-09-13T22:55:29.108+07:00 DEBUG 2616 --- [tea-attendance-api] [nio-8080-exec-2] o.s.web.servlet.DispatcherServlet        : GET "/api/chat/messages", parameters={}
2026-09-13T22:55:29.108+07:00 DEBUG 2616 --- [tea-attendance-api] [nio-8080-exec-5] o.s.web.servlet.DispatcherServlet        : GET "/api/notifications?memberId=6", parameters={masked}
2026-09-13T22:55:29.108+07:00 DEBUG 2616 --- [tea-attendance-api] [nio-8080-exec-2] s.w.s.m.m.a.RequestMappingHandlerMapping : Mapped to com.trasua.api.ChatController#list(Instant, int)
2026-09-13T22:55:29.108+07:00 DEBUG 2616 --- [tea-attendance-api] [nio-8080-exec-5] s.w.s.m.m.a.RequestMappingHandlerMapping : Mapped to com.trasua.api.NotificationController#list(Long)
2026-09-13T22:55:29.120+07:00 DEBUG 2616 --- [tea-attendance-api] [nio-8080-exec-2] org.hibernate.SQL                        : 
    select
        cm1_0.id,
        cm1_0.content,
        cm1_0.created_at,
        cm1_0.sender_member_id,
        s1_0.id,
        s1_0.account_name,
        s1_0.account_number,
        s1_0.active,
        s1_0.bank_bin,
        s1_0.bank_name,
        s1_0.created_at,
        s1_0.display_name,
        s1_0.email,
        s1_0.password_hash,
        s1_0.qr_code_url,
        s1_0.reset_code_expires_at,
        s1_0.reset_code_hash,
        s1_0.role,
        s1_0.updated_at 
    from
        chat_messages cm1_0 
    join
        members s1_0 
            on s1_0.id=cm1_0.sender_member_id 
    order by
        cm1_0.created_at desc 
    limit
        ?
2026-09-13T22:55:29.120+07:00 DEBUG 2616 --- [tea-attendance-api] [nio-8080-exec-3] org.hibernate.SQL                        : 
    select
        distinct do1_0.id,
        do1_0.created_at,
        i1_0.order_id,
        i1_0.id,
        i1_0.consumer_member_id,
        c1_0.id,
        c1_0.account_name,
        c1_0.account_number,
        c1_0.active,
        c1_0.bank_bin,
        c1_0.bank_name,
        c1_0.created_at,
        c1_0.display_name,
        c1_0.email,
        c1_0.password_hash,
        c1_0.qr_code_url,
        c1_0.reset_code_expires_at,
        c1_0.reset_code_hash,
        c1_0.role,
        c1_0.updated_at,
        i1_0.drink_name,
        i1_0.line_total,
        i1_0.quantity,
        i1_0.unit_price,
        do1_0.note,
        do1_0.order_date,
        do1_0.payer_member_id,
        p1_0.id,
        p1_0.account_name,
        p1_0.account_number,
        p1_0.active,
        p1_0.bank_bin,
        p1_0.bank_name,
        p1_0.created_at,
        p1_0.display_name,
        p1_0.email,
        p1_0.password_hash,
        p1_0.qr_code_url,
        p1_0.reset_code_expires_at,
        p1_0.reset_code_hash,
        p1_0.role,
        p1_0.updated_at,
        do1_0.total_amount,
        do1_0.updated_at 
    from
        drink_orders do1_0 
    join
        members p1_0 
            on p1_0.id=do1_0.payer_member_id 
    left join
        order_items i1_0 
            on do1_0.id=i1_0.order_id 
    left join
        members c1_0 
            on c1_0.id=i1_0.consumer_member_id 
    where
        do1_0.order_date between ? and ? 
    order by
        do1_0.order_date,
        do1_0.id
2026-09-13T22:55:29.120+07:00 DEBUG 2616 --- [tea-attendance-api] [nio-8080-exec-5] org.hibernate.SQL                        : 
    select
        n1_0.id,
        n1_0.body,
        n1_0.created_at,
        n1_0.read_at,
        n1_0.recipient_member_id,
        r1_0.id,
        r1_0.account_name,
        r1_0.account_number,
        r1_0.active,
        r1_0.bank_bin,
        r1_0.bank_name,
        r1_0.created_at,
        r1_0.display_name,
        r1_0.email,
        r1_0.password_hash,
        r1_0.qr_code_url,
        r1_0.reset_code_expires_at,
        r1_0.reset_code_hash,
        r1_0.role,
        r1_0.updated_at,
        n1_0.settlement_id,
        n1_0.title,
        n1_0.transfer_id,
        n1_0.type 
    from
        notifications n1_0 
    join
        members r1_0 
            on r1_0.id=n1_0.recipient_member_id 
    where
        r1_0.id=? 
    order by
        n1_0.created_at desc
2026-09-13T22:55:29.121+07:00 DEBUG 2616 --- [tea-attendance-api] [io-8080-exec-10] org.hibernate.SQL                        : 
    select
        dci1_0.id,
        dci1_0.active,
        dci1_0.created_at,
        dci1_0.icon,
        dci1_0.name,
        dci1_0.price,
        dci1_0.updated_at 
    from
        drink_catalog dci1_0
2026-09-13T22:55:29.125+07:00 DEBUG 2616 --- [tea-attendance-api] [nio-8080-exec-2] org.hibernate.SQL                        : 
    select
        a1_0.message_id,
        a1_0.id,
        a1_0.byte_size,
        a1_0.content_type,
        a1_0.created_at,
        a1_0.original_filename,
        a1_0.storage_key 
    from
        chat_attachments a1_0 
    where
        a1_0.message_id=? 
    order by
        a1_0.id
2026-09-13T22:55:29.126+07:00 DEBUG 2616 --- [tea-attendance-api] [nio-8080-exec-8] org.hibernate.SQL                        : 
    select
        m1_0.id,
        m1_0.account_name,
        m1_0.account_number,
        m1_0.active,
        m1_0.bank_bin,
        m1_0.bank_name,
        m1_0.created_at,
        m1_0.display_name,
        m1_0.email,
        m1_0.password_hash,
        m1_0.qr_code_url,
        m1_0.reset_code_expires_at,
        m1_0.reset_code_hash,
        m1_0.role,
        m1_0.updated_at 
    from
        members m1_0 
    where
        m1_0.active 
    order by
        m1_0.display_name
2026-09-13T22:55:29.129+07:00 DEBUG 2616 --- [tea-attendance-api] [nio-8080-exec-2] org.hibernate.SQL                        : 
    select
        a1_0.message_id,
        a1_0.id,
        a1_0.byte_size,
        a1_0.content_type,
        a1_0.created_at,
        a1_0.original_filename,
        a1_0.storage_key 
    from
        chat_attachments a1_0 
    where
        a1_0.message_id=? 
    order by
        a1_0.id
2026-09-13T22:55:29.134+07:00 DEBUG 2616 --- [tea-attendance-api] [nio-8080-exec-5] m.m.a.RequestResponseBodyMethodProcessor : Using 'application/json', given [*/*] and supported [application/json, application/*+json]
2026-09-13T22:55:29.135+07:00 DEBUG 2616 --- [tea-attendance-api] [nio-8080-exec-5] m.m.a.RequestResponseBodyMethodProcessor : Writing [[]]
2026-09-13T22:55:29.135+07:00 DEBUG 2616 --- [tea-attendance-api] [nio-8080-exec-5] o.s.web.servlet.DispatcherServlet        : Completed 200 OK
2026-09-13T22:55:29.137+07:00 DEBUG 2616 --- [tea-attendance-api] [io-8080-exec-10] m.m.a.RequestResponseBodyMethodProcessor : Using 'application/json', given [*/*] and supported [application/json, application/*+json]
2026-09-13T22:55:29.137+07:00 DEBUG 2616 --- [tea-attendance-api] [io-8080-exec-10] m.m.a.RequestResponseBodyMethodProcessor : Writing [[DrinkCatalogResponse[id=1, name=Tra da, price=5000, icon=?, active=true], DrinkCatalogResponse[id= (truncated)...]
2026-09-13T22:55:29.138+07:00 DEBUG 2616 --- [tea-attendance-api] [io-8080-exec-10] o.s.web.servlet.DispatcherServlet        : Completed 200 OK
2026-09-13T22:55:29.142+07:00 DEBUG 2616 --- [tea-attendance-api] [nio-8080-exec-8] m.m.a.RequestResponseBodyMethodProcessor : Using 'application/json', given [*/*] and supported [application/json, application/*+json]
2026-09-13T22:55:29.142+07:00 DEBUG 2616 --- [tea-attendance-api] [nio-8080-exec-2] m.m.a.RequestResponseBodyMethodProcessor : Using 'application/json', given [*/*] and supported [application/json, application/*+json]
2026-09-13T22:55:29.143+07:00 DEBUG 2616 --- [tea-attendance-api] [nio-8080-exec-8] m.m.a.RequestResponseBodyMethodProcessor : Writing [[MemberResponse[id=4, displayName=H??ng, email=huong@example.test, bankName=Techcombank, bankBin=970 (truncated)...]
2026-09-13T22:55:29.143+07:00 DEBUG 2616 --- [tea-attendance-api] [nio-8080-exec-2] m.m.a.RequestResponseBodyMethodProcessor : Writing [[ChatMessageResponse[id=2, sender=MemberBriefResponse[id=1, displayName=Minh Anh], content=alo, atta (truncated)...]
2026-09-13T22:55:29.143+07:00 DEBUG 2616 --- [tea-attendance-api] [nio-8080-exec-8] o.s.web.servlet.DispatcherServlet        : Completed 200 OK
2026-09-13T22:55:29.144+07:00 DEBUG 2616 --- [tea-attendance-api] [nio-8080-exec-2] o.s.web.servlet.DispatcherServlet        : Completed 200 OK
2026-09-13T22:55:29.145+07:00 DEBUG 2616 --- [tea-attendance-api] [nio-8080-exec-3] m.m.a.RequestResponseBodyMethodProcessor : Using 'application/json', given [*/*] and supported [application/json, application/*+json]
2026-09-13T22:55:29.146+07:00 DEBUG 2616 --- [tea-attendance-api] [nio-8080-exec-3] m.m.a.RequestResponseBodyMethodProcessor : Writing [[ExpenseResponse[id=1, orderDate=2026-09-12, payer=MemberBriefResponse[id=2, displayName=Linh Chi],  (truncated)...]
2026-09-13T22:55:29.146+07:00 DEBUG 2616 --- [tea-attendance-api] [nio-8080-exec-3] o.s.web.servlet.DispatcherServlet        : Completed 200 OK
2026-09-13T22:55:29.300+07:00 DEBUG 2616 --- [tea-attendance-api] [nio-8080-exec-7] o.s.web.servlet.DispatcherServlet        : GET "/api/drinks?includeInactive=true", parameters={masked}
2026-09-13T22:55:29.300+07:00 DEBUG 2616 --- [tea-attendance-api] [nio-8080-exec-6] o.s.web.servlet.DispatcherServlet        : GET "/api/members", parameters={}
2026-09-13T22:55:29.300+07:00 DEBUG 2616 --- [tea-attendance-api] [nio-8080-exec-6] s.w.s.m.m.a.RequestMappingHandlerMapping : Mapped to com.trasua.api.MemberController#list(boolean)
2026-09-13T22:55:29.300+07:00 DEBUG 2616 --- [tea-attendance-api] [nio-8080-exec-7] s.w.s.m.m.a.RequestMappingHandlerMapping : Mapped to com.trasua.api.DrinkCatalogController#list(boolean)
2026-09-13T22:55:29.301+07:00 DEBUG 2616 --- [tea-attendance-api] [nio-8080-exec-1] o.s.web.servlet.DispatcherServlet        : GET "/api/chat/messages", parameters={}
2026-09-13T22:55:29.301+07:00 DEBUG 2616 --- [tea-attendance-api] [nio-8080-exec-1] s.w.s.m.m.a.RequestMappingHandlerMapping : Mapped to com.trasua.api.ChatController#list(Instant, int)
2026-09-13T22:55:29.300+07:00 DEBUG 2616 --- [tea-attendance-api] [nio-8080-exec-4] o.s.web.servlet.DispatcherServlet        : GET "/api/expenses/range?from=2026-09-07&to=2026-09-13", parameters={masked}
2026-09-13T22:55:29.302+07:00 DEBUG 2616 --- [tea-attendance-api] [nio-8080-exec-4] s.w.s.m.m.a.RequestMappingHandlerMapping : Mapped to com.trasua.api.ExpenseController#range(LocalDate, LocalDate)
2026-09-13T22:55:29.308+07:00 DEBUG 2616 --- [tea-attendance-api] [nio-8080-exec-9] o.s.web.servlet.DispatcherServlet        : GET "/api/notifications?memberId=6", parameters={masked}
2026-09-13T22:55:29.309+07:00 DEBUG 2616 --- [tea-attendance-api] [nio-8080-exec-9] s.w.s.m.m.a.RequestMappingHandlerMapping : Mapped to com.trasua.api.NotificationController#list(Long)
2026-09-13T22:55:29.314+07:00 DEBUG 2616 --- [tea-attendance-api] [nio-8080-exec-1] org.hibernate.SQL                        : 
    select
        cm1_0.id,
        cm1_0.content,
        cm1_0.created_at,
        cm1_0.sender_member_id,
        s1_0.id,
        s1_0.account_name,
        s1_0.account_number,
        s1_0.active,
        s1_0.bank_bin,
        s1_0.bank_name,
        s1_0.created_at,
        s1_0.display_name,
        s1_0.email,
        s1_0.password_hash,
        s1_0.qr_code_url,
        s1_0.reset_code_expires_at,
        s1_0.reset_code_hash,
        s1_0.role,
        s1_0.updated_at 
    from
        chat_messages cm1_0 
    join
        members s1_0 
            on s1_0.id=cm1_0.sender_member_id 
    order by
        cm1_0.created_at desc 
    limit
        ?
2026-09-13T22:55:29.315+07:00 DEBUG 2616 --- [tea-attendance-api] [nio-8080-exec-4] org.hibernate.SQL                        : 
    select
        distinct do1_0.id,
        do1_0.created_at,
        i1_0.order_id,
        i1_0.id,
        i1_0.consumer_member_id,
        c1_0.id,
        c1_0.account_name,
        c1_0.account_number,
        c1_0.active,
        c1_0.bank_bin,
        c1_0.bank_name,
        c1_0.created_at,
        c1_0.display_name,
        c1_0.email,
        c1_0.password_hash,
        c1_0.qr_code_url,
        c1_0.reset_code_expires_at,
        c1_0.reset_code_hash,
        c1_0.role,
        c1_0.updated_at,
        i1_0.drink_name,
        i1_0.line_total,
        i1_0.quantity,
        i1_0.unit_price,
        do1_0.note,
        do1_0.order_date,
        do1_0.payer_member_id,
        p1_0.id,
        p1_0.account_name,
        p1_0.account_number,
        p1_0.active,
        p1_0.bank_bin,
        p1_0.bank_name,
        p1_0.created_at,
        p1_0.display_name,
        p1_0.email,
        p1_0.password_hash,
        p1_0.qr_code_url,
        p1_0.reset_code_expires_at,
        p1_0.reset_code_hash,
        p1_0.role,
        p1_0.updated_at,
        do1_0.total_amount,
        do1_0.updated_at 
    from
        drink_orders do1_0 
    join
        members p1_0 
            on p1_0.id=do1_0.payer_member_id 
    left join
        order_items i1_0 
            on do1_0.id=i1_0.order_id 
    left join
        members c1_0 
            on c1_0.id=i1_0.consumer_member_id 
    where
        do1_0.order_date between ? and ? 
    order by
        do1_0.order_date,
        do1_0.id
2026-09-13T22:55:29.315+07:00 DEBUG 2616 --- [tea-attendance-api] [nio-8080-exec-7] org.hibernate.SQL                        : 
    select
        dci1_0.id,
        dci1_0.active,
        dci1_0.created_at,
        dci1_0.icon,
        dci1_0.name,
        dci1_0.price,
        dci1_0.updated_at 
    from
        drink_catalog dci1_0
2026-09-13T22:55:29.316+07:00 DEBUG 2616 --- [tea-attendance-api] [nio-8080-exec-6] org.hibernate.SQL                        : 
    select
        m1_0.id,
        m1_0.account_name,
        m1_0.account_number,
        m1_0.active,
        m1_0.bank_bin,
        m1_0.bank_name,
        m1_0.created_at,
        m1_0.display_name,
        m1_0.email,
        m1_0.password_hash,
        m1_0.qr_code_url,
        m1_0.reset_code_expires_at,
        m1_0.reset_code_hash,
        m1_0.role,
        m1_0.updated_at 
    from
        members m1_0 
    where
        m1_0.active 
    order by
        m1_0.display_name
2026-09-13T22:55:29.320+07:00 DEBUG 2616 --- [tea-attendance-api] [nio-8080-exec-9] org.hibernate.SQL                        : 
    select
        n1_0.id,
        n1_0.body,
        n1_0.created_at,
        n1_0.read_at,
        n1_0.recipient_member_id,
        r1_0.id,
        r1_0.account_name,
        r1_0.account_number,
        r1_0.active,
        r1_0.bank_bin,
        r1_0.bank_name,
        r1_0.created_at,
        r1_0.display_name,
        r1_0.email,
        r1_0.password_hash,
        r1_0.qr_code_url,
        r1_0.reset_code_expires_at,
        r1_0.reset_code_hash,
        r1_0.role,
        r1_0.updated_at,
        n1_0.settlement_id,
        n1_0.title,
        n1_0.transfer_id,
        n1_0.type 
    from
        notifications n1_0 
    join
        members r1_0 
            on r1_0.id=n1_0.recipient_member_id 
    where
        r1_0.id=? 
    order by
        n1_0.created_at desc
2026-09-13T22:55:29.321+07:00 DEBUG 2616 --- [tea-attendance-api] [nio-8080-exec-1] org.hibernate.SQL                        : 
    select
        a1_0.message_id,
        a1_0.id,
        a1_0.byte_size,
        a1_0.content_type,
        a1_0.created_at,
        a1_0.original_filename,
        a1_0.storage_key 
    from
        chat_attachments a1_0 
    where
        a1_0.message_id=? 
    order by
        a1_0.id
2026-09-13T22:55:29.329+07:00 DEBUG 2616 --- [tea-attendance-api] [nio-8080-exec-1] org.hibernate.SQL                        : 
    select
        a1_0.message_id,
        a1_0.id,
        a1_0.byte_size,
        a1_0.content_type,
        a1_0.created_at,
        a1_0.original_filename,
        a1_0.storage_key 
    from
        chat_attachments a1_0 
    where
        a1_0.message_id=? 
    order by
        a1_0.id
2026-09-13T22:55:29.332+07:00 DEBUG 2616 --- [tea-attendance-api] [nio-8080-exec-7] m.m.a.RequestResponseBodyMethodProcessor : Using 'application/json', given [*/*] and supported [application/json, application/*+json]
2026-09-13T22:55:29.333+07:00 DEBUG 2616 --- [tea-attendance-api] [nio-8080-exec-7] m.m.a.RequestResponseBodyMethodProcessor : Writing [[DrinkCatalogResponse[id=1, name=Tra da, price=5000, icon=?, active=true], DrinkCatalogResponse[id= (truncated)...]
2026-09-13T22:55:29.334+07:00 DEBUG 2616 --- [tea-attendance-api] [nio-8080-exec-7] o.s.web.servlet.DispatcherServlet        : Completed 200 OK
2026-09-13T22:55:29.338+07:00 DEBUG 2616 --- [tea-attendance-api] [nio-8080-exec-6] m.m.a.RequestResponseBodyMethodProcessor : Using 'application/json', given [*/*] and supported [application/json, application/*+json]
2026-09-13T22:55:29.339+07:00 DEBUG 2616 --- [tea-attendance-api] [nio-8080-exec-6] m.m.a.RequestResponseBodyMethodProcessor : Writing [[MemberResponse[id=4, displayName=H??ng, email=huong@example.test, bankName=Techcombank, bankBin=970 (truncated)...]
2026-09-13T22:55:29.341+07:00 DEBUG 2616 --- [tea-attendance-api] [nio-8080-exec-6] o.s.web.servlet.DispatcherServlet        : Completed 200 OK
2026-09-13T22:55:29.343+07:00 DEBUG 2616 --- [tea-attendance-api] [nio-8080-exec-4] m.m.a.RequestResponseBodyMethodProcessor : Using 'application/json', given [*/*] and supported [application/json, application/*+json]
2026-09-13T22:55:29.344+07:00 DEBUG 2616 --- [tea-attendance-api] [nio-8080-exec-9] m.m.a.RequestResponseBodyMethodProcessor : Using 'application/json', given [*/*] and supported [application/json, application/*+json]
2026-09-13T22:55:29.344+07:00 DEBUG 2616 --- [tea-attendance-api] [nio-8080-exec-9] m.m.a.RequestResponseBodyMethodProcessor : Writing [[]]
2026-09-13T22:55:29.344+07:00 DEBUG 2616 --- [tea-attendance-api] [nio-8080-exec-4] m.m.a.RequestResponseBodyMethodProcessor : Writing [[ExpenseResponse[id=1, orderDate=2026-09-12, payer=MemberBriefResponse[id=2, displayName=Linh Chi],  (truncated)...]
2026-09-13T22:55:29.345+07:00 DEBUG 2616 --- [tea-attendance-api] [nio-8080-exec-9] o.s.web.servlet.DispatcherServlet        : Completed 200 OK
2026-09-13T22:55:29.345+07:00 DEBUG 2616 --- [tea-attendance-api] [nio-8080-exec-4] o.s.web.servlet.DispatcherServlet        : Completed 200 OK
2026-09-13T22:55:29.346+07:00 DEBUG 2616 --- [tea-attendance-api] [nio-8080-exec-1] m.m.a.RequestResponseBodyMethodProcessor : Using 'application/json', given [*/*] and supported [application/json, application/*+json]
2026-09-13T22:55:29.347+07:00 DEBUG 2616 --- [tea-attendance-api] [nio-8080-exec-1] m.m.a.RequestResponseBodyMethodProcessor : Writing [[ChatMessageResponse[id=2, sender=MemberBriefResponse[id=1, displayName=Minh Anh], content=alo, atta (truncated)...]
2026-09-13T22:55:29.348+07:00 DEBUG 2616 --- [tea-attendance-api] [nio-8080-exec-1] o.s.web.servlet.DispatcherServlet        : Completed 200 OK
2026-09-13T22:58:29.305+07:00 DEBUG 2616 --- [tea-attendance-api] [nio-8080-exec-7] o.s.web.servlet.DispatcherServlet        : GET "/api/members", parameters={}
2026-09-13T22:58:29.305+07:00 DEBUG 2616 --- [tea-attendance-api] [nio-8080-exec-6] o.s.web.servlet.DispatcherServlet        : GET "/api/drinks?includeInactive=true", parameters={masked}
2026-09-13T22:58:29.306+07:00 DEBUG 2616 --- [tea-attendance-api] [nio-8080-exec-6] s.w.s.m.m.a.RequestMappingHandlerMapping : Mapped to com.trasua.api.DrinkCatalogController#list(boolean)
2026-09-13T22:58:29.307+07:00 DEBUG 2616 --- [tea-attendance-api] [nio-8080-exec-7] s.w.s.m.m.a.RequestMappingHandlerMapping : Mapped to com.trasua.api.MemberController#list(boolean)
2026-09-13T22:58:29.307+07:00 DEBUG 2616 --- [tea-attendance-api] [nio-8080-exec-9] o.s.web.servlet.DispatcherServlet        : GET "/api/expenses/range?from=2026-09-07&to=2026-09-13", parameters={masked}
2026-09-13T22:58:29.307+07:00 DEBUG 2616 --- [tea-attendance-api] [nio-8080-exec-9] s.w.s.m.m.a.RequestMappingHandlerMapping : Mapped to com.trasua.api.ExpenseController#range(LocalDate, LocalDate)
2026-09-13T22:58:29.313+07:00 DEBUG 2616 --- [tea-attendance-api] [nio-8080-exec-4] o.s.web.servlet.DispatcherServlet        : GET "/api/chat/messages", parameters={}
2026-09-13T22:58:29.313+07:00 DEBUG 2616 --- [tea-attendance-api] [nio-8080-exec-4] s.w.s.m.m.a.RequestMappingHandlerMapping : Mapped to com.trasua.api.ChatController#list(Instant, int)
2026-09-13T22:58:29.313+07:00 DEBUG 2616 --- [tea-attendance-api] [nio-8080-exec-1] o.s.web.servlet.DispatcherServlet        : GET "/api/notifications?memberId=6", parameters={masked}
2026-09-13T22:58:29.314+07:00 DEBUG 2616 --- [tea-attendance-api] [nio-8080-exec-1] s.w.s.m.m.a.RequestMappingHandlerMapping : Mapped to com.trasua.api.NotificationController#list(Long)
2026-09-13T22:58:29.320+07:00 DEBUG 2616 --- [tea-attendance-api] [nio-8080-exec-9] org.hibernate.SQL                        : 
    select
        distinct do1_0.id,
        do1_0.created_at,
        i1_0.order_id,
        i1_0.id,
        i1_0.consumer_member_id,
        c1_0.id,
        c1_0.account_name,
        c1_0.account_number,
        c1_0.active,
        c1_0.bank_bin,
        c1_0.bank_name,
        c1_0.created_at,
        c1_0.display_name,
        c1_0.email,
        c1_0.password_hash,
        c1_0.qr_code_url,
        c1_0.reset_code_expires_at,
        c1_0.reset_code_hash,
        c1_0.role,
        c1_0.updated_at,
        i1_0.drink_name,
        i1_0.line_total,
        i1_0.quantity,
        i1_0.unit_price,
        do1_0.note,
        do1_0.order_date,
        do1_0.payer_member_id,
        p1_0.id,
        p1_0.account_name,
        p1_0.account_number,
        p1_0.active,
        p1_0.bank_bin,
        p1_0.bank_name,
        p1_0.created_at,
        p1_0.display_name,
        p1_0.email,
        p1_0.password_hash,
        p1_0.qr_code_url,
        p1_0.reset_code_expires_at,
        p1_0.reset_code_hash,
        p1_0.role,
        p1_0.updated_at,
        do1_0.total_amount,
        do1_0.updated_at 
    from
        drink_orders do1_0 
    join
        members p1_0 
            on p1_0.id=do1_0.payer_member_id 
    left join
        order_items i1_0 
            on do1_0.id=i1_0.order_id 
    left join
        members c1_0 
            on c1_0.id=i1_0.consumer_member_id 
    where
        do1_0.order_date between ? and ? 
    order by
        do1_0.order_date,
        do1_0.id
2026-09-13T22:58:29.321+07:00 DEBUG 2616 --- [tea-attendance-api] [nio-8080-exec-6] org.hibernate.SQL                        : 
    select
        dci1_0.id,
        dci1_0.active,
        dci1_0.created_at,
        dci1_0.icon,
        dci1_0.name,
        dci1_0.price,
        dci1_0.updated_at 
    from
        drink_catalog dci1_0
2026-09-13T22:58:29.321+07:00 DEBUG 2616 --- [tea-attendance-api] [nio-8080-exec-7] org.hibernate.SQL                        : 
    select
        m1_0.id,
        m1_0.account_name,
        m1_0.account_number,
        m1_0.active,
        m1_0.bank_bin,
        m1_0.bank_name,
        m1_0.created_at,
        m1_0.display_name,
        m1_0.email,
        m1_0.password_hash,
        m1_0.qr_code_url,
        m1_0.reset_code_expires_at,
        m1_0.reset_code_hash,
        m1_0.role,
        m1_0.updated_at 
    from
        members m1_0 
    where
        m1_0.active 
    order by
        m1_0.display_name
2026-09-13T22:58:29.326+07:00 DEBUG 2616 --- [tea-attendance-api] [nio-8080-exec-4] org.hibernate.SQL                        : 
    select
        cm1_0.id,
        cm1_0.content,
        cm1_0.created_at,
        cm1_0.sender_member_id,
        s1_0.id,
        s1_0.account_name,
        s1_0.account_number,
        s1_0.active,
        s1_0.bank_bin,
        s1_0.bank_name,
        s1_0.created_at,
        s1_0.display_name,
        s1_0.email,
        s1_0.password_hash,
        s1_0.qr_code_url,
        s1_0.reset_code_expires_at,
        s1_0.reset_code_hash,
        s1_0.role,
        s1_0.updated_at 
    from
        chat_messages cm1_0 
    join
        members s1_0 
            on s1_0.id=cm1_0.sender_member_id 
    order by
        cm1_0.created_at desc 
    limit
        ?
2026-09-13T22:58:29.329+07:00 DEBUG 2616 --- [tea-attendance-api] [nio-8080-exec-1] org.hibernate.SQL                        : 
    select
        n1_0.id,
        n1_0.body,
        n1_0.created_at,
        n1_0.read_at,
        n1_0.recipient_member_id,
        r1_0.id,
        r1_0.account_name,
        r1_0.account_number,
        r1_0.active,
        r1_0.bank_bin,
        r1_0.bank_name,
        r1_0.created_at,
        r1_0.display_name,
        r1_0.email,
        r1_0.password_hash,
        r1_0.qr_code_url,
        r1_0.reset_code_expires_at,
        r1_0.reset_code_hash,
        r1_0.role,
        r1_0.updated_at,
        n1_0.settlement_id,
        n1_0.title,
        n1_0.transfer_id,
        n1_0.type 
    from
        notifications n1_0 
    join
        members r1_0 
            on r1_0.id=n1_0.recipient_member_id 
    where
        r1_0.id=? 
    order by
        n1_0.created_at desc
2026-09-13T22:58:29.338+07:00 DEBUG 2616 --- [tea-attendance-api] [nio-8080-exec-4] org.hibernate.SQL                        : 
    select
        a1_0.message_id,
        a1_0.id,
        a1_0.byte_size,
        a1_0.content_type,
        a1_0.created_at,
        a1_0.original_filename,
        a1_0.storage_key 
    from
        chat_attachments a1_0 
    where
        a1_0.message_id=? 
    order by
        a1_0.id
2026-09-13T22:58:29.340+07:00 DEBUG 2616 --- [tea-attendance-api] [nio-8080-exec-6] m.m.a.RequestResponseBodyMethodProcessor : Using 'application/json', given [*/*] and supported [application/json, application/*+json]
2026-09-13T22:58:29.340+07:00 DEBUG 2616 --- [tea-attendance-api] [nio-8080-exec-6] m.m.a.RequestResponseBodyMethodProcessor : Writing [[DrinkCatalogResponse[id=1, name=Tra da, price=5000, icon=?, active=true], DrinkCatalogResponse[id= (truncated)...]
2026-09-13T22:58:29.342+07:00 DEBUG 2616 --- [tea-attendance-api] [nio-8080-exec-6] o.s.web.servlet.DispatcherServlet        : Completed 200 OK
2026-09-13T22:58:29.343+07:00 DEBUG 2616 --- [tea-attendance-api] [nio-8080-exec-9] m.m.a.RequestResponseBodyMethodProcessor : Using 'application/json', given [*/*] and supported [application/json, application/*+json]
2026-09-13T22:58:29.344+07:00 DEBUG 2616 --- [tea-attendance-api] [nio-8080-exec-4] org.hibernate.SQL                        : 
    select
        a1_0.message_id,
        a1_0.id,
        a1_0.byte_size,
        a1_0.content_type,
        a1_0.created_at,
        a1_0.original_filename,
        a1_0.storage_key 
    from
        chat_attachments a1_0 
    where
        a1_0.message_id=? 
    order by
        a1_0.id
2026-09-13T22:58:29.344+07:00 DEBUG 2616 --- [tea-attendance-api] [nio-8080-exec-9] m.m.a.RequestResponseBodyMethodProcessor : Writing [[ExpenseResponse[id=1, orderDate=2026-09-12, payer=MemberBriefResponse[id=2, displayName=Linh Chi],  (truncated)...]
2026-09-13T22:58:29.346+07:00 DEBUG 2616 --- [tea-attendance-api] [nio-8080-exec-9] o.s.web.servlet.DispatcherServlet        : Completed 200 OK
2026-09-13T22:58:29.347+07:00 DEBUG 2616 --- [tea-attendance-api] [nio-8080-exec-1] m.m.a.RequestResponseBodyMethodProcessor : Using 'application/json', given [*/*] and supported [application/json, application/*+json]
2026-09-13T22:58:29.347+07:00 DEBUG 2616 --- [tea-attendance-api] [nio-8080-exec-7] m.m.a.RequestResponseBodyMethodProcessor : Using 'application/json', given [*/*] and supported [application/json, application/*+json]
2026-09-13T22:58:29.347+07:00 DEBUG 2616 --- [tea-attendance-api] [nio-8080-exec-1] m.m.a.RequestResponseBodyMethodProcessor : Writing [[]]
2026-09-13T22:58:29.348+07:00 DEBUG 2616 --- [tea-attendance-api] [nio-8080-exec-7] m.m.a.RequestResponseBodyMethodProcessor : Writing [[MemberResponse[id=4, displayName=H??ng, email=huong@example.test, bankName=Techcombank, bankBin=970 (truncated)...]
2026-09-13T22:58:29.348+07:00 DEBUG 2616 --- [tea-attendance-api] [nio-8080-exec-1] o.s.web.servlet.DispatcherServlet        : Completed 200 OK
2026-09-13T22:58:29.349+07:00 DEBUG 2616 --- [tea-attendance-api] [nio-8080-exec-7] o.s.web.servlet.DispatcherServlet        : Completed 200 OK
2026-09-13T22:58:29.359+07:00 DEBUG 2616 --- [tea-attendance-api] [nio-8080-exec-4] m.m.a.RequestResponseBodyMethodProcessor : Using 'application/json', given [*/*] and supported [application/json, application/*+json]
2026-09-13T22:58:29.360+07:00 DEBUG 2616 --- [tea-attendance-api] [nio-8080-exec-4] m.m.a.RequestResponseBodyMethodProcessor : Writing [[ChatMessageResponse[id=2, sender=MemberBriefResponse[id=1, displayName=Minh Anh], content=alo, atta (truncated)...]
2026-09-13T22:58:29.362+07:00 DEBUG 2616 --- [tea-attendance-api] [nio-8080-exec-4] o.s.web.servlet.DispatcherServlet        : Completed 200 OK
2026-09-13T22:58:44.295+07:00 DEBUG 2616 --- [tea-attendance-api] [nio-8080-exec-2] o.s.web.servlet.DispatcherServlet        : GET "/api/members", parameters={}
2026-09-13T22:58:44.295+07:00 DEBUG 2616 --- [tea-attendance-api] [nio-8080-exec-2] s.w.s.m.m.a.RequestMappingHandlerMapping : Mapped to com.trasua.api.MemberController#list(boolean)
2026-09-13T22:58:44.296+07:00 DEBUG 2616 --- [tea-attendance-api] [nio-8080-exec-5] o.s.web.servlet.DispatcherServlet        : GET "/api/expenses/range?from=2026-09-07&to=2026-09-13", parameters={masked}
2026-09-13T22:58:44.296+07:00 DEBUG 2616 --- [tea-attendance-api] [nio-8080-exec-8] o.s.web.servlet.DispatcherServlet        : GET "/api/drinks?includeInactive=true", parameters={masked}
2026-09-13T22:58:44.296+07:00 DEBUG 2616 --- [tea-attendance-api] [nio-8080-exec-8] s.w.s.m.m.a.RequestMappingHandlerMapping : Mapped to com.trasua.api.DrinkCatalogController#list(boolean)
2026-09-13T22:58:44.296+07:00 DEBUG 2616 --- [tea-attendance-api] [nio-8080-exec-5] s.w.s.m.m.a.RequestMappingHandlerMapping : Mapped to com.trasua.api.ExpenseController#range(LocalDate, LocalDate)
2026-09-13T22:58:44.298+07:00 DEBUG 2616 --- [tea-attendance-api] [nio-8080-exec-3] o.s.web.servlet.DispatcherServlet        : GET "/api/chat/messages", parameters={}
2026-09-13T22:58:44.298+07:00 DEBUG 2616 --- [tea-attendance-api] [nio-8080-exec-3] s.w.s.m.m.a.RequestMappingHandlerMapping : Mapped to com.trasua.api.ChatController#list(Instant, int)
2026-09-13T22:58:44.315+07:00 DEBUG 2616 --- [tea-attendance-api] [nio-8080-exec-3] org.hibernate.SQL                        : 
    select
        cm1_0.id,
        cm1_0.content,
        cm1_0.created_at,
        cm1_0.sender_member_id,
        s1_0.id,
        s1_0.account_name,
        s1_0.account_number,
        s1_0.active,
        s1_0.bank_bin,
        s1_0.bank_name,
        s1_0.created_at,
        s1_0.display_name,
        s1_0.email,
        s1_0.password_hash,
        s1_0.qr_code_url,
        s1_0.reset_code_expires_at,
        s1_0.reset_code_hash,
        s1_0.role,
        s1_0.updated_at 
    from
        chat_messages cm1_0 
    join
        members s1_0 
            on s1_0.id=cm1_0.sender_member_id 
    order by
        cm1_0.created_at desc 
    limit
        ?
2026-09-13T22:58:44.317+07:00 DEBUG 2616 --- [tea-attendance-api] [nio-8080-exec-5] org.hibernate.SQL                        : 
    select
        distinct do1_0.id,
        do1_0.created_at,
        i1_0.order_id,
        i1_0.id,
        i1_0.consumer_member_id,
        c1_0.id,
        c1_0.account_name,
        c1_0.account_number,
        c1_0.active,
        c1_0.bank_bin,
        c1_0.bank_name,
        c1_0.created_at,
        c1_0.display_name,
        c1_0.email,
        c1_0.password_hash,
        c1_0.qr_code_url,
        c1_0.reset_code_expires_at,
        c1_0.reset_code_hash,
        c1_0.role,
        c1_0.updated_at,
        i1_0.drink_name,
        i1_0.line_total,
        i1_0.quantity,
        i1_0.unit_price,
        do1_0.note,
        do1_0.order_date,
        do1_0.payer_member_id,
        p1_0.id,
        p1_0.account_name,
        p1_0.account_number,
        p1_0.active,
        p1_0.bank_bin,
        p1_0.bank_name,
        p1_0.created_at,
        p1_0.display_name,
        p1_0.email,
        p1_0.password_hash,
        p1_0.qr_code_url,
        p1_0.reset_code_expires_at,
        p1_0.reset_code_hash,
        p1_0.role,
        p1_0.updated_at,
        do1_0.total_amount,
        do1_0.updated_at 
    from
        drink_orders do1_0 
    join
        members p1_0 
            on p1_0.id=do1_0.payer_member_id 
    left join
        order_items i1_0 
            on do1_0.id=i1_0.order_id 
    left join
        members c1_0 
            on c1_0.id=i1_0.consumer_member_id 
    where
        do1_0.order_date between ? and ? 
    order by
        do1_0.order_date,
        do1_0.id
2026-09-13T22:58:44.318+07:00 DEBUG 2616 --- [tea-attendance-api] [io-8080-exec-10] o.s.web.servlet.DispatcherServlet        : GET "/api/notifications?memberId=6", parameters={masked}
2026-09-13T22:58:44.318+07:00 DEBUG 2616 --- [tea-attendance-api] [io-8080-exec-10] s.w.s.m.m.a.RequestMappingHandlerMapping : Mapped to com.trasua.api.NotificationController#list(Long)
2026-09-13T22:58:44.320+07:00 DEBUG 2616 --- [tea-attendance-api] [nio-8080-exec-2] org.hibernate.SQL                        : 
    select
        m1_0.id,
        m1_0.account_name,
        m1_0.account_number,
        m1_0.active,
        m1_0.bank_bin,
        m1_0.bank_name,
        m1_0.created_at,
        m1_0.display_name,
        m1_0.email,
        m1_0.password_hash,
        m1_0.qr_code_url,
        m1_0.reset_code_expires_at,
        m1_0.reset_code_hash,
        m1_0.role,
        m1_0.updated_at 
    from
        members m1_0 
    where
        m1_0.active 
    order by
        m1_0.display_name
2026-09-13T22:58:44.323+07:00 DEBUG 2616 --- [tea-attendance-api] [nio-8080-exec-8] org.hibernate.SQL                        : 
    select
        dci1_0.id,
        dci1_0.active,
        dci1_0.created_at,
        dci1_0.icon,
        dci1_0.name,
        dci1_0.price,
        dci1_0.updated_at 
    from
        drink_catalog dci1_0
2026-09-13T22:58:44.333+07:00 DEBUG 2616 --- [tea-attendance-api] [nio-8080-exec-3] org.hibernate.SQL                        : 
    select
        a1_0.message_id,
        a1_0.id,
        a1_0.byte_size,
        a1_0.content_type,
        a1_0.created_at,
        a1_0.original_filename,
        a1_0.storage_key 
    from
        chat_attachments a1_0 
    where
        a1_0.message_id=? 
    order by
        a1_0.id
2026-09-13T22:58:44.333+07:00 DEBUG 2616 --- [tea-attendance-api] [io-8080-exec-10] org.hibernate.SQL                        : 
    select
        n1_0.id,
        n1_0.body,
        n1_0.created_at,
        n1_0.read_at,
        n1_0.recipient_member_id,
        r1_0.id,
        r1_0.account_name,
        r1_0.account_number,
        r1_0.active,
        r1_0.bank_bin,
        r1_0.bank_name,
        r1_0.created_at,
        r1_0.display_name,
        r1_0.email,
        r1_0.password_hash,
        r1_0.qr_code_url,
        r1_0.reset_code_expires_at,
        r1_0.reset_code_hash,
        r1_0.role,
        r1_0.updated_at,
        n1_0.settlement_id,
        n1_0.title,
        n1_0.transfer_id,
        n1_0.type 
    from
        notifications n1_0 
    join
        members r1_0 
            on r1_0.id=n1_0.recipient_member_id 
    where
        r1_0.id=? 
    order by
        n1_0.created_at desc
2026-09-13T22:58:44.339+07:00 DEBUG 2616 --- [tea-attendance-api] [nio-8080-exec-2] m.m.a.RequestResponseBodyMethodProcessor : Using 'application/json', given [*/*] and supported [application/json, application/*+json]
2026-09-13T22:58:44.339+07:00 DEBUG 2616 --- [tea-attendance-api] [nio-8080-exec-2] m.m.a.RequestResponseBodyMethodProcessor : Writing [[MemberResponse[id=4, displayName=H??ng, email=huong@example.test, bankName=Techcombank, bankBin=970 (truncated)...]
2026-09-13T22:58:44.340+07:00 DEBUG 2616 --- [tea-attendance-api] [nio-8080-exec-5] m.m.a.RequestResponseBodyMethodProcessor : Using 'application/json', given [*/*] and supported [application/json, application/*+json]
2026-09-13T22:58:44.340+07:00 DEBUG 2616 --- [tea-attendance-api] [nio-8080-exec-8] m.m.a.RequestResponseBodyMethodProcessor : Using 'application/json', given [*/*] and supported [application/json, application/*+json]
2026-09-13T22:58:44.340+07:00 DEBUG 2616 --- [tea-attendance-api] [nio-8080-exec-2] o.s.web.servlet.DispatcherServlet        : Completed 200 OK
2026-09-13T22:58:44.340+07:00 DEBUG 2616 --- [tea-attendance-api] [nio-8080-exec-3] org.hibernate.SQL                        : 
    select
        a1_0.message_id,
        a1_0.id,
        a1_0.byte_size,
        a1_0.content_type,
        a1_0.created_at,
        a1_0.original_filename,
        a1_0.storage_key 
    from
        chat_attachments a1_0 
    where
        a1_0.message_id=? 
    order by
        a1_0.id
2026-09-13T22:58:44.340+07:00 DEBUG 2616 --- [tea-attendance-api] [nio-8080-exec-8] m.m.a.RequestResponseBodyMethodProcessor : Writing [[DrinkCatalogResponse[id=1, name=Tra da, price=5000, icon=?, active=true], DrinkCatalogResponse[id= (truncated)...]
2026-09-13T22:58:44.340+07:00 DEBUG 2616 --- [tea-attendance-api] [nio-8080-exec-5] m.m.a.RequestResponseBodyMethodProcessor : Writing [[ExpenseResponse[id=1, orderDate=2026-09-12, payer=MemberBriefResponse[id=2, displayName=Linh Chi],  (truncated)...]
2026-09-13T22:58:44.341+07:00 DEBUG 2616 --- [tea-attendance-api] [nio-8080-exec-8] o.s.web.servlet.DispatcherServlet        : Completed 200 OK
2026-09-13T22:58:44.341+07:00 DEBUG 2616 --- [tea-attendance-api] [nio-8080-exec-5] o.s.web.servlet.DispatcherServlet        : Completed 200 OK
2026-09-13T22:58:44.347+07:00 DEBUG 2616 --- [tea-attendance-api] [io-8080-exec-10] m.m.a.RequestResponseBodyMethodProcessor : Using 'application/json', given [*/*] and supported [application/json, application/*+json]
2026-09-13T22:58:44.348+07:00 DEBUG 2616 --- [tea-attendance-api] [io-8080-exec-10] m.m.a.RequestResponseBodyMethodProcessor : Writing [[]]
2026-09-13T22:58:44.348+07:00 DEBUG 2616 --- [tea-attendance-api] [io-8080-exec-10] o.s.web.servlet.DispatcherServlet        : Completed 200 OK
2026-09-13T22:58:44.354+07:00 DEBUG 2616 --- [tea-attendance-api] [nio-8080-exec-3] m.m.a.RequestResponseBodyMethodProcessor : Using 'application/json', given [*/*] and supported [application/json, application/*+json]
2026-09-13T22:58:44.354+07:00 DEBUG 2616 --- [tea-attendance-api] [nio-8080-exec-3] m.m.a.RequestResponseBodyMethodProcessor : Writing [[ChatMessageResponse[id=2, sender=MemberBriefResponse[id=1, displayName=Minh Anh], content=alo, atta (truncated)...]
2026-09-13T22:58:44.355+07:00 DEBUG 2616 --- [tea-attendance-api] [nio-8080-exec-3] o.s.web.servlet.DispatcherServlet        : Completed 200 OK
2026-09-13T22:58:59.313+07:00 DEBUG 2616 --- [tea-attendance-api] [nio-8080-exec-6] o.s.web.servlet.DispatcherServlet        : GET "/api/members", parameters={}
2026-09-13T22:58:59.313+07:00 DEBUG 2616 --- [tea-attendance-api] [nio-8080-exec-6] s.w.s.m.m.a.RequestMappingHandlerMapping : Mapped to com.trasua.api.MemberController#list(boolean)
2026-09-13T22:58:59.318+07:00 DEBUG 2616 --- [tea-attendance-api] [nio-8080-exec-9] o.s.web.servlet.DispatcherServlet        : GET "/api/drinks?includeInactive=true", parameters={masked}
2026-09-13T22:58:59.319+07:00 DEBUG 2616 --- [tea-attendance-api] [nio-8080-exec-9] s.w.s.m.m.a.RequestMappingHandlerMapping : Mapped to com.trasua.api.DrinkCatalogController#list(boolean)
2026-09-13T22:58:59.325+07:00 DEBUG 2616 --- [tea-attendance-api] [nio-8080-exec-1] o.s.web.servlet.DispatcherServlet        : GET "/api/expenses/range?from=2026-09-07&to=2026-09-13", parameters={masked}
2026-09-13T22:58:59.325+07:00 DEBUG 2616 --- [tea-attendance-api] [nio-8080-exec-1] s.w.s.m.m.a.RequestMappingHandlerMapping : Mapped to com.trasua.api.ExpenseController#range(LocalDate, LocalDate)
2026-09-13T22:58:59.330+07:00 DEBUG 2616 --- [tea-attendance-api] [nio-8080-exec-7] o.s.web.servlet.DispatcherServlet        : GET "/api/chat/messages", parameters={}
2026-09-13T22:58:59.330+07:00 DEBUG 2616 --- [tea-attendance-api] [nio-8080-exec-7] s.w.s.m.m.a.RequestMappingHandlerMapping : Mapped to com.trasua.api.ChatController#list(Instant, int)
2026-09-13T22:58:59.332+07:00 DEBUG 2616 --- [tea-attendance-api] [nio-8080-exec-6] org.hibernate.SQL                        : 
    select
        m1_0.id,
        m1_0.account_name,
        m1_0.account_number,
        m1_0.active,
        m1_0.bank_bin,
        m1_0.bank_name,
        m1_0.created_at,
        m1_0.display_name,
        m1_0.email,
        m1_0.password_hash,
        m1_0.qr_code_url,
        m1_0.reset_code_expires_at,
        m1_0.reset_code_hash,
        m1_0.role,
        m1_0.updated_at 
    from
        members m1_0 
    where
        m1_0.active 
    order by
        m1_0.display_name
2026-09-13T22:58:59.336+07:00 DEBUG 2616 --- [tea-attendance-api] [nio-8080-exec-9] org.hibernate.SQL                        : 
    select
        dci1_0.id,
        dci1_0.active,
        dci1_0.created_at,
        dci1_0.icon,
        dci1_0.name,
        dci1_0.price,
        dci1_0.updated_at 
    from
        drink_catalog dci1_0
2026-09-13T22:58:59.339+07:00 DEBUG 2616 --- [tea-attendance-api] [nio-8080-exec-1] org.hibernate.SQL                        : 
    select
        distinct do1_0.id,
        do1_0.created_at,
        i1_0.order_id,
        i1_0.id,
        i1_0.consumer_member_id,
        c1_0.id,
        c1_0.account_name,
        c1_0.account_number,
        c1_0.active,
        c1_0.bank_bin,
        c1_0.bank_name,
        c1_0.created_at,
        c1_0.display_name,
        c1_0.email,
        c1_0.password_hash,
        c1_0.qr_code_url,
        c1_0.reset_code_expires_at,
        c1_0.reset_code_hash,
        c1_0.role,
        c1_0.updated_at,
        i1_0.drink_name,
        i1_0.line_total,
        i1_0.quantity,
        i1_0.unit_price,
        do1_0.note,
        do1_0.order_date,
        do1_0.payer_member_id,
        p1_0.id,
        p1_0.account_name,
        p1_0.account_number,
        p1_0.active,
        p1_0.bank_bin,
        p1_0.bank_name,
        p1_0.created_at,
        p1_0.display_name,
        p1_0.email,
        p1_0.password_hash,
        p1_0.qr_code_url,
        p1_0.reset_code_expires_at,
        p1_0.reset_code_hash,
        p1_0.role,
        p1_0.updated_at,
        do1_0.total_amount,
        do1_0.updated_at 
    from
        drink_orders do1_0 
    join
        members p1_0 
            on p1_0.id=do1_0.payer_member_id 
    left join
        order_items i1_0 
            on do1_0.id=i1_0.order_id 
    left join
        members c1_0 
            on c1_0.id=i1_0.consumer_member_id 
    where
        do1_0.order_date between ? and ? 
    order by
        do1_0.order_date,
        do1_0.id
2026-09-13T22:58:59.346+07:00 DEBUG 2616 --- [tea-attendance-api] [nio-8080-exec-7] org.hibernate.SQL                        : 
    select
        cm1_0.id,
        cm1_0.content,
        cm1_0.created_at,
        cm1_0.sender_member_id,
        s1_0.id,
        s1_0.account_name,
        s1_0.account_number,
        s1_0.active,
        s1_0.bank_bin,
        s1_0.bank_name,
        s1_0.created_at,
        s1_0.display_name,
        s1_0.email,
        s1_0.password_hash,
        s1_0.qr_code_url,
        s1_0.reset_code_expires_at,
        s1_0.reset_code_hash,
        s1_0.role,
        s1_0.updated_at 
    from
        chat_messages cm1_0 
    join
        members s1_0 
            on s1_0.id=cm1_0.sender_member_id 
    order by
        cm1_0.created_at desc 
    limit
        ?
2026-09-13T22:58:59.354+07:00 DEBUG 2616 --- [tea-attendance-api] [nio-8080-exec-7] org.hibernate.SQL                        : 
    select
        a1_0.message_id,
        a1_0.id,
        a1_0.byte_size,
        a1_0.content_type,
        a1_0.created_at,
        a1_0.original_filename,
        a1_0.storage_key 
    from
        chat_attachments a1_0 
    where
        a1_0.message_id=? 
    order by
        a1_0.id
2026-09-13T22:58:59.355+07:00 DEBUG 2616 --- [tea-attendance-api] [nio-8080-exec-6] m.m.a.RequestResponseBodyMethodProcessor : Using 'application/json', given [*/*] and supported [application/json, application/*+json]
2026-09-13T22:58:59.356+07:00 DEBUG 2616 --- [tea-attendance-api] [nio-8080-exec-6] m.m.a.RequestResponseBodyMethodProcessor : Writing [[MemberResponse[id=4, displayName=H??ng, email=huong@example.test, bankName=Techcombank, bankBin=970 (truncated)...]
2026-09-13T22:58:59.357+07:00 DEBUG 2616 --- [tea-attendance-api] [nio-8080-exec-6] o.s.web.servlet.DispatcherServlet        : Completed 200 OK
2026-09-13T22:58:59.359+07:00 DEBUG 2616 --- [tea-attendance-api] [nio-8080-exec-9] m.m.a.RequestResponseBodyMethodProcessor : Using 'application/json', given [*/*] and supported [application/json, application/*+json]
2026-09-13T22:58:59.359+07:00 DEBUG 2616 --- [tea-attendance-api] [nio-8080-exec-7] org.hibernate.SQL                        : 
    select
        a1_0.message_id,
        a1_0.id,
        a1_0.byte_size,
        a1_0.content_type,
        a1_0.created_at,
        a1_0.original_filename,
        a1_0.storage_key 
    from
        chat_attachments a1_0 
    where
        a1_0.message_id=? 
    order by
        a1_0.id
2026-09-13T22:58:59.359+07:00 DEBUG 2616 --- [tea-attendance-api] [nio-8080-exec-9] m.m.a.RequestResponseBodyMethodProcessor : Writing [[DrinkCatalogResponse[id=1, name=Tra da, price=5000, icon=?, active=true], DrinkCatalogResponse[id= (truncated)...]
2026-09-13T22:58:59.361+07:00 DEBUG 2616 --- [tea-attendance-api] [nio-8080-exec-9] o.s.web.servlet.DispatcherServlet        : Completed 200 OK
2026-09-13T22:58:59.363+07:00 DEBUG 2616 --- [tea-attendance-api] [nio-8080-exec-1] m.m.a.RequestResponseBodyMethodProcessor : Using 'application/json', given [*/*] and supported [application/json, application/*+json]
2026-09-13T22:58:59.364+07:00 DEBUG 2616 --- [tea-attendance-api] [nio-8080-exec-1] m.m.a.RequestResponseBodyMethodProcessor : Writing [[ExpenseResponse[id=1, orderDate=2026-09-12, payer=MemberBriefResponse[id=2, displayName=Linh Chi],  (truncated)...]
2026-09-13T22:58:59.365+07:00 DEBUG 2616 --- [tea-attendance-api] [nio-8080-exec-1] o.s.web.servlet.DispatcherServlet        : Completed 200 OK
2026-09-13T22:58:59.366+07:00 DEBUG 2616 --- [tea-attendance-api] [nio-8080-exec-4] o.s.web.servlet.DispatcherServlet        : GET "/api/notifications?memberId=6", parameters={masked}
2026-09-13T22:58:59.366+07:00 DEBUG 2616 --- [tea-attendance-api] [nio-8080-exec-4] s.w.s.m.m.a.RequestMappingHandlerMapping : Mapped to com.trasua.api.NotificationController#list(Long)
2026-09-13T22:58:59.376+07:00 DEBUG 2616 --- [tea-attendance-api] [nio-8080-exec-7] m.m.a.RequestResponseBodyMethodProcessor : Using 'application/json', given [*/*] and supported [application/json, application/*+json]
2026-09-13T22:58:59.376+07:00 DEBUG 2616 --- [tea-attendance-api] [nio-8080-exec-7] m.m.a.RequestResponseBodyMethodProcessor : Writing [[ChatMessageResponse[id=2, sender=MemberBriefResponse[id=1, displayName=Minh Anh], content=alo, atta (truncated)...]
2026-09-13T22:58:59.377+07:00 DEBUG 2616 --- [tea-attendance-api] [nio-8080-exec-7] o.s.web.servlet.DispatcherServlet        : Completed 200 OK
2026-09-13T22:58:59.381+07:00 DEBUG 2616 --- [tea-attendance-api] [nio-8080-exec-4] org.hibernate.SQL                        : 
    select
        n1_0.id,
        n1_0.body,
        n1_0.created_at,
        n1_0.read_at,
        n1_0.recipient_member_id,
        r1_0.id,
        r1_0.account_name,
        r1_0.account_number,
        r1_0.active,
        r1_0.bank_bin,
        r1_0.bank_name,
        r1_0.created_at,
        r1_0.display_name,
        r1_0.email,
        r1_0.password_hash,
        r1_0.qr_code_url,
        r1_0.reset_code_expires_at,
        r1_0.reset_code_hash,
        r1_0.role,
        r1_0.updated_at,
        n1_0.settlement_id,
        n1_0.title,
        n1_0.transfer_id,
        n1_0.type 
    from
        notifications n1_0 
    join
        members r1_0 
            on r1_0.id=n1_0.recipient_member_id 
    where
        r1_0.id=? 
    order by
        n1_0.created_at desc
2026-09-13T22:58:59.392+07:00 DEBUG 2616 --- [tea-attendance-api] [nio-8080-exec-4] m.m.a.RequestResponseBodyMethodProcessor : Using 'application/json', given [*/*] and supported [application/json, application/*+json]
2026-09-13T22:58:59.392+07:00 DEBUG 2616 --- [tea-attendance-api] [nio-8080-exec-4] m.m.a.RequestResponseBodyMethodProcessor : Writing [[]]
2026-09-13T22:58:59.393+07:00 DEBUG 2616 --- [tea-attendance-api] [nio-8080-exec-4] o.s.web.servlet.DispatcherServlet        : Completed 200 OK
2026-09-13T22:59:14.324+07:00 DEBUG 2616 --- [tea-attendance-api] [nio-8080-exec-5] o.s.web.servlet.DispatcherServlet        : GET "/api/drinks?includeInactive=true", parameters={masked}
2026-09-13T22:59:14.324+07:00 DEBUG 2616 --- [tea-attendance-api] [nio-8080-exec-5] s.w.s.m.m.a.RequestMappingHandlerMapping : Mapped to com.trasua.api.DrinkCatalogController#list(boolean)
2026-09-13T22:59:14.324+07:00 DEBUG 2616 --- [tea-attendance-api] [nio-8080-exec-8] o.s.web.servlet.DispatcherServlet        : GET "/api/expenses/range?from=2026-09-07&to=2026-09-13", parameters={masked}
2026-09-13T22:59:14.324+07:00 DEBUG 2616 --- [tea-attendance-api] [nio-8080-exec-8] s.w.s.m.m.a.RequestMappingHandlerMapping : Mapped to com.trasua.api.ExpenseController#range(LocalDate, LocalDate)
2026-09-13T22:59:14.325+07:00 DEBUG 2616 --- [tea-attendance-api] [nio-8080-exec-2] o.s.web.servlet.DispatcherServlet        : GET "/api/members", parameters={}
2026-09-13T22:59:14.325+07:00 DEBUG 2616 --- [tea-attendance-api] [nio-8080-exec-2] s.w.s.m.m.a.RequestMappingHandlerMapping : Mapped to com.trasua.api.MemberController#list(boolean)
2026-09-13T22:59:14.330+07:00 DEBUG 2616 --- [tea-attendance-api] [io-8080-exec-10] o.s.web.servlet.DispatcherServlet        : GET "/api/chat/messages", parameters={}
2026-09-13T22:59:14.330+07:00 DEBUG 2616 --- [tea-attendance-api] [io-8080-exec-10] s.w.s.m.m.a.RequestMappingHandlerMapping : Mapped to com.trasua.api.ChatController#list(Instant, int)
2026-09-13T22:59:14.343+07:00 DEBUG 2616 --- [tea-attendance-api] [nio-8080-exec-3] o.s.web.servlet.DispatcherServlet        : GET "/api/notifications?memberId=6", parameters={masked}
2026-09-13T22:59:14.343+07:00 DEBUG 2616 --- [tea-attendance-api] [nio-8080-exec-3] s.w.s.m.m.a.RequestMappingHandlerMapping : Mapped to com.trasua.api.NotificationController#list(Long)
2026-09-13T22:59:14.344+07:00 DEBUG 2616 --- [tea-attendance-api] [nio-8080-exec-8] org.hibernate.SQL                        : 
    select
        distinct do1_0.id,
        do1_0.created_at,
        i1_0.order_id,
        i1_0.id,
        i1_0.consumer_member_id,
        c1_0.id,
        c1_0.account_name,
        c1_0.account_number,
        c1_0.active,
        c1_0.bank_bin,
        c1_0.bank_name,
        c1_0.created_at,
        c1_0.display_name,
        c1_0.email,
        c1_0.password_hash,
        c1_0.qr_code_url,
        c1_0.reset_code_expires_at,
        c1_0.reset_code_hash,
        c1_0.role,
        c1_0.updated_at,
        i1_0.drink_name,
        i1_0.line_total,
        i1_0.quantity,
        i1_0.unit_price,
        do1_0.note,
        do1_0.order_date,
        do1_0.payer_member_id,
        p1_0.id,
        p1_0.account_name,
        p1_0.account_number,
        p1_0.active,
        p1_0.bank_bin,
        p1_0.bank_name,
        p1_0.created_at,
        p1_0.display_name,
        p1_0.email,
        p1_0.password_hash,
        p1_0.qr_code_url,
        p1_0.reset_code_expires_at,
        p1_0.reset_code_hash,
        p1_0.role,
        p1_0.updated_at,
        do1_0.total_amount,
        do1_0.updated_at 
    from
        drink_orders do1_0 
    join
        members p1_0 
            on p1_0.id=do1_0.payer_member_id 
    left join
        order_items i1_0 
            on do1_0.id=i1_0.order_id 
    left join
        members c1_0 
            on c1_0.id=i1_0.consumer_member_id 
    where
        do1_0.order_date between ? and ? 
    order by
        do1_0.order_date,
        do1_0.id
2026-09-13T22:59:14.344+07:00 DEBUG 2616 --- [tea-attendance-api] [io-8080-exec-10] org.hibernate.SQL                        : 
    select
        cm1_0.id,
        cm1_0.content,
        cm1_0.created_at,
        cm1_0.sender_member_id,
        s1_0.id,
        s1_0.account_name,
        s1_0.account_number,
        s1_0.active,
        s1_0.bank_bin,
        s1_0.bank_name,
        s1_0.created_at,
        s1_0.display_name,
        s1_0.email,
        s1_0.password_hash,
        s1_0.qr_code_url,
        s1_0.reset_code_expires_at,
        s1_0.reset_code_hash,
        s1_0.role,
        s1_0.updated_at 
    from
        chat_messages cm1_0 
    join
        members s1_0 
            on s1_0.id=cm1_0.sender_member_id 
    order by
        cm1_0.created_at desc 
    limit
        ?
2026-09-13T22:59:14.346+07:00 DEBUG 2616 --- [tea-attendance-api] [nio-8080-exec-2] org.hibernate.SQL                        : 
    select
        m1_0.id,
        m1_0.account_name,
        m1_0.account_number,
        m1_0.active,
        m1_0.bank_bin,
        m1_0.bank_name,
        m1_0.created_at,
        m1_0.display_name,
        m1_0.email,
        m1_0.password_hash,
        m1_0.qr_code_url,
        m1_0.reset_code_expires_at,
        m1_0.reset_code_hash,
        m1_0.role,
        m1_0.updated_at 
    from
        members m1_0 
    where
        m1_0.active 
    order by
        m1_0.display_name
2026-09-13T22:59:14.347+07:00 DEBUG 2616 --- [tea-attendance-api] [nio-8080-exec-5] org.hibernate.SQL                        : 
    select
        dci1_0.id,
        dci1_0.active,
        dci1_0.created_at,
        dci1_0.icon,
        dci1_0.name,
        dci1_0.price,
        dci1_0.updated_at 
    from
        drink_catalog dci1_0
2026-09-13T22:59:14.352+07:00 DEBUG 2616 --- [tea-attendance-api] [io-8080-exec-10] org.hibernate.SQL                        : 
    select
        a1_0.message_id,
        a1_0.id,
        a1_0.byte_size,
        a1_0.content_type,
        a1_0.created_at,
        a1_0.original_filename,
        a1_0.storage_key 
    from
        chat_attachments a1_0 
    where
        a1_0.message_id=? 
    order by
        a1_0.id
2026-09-13T22:59:14.355+07:00 DEBUG 2616 --- [tea-attendance-api] [io-8080-exec-10] org.hibernate.SQL                        : 
    select
        a1_0.message_id,
        a1_0.id,
        a1_0.byte_size,
        a1_0.content_type,
        a1_0.created_at,
        a1_0.original_filename,
        a1_0.storage_key 
    from
        chat_attachments a1_0 
    where
        a1_0.message_id=? 
    order by
        a1_0.id
2026-09-13T22:59:14.357+07:00 DEBUG 2616 --- [tea-attendance-api] [nio-8080-exec-3] org.hibernate.SQL                        : 
    select
        n1_0.id,
        n1_0.body,
        n1_0.created_at,
        n1_0.read_at,
        n1_0.recipient_member_id,
        r1_0.id,
        r1_0.account_name,
        r1_0.account_number,
        r1_0.active,
        r1_0.bank_bin,
        r1_0.bank_name,
        r1_0.created_at,
        r1_0.display_name,
        r1_0.email,
        r1_0.password_hash,
        r1_0.qr_code_url,
        r1_0.reset_code_expires_at,
        r1_0.reset_code_hash,
        r1_0.role,
        r1_0.updated_at,
        n1_0.settlement_id,
        n1_0.title,
        n1_0.transfer_id,
        n1_0.type 
    from
        notifications n1_0 
    join
        members r1_0 
            on r1_0.id=n1_0.recipient_member_id 
    where
        r1_0.id=? 
    order by
        n1_0.created_at desc
2026-09-13T22:59:14.359+07:00 DEBUG 2616 --- [tea-attendance-api] [nio-8080-exec-2] m.m.a.RequestResponseBodyMethodProcessor : Using 'application/json', given [*/*] and supported [application/json, application/*+json]
2026-09-13T22:59:14.359+07:00 DEBUG 2616 --- [tea-attendance-api] [nio-8080-exec-5] m.m.a.RequestResponseBodyMethodProcessor : Using 'application/json', given [*/*] and supported [application/json, application/*+json]
2026-09-13T22:59:14.359+07:00 DEBUG 2616 --- [tea-attendance-api] [nio-8080-exec-5] m.m.a.RequestResponseBodyMethodProcessor : Writing [[DrinkCatalogResponse[id=1, name=Tra da, price=5000, icon=?, active=true], DrinkCatalogResponse[id= (truncated)...]
2026-09-13T22:59:14.359+07:00 DEBUG 2616 --- [tea-attendance-api] [nio-8080-exec-2] m.m.a.RequestResponseBodyMethodProcessor : Writing [[MemberResponse[id=4, displayName=H??ng, email=huong@example.test, bankName=Techcombank, bankBin=970 (truncated)...]
2026-09-13T22:59:14.360+07:00 DEBUG 2616 --- [tea-attendance-api] [nio-8080-exec-5] o.s.web.servlet.DispatcherServlet        : Completed 200 OK
2026-09-13T22:59:14.361+07:00 DEBUG 2616 --- [tea-attendance-api] [nio-8080-exec-2] o.s.web.servlet.DispatcherServlet        : Completed 200 OK
2026-09-13T22:59:14.367+07:00 DEBUG 2616 --- [tea-attendance-api] [io-8080-exec-10] m.m.a.RequestResponseBodyMethodProcessor : Using 'application/json', given [*/*] and supported [application/json, application/*+json]
2026-09-13T22:59:14.367+07:00 DEBUG 2616 --- [tea-attendance-api] [io-8080-exec-10] m.m.a.RequestResponseBodyMethodProcessor : Writing [[ChatMessageResponse[id=2, sender=MemberBriefResponse[id=1, displayName=Minh Anh], content=alo, atta (truncated)...]
2026-09-13T22:59:14.368+07:00 DEBUG 2616 --- [tea-attendance-api] [io-8080-exec-10] o.s.web.servlet.DispatcherServlet        : Completed 200 OK
2026-09-13T22:59:14.374+07:00 DEBUG 2616 --- [tea-attendance-api] [nio-8080-exec-3] m.m.a.RequestResponseBodyMethodProcessor : Using 'application/json', given [*/*] and supported [application/json, application/*+json]
2026-09-13T22:59:14.374+07:00 DEBUG 2616 --- [tea-attendance-api] [nio-8080-exec-3] m.m.a.RequestResponseBodyMethodProcessor : Writing [[]]
2026-09-13T22:59:14.374+07:00 DEBUG 2616 --- [tea-attendance-api] [nio-8080-exec-3] o.s.web.servlet.DispatcherServlet        : Completed 200 OK
2026-09-13T22:59:14.376+07:00 DEBUG 2616 --- [tea-attendance-api] [nio-8080-exec-8] m.m.a.RequestResponseBodyMethodProcessor : Using 'application/json', given [*/*] and supported [application/json, application/*+json]
2026-09-13T22:59:14.377+07:00 DEBUG 2616 --- [tea-attendance-api] [nio-8080-exec-8] m.m.a.RequestResponseBodyMethodProcessor : Writing [[ExpenseResponse[id=1, orderDate=2026-09-12, payer=MemberBriefResponse[id=2, displayName=Linh Chi],  (truncated)...]
2026-09-13T22:59:14.378+07:00 DEBUG 2616 --- [tea-attendance-api] [nio-8080-exec-8] o.s.web.servlet.DispatcherServlet        : Completed 200 OK
2026-09-13T22:59:29.300+07:00 DEBUG 2616 --- [tea-attendance-api] [nio-8080-exec-6] o.s.web.servlet.DispatcherServlet        : GET "/api/members", parameters={}
2026-09-13T22:59:29.300+07:00 DEBUG 2616 --- [tea-attendance-api] [nio-8080-exec-6] s.w.s.m.m.a.RequestMappingHandlerMapping : Mapped to com.trasua.api.MemberController#list(boolean)
2026-09-13T22:59:29.302+07:00 DEBUG 2616 --- [tea-attendance-api] [nio-8080-exec-1] o.s.web.servlet.DispatcherServlet        : GET "/api/expenses/range?from=2026-09-07&to=2026-09-13", parameters={masked}
2026-09-13T22:59:29.302+07:00 DEBUG 2616 --- [tea-attendance-api] [nio-8080-exec-9] o.s.web.servlet.DispatcherServlet        : GET "/api/drinks?includeInactive=true", parameters={masked}
2026-09-13T22:59:29.302+07:00 DEBUG 2616 --- [tea-attendance-api] [nio-8080-exec-1] s.w.s.m.m.a.RequestMappingHandlerMapping : Mapped to com.trasua.api.ExpenseController#range(LocalDate, LocalDate)
2026-09-13T22:59:29.302+07:00 DEBUG 2616 --- [tea-attendance-api] [nio-8080-exec-9] s.w.s.m.m.a.RequestMappingHandlerMapping : Mapped to com.trasua.api.DrinkCatalogController#list(boolean)
2026-09-13T22:59:29.303+07:00 DEBUG 2616 --- [tea-attendance-api] [nio-8080-exec-4] o.s.web.servlet.DispatcherServlet        : GET "/api/notifications?memberId=6", parameters={masked}
2026-09-13T22:59:29.303+07:00 DEBUG 2616 --- [tea-attendance-api] [nio-8080-exec-7] o.s.web.servlet.DispatcherServlet        : GET "/api/chat/messages", parameters={}
2026-09-13T22:59:29.304+07:00 DEBUG 2616 --- [tea-attendance-api] [nio-8080-exec-4] s.w.s.m.m.a.RequestMappingHandlerMapping : Mapped to com.trasua.api.NotificationController#list(Long)
2026-09-13T22:59:29.304+07:00 DEBUG 2616 --- [tea-attendance-api] [nio-8080-exec-7] s.w.s.m.m.a.RequestMappingHandlerMapping : Mapped to com.trasua.api.ChatController#list(Instant, int)
2026-09-13T22:59:29.310+07:00 DEBUG 2616 --- [tea-attendance-api] [nio-8080-exec-1] org.hibernate.SQL                        : 
    select
        distinct do1_0.id,
        do1_0.created_at,
        i1_0.order_id,
        i1_0.id,
        i1_0.consumer_member_id,
        c1_0.id,
        c1_0.account_name,
        c1_0.account_number,
        c1_0.active,
        c1_0.bank_bin,
        c1_0.bank_name,
        c1_0.created_at,
        c1_0.display_name,
        c1_0.email,
        c1_0.password_hash,
        c1_0.qr_code_url,
        c1_0.reset_code_expires_at,
        c1_0.reset_code_hash,
        c1_0.role,
        c1_0.updated_at,
        i1_0.drink_name,
        i1_0.line_total,
        i1_0.quantity,
        i1_0.unit_price,
        do1_0.note,
        do1_0.order_date,
        do1_0.payer_member_id,
        p1_0.id,
        p1_0.account_name,
        p1_0.account_number,
        p1_0.active,
        p1_0.bank_bin,
        p1_0.bank_name,
        p1_0.created_at,
        p1_0.display_name,
        p1_0.email,
        p1_0.password_hash,
        p1_0.qr_code_url,
        p1_0.reset_code_expires_at,
        p1_0.reset_code_hash,
        p1_0.role,
        p1_0.updated_at,
        do1_0.total_amount,
        do1_0.updated_at 
    from
        drink_orders do1_0 
    join
        members p1_0 
            on p1_0.id=do1_0.payer_member_id 
    left join
        order_items i1_0 
            on do1_0.id=i1_0.order_id 
    left join
        members c1_0 
            on c1_0.id=i1_0.consumer_member_id 
    where
        do1_0.order_date between ? and ? 
    order by
        do1_0.order_date,
        do1_0.id
2026-09-13T22:59:29.311+07:00 DEBUG 2616 --- [tea-attendance-api] [nio-8080-exec-6] org.hibernate.SQL                        : 
    select
        m1_0.id,
        m1_0.account_name,
        m1_0.account_number,
        m1_0.active,
        m1_0.bank_bin,
        m1_0.bank_name,
        m1_0.created_at,
        m1_0.display_name,
        m1_0.email,
        m1_0.password_hash,
        m1_0.qr_code_url,
        m1_0.reset_code_expires_at,
        m1_0.reset_code_hash,
        m1_0.role,
        m1_0.updated_at 
    from
        members m1_0 
    where
        m1_0.active 
    order by
        m1_0.display_name
2026-09-13T22:59:29.312+07:00 DEBUG 2616 --- [tea-attendance-api] [nio-8080-exec-9] org.hibernate.SQL                        : 
    select
        dci1_0.id,
        dci1_0.active,
        dci1_0.created_at,
        dci1_0.icon,
        dci1_0.name,
        dci1_0.price,
        dci1_0.updated_at 
    from
        drink_catalog dci1_0
2026-09-13T22:59:29.315+07:00 DEBUG 2616 --- [tea-attendance-api] [nio-8080-exec-7] org.hibernate.SQL                        : 
    select
        cm1_0.id,
        cm1_0.content,
        cm1_0.created_at,
        cm1_0.sender_member_id,
        s1_0.id,
        s1_0.account_name,
        s1_0.account_number,
        s1_0.active,
        s1_0.bank_bin,
        s1_0.bank_name,
        s1_0.created_at,
        s1_0.display_name,
        s1_0.email,
        s1_0.password_hash,
        s1_0.qr_code_url,
        s1_0.reset_code_expires_at,
        s1_0.reset_code_hash,
        s1_0.role,
        s1_0.updated_at 
    from
        chat_messages cm1_0 
    join
        members s1_0 
            on s1_0.id=cm1_0.sender_member_id 
    order by
        cm1_0.created_at desc 
    limit
        ?
2026-09-13T22:59:29.317+07:00 DEBUG 2616 --- [tea-attendance-api] [nio-8080-exec-4] org.hibernate.SQL                        : 
    select
        n1_0.id,
        n1_0.body,
        n1_0.created_at,
        n1_0.read_at,
        n1_0.recipient_member_id,
        r1_0.id,
        r1_0.account_name,
        r1_0.account_number,
        r1_0.active,
        r1_0.bank_bin,
        r1_0.bank_name,
        r1_0.created_at,
        r1_0.display_name,
        r1_0.email,
        r1_0.password_hash,
        r1_0.qr_code_url,
        r1_0.reset_code_expires_at,
        r1_0.reset_code_hash,
        r1_0.role,
        r1_0.updated_at,
        n1_0.settlement_id,
        n1_0.title,
        n1_0.transfer_id,
        n1_0.type 
    from
        notifications n1_0 
    join
        members r1_0 
            on r1_0.id=n1_0.recipient_member_id 
    where
        r1_0.id=? 
    order by
        n1_0.created_at desc
2026-09-13T22:59:29.324+07:00 DEBUG 2616 --- [tea-attendance-api] [nio-8080-exec-7] org.hibernate.SQL                        : 
    select
        a1_0.message_id,
        a1_0.id,
        a1_0.byte_size,
        a1_0.content_type,
        a1_0.created_at,
        a1_0.original_filename,
        a1_0.storage_key 
    from
        chat_attachments a1_0 
    where
        a1_0.message_id=? 
    order by
        a1_0.id
2026-09-13T22:59:29.328+07:00 DEBUG 2616 --- [tea-attendance-api] [nio-8080-exec-6] m.m.a.RequestResponseBodyMethodProcessor : Using 'application/json', given [*/*] and supported [application/json, application/*+json]
2026-09-13T22:59:29.328+07:00 DEBUG 2616 --- [tea-attendance-api] [nio-8080-exec-9] m.m.a.RequestResponseBodyMethodProcessor : Using 'application/json', given [*/*] and supported [application/json, application/*+json]
2026-09-13T22:59:29.328+07:00 DEBUG 2616 --- [tea-attendance-api] [nio-8080-exec-7] org.hibernate.SQL                        : 
    select
        a1_0.message_id,
        a1_0.id,
        a1_0.byte_size,
        a1_0.content_type,
        a1_0.created_at,
        a1_0.original_filename,
        a1_0.storage_key 
    from
        chat_attachments a1_0 
    where
        a1_0.message_id=? 
    order by
        a1_0.id
2026-09-13T22:59:29.328+07:00 DEBUG 2616 --- [tea-attendance-api] [nio-8080-exec-9] m.m.a.RequestResponseBodyMethodProcessor : Writing [[DrinkCatalogResponse[id=1, name=Tra da, price=5000, icon=?, active=true], DrinkCatalogResponse[id= (truncated)...]
2026-09-13T22:59:29.328+07:00 DEBUG 2616 --- [tea-attendance-api] [nio-8080-exec-6] m.m.a.RequestResponseBodyMethodProcessor : Writing [[MemberResponse[id=4, displayName=H??ng, email=huong@example.test, bankName=Techcombank, bankBin=970 (truncated)...]
2026-09-13T22:59:29.329+07:00 DEBUG 2616 --- [tea-attendance-api] [nio-8080-exec-9] o.s.web.servlet.DispatcherServlet        : Completed 200 OK
2026-09-13T22:59:29.329+07:00 DEBUG 2616 --- [tea-attendance-api] [nio-8080-exec-6] o.s.web.servlet.DispatcherServlet        : Completed 200 OK
2026-09-13T22:59:29.331+07:00 DEBUG 2616 --- [tea-attendance-api] [nio-8080-exec-4] m.m.a.RequestResponseBodyMethodProcessor : Using 'application/json', given [*/*] and supported [application/json, application/*+json]
2026-09-13T22:59:29.331+07:00 DEBUG 2616 --- [tea-attendance-api] [nio-8080-exec-1] m.m.a.RequestResponseBodyMethodProcessor : Using 'application/json', given [*/*] and supported [application/json, application/*+json]
2026-09-13T22:59:29.331+07:00 DEBUG 2616 --- [tea-attendance-api] [nio-8080-exec-4] m.m.a.RequestResponseBodyMethodProcessor : Writing [[]]
2026-09-13T22:59:29.331+07:00 DEBUG 2616 --- [tea-attendance-api] [nio-8080-exec-1] m.m.a.RequestResponseBodyMethodProcessor : Writing [[ExpenseResponse[id=1, orderDate=2026-09-12, payer=MemberBriefResponse[id=2, displayName=Linh Chi],  (truncated)...]
2026-09-13T22:59:29.332+07:00 DEBUG 2616 --- [tea-attendance-api] [nio-8080-exec-4] o.s.web.servlet.DispatcherServlet        : Completed 200 OK
2026-09-13T22:59:29.332+07:00 DEBUG 2616 --- [tea-attendance-api] [nio-8080-exec-1] o.s.web.servlet.DispatcherServlet        : Completed 200 OK
2026-09-13T22:59:29.339+07:00 DEBUG 2616 --- [tea-attendance-api] [nio-8080-exec-7] m.m.a.RequestResponseBodyMethodProcessor : Using 'application/json', given [*/*] and supported [application/json, application/*+json]
2026-09-13T22:59:29.339+07:00 DEBUG 2616 --- [tea-attendance-api] [nio-8080-exec-7] m.m.a.RequestResponseBodyMethodProcessor : Writing [[ChatMessageResponse[id=2, sender=MemberBriefResponse[id=1, displayName=Minh Anh], content=alo, atta (truncated)...]
2026-09-13T22:59:29.340+07:00 DEBUG 2616 --- [tea-attendance-api] [nio-8080-exec-7] o.s.web.servlet.DispatcherServlet        : Completed 200 OK
2026-09-13T22:59:44.301+07:00 DEBUG 2616 --- [tea-attendance-api] [nio-8080-exec-2] o.s.web.servlet.DispatcherServlet        : GET "/api/members", parameters={}
2026-09-13T22:59:44.301+07:00 DEBUG 2616 --- [tea-attendance-api] [nio-8080-exec-5] o.s.web.servlet.DispatcherServlet        : GET "/api/drinks?includeInactive=true", parameters={masked}
2026-09-13T22:59:44.301+07:00 DEBUG 2616 --- [tea-attendance-api] [nio-8080-exec-2] s.w.s.m.m.a.RequestMappingHandlerMapping : Mapped to com.trasua.api.MemberController#list(boolean)
2026-09-13T22:59:44.301+07:00 DEBUG 2616 --- [tea-attendance-api] [nio-8080-exec-5] s.w.s.m.m.a.RequestMappingHandlerMapping : Mapped to com.trasua.api.DrinkCatalogController#list(boolean)
2026-09-13T22:59:44.301+07:00 DEBUG 2616 --- [tea-attendance-api] [io-8080-exec-10] o.s.web.servlet.DispatcherServlet        : GET "/api/expenses/range?from=2026-09-07&to=2026-09-13", parameters={masked}
2026-09-13T22:59:44.301+07:00 DEBUG 2616 --- [tea-attendance-api] [io-8080-exec-10] s.w.s.m.m.a.RequestMappingHandlerMapping : Mapped to com.trasua.api.ExpenseController#range(LocalDate, LocalDate)
2026-09-13T22:59:44.302+07:00 DEBUG 2616 --- [tea-attendance-api] [nio-8080-exec-3] o.s.web.servlet.DispatcherServlet        : GET "/api/chat/messages", parameters={}
2026-09-13T22:59:44.302+07:00 DEBUG 2616 --- [tea-attendance-api] [nio-8080-exec-3] s.w.s.m.m.a.RequestMappingHandlerMapping : Mapped to com.trasua.api.ChatController#list(Instant, int)
2026-09-13T22:59:44.302+07:00 DEBUG 2616 --- [tea-attendance-api] [nio-8080-exec-8] o.s.web.servlet.DispatcherServlet        : GET "/api/notifications?memberId=6", parameters={masked}
2026-09-13T22:59:44.303+07:00 DEBUG 2616 --- [tea-attendance-api] [nio-8080-exec-8] s.w.s.m.m.a.RequestMappingHandlerMapping : Mapped to com.trasua.api.NotificationController#list(Long)
2026-09-13T22:59:44.309+07:00 DEBUG 2616 --- [tea-attendance-api] [nio-8080-exec-2] org.hibernate.SQL                        : 
    select
        m1_0.id,
        m1_0.account_name,
        m1_0.account_number,
        m1_0.active,
        m1_0.bank_bin,
        m1_0.bank_name,
        m1_0.created_at,
        m1_0.display_name,
        m1_0.email,
        m1_0.password_hash,
        m1_0.qr_code_url,
        m1_0.reset_code_expires_at,
        m1_0.reset_code_hash,
        m1_0.role,
        m1_0.updated_at 
    from
        members m1_0 
    where
        m1_0.active 
    order by
        m1_0.display_name
2026-09-13T22:59:44.319+07:00 DEBUG 2616 --- [tea-attendance-api] [io-8080-exec-10] org.hibernate.SQL                        : 
    select
        distinct do1_0.id,
        do1_0.created_at,
        i1_0.order_id,
        i1_0.id,
        i1_0.consumer_member_id,
        c1_0.id,
        c1_0.account_name,
        c1_0.account_number,
        c1_0.active,
        c1_0.bank_bin,
        c1_0.bank_name,
        c1_0.created_at,
        c1_0.display_name,
        c1_0.email,
        c1_0.password_hash,
        c1_0.qr_code_url,
        c1_0.reset_code_expires_at,
        c1_0.reset_code_hash,
        c1_0.role,
        c1_0.updated_at,
        i1_0.drink_name,
        i1_0.line_total,
        i1_0.quantity,
        i1_0.unit_price,
        do1_0.note,
        do1_0.order_date,
        do1_0.payer_member_id,
        p1_0.id,
        p1_0.account_name,
        p1_0.account_number,
        p1_0.active,
        p1_0.bank_bin,
        p1_0.bank_name,
        p1_0.created_at,
        p1_0.display_name,
        p1_0.email,
        p1_0.password_hash,
        p1_0.qr_code_url,
        p1_0.reset_code_expires_at,
        p1_0.reset_code_hash,
        p1_0.role,
        p1_0.updated_at,
        do1_0.total_amount,
        do1_0.updated_at 
    from
        drink_orders do1_0 
    join
        members p1_0 
            on p1_0.id=do1_0.payer_member_id 
    left join
        order_items i1_0 
            on do1_0.id=i1_0.order_id 
    left join
        members c1_0 
            on c1_0.id=i1_0.consumer_member_id 
    where
        do1_0.order_date between ? and ? 
    order by
        do1_0.order_date,
        do1_0.id
2026-09-13T22:59:44.320+07:00 DEBUG 2616 --- [tea-attendance-api] [nio-8080-exec-2] m.m.a.RequestResponseBodyMethodProcessor : Using 'application/json', given [*/*] and supported [application/json, application/*+json]
2026-09-13T22:59:44.320+07:00 DEBUG 2616 --- [tea-attendance-api] [nio-8080-exec-3] org.hibernate.SQL                        : 
    select
        cm1_0.id,
        cm1_0.content,
        cm1_0.created_at,
        cm1_0.sender_member_id,
        s1_0.id,
        s1_0.account_name,
        s1_0.account_number,
        s1_0.active,
        s1_0.bank_bin,
        s1_0.bank_name,
        s1_0.created_at,
        s1_0.display_name,
        s1_0.email,
        s1_0.password_hash,
        s1_0.qr_code_url,
        s1_0.reset_code_expires_at,
        s1_0.reset_code_hash,
        s1_0.role,
        s1_0.updated_at 
    from
        chat_messages cm1_0 
    join
        members s1_0 
            on s1_0.id=cm1_0.sender_member_id 
    order by
        cm1_0.created_at desc 
    limit
        ?
2026-09-13T22:59:44.320+07:00 DEBUG 2616 --- [tea-attendance-api] [nio-8080-exec-2] m.m.a.RequestResponseBodyMethodProcessor : Writing [[MemberResponse[id=4, displayName=H??ng, email=huong@example.test, bankName=Techcombank, bankBin=970 (truncated)...]
2026-09-13T22:59:44.321+07:00 DEBUG 2616 --- [tea-attendance-api] [nio-8080-exec-2] o.s.web.servlet.DispatcherServlet        : Completed 200 OK
2026-09-13T22:59:44.324+07:00 DEBUG 2616 --- [tea-attendance-api] [nio-8080-exec-5] org.hibernate.SQL                        : 
    select
        dci1_0.id,
        dci1_0.active,
        dci1_0.created_at,
        dci1_0.icon,
        dci1_0.name,
        dci1_0.price,
        dci1_0.updated_at 
    from
        drink_catalog dci1_0
2026-09-13T22:59:44.325+07:00 DEBUG 2616 --- [tea-attendance-api] [nio-8080-exec-8] org.hibernate.SQL                        : 
    select
        n1_0.id,
        n1_0.body,
        n1_0.created_at,
        n1_0.read_at,
        n1_0.recipient_member_id,
        r1_0.id,
        r1_0.account_name,
        r1_0.account_number,
        r1_0.active,
        r1_0.bank_bin,
        r1_0.bank_name,
        r1_0.created_at,
        r1_0.display_name,
        r1_0.email,
        r1_0.password_hash,
        r1_0.qr_code_url,
        r1_0.reset_code_expires_at,
        r1_0.reset_code_hash,
        r1_0.role,
        r1_0.updated_at,
        n1_0.settlement_id,
        n1_0.title,
        n1_0.transfer_id,
        n1_0.type 
    from
        notifications n1_0 
    join
        members r1_0 
            on r1_0.id=n1_0.recipient_member_id 
    where
        r1_0.id=? 
    order by
        n1_0.created_at desc
2026-09-13T22:59:44.331+07:00 DEBUG 2616 --- [tea-attendance-api] [nio-8080-exec-3] org.hibernate.SQL                        : 
    select
        a1_0.message_id,
        a1_0.id,
        a1_0.byte_size,
        a1_0.content_type,
        a1_0.created_at,
        a1_0.original_filename,
        a1_0.storage_key 
    from
        chat_attachments a1_0 
    where
        a1_0.message_id=? 
    order by
        a1_0.id
2026-09-13T22:59:44.334+07:00 DEBUG 2616 --- [tea-attendance-api] [nio-8080-exec-3] org.hibernate.SQL                        : 
    select
        a1_0.message_id,
        a1_0.id,
        a1_0.byte_size,
        a1_0.content_type,
        a1_0.created_at,
        a1_0.original_filename,
        a1_0.storage_key 
    from
        chat_attachments a1_0 
    where
        a1_0.message_id=? 
    order by
        a1_0.id
2026-09-13T22:59:44.337+07:00 DEBUG 2616 --- [tea-attendance-api] [nio-8080-exec-5] m.m.a.RequestResponseBodyMethodProcessor : Using 'application/json', given [*/*] and supported [application/json, application/*+json]
2026-09-13T22:59:44.337+07:00 DEBUG 2616 --- [tea-attendance-api] [io-8080-exec-10] m.m.a.RequestResponseBodyMethodProcessor : Using 'application/json', given [*/*] and supported [application/json, application/*+json]
2026-09-13T22:59:44.338+07:00 DEBUG 2616 --- [tea-attendance-api] [nio-8080-exec-5] m.m.a.RequestResponseBodyMethodProcessor : Writing [[DrinkCatalogResponse[id=1, name=Tra da, price=5000, icon=?, active=true], DrinkCatalogResponse[id= (truncated)...]
2026-09-13T22:59:44.338+07:00 DEBUG 2616 --- [tea-attendance-api] [io-8080-exec-10] m.m.a.RequestResponseBodyMethodProcessor : Writing [[ExpenseResponse[id=1, orderDate=2026-09-12, payer=MemberBriefResponse[id=2, displayName=Linh Chi],  (truncated)...]
2026-09-13T22:59:44.338+07:00 DEBUG 2616 --- [tea-attendance-api] [io-8080-exec-10] o.s.web.servlet.DispatcherServlet        : Completed 200 OK
2026-09-13T22:59:44.338+07:00 DEBUG 2616 --- [tea-attendance-api] [nio-8080-exec-5] o.s.web.servlet.DispatcherServlet        : Completed 200 OK
2026-09-13T22:59:44.344+07:00 DEBUG 2616 --- [tea-attendance-api] [nio-8080-exec-3] m.m.a.RequestResponseBodyMethodProcessor : Using 'application/json', given [*/*] and supported [application/json, application/*+json]
2026-09-13T22:59:44.344+07:00 DEBUG 2616 --- [tea-attendance-api] [nio-8080-exec-3] m.m.a.RequestResponseBodyMethodProcessor : Writing [[ChatMessageResponse[id=2, sender=MemberBriefResponse[id=1, displayName=Minh Anh], content=alo, atta (truncated)...]
2026-09-13T22:59:44.345+07:00 DEBUG 2616 --- [tea-attendance-api] [nio-8080-exec-3] o.s.web.servlet.DispatcherServlet        : Completed 200 OK
2026-09-13T22:59:44.356+07:00 DEBUG 2616 --- [tea-attendance-api] [nio-8080-exec-8] m.m.a.RequestResponseBodyMethodProcessor : Using 'application/json', given [*/*] and supported [application/json, application/*+json]
2026-09-13T22:59:44.356+07:00 DEBUG 2616 --- [tea-attendance-api] [nio-8080-exec-8] m.m.a.RequestResponseBodyMethodProcessor : Writing [[]]
2026-09-13T22:59:44.357+07:00 DEBUG 2616 --- [tea-attendance-api] [nio-8080-exec-8] o.s.web.servlet.DispatcherServlet        : Completed 200 OK
2026-09-13T22:59:59.292+07:00 DEBUG 2616 --- [tea-attendance-api] [nio-8080-exec-9] o.s.web.servlet.DispatcherServlet        : GET "/api/drinks?includeInactive=true", parameters={masked}
2026-09-13T22:59:59.292+07:00 DEBUG 2616 --- [tea-attendance-api] [nio-8080-exec-6] o.s.web.servlet.DispatcherServlet        : GET "/api/members", parameters={}
2026-09-13T22:59:59.292+07:00 DEBUG 2616 --- [tea-attendance-api] [nio-8080-exec-9] s.w.s.m.m.a.RequestMappingHandlerMapping : Mapped to com.trasua.api.DrinkCatalogController#list(boolean)
2026-09-13T22:59:59.292+07:00 DEBUG 2616 --- [tea-attendance-api] [nio-8080-exec-6] s.w.s.m.m.a.RequestMappingHandlerMapping : Mapped to com.trasua.api.MemberController#list(boolean)
2026-09-13T22:59:59.292+07:00 DEBUG 2616 --- [tea-attendance-api] [nio-8080-exec-1] o.s.web.servlet.DispatcherServlet        : GET "/api/chat/messages", parameters={}
2026-09-13T22:59:59.292+07:00 DEBUG 2616 --- [tea-attendance-api] [nio-8080-exec-4] o.s.web.servlet.DispatcherServlet        : GET "/api/expenses/range?from=2026-09-07&to=2026-09-13", parameters={masked}
2026-09-13T22:59:59.292+07:00 DEBUG 2616 --- [tea-attendance-api] [nio-8080-exec-4] s.w.s.m.m.a.RequestMappingHandlerMapping : Mapped to com.trasua.api.ExpenseController#range(LocalDate, LocalDate)
2026-09-13T22:59:59.292+07:00 DEBUG 2616 --- [tea-attendance-api] [nio-8080-exec-1] s.w.s.m.m.a.RequestMappingHandlerMapping : Mapped to com.trasua.api.ChatController#list(Instant, int)
2026-09-13T22:59:59.303+07:00 DEBUG 2616 --- [tea-attendance-api] [nio-8080-exec-7] o.s.web.servlet.DispatcherServlet        : GET "/api/notifications?memberId=6", parameters={masked}
2026-09-13T22:59:59.303+07:00 DEBUG 2616 --- [tea-attendance-api] [nio-8080-exec-7] s.w.s.m.m.a.RequestMappingHandlerMapping : Mapped to com.trasua.api.NotificationController#list(Long)
2026-09-13T22:59:59.313+07:00 DEBUG 2616 --- [tea-attendance-api] [nio-8080-exec-9] org.hibernate.SQL                        : 
    select
        dci1_0.id,
        dci1_0.active,
        dci1_0.created_at,
        dci1_0.icon,
        dci1_0.name,
        dci1_0.price,
        dci1_0.updated_at 
    from
        drink_catalog dci1_0
2026-09-13T22:59:59.313+07:00 DEBUG 2616 --- [tea-attendance-api] [nio-8080-exec-4] org.hibernate.SQL                        : 
    select
        distinct do1_0.id,
        do1_0.created_at,
        i1_0.order_id,
        i1_0.id,
        i1_0.consumer_member_id,
        c1_0.id,
        c1_0.account_name,
        c1_0.account_number,
        c1_0.active,
        c1_0.bank_bin,
        c1_0.bank_name,
        c1_0.created_at,
        c1_0.display_name,
        c1_0.email,
        c1_0.password_hash,
        c1_0.qr_code_url,
        c1_0.reset_code_expires_at,
        c1_0.reset_code_hash,
        c1_0.role,
        c1_0.updated_at,
        i1_0.drink_name,
        i1_0.line_total,
        i1_0.quantity,
        i1_0.unit_price,
        do1_0.note,
        do1_0.order_date,
        do1_0.payer_member_id,
        p1_0.id,
        p1_0.account_name,
        p1_0.account_number,
        p1_0.active,
        p1_0.bank_bin,
        p1_0.bank_name,
        p1_0.created_at,
        p1_0.display_name,
        p1_0.email,
        p1_0.password_hash,
        p1_0.qr_code_url,
        p1_0.reset_code_expires_at,
        p1_0.reset_code_hash,
        p1_0.role,
        p1_0.updated_at,
        do1_0.total_amount,
        do1_0.updated_at 
    from
        drink_orders do1_0 
    join
        members p1_0 
            on p1_0.id=do1_0.payer_member_id 
    left join
        order_items i1_0 
            on do1_0.id=i1_0.order_id 
    left join
        members c1_0 
            on c1_0.id=i1_0.consumer_member_id 
    where
        do1_0.order_date between ? and ? 
    order by
        do1_0.order_date,
        do1_0.id
2026-09-13T22:59:59.313+07:00 DEBUG 2616 --- [tea-attendance-api] [nio-8080-exec-1] org.hibernate.SQL                        : 
    select
        cm1_0.id,
        cm1_0.content,
        cm1_0.created_at,
        cm1_0.sender_member_id,
        s1_0.id,
        s1_0.account_name,
        s1_0.account_number,
        s1_0.active,
        s1_0.bank_bin,
        s1_0.bank_name,
        s1_0.created_at,
        s1_0.display_name,
        s1_0.email,
        s1_0.password_hash,
        s1_0.qr_code_url,
        s1_0.reset_code_expires_at,
        s1_0.reset_code_hash,
        s1_0.role,
        s1_0.updated_at 
    from
        chat_messages cm1_0 
    join
        members s1_0 
            on s1_0.id=cm1_0.sender_member_id 
    order by
        cm1_0.created_at desc 
    limit
        ?
2026-09-13T22:59:59.313+07:00 DEBUG 2616 --- [tea-attendance-api] [nio-8080-exec-6] org.hibernate.SQL                        : 
    select
        m1_0.id,
        m1_0.account_name,
        m1_0.account_number,
        m1_0.active,
        m1_0.bank_bin,
        m1_0.bank_name,
        m1_0.created_at,
        m1_0.display_name,
        m1_0.email,
        m1_0.password_hash,
        m1_0.qr_code_url,
        m1_0.reset_code_expires_at,
        m1_0.reset_code_hash,
        m1_0.role,
        m1_0.updated_at 
    from
        members m1_0 
    where
        m1_0.active 
    order by
        m1_0.display_name
2026-09-13T22:59:59.327+07:00 DEBUG 2616 --- [tea-attendance-api] [nio-8080-exec-7] org.hibernate.SQL                        : 
    select
        n1_0.id,
        n1_0.body,
        n1_0.created_at,
        n1_0.read_at,
        n1_0.recipient_member_id,
        r1_0.id,
        r1_0.account_name,
        r1_0.account_number,
        r1_0.active,
        r1_0.bank_bin,
        r1_0.bank_name,
        r1_0.created_at,
        r1_0.display_name,
        r1_0.email,
        r1_0.password_hash,
        r1_0.qr_code_url,
        r1_0.reset_code_expires_at,
        r1_0.reset_code_hash,
        r1_0.role,
        r1_0.updated_at,
        n1_0.settlement_id,
        n1_0.title,
        n1_0.transfer_id,
        n1_0.type 
    from
        notifications n1_0 
    join
        members r1_0 
            on r1_0.id=n1_0.recipient_member_id 
    where
        r1_0.id=? 
    order by
        n1_0.created_at desc
2026-09-13T22:59:59.334+07:00 DEBUG 2616 --- [tea-attendance-api] [nio-8080-exec-1] org.hibernate.SQL                        : 
    select
        a1_0.message_id,
        a1_0.id,
        a1_0.byte_size,
        a1_0.content_type,
        a1_0.created_at,
        a1_0.original_filename,
        a1_0.storage_key 
    from
        chat_attachments a1_0 
    where
        a1_0.message_id=? 
    order by
        a1_0.id
2026-09-13T22:59:59.336+07:00 DEBUG 2616 --- [tea-attendance-api] [nio-8080-exec-9] m.m.a.RequestResponseBodyMethodProcessor : Using 'application/json', given [*/*] and supported [application/json, application/*+json]
2026-09-13T22:59:59.336+07:00 DEBUG 2616 --- [tea-attendance-api] [nio-8080-exec-9] m.m.a.RequestResponseBodyMethodProcessor : Writing [[DrinkCatalogResponse[id=1, name=Tra da, price=5000, icon=?, active=true], DrinkCatalogResponse[id= (truncated)...]
2026-09-13T22:59:59.337+07:00 DEBUG 2616 --- [tea-attendance-api] [nio-8080-exec-9] o.s.web.servlet.DispatcherServlet        : Completed 200 OK
2026-09-13T22:59:59.346+07:00 DEBUG 2616 --- [tea-attendance-api] [nio-8080-exec-6] m.m.a.RequestResponseBodyMethodProcessor : Using 'application/json', given [*/*] and supported [application/json, application/*+json]
2026-09-13T22:59:59.347+07:00 DEBUG 2616 --- [tea-attendance-api] [nio-8080-exec-6] m.m.a.RequestResponseBodyMethodProcessor : Writing [[MemberResponse[id=4, displayName=H??ng, email=huong@example.test, bankName=Techcombank, bankBin=970 (truncated)...]
2026-09-13T22:59:59.348+07:00 DEBUG 2616 --- [tea-attendance-api] [nio-8080-exec-6] o.s.web.servlet.DispatcherServlet        : Completed 200 OK
2026-09-13T22:59:59.350+07:00 DEBUG 2616 --- [tea-attendance-api] [nio-8080-exec-4] m.m.a.RequestResponseBodyMethodProcessor : Using 'application/json', given [*/*] and supported [application/json, application/*+json]
2026-09-13T22:59:59.350+07:00 DEBUG 2616 --- [tea-attendance-api] [nio-8080-exec-7] m.m.a.RequestResponseBodyMethodProcessor : Using 'application/json', given [*/*] and supported [application/json, application/*+json]
2026-09-13T22:59:59.351+07:00 DEBUG 2616 --- [tea-attendance-api] [nio-8080-exec-4] m.m.a.RequestResponseBodyMethodProcessor : Writing [[ExpenseResponse[id=1, orderDate=2026-09-12, payer=MemberBriefResponse[id=2, displayName=Linh Chi],  (truncated)...]
2026-09-13T22:59:59.351+07:00 DEBUG 2616 --- [tea-attendance-api] [nio-8080-exec-7] m.m.a.RequestResponseBodyMethodProcessor : Writing [[]]
2026-09-13T22:59:59.352+07:00 DEBUG 2616 --- [tea-attendance-api] [nio-8080-exec-7] o.s.web.servlet.DispatcherServlet        : Completed 200 OK
2026-09-13T22:59:59.356+07:00 DEBUG 2616 --- [tea-attendance-api] [nio-8080-exec-1] org.hibernate.SQL                        : 
    select
        a1_0.message_id,
        a1_0.id,
        a1_0.byte_size,
        a1_0.content_type,
        a1_0.created_at,
        a1_0.original_filename,
        a1_0.storage_key 
    from
        chat_attachments a1_0 
    where
        a1_0.message_id=? 
    order by
        a1_0.id
2026-09-13T22:59:59.356+07:00 DEBUG 2616 --- [tea-attendance-api] [nio-8080-exec-4] o.s.web.servlet.DispatcherServlet        : Completed 200 OK
2026-09-13T22:59:59.369+07:00 DEBUG 2616 --- [tea-attendance-api] [nio-8080-exec-1] m.m.a.RequestResponseBodyMethodProcessor : Using 'application/json', given [*/*] and supported [application/json, application/*+json]
2026-09-13T22:59:59.370+07:00 DEBUG 2616 --- [tea-attendance-api] [nio-8080-exec-1] m.m.a.RequestResponseBodyMethodProcessor : Writing [[ChatMessageResponse[id=2, sender=MemberBriefResponse[id=1, displayName=Minh Anh], content=alo, atta (truncated)...]
2026-09-13T22:59:59.371+07:00 DEBUG 2616 --- [tea-attendance-api] [nio-8080-exec-1] o.s.web.servlet.DispatcherServlet        : Completed 200 OK
2026-09-13T23:00:14.293+07:00 DEBUG 2616 --- [tea-attendance-api] [nio-8080-exec-2] o.s.web.servlet.DispatcherServlet        : GET "/api/members", parameters={}
2026-09-13T23:00:14.293+07:00 DEBUG 2616 --- [tea-attendance-api] [io-8080-exec-10] o.s.web.servlet.DispatcherServlet        : GET "/api/drinks?includeInactive=true", parameters={masked}
2026-09-13T23:00:14.294+07:00 DEBUG 2616 --- [tea-attendance-api] [io-8080-exec-10] s.w.s.m.m.a.RequestMappingHandlerMapping : Mapped to com.trasua.api.DrinkCatalogController#list(boolean)
2026-09-13T23:00:14.294+07:00 DEBUG 2616 --- [tea-attendance-api] [nio-8080-exec-2] s.w.s.m.m.a.RequestMappingHandlerMapping : Mapped to com.trasua.api.MemberController#list(boolean)
2026-09-13T23:00:14.294+07:00 DEBUG 2616 --- [tea-attendance-api] [nio-8080-exec-5] o.s.web.servlet.DispatcherServlet        : GET "/api/expenses/range?from=2026-09-07&to=2026-09-13", parameters={masked}
2026-09-13T23:00:14.294+07:00 DEBUG 2616 --- [tea-attendance-api] [nio-8080-exec-8] o.s.web.servlet.DispatcherServlet        : GET "/api/notifications?memberId=6", parameters={masked}
2026-09-13T23:00:14.294+07:00 DEBUG 2616 --- [tea-attendance-api] [nio-8080-exec-3] o.s.web.servlet.DispatcherServlet        : GET "/api/chat/messages", parameters={}
2026-09-13T23:00:14.294+07:00 DEBUG 2616 --- [tea-attendance-api] [nio-8080-exec-5] s.w.s.m.m.a.RequestMappingHandlerMapping : Mapped to com.trasua.api.ExpenseController#range(LocalDate, LocalDate)
2026-09-13T23:00:14.294+07:00 DEBUG 2616 --- [tea-attendance-api] [nio-8080-exec-8] s.w.s.m.m.a.RequestMappingHandlerMapping : Mapped to com.trasua.api.NotificationController#list(Long)
2026-09-13T23:00:14.294+07:00 DEBUG 2616 --- [tea-attendance-api] [nio-8080-exec-3] s.w.s.m.m.a.RequestMappingHandlerMapping : Mapped to com.trasua.api.ChatController#list(Instant, int)
2026-09-13T23:00:14.303+07:00 DEBUG 2616 --- [tea-attendance-api] [nio-8080-exec-2] org.hibernate.SQL                        : 
    select
        m1_0.id,
        m1_0.account_name,
        m1_0.account_number,
        m1_0.active,
        m1_0.bank_bin,
        m1_0.bank_name,
        m1_0.created_at,
        m1_0.display_name,
        m1_0.email,
        m1_0.password_hash,
        m1_0.qr_code_url,
        m1_0.reset_code_expires_at,
        m1_0.reset_code_hash,
        m1_0.role,
        m1_0.updated_at 
    from
        members m1_0 
    where
        m1_0.active 
    order by
        m1_0.display_name
2026-09-13T23:00:14.304+07:00 DEBUG 2616 --- [tea-attendance-api] [nio-8080-exec-3] org.hibernate.SQL                        : 
    select
        cm1_0.id,
        cm1_0.content,
        cm1_0.created_at,
        cm1_0.sender_member_id,
        s1_0.id,
        s1_0.account_name,
        s1_0.account_number,
        s1_0.active,
        s1_0.bank_bin,
        s1_0.bank_name,
        s1_0.created_at,
        s1_0.display_name,
        s1_0.email,
        s1_0.password_hash,
        s1_0.qr_code_url,
        s1_0.reset_code_expires_at,
        s1_0.reset_code_hash,
        s1_0.role,
        s1_0.updated_at 
    from
        chat_messages cm1_0 
    join
        members s1_0 
            on s1_0.id=cm1_0.sender_member_id 
    order by
        cm1_0.created_at desc 
    limit
        ?
2026-09-13T23:00:14.304+07:00 DEBUG 2616 --- [tea-attendance-api] [nio-8080-exec-8] org.hibernate.SQL                        : 
    select
        n1_0.id,
        n1_0.body,
        n1_0.created_at,
        n1_0.read_at,
        n1_0.recipient_member_id,
        r1_0.id,
        r1_0.account_name,
        r1_0.account_number,
        r1_0.active,
        r1_0.bank_bin,
        r1_0.bank_name,
        r1_0.created_at,
        r1_0.display_name,
        r1_0.email,
        r1_0.password_hash,
        r1_0.qr_code_url,
        r1_0.reset_code_expires_at,
        r1_0.reset_code_hash,
        r1_0.role,
        r1_0.updated_at,
        n1_0.settlement_id,
        n1_0.title,
        n1_0.transfer_id,
        n1_0.type 
    from
        notifications n1_0 
    join
        members r1_0 
            on r1_0.id=n1_0.recipient_member_id 
    where
        r1_0.id=? 
    order by
        n1_0.created_at desc
2026-09-13T23:00:14.304+07:00 DEBUG 2616 --- [tea-attendance-api] [nio-8080-exec-5] org.hibernate.SQL                        : 
    select
        distinct do1_0.id,
        do1_0.created_at,
        i1_0.order_id,
        i1_0.id,
        i1_0.consumer_member_id,
        c1_0.id,
        c1_0.account_name,
        c1_0.account_number,
        c1_0.active,
        c1_0.bank_bin,
        c1_0.bank_name,
        c1_0.created_at,
        c1_0.display_name,
        c1_0.email,
        c1_0.password_hash,
        c1_0.qr_code_url,
        c1_0.reset_code_expires_at,
        c1_0.reset_code_hash,
        c1_0.role,
        c1_0.updated_at,
        i1_0.drink_name,
        i1_0.line_total,
        i1_0.quantity,
        i1_0.unit_price,
        do1_0.note,
        do1_0.order_date,
        do1_0.payer_member_id,
        p1_0.id,
        p1_0.account_name,
        p1_0.account_number,
        p1_0.active,
        p1_0.bank_bin,
        p1_0.bank_name,
        p1_0.created_at,
        p1_0.display_name,
        p1_0.email,
        p1_0.password_hash,
        p1_0.qr_code_url,
        p1_0.reset_code_expires_at,
        p1_0.reset_code_hash,
        p1_0.role,
        p1_0.updated_at,
        do1_0.total_amount,
        do1_0.updated_at 
    from
        drink_orders do1_0 
    join
        members p1_0 
            on p1_0.id=do1_0.payer_member_id 
    left join
        order_items i1_0 
            on do1_0.id=i1_0.order_id 
    left join
        members c1_0 
            on c1_0.id=i1_0.consumer_member_id 
    where
        do1_0.order_date between ? and ? 
    order by
        do1_0.order_date,
        do1_0.id
2026-09-13T23:00:14.304+07:00 DEBUG 2616 --- [tea-attendance-api] [io-8080-exec-10] org.hibernate.SQL                        : 
    select
        dci1_0.id,
        dci1_0.active,
        dci1_0.created_at,
        dci1_0.icon,
        dci1_0.name,
        dci1_0.price,
        dci1_0.updated_at 
    from
        drink_catalog dci1_0
2026-09-13T23:00:14.309+07:00 DEBUG 2616 --- [tea-attendance-api] [nio-8080-exec-3] org.hibernate.SQL                        : 
    select
        a1_0.message_id,
        a1_0.id,
        a1_0.byte_size,
        a1_0.content_type,
        a1_0.created_at,
        a1_0.original_filename,
        a1_0.storage_key 
    from
        chat_attachments a1_0 
    where
        a1_0.message_id=? 
    order by
        a1_0.id
2026-09-13T23:00:14.312+07:00 DEBUG 2616 --- [tea-attendance-api] [nio-8080-exec-3] org.hibernate.SQL                        : 
    select
        a1_0.message_id,
        a1_0.id,
        a1_0.byte_size,
        a1_0.content_type,
        a1_0.created_at,
        a1_0.original_filename,
        a1_0.storage_key 
    from
        chat_attachments a1_0 
    where
        a1_0.message_id=? 
    order by
        a1_0.id
2026-09-13T23:00:14.315+07:00 DEBUG 2616 --- [tea-attendance-api] [nio-8080-exec-2] m.m.a.RequestResponseBodyMethodProcessor : Using 'application/json', given [*/*] and supported [application/json, application/*+json]
2026-09-13T23:00:14.315+07:00 DEBUG 2616 --- [tea-attendance-api] [io-8080-exec-10] m.m.a.RequestResponseBodyMethodProcessor : Using 'application/json', given [*/*] and supported [application/json, application/*+json]
2026-09-13T23:00:14.315+07:00 DEBUG 2616 --- [tea-attendance-api] [nio-8080-exec-8] m.m.a.RequestResponseBodyMethodProcessor : Using 'application/json', given [*/*] and supported [application/json, application/*+json]
2026-09-13T23:00:14.315+07:00 DEBUG 2616 --- [tea-attendance-api] [nio-8080-exec-8] m.m.a.RequestResponseBodyMethodProcessor : Writing [[]]
2026-09-13T23:00:14.315+07:00 DEBUG 2616 --- [tea-attendance-api] [io-8080-exec-10] m.m.a.RequestResponseBodyMethodProcessor : Writing [[DrinkCatalogResponse[id=1, name=Tra da, price=5000, icon=?, active=true], DrinkCatalogResponse[id= (truncated)...]
2026-09-13T23:00:14.315+07:00 DEBUG 2616 --- [tea-attendance-api] [nio-8080-exec-2] m.m.a.RequestResponseBodyMethodProcessor : Writing [[MemberResponse[id=4, displayName=H??ng, email=huong@example.test, bankName=Techcombank, bankBin=970 (truncated)...]
2026-09-13T23:00:14.316+07:00 DEBUG 2616 --- [tea-attendance-api] [nio-8080-exec-8] o.s.web.servlet.DispatcherServlet        : Completed 200 OK
2026-09-13T23:00:14.316+07:00 DEBUG 2616 --- [tea-attendance-api] [io-8080-exec-10] o.s.web.servlet.DispatcherServlet        : Completed 200 OK
2026-09-13T23:00:14.317+07:00 DEBUG 2616 --- [tea-attendance-api] [nio-8080-exec-2] o.s.web.servlet.DispatcherServlet        : Completed 200 OK
2026-09-13T23:00:14.325+07:00 DEBUG 2616 --- [tea-attendance-api] [nio-8080-exec-3] m.m.a.RequestResponseBodyMethodProcessor : Using 'application/json', given [*/*] and supported [application/json, application/*+json]
2026-09-13T23:00:14.325+07:00 DEBUG 2616 --- [tea-attendance-api] [nio-8080-exec-3] m.m.a.RequestResponseBodyMethodProcessor : Writing [[ChatMessageResponse[id=2, sender=MemberBriefResponse[id=1, displayName=Minh Anh], content=alo, atta (truncated)...]
2026-09-13T23:00:14.326+07:00 DEBUG 2616 --- [tea-attendance-api] [nio-8080-exec-3] o.s.web.servlet.DispatcherServlet        : Completed 200 OK
2026-09-13T23:00:14.330+07:00 DEBUG 2616 --- [tea-attendance-api] [nio-8080-exec-5] m.m.a.RequestResponseBodyMethodProcessor : Using 'application/json', given [*/*] and supported [application/json, application/*+json]
2026-09-13T23:00:14.330+07:00 DEBUG 2616 --- [tea-attendance-api] [nio-8080-exec-5] m.m.a.RequestResponseBodyMethodProcessor : Writing [[ExpenseResponse[id=1, orderDate=2026-09-12, payer=MemberBriefResponse[id=2, displayName=Linh Chi],  (truncated)...]
2026-09-13T23:00:14.330+07:00 DEBUG 2616 --- [tea-attendance-api] [nio-8080-exec-5] o.s.web.servlet.DispatcherServlet        : Completed 200 OK
2026-09-13T23:00:28.891+07:00 DEBUG 2616 --- [tea-attendance-api] [nio-8080-exec-9] o.s.web.servlet.DispatcherServlet        : GET "/api/members", parameters={}
2026-09-13T23:00:28.892+07:00 DEBUG 2616 --- [tea-attendance-api] [nio-8080-exec-9] s.w.s.m.m.a.RequestMappingHandlerMapping : Mapped to com.trasua.api.MemberController#list(boolean)
2026-09-13T23:00:28.894+07:00 DEBUG 2616 --- [tea-attendance-api] [nio-8080-exec-4] o.s.web.servlet.DispatcherServlet        : GET "/api/chat/messages", parameters={}
2026-09-13T23:00:28.894+07:00 DEBUG 2616 --- [tea-attendance-api] [nio-8080-exec-7] o.s.web.servlet.DispatcherServlet        : GET "/api/expenses/range?from=2026-09-07&to=2026-09-13", parameters={masked}
2026-09-13T23:00:28.894+07:00 DEBUG 2616 --- [tea-attendance-api] [nio-8080-exec-6] o.s.web.servlet.DispatcherServlet        : GET "/api/drinks?includeInactive=true", parameters={masked}
2026-09-13T23:00:28.895+07:00 DEBUG 2616 --- [tea-attendance-api] [nio-8080-exec-7] s.w.s.m.m.a.RequestMappingHandlerMapping : Mapped to com.trasua.api.ExpenseController#range(LocalDate, LocalDate)
2026-09-13T23:00:28.895+07:00 DEBUG 2616 --- [tea-attendance-api] [nio-8080-exec-4] s.w.s.m.m.a.RequestMappingHandlerMapping : Mapped to com.trasua.api.ChatController#list(Instant, int)
2026-09-13T23:00:28.895+07:00 DEBUG 2616 --- [tea-attendance-api] [nio-8080-exec-6] s.w.s.m.m.a.RequestMappingHandlerMapping : Mapped to com.trasua.api.DrinkCatalogController#list(boolean)
2026-09-13T23:00:28.896+07:00 DEBUG 2616 --- [tea-attendance-api] [nio-8080-exec-1] o.s.web.servlet.DispatcherServlet        : GET "/api/notifications?memberId=6", parameters={masked}
2026-09-13T23:00:28.897+07:00 DEBUG 2616 --- [tea-attendance-api] [nio-8080-exec-1] s.w.s.m.m.a.RequestMappingHandlerMapping : Mapped to com.trasua.api.NotificationController#list(Long)
2026-09-13T23:00:28.911+07:00 DEBUG 2616 --- [tea-attendance-api] [nio-8080-exec-7] org.hibernate.SQL                        : 
    select
        distinct do1_0.id,
        do1_0.created_at,
        i1_0.order_id,
        i1_0.id,
        i1_0.consumer_member_id,
        c1_0.id,
        c1_0.account_name,
        c1_0.account_number,
        c1_0.active,
        c1_0.bank_bin,
        c1_0.bank_name,
        c1_0.created_at,
        c1_0.display_name,
        c1_0.email,
        c1_0.password_hash,
        c1_0.qr_code_url,
        c1_0.reset_code_expires_at,
        c1_0.reset_code_hash,
        c1_0.role,
        c1_0.updated_at,
        i1_0.drink_name,
        i1_0.line_total,
        i1_0.quantity,
        i1_0.unit_price,
        do1_0.note,
        do1_0.order_date,
        do1_0.payer_member_id,
        p1_0.id,
        p1_0.account_name,
        p1_0.account_number,
        p1_0.active,
        p1_0.bank_bin,
        p1_0.bank_name,
        p1_0.created_at,
        p1_0.display_name,
        p1_0.email,
        p1_0.password_hash,
        p1_0.qr_code_url,
        p1_0.reset_code_expires_at,
        p1_0.reset_code_hash,
        p1_0.role,
        p1_0.updated_at,
        do1_0.total_amount,
        do1_0.updated_at 
    from
        drink_orders do1_0 
    join
        members p1_0 
            on p1_0.id=do1_0.payer_member_id 
    left join
        order_items i1_0 
            on do1_0.id=i1_0.order_id 
    left join
        members c1_0 
            on c1_0.id=i1_0.consumer_member_id 
    where
        do1_0.order_date between ? and ? 
    order by
        do1_0.order_date,
        do1_0.id
2026-09-13T23:00:28.912+07:00 DEBUG 2616 --- [tea-attendance-api] [nio-8080-exec-1] org.hibernate.SQL                        : 
    select
        n1_0.id,
        n1_0.body,
        n1_0.created_at,
        n1_0.read_at,
        n1_0.recipient_member_id,
        r1_0.id,
        r1_0.account_name,
        r1_0.account_number,
        r1_0.active,
        r1_0.bank_bin,
        r1_0.bank_name,
        r1_0.created_at,
        r1_0.display_name,
        r1_0.email,
        r1_0.password_hash,
        r1_0.qr_code_url,
        r1_0.reset_code_expires_at,
        r1_0.reset_code_hash,
        r1_0.role,
        r1_0.updated_at,
        n1_0.settlement_id,
        n1_0.title,
        n1_0.transfer_id,
        n1_0.type 
    from
        notifications n1_0 
    join
        members r1_0 
            on r1_0.id=n1_0.recipient_member_id 
    where
        r1_0.id=? 
    order by
        n1_0.created_at desc
2026-09-13T23:00:28.912+07:00 DEBUG 2616 --- [tea-attendance-api] [nio-8080-exec-9] org.hibernate.SQL                        : 
    select
        m1_0.id,
        m1_0.account_name,
        m1_0.account_number,
        m1_0.active,
        m1_0.bank_bin,
        m1_0.bank_name,
        m1_0.created_at,
        m1_0.display_name,
        m1_0.email,
        m1_0.password_hash,
        m1_0.qr_code_url,
        m1_0.reset_code_expires_at,
        m1_0.reset_code_hash,
        m1_0.role,
        m1_0.updated_at 
    from
        members m1_0 
    where
        m1_0.active 
    order by
        m1_0.display_name
2026-09-13T23:00:28.913+07:00 DEBUG 2616 --- [tea-attendance-api] [nio-8080-exec-6] org.hibernate.SQL                        : 
    select
        dci1_0.id,
        dci1_0.active,
        dci1_0.created_at,
        dci1_0.icon,
        dci1_0.name,
        dci1_0.price,
        dci1_0.updated_at 
    from
        drink_catalog dci1_0
2026-09-13T23:00:28.917+07:00 DEBUG 2616 --- [tea-attendance-api] [nio-8080-exec-4] org.hibernate.SQL                        : 
    select
        cm1_0.id,
        cm1_0.content,
        cm1_0.created_at,
        cm1_0.sender_member_id,
        s1_0.id,
        s1_0.account_name,
        s1_0.account_number,
        s1_0.active,
        s1_0.bank_bin,
        s1_0.bank_name,
        s1_0.created_at,
        s1_0.display_name,
        s1_0.email,
        s1_0.password_hash,
        s1_0.qr_code_url,
        s1_0.reset_code_expires_at,
        s1_0.reset_code_hash,
        s1_0.role,
        s1_0.updated_at 
    from
        chat_messages cm1_0 
    join
        members s1_0 
            on s1_0.id=cm1_0.sender_member_id 
    order by
        cm1_0.created_at desc 
    limit
        ?
2026-09-13T23:00:28.926+07:00 DEBUG 2616 --- [tea-attendance-api] [nio-8080-exec-4] org.hibernate.SQL                        : 
    select
        a1_0.message_id,
        a1_0.id,
        a1_0.byte_size,
        a1_0.content_type,
        a1_0.created_at,
        a1_0.original_filename,
        a1_0.storage_key 
    from
        chat_attachments a1_0 
    where
        a1_0.message_id=? 
    order by
        a1_0.id
2026-09-13T23:00:28.944+07:00 DEBUG 2616 --- [tea-attendance-api] [nio-8080-exec-4] org.hibernate.SQL                        : 
    select
        a1_0.message_id,
        a1_0.id,
        a1_0.byte_size,
        a1_0.content_type,
        a1_0.created_at,
        a1_0.original_filename,
        a1_0.storage_key 
    from
        chat_attachments a1_0 
    where
        a1_0.message_id=? 
    order by
        a1_0.id
2026-09-13T23:00:28.949+07:00 DEBUG 2616 --- [tea-attendance-api] [nio-8080-exec-9] m.m.a.RequestResponseBodyMethodProcessor : Using 'application/json', given [*/*] and supported [application/json, application/*+json]
2026-09-13T23:00:28.949+07:00 DEBUG 2616 --- [tea-attendance-api] [nio-8080-exec-1] m.m.a.RequestResponseBodyMethodProcessor : Using 'application/json', given [*/*] and supported [application/json, application/*+json]
2026-09-13T23:00:28.950+07:00 DEBUG 2616 --- [tea-attendance-api] [nio-8080-exec-1] m.m.a.RequestResponseBodyMethodProcessor : Writing [[]]
2026-09-13T23:00:28.950+07:00 DEBUG 2616 --- [tea-attendance-api] [nio-8080-exec-9] m.m.a.RequestResponseBodyMethodProcessor : Writing [[MemberResponse[id=4, displayName=H??ng, email=huong@example.test, bankName=Techcombank, bankBin=970 (truncated)...]
2026-09-13T23:00:28.950+07:00 DEBUG 2616 --- [tea-attendance-api] [nio-8080-exec-1] o.s.web.servlet.DispatcherServlet        : Completed 200 OK
2026-09-13T23:00:28.950+07:00 DEBUG 2616 --- [tea-attendance-api] [nio-8080-exec-9] o.s.web.servlet.DispatcherServlet        : Completed 200 OK
2026-09-13T23:00:28.955+07:00 DEBUG 2616 --- [tea-attendance-api] [nio-8080-exec-6] m.m.a.RequestResponseBodyMethodProcessor : Using 'application/json', given [*/*] and supported [application/json, application/*+json]
2026-09-13T23:00:28.956+07:00 DEBUG 2616 --- [tea-attendance-api] [nio-8080-exec-6] m.m.a.RequestResponseBodyMethodProcessor : Writing [[DrinkCatalogResponse[id=1, name=Tra da, price=5000, icon=?, active=true], DrinkCatalogResponse[id= (truncated)...]
2026-09-13T23:00:28.957+07:00 DEBUG 2616 --- [tea-attendance-api] [nio-8080-exec-6] o.s.web.servlet.DispatcherServlet        : Completed 200 OK
2026-09-13T23:00:28.962+07:00 DEBUG 2616 --- [tea-attendance-api] [nio-8080-exec-7] m.m.a.RequestResponseBodyMethodProcessor : Using 'application/json', given [*/*] and supported [application/json, application/*+json]
2026-09-13T23:00:28.963+07:00 DEBUG 2616 --- [tea-attendance-api] [nio-8080-exec-7] m.m.a.RequestResponseBodyMethodProcessor : Writing [[ExpenseResponse[id=1, orderDate=2026-09-12, payer=MemberBriefResponse[id=2, displayName=Linh Chi],  (truncated)...]
2026-09-13T23:00:28.964+07:00 DEBUG 2616 --- [tea-attendance-api] [nio-8080-exec-7] o.s.web.servlet.DispatcherServlet        : Completed 200 OK
2026-09-13T23:00:28.965+07:00 DEBUG 2616 --- [tea-attendance-api] [nio-8080-exec-4] m.m.a.RequestResponseBodyMethodProcessor : Using 'application/json', given [*/*] and supported [application/json, application/*+json]
2026-09-13T23:00:28.966+07:00 DEBUG 2616 --- [tea-attendance-api] [nio-8080-exec-4] m.m.a.RequestResponseBodyMethodProcessor : Writing [[ChatMessageResponse[id=2, sender=MemberBriefResponse[id=1, displayName=Minh Anh], content=alo, atta (truncated)...]
2026-09-13T23:00:28.967+07:00 DEBUG 2616 --- [tea-attendance-api] [nio-8080-exec-4] o.s.web.servlet.DispatcherServlet        : Completed 200 OK
2026-09-13T23:00:44.294+07:00 DEBUG 2616 --- [tea-attendance-api] [io-8080-exec-10] o.s.web.servlet.DispatcherServlet        : GET "/api/members", parameters={}
2026-09-13T23:00:44.294+07:00 DEBUG 2616 --- [tea-attendance-api] [io-8080-exec-10] s.w.s.m.m.a.RequestMappingHandlerMapping : Mapped to com.trasua.api.MemberController#list(boolean)
2026-09-13T23:00:44.295+07:00 DEBUG 2616 --- [tea-attendance-api] [nio-8080-exec-8] o.s.web.servlet.DispatcherServlet        : GET "/api/drinks?includeInactive=true", parameters={masked}
2026-09-13T23:00:44.295+07:00 DEBUG 2616 --- [tea-attendance-api] [nio-8080-exec-8] s.w.s.m.m.a.RequestMappingHandlerMapping : Mapped to com.trasua.api.DrinkCatalogController#list(boolean)
2026-09-13T23:00:44.295+07:00 DEBUG 2616 --- [tea-attendance-api] [nio-8080-exec-2] o.s.web.servlet.DispatcherServlet        : GET "/api/expenses/range?from=2026-09-07&to=2026-09-13", parameters={masked}
2026-09-13T23:00:44.295+07:00 DEBUG 2616 --- [tea-attendance-api] [nio-8080-exec-2] s.w.s.m.m.a.RequestMappingHandlerMapping : Mapped to com.trasua.api.ExpenseController#range(LocalDate, LocalDate)
2026-09-13T23:00:44.296+07:00 DEBUG 2616 --- [tea-attendance-api] [nio-8080-exec-3] o.s.web.servlet.DispatcherServlet        : GET "/api/chat/messages", parameters={}
2026-09-13T23:00:44.297+07:00 DEBUG 2616 --- [tea-attendance-api] [nio-8080-exec-3] s.w.s.m.m.a.RequestMappingHandlerMapping : Mapped to com.trasua.api.ChatController#list(Instant, int)
2026-09-13T23:00:44.297+07:00 DEBUG 2616 --- [tea-attendance-api] [nio-8080-exec-5] o.s.web.servlet.DispatcherServlet        : GET "/api/notifications?memberId=6", parameters={masked}
2026-09-13T23:00:44.297+07:00 DEBUG 2616 --- [tea-attendance-api] [nio-8080-exec-5] s.w.s.m.m.a.RequestMappingHandlerMapping : Mapped to com.trasua.api.NotificationController#list(Long)
2026-09-13T23:00:44.304+07:00 DEBUG 2616 --- [tea-attendance-api] [io-8080-exec-10] org.hibernate.SQL                        : 
    select
        m1_0.id,
        m1_0.account_name,
        m1_0.account_number,
        m1_0.active,
        m1_0.bank_bin,
        m1_0.bank_name,
        m1_0.created_at,
        m1_0.display_name,
        m1_0.email,
        m1_0.password_hash,
        m1_0.qr_code_url,
        m1_0.reset_code_expires_at,
        m1_0.reset_code_hash,
        m1_0.role,
        m1_0.updated_at 
    from
        members m1_0 
    where
        m1_0.active 
    order by
        m1_0.display_name
2026-09-13T23:00:44.304+07:00 DEBUG 2616 --- [tea-attendance-api] [nio-8080-exec-3] org.hibernate.SQL                        : 
    select
        cm1_0.id,
        cm1_0.content,
        cm1_0.created_at,
        cm1_0.sender_member_id,
        s1_0.id,
        s1_0.account_name,
        s1_0.account_number,
        s1_0.active,
        s1_0.bank_bin,
        s1_0.bank_name,
        s1_0.created_at,
        s1_0.display_name,
        s1_0.email,
        s1_0.password_hash,
        s1_0.qr_code_url,
        s1_0.reset_code_expires_at,
        s1_0.reset_code_hash,
        s1_0.role,
        s1_0.updated_at 
    from
        chat_messages cm1_0 
    join
        members s1_0 
            on s1_0.id=cm1_0.sender_member_id 
    order by
        cm1_0.created_at desc 
    limit
        ?
2026-09-13T23:00:44.304+07:00 DEBUG 2616 --- [tea-attendance-api] [nio-8080-exec-5] org.hibernate.SQL                        : 
    select
        n1_0.id,
        n1_0.body,
        n1_0.created_at,
        n1_0.read_at,
        n1_0.recipient_member_id,
        r1_0.id,
        r1_0.account_name,
        r1_0.account_number,
        r1_0.active,
        r1_0.bank_bin,
        r1_0.bank_name,
        r1_0.created_at,
        r1_0.display_name,
        r1_0.email,
        r1_0.password_hash,
        r1_0.qr_code_url,
        r1_0.reset_code_expires_at,
        r1_0.reset_code_hash,
        r1_0.role,
        r1_0.updated_at,
        n1_0.settlement_id,
        n1_0.title,
        n1_0.transfer_id,
        n1_0.type 
    from
        notifications n1_0 
    join
        members r1_0 
            on r1_0.id=n1_0.recipient_member_id 
    where
        r1_0.id=? 
    order by
        n1_0.created_at desc
2026-09-13T23:00:44.304+07:00 DEBUG 2616 --- [tea-attendance-api] [nio-8080-exec-2] org.hibernate.SQL                        : 
    select
        distinct do1_0.id,
        do1_0.created_at,
        i1_0.order_id,
        i1_0.id,
        i1_0.consumer_member_id,
        c1_0.id,
        c1_0.account_name,
        c1_0.account_number,
        c1_0.active,
        c1_0.bank_bin,
        c1_0.bank_name,
        c1_0.created_at,
        c1_0.display_name,
        c1_0.email,
        c1_0.password_hash,
        c1_0.qr_code_url,
        c1_0.reset_code_expires_at,
        c1_0.reset_code_hash,
        c1_0.role,
        c1_0.updated_at,
        i1_0.drink_name,
        i1_0.line_total,
        i1_0.quantity,
        i1_0.unit_price,
        do1_0.note,
        do1_0.order_date,
        do1_0.payer_member_id,
        p1_0.id,
        p1_0.account_name,
        p1_0.account_number,
        p1_0.active,
        p1_0.bank_bin,
        p1_0.bank_name,
        p1_0.created_at,
        p1_0.display_name,
        p1_0.email,
        p1_0.password_hash,
        p1_0.qr_code_url,
        p1_0.reset_code_expires_at,
        p1_0.reset_code_hash,
        p1_0.role,
        p1_0.updated_at,
        do1_0.total_amount,
        do1_0.updated_at 
    from
        drink_orders do1_0 
    join
        members p1_0 
            on p1_0.id=do1_0.payer_member_id 
    left join
        order_items i1_0 
            on do1_0.id=i1_0.order_id 
    left join
        members c1_0 
            on c1_0.id=i1_0.consumer_member_id 
    where
        do1_0.order_date between ? and ? 
    order by
        do1_0.order_date,
        do1_0.id
2026-09-13T23:00:44.305+07:00 DEBUG 2616 --- [tea-attendance-api] [nio-8080-exec-8] org.hibernate.SQL                        : 
    select
        dci1_0.id,
        dci1_0.active,
        dci1_0.created_at,
        dci1_0.icon,
        dci1_0.name,
        dci1_0.price,
        dci1_0.updated_at 
    from
        drink_catalog dci1_0
2026-09-13T23:00:44.310+07:00 DEBUG 2616 --- [tea-attendance-api] [nio-8080-exec-3] org.hibernate.SQL                        : 
    select
        a1_0.message_id,
        a1_0.id,
        a1_0.byte_size,
        a1_0.content_type,
        a1_0.created_at,
        a1_0.original_filename,
        a1_0.storage_key 
    from
        chat_attachments a1_0 
    where
        a1_0.message_id=? 
    order by
        a1_0.id
2026-09-13T23:00:44.313+07:00 DEBUG 2616 --- [tea-attendance-api] [nio-8080-exec-3] org.hibernate.SQL                        : 
    select
        a1_0.message_id,
        a1_0.id,
        a1_0.byte_size,
        a1_0.content_type,
        a1_0.created_at,
        a1_0.original_filename,
        a1_0.storage_key 
    from
        chat_attachments a1_0 
    where
        a1_0.message_id=? 
    order by
        a1_0.id
2026-09-13T23:00:44.315+07:00 DEBUG 2616 --- [tea-attendance-api] [nio-8080-exec-8] m.m.a.RequestResponseBodyMethodProcessor : Using 'application/json', given [*/*] and supported [application/json, application/*+json]
2026-09-13T23:00:44.315+07:00 DEBUG 2616 --- [tea-attendance-api] [nio-8080-exec-5] m.m.a.RequestResponseBodyMethodProcessor : Using 'application/json', given [*/*] and supported [application/json, application/*+json]
2026-09-13T23:00:44.315+07:00 DEBUG 2616 --- [tea-attendance-api] [io-8080-exec-10] m.m.a.RequestResponseBodyMethodProcessor : Using 'application/json', given [*/*] and supported [application/json, application/*+json]
2026-09-13T23:00:44.315+07:00 DEBUG 2616 --- [tea-attendance-api] [nio-8080-exec-5] m.m.a.RequestResponseBodyMethodProcessor : Writing [[]]
2026-09-13T23:00:44.315+07:00 DEBUG 2616 --- [tea-attendance-api] [nio-8080-exec-8] m.m.a.RequestResponseBodyMethodProcessor : Writing [[DrinkCatalogResponse[id=1, name=Tra da, price=5000, icon=?, active=true], DrinkCatalogResponse[id= (truncated)...]
2026-09-13T23:00:44.315+07:00 DEBUG 2616 --- [tea-attendance-api] [io-8080-exec-10] m.m.a.RequestResponseBodyMethodProcessor : Writing [[MemberResponse[id=4, displayName=H??ng, email=huong@example.test, bankName=Techcombank, bankBin=970 (truncated)...]
2026-09-13T23:00:44.315+07:00 DEBUG 2616 --- [tea-attendance-api] [nio-8080-exec-8] o.s.web.servlet.DispatcherServlet        : Completed 200 OK
2026-09-13T23:00:44.315+07:00 DEBUG 2616 --- [tea-attendance-api] [nio-8080-exec-5] o.s.web.servlet.DispatcherServlet        : Completed 200 OK
2026-09-13T23:00:44.316+07:00 DEBUG 2616 --- [tea-attendance-api] [io-8080-exec-10] o.s.web.servlet.DispatcherServlet        : Completed 200 OK
2026-09-13T23:00:44.319+07:00 DEBUG 2616 --- [tea-attendance-api] [nio-8080-exec-2] m.m.a.RequestResponseBodyMethodProcessor : Using 'application/json', given [*/*] and supported [application/json, application/*+json]
2026-09-13T23:00:44.320+07:00 DEBUG 2616 --- [tea-attendance-api] [nio-8080-exec-2] m.m.a.RequestResponseBodyMethodProcessor : Writing [[ExpenseResponse[id=1, orderDate=2026-09-12, payer=MemberBriefResponse[id=2, displayName=Linh Chi],  (truncated)...]
2026-09-13T23:00:44.320+07:00 DEBUG 2616 --- [tea-attendance-api] [nio-8080-exec-2] o.s.web.servlet.DispatcherServlet        : Completed 200 OK
2026-09-13T23:00:44.324+07:00 DEBUG 2616 --- [tea-attendance-api] [nio-8080-exec-3] m.m.a.RequestResponseBodyMethodProcessor : Using 'application/json', given [*/*] and supported [application/json, application/*+json]
2026-09-13T23:00:44.324+07:00 DEBUG 2616 --- [tea-attendance-api] [nio-8080-exec-3] m.m.a.RequestResponseBodyMethodProcessor : Writing [[ChatMessageResponse[id=2, sender=MemberBriefResponse[id=1, displayName=Minh Anh], content=alo, atta (truncated)...]
2026-09-13T23:00:44.325+07:00 DEBUG 2616 --- [tea-attendance-api] [nio-8080-exec-3] o.s.web.servlet.DispatcherServlet        : Completed 200 OK
2026-09-13T23:00:59.293+07:00 DEBUG 2616 --- [tea-attendance-api] [nio-8080-exec-1] o.s.web.servlet.DispatcherServlet        : GET "/api/members", parameters={}
2026-09-13T23:00:59.294+07:00 DEBUG 2616 --- [tea-attendance-api] [nio-8080-exec-1] s.w.s.m.m.a.RequestMappingHandlerMapping : Mapped to com.trasua.api.MemberController#list(boolean)
2026-09-13T23:00:59.295+07:00 DEBUG 2616 --- [tea-attendance-api] [nio-8080-exec-9] o.s.web.servlet.DispatcherServlet        : GET "/api/drinks?includeInactive=true", parameters={masked}
2026-09-13T23:00:59.295+07:00 DEBUG 2616 --- [tea-attendance-api] [nio-8080-exec-9] s.w.s.m.m.a.RequestMappingHandlerMapping : Mapped to com.trasua.api.DrinkCatalogController#list(boolean)
2026-09-13T23:00:59.300+07:00 DEBUG 2616 --- [tea-attendance-api] [nio-8080-exec-6] o.s.web.servlet.DispatcherServlet        : GET "/api/expenses/range?from=2026-09-07&to=2026-09-13", parameters={masked}
2026-09-13T23:00:59.300+07:00 DEBUG 2616 --- [tea-attendance-api] [nio-8080-exec-6] s.w.s.m.m.a.RequestMappingHandlerMapping : Mapped to com.trasua.api.ExpenseController#range(LocalDate, LocalDate)
2026-09-13T23:00:59.304+07:00 DEBUG 2616 --- [tea-attendance-api] [nio-8080-exec-7] o.s.web.servlet.DispatcherServlet        : GET "/api/chat/messages", parameters={}
2026-09-13T23:00:59.305+07:00 DEBUG 2616 --- [tea-attendance-api] [nio-8080-exec-7] s.w.s.m.m.a.RequestMappingHandlerMapping : Mapped to com.trasua.api.ChatController#list(Instant, int)
2026-09-13T23:00:59.305+07:00 DEBUG 2616 --- [tea-attendance-api] [nio-8080-exec-9] org.hibernate.SQL                        : 
    select
        dci1_0.id,
        dci1_0.active,
        dci1_0.created_at,
        dci1_0.icon,
        dci1_0.name,
        dci1_0.price,
        dci1_0.updated_at 
    from
        drink_catalog dci1_0
2026-09-13T23:00:59.305+07:00 DEBUG 2616 --- [tea-attendance-api] [nio-8080-exec-1] org.hibernate.SQL                        : 
    select
        m1_0.id,
        m1_0.account_name,
        m1_0.account_number,
        m1_0.active,
        m1_0.bank_bin,
        m1_0.bank_name,
        m1_0.created_at,
        m1_0.display_name,
        m1_0.email,
        m1_0.password_hash,
        m1_0.qr_code_url,
        m1_0.reset_code_expires_at,
        m1_0.reset_code_hash,
        m1_0.role,
        m1_0.updated_at 
    from
        members m1_0 
    where
        m1_0.active 
    order by
        m1_0.display_name
2026-09-13T23:00:59.312+07:00 DEBUG 2616 --- [tea-attendance-api] [nio-8080-exec-4] o.s.web.servlet.DispatcherServlet        : GET "/api/notifications?memberId=6", parameters={masked}
2026-09-13T23:00:59.312+07:00 DEBUG 2616 --- [tea-attendance-api] [nio-8080-exec-4] s.w.s.m.m.a.RequestMappingHandlerMapping : Mapped to com.trasua.api.NotificationController#list(Long)
2026-09-13T23:00:59.313+07:00 DEBUG 2616 --- [tea-attendance-api] [nio-8080-exec-7] org.hibernate.SQL                        : 
    select
        cm1_0.id,
        cm1_0.content,
        cm1_0.created_at,
        cm1_0.sender_member_id,
        s1_0.id,
        s1_0.account_name,
        s1_0.account_number,
        s1_0.active,
        s1_0.bank_bin,
        s1_0.bank_name,
        s1_0.created_at,
        s1_0.display_name,
        s1_0.email,
        s1_0.password_hash,
        s1_0.qr_code_url,
        s1_0.reset_code_expires_at,
        s1_0.reset_code_hash,
        s1_0.role,
        s1_0.updated_at 
    from
        chat_messages cm1_0 
    join
        members s1_0 
            on s1_0.id=cm1_0.sender_member_id 
    order by
        cm1_0.created_at desc 
    limit
        ?
2026-09-13T23:00:59.314+07:00 DEBUG 2616 --- [tea-attendance-api] [nio-8080-exec-6] org.hibernate.SQL                        : 
    select
        distinct do1_0.id,
        do1_0.created_at,
        i1_0.order_id,
        i1_0.id,
        i1_0.consumer_member_id,
        c1_0.id,
        c1_0.account_name,
        c1_0.account_number,
        c1_0.active,
        c1_0.bank_bin,
        c1_0.bank_name,
        c1_0.created_at,
        c1_0.display_name,
        c1_0.email,
        c1_0.password_hash,
        c1_0.qr_code_url,
        c1_0.reset_code_expires_at,
        c1_0.reset_code_hash,
        c1_0.role,
        c1_0.updated_at,
        i1_0.drink_name,
        i1_0.line_total,
        i1_0.quantity,
        i1_0.unit_price,
        do1_0.note,
        do1_0.order_date,
        do1_0.payer_member_id,
        p1_0.id,
        p1_0.account_name,
        p1_0.account_number,
        p1_0.active,
        p1_0.bank_bin,
        p1_0.bank_name,
        p1_0.created_at,
        p1_0.display_name,
        p1_0.email,
        p1_0.password_hash,
        p1_0.qr_code_url,
        p1_0.reset_code_expires_at,
        p1_0.reset_code_hash,
        p1_0.role,
        p1_0.updated_at,
        do1_0.total_amount,
        do1_0.updated_at 
    from
        drink_orders do1_0 
    join
        members p1_0 
            on p1_0.id=do1_0.payer_member_id 
    left join
        order_items i1_0 
            on do1_0.id=i1_0.order_id 
    left join
        members c1_0 
            on c1_0.id=i1_0.consumer_member_id 
    where
        do1_0.order_date between ? and ? 
    order by
        do1_0.order_date,
        do1_0.id
2026-09-13T23:00:59.316+07:00 DEBUG 2616 --- [tea-attendance-api] [nio-8080-exec-1] m.m.a.RequestResponseBodyMethodProcessor : Using 'application/json', given [*/*] and supported [application/json, application/*+json]
2026-09-13T23:00:59.316+07:00 DEBUG 2616 --- [tea-attendance-api] [nio-8080-exec-9] m.m.a.RequestResponseBodyMethodProcessor : Using 'application/json', given [*/*] and supported [application/json, application/*+json]
2026-09-13T23:00:59.317+07:00 DEBUG 2616 --- [tea-attendance-api] [nio-8080-exec-9] m.m.a.RequestResponseBodyMethodProcessor : Writing [[DrinkCatalogResponse[id=1, name=Tra da, price=5000, icon=?, active=true], DrinkCatalogResponse[id= (truncated)...]
2026-09-13T23:00:59.317+07:00 DEBUG 2616 --- [tea-attendance-api] [nio-8080-exec-1] m.m.a.RequestResponseBodyMethodProcessor : Writing [[MemberResponse[id=4, displayName=H??ng, email=huong@example.test, bankName=Techcombank, bankBin=970 (truncated)...]
2026-09-13T23:00:59.317+07:00 DEBUG 2616 --- [tea-attendance-api] [nio-8080-exec-7] org.hibernate.SQL                        : 
    select
        a1_0.message_id,
        a1_0.id,
        a1_0.byte_size,
        a1_0.content_type,
        a1_0.created_at,
        a1_0.original_filename,
        a1_0.storage_key 
    from
        chat_attachments a1_0 
    where
        a1_0.message_id=? 
    order by
        a1_0.id
2026-09-13T23:00:59.317+07:00 DEBUG 2616 --- [tea-attendance-api] [nio-8080-exec-9] o.s.web.servlet.DispatcherServlet        : Completed 200 OK
2026-09-13T23:00:59.317+07:00 DEBUG 2616 --- [tea-attendance-api] [nio-8080-exec-1] o.s.web.servlet.DispatcherServlet        : Completed 200 OK
2026-09-13T23:00:59.322+07:00 DEBUG 2616 --- [tea-attendance-api] [nio-8080-exec-7] org.hibernate.SQL                        : 
    select
        a1_0.message_id,
        a1_0.id,
        a1_0.byte_size,
        a1_0.content_type,
        a1_0.created_at,
        a1_0.original_filename,
        a1_0.storage_key 
    from
        chat_attachments a1_0 
    where
        a1_0.message_id=? 
    order by
        a1_0.id
2026-09-13T23:00:59.323+07:00 DEBUG 2616 --- [tea-attendance-api] [nio-8080-exec-4] org.hibernate.SQL                        : 
    select
        n1_0.id,
        n1_0.body,
        n1_0.created_at,
        n1_0.read_at,
        n1_0.recipient_member_id,
        r1_0.id,
        r1_0.account_name,
        r1_0.account_number,
        r1_0.active,
        r1_0.bank_bin,
        r1_0.bank_name,
        r1_0.created_at,
        r1_0.display_name,
        r1_0.email,
        r1_0.password_hash,
        r1_0.qr_code_url,
        r1_0.reset_code_expires_at,
        r1_0.reset_code_hash,
        r1_0.role,
        r1_0.updated_at,
        n1_0.settlement_id,
        n1_0.title,
        n1_0.transfer_id,
        n1_0.type 
    from
        notifications n1_0 
    join
        members r1_0 
            on r1_0.id=n1_0.recipient_member_id 
    where
        r1_0.id=? 
    order by
        n1_0.created_at desc
2026-09-13T23:00:59.331+07:00 DEBUG 2616 --- [tea-attendance-api] [nio-8080-exec-6] m.m.a.RequestResponseBodyMethodProcessor : Using 'application/json', given [*/*] and supported [application/json, application/*+json]
2026-09-13T23:00:59.332+07:00 DEBUG 2616 --- [tea-attendance-api] [nio-8080-exec-6] m.m.a.RequestResponseBodyMethodProcessor : Writing [[ExpenseResponse[id=1, orderDate=2026-09-12, payer=MemberBriefResponse[id=2, displayName=Linh Chi],  (truncated)...]
2026-09-13T23:00:59.333+07:00 DEBUG 2616 --- [tea-attendance-api] [nio-8080-exec-6] o.s.web.servlet.DispatcherServlet        : Completed 200 OK
2026-09-13T23:00:59.333+07:00 DEBUG 2616 --- [tea-attendance-api] [nio-8080-exec-7] m.m.a.RequestResponseBodyMethodProcessor : Using 'application/json', given [*/*] and supported [application/json, application/*+json]
2026-09-13T23:00:59.333+07:00 DEBUG 2616 --- [tea-attendance-api] [nio-8080-exec-7] m.m.a.RequestResponseBodyMethodProcessor : Writing [[ChatMessageResponse[id=2, sender=MemberBriefResponse[id=1, displayName=Minh Anh], content=alo, atta (truncated)...]
2026-09-13T23:00:59.334+07:00 DEBUG 2616 --- [tea-attendance-api] [nio-8080-exec-7] o.s.web.servlet.DispatcherServlet        : Completed 200 OK
2026-09-13T23:00:59.334+07:00 DEBUG 2616 --- [tea-attendance-api] [nio-8080-exec-4] m.m.a.RequestResponseBodyMethodProcessor : Using 'application/json', given [*/*] and supported [application/json, application/*+json]
2026-09-13T23:00:59.334+07:00 DEBUG 2616 --- [tea-attendance-api] [nio-8080-exec-4] m.m.a.RequestResponseBodyMethodProcessor : Writing [[]]
2026-09-13T23:00:59.334+07:00 DEBUG 2616 --- [tea-attendance-api] [nio-8080-exec-4] o.s.web.servlet.DispatcherServlet        : Completed 200 OK
2026-09-13T23:01:14.302+07:00 DEBUG 2616 --- [tea-attendance-api] [nio-8080-exec-5] o.s.web.servlet.DispatcherServlet        : GET "/api/members", parameters={}
2026-09-13T23:01:14.303+07:00 DEBUG 2616 --- [tea-attendance-api] [nio-8080-exec-5] s.w.s.m.m.a.RequestMappingHandlerMapping : Mapped to com.trasua.api.MemberController#list(boolean)
2026-09-13T23:01:14.305+07:00 DEBUG 2616 --- [tea-attendance-api] [nio-8080-exec-8] o.s.web.servlet.DispatcherServlet        : GET "/api/drinks?includeInactive=true", parameters={masked}
2026-09-13T23:01:14.309+07:00 DEBUG 2616 --- [tea-attendance-api] [nio-8080-exec-8] s.w.s.m.m.a.RequestMappingHandlerMapping : Mapped to com.trasua.api.DrinkCatalogController#list(boolean)
2026-09-13T23:01:14.309+07:00 DEBUG 2616 --- [tea-attendance-api] [nio-8080-exec-2] o.s.web.servlet.DispatcherServlet        : GET "/api/chat/messages", parameters={}
2026-09-13T23:01:14.310+07:00 DEBUG 2616 --- [tea-attendance-api] [io-8080-exec-10] o.s.web.servlet.DispatcherServlet        : GET "/api/expenses/range?from=2026-09-07&to=2026-09-13", parameters={masked}
2026-09-13T23:01:14.310+07:00 DEBUG 2616 --- [tea-attendance-api] [nio-8080-exec-3] o.s.web.servlet.DispatcherServlet        : GET "/api/notifications?memberId=6", parameters={masked}
2026-09-13T23:01:14.310+07:00 DEBUG 2616 --- [tea-attendance-api] [nio-8080-exec-2] s.w.s.m.m.a.RequestMappingHandlerMapping : Mapped to com.trasua.api.ChatController#list(Instant, int)
2026-09-13T23:01:14.310+07:00 DEBUG 2616 --- [tea-attendance-api] [io-8080-exec-10] s.w.s.m.m.a.RequestMappingHandlerMapping : Mapped to com.trasua.api.ExpenseController#range(LocalDate, LocalDate)
2026-09-13T23:01:14.310+07:00 DEBUG 2616 --- [tea-attendance-api] [nio-8080-exec-3] s.w.s.m.m.a.RequestMappingHandlerMapping : Mapped to com.trasua.api.NotificationController#list(Long)
2026-09-13T23:01:14.317+07:00 DEBUG 2616 --- [tea-attendance-api] [nio-8080-exec-5] org.hibernate.SQL                        : 
    select
        m1_0.id,
        m1_0.account_name,
        m1_0.account_number,
        m1_0.active,
        m1_0.bank_bin,
        m1_0.bank_name,
        m1_0.created_at,
        m1_0.display_name,
        m1_0.email,
        m1_0.password_hash,
        m1_0.qr_code_url,
        m1_0.reset_code_expires_at,
        m1_0.reset_code_hash,
        m1_0.role,
        m1_0.updated_at 
    from
        members m1_0 
    where
        m1_0.active 
    order by
        m1_0.display_name
2026-09-13T23:01:14.319+07:00 DEBUG 2616 --- [tea-attendance-api] [nio-8080-exec-2] org.hibernate.SQL                        : 
    select
        cm1_0.id,
        cm1_0.content,
        cm1_0.created_at,
        cm1_0.sender_member_id,
        s1_0.id,
        s1_0.account_name,
        s1_0.account_number,
        s1_0.active,
        s1_0.bank_bin,
        s1_0.bank_name,
        s1_0.created_at,
        s1_0.display_name,
        s1_0.email,
        s1_0.password_hash,
        s1_0.qr_code_url,
        s1_0.reset_code_expires_at,
        s1_0.reset_code_hash,
        s1_0.role,
        s1_0.updated_at 
    from
        chat_messages cm1_0 
    join
        members s1_0 
            on s1_0.id=cm1_0.sender_member_id 
    order by
        cm1_0.created_at desc 
    limit
        ?
2026-09-13T23:01:14.319+07:00 DEBUG 2616 --- [tea-attendance-api] [io-8080-exec-10] org.hibernate.SQL                        : 
    select
        distinct do1_0.id,
        do1_0.created_at,
        i1_0.order_id,
        i1_0.id,
        i1_0.consumer_member_id,
        c1_0.id,
        c1_0.account_name,
        c1_0.account_number,
        c1_0.active,
        c1_0.bank_bin,
        c1_0.bank_name,
        c1_0.created_at,
        c1_0.display_name,
        c1_0.email,
        c1_0.password_hash,
        c1_0.qr_code_url,
        c1_0.reset_code_expires_at,
        c1_0.reset_code_hash,
        c1_0.role,
        c1_0.updated_at,
        i1_0.drink_name,
        i1_0.line_total,
        i1_0.quantity,
        i1_0.unit_price,
        do1_0.note,
        do1_0.order_date,
        do1_0.payer_member_id,
        p1_0.id,
        p1_0.account_name,
        p1_0.account_number,
        p1_0.active,
        p1_0.bank_bin,
        p1_0.bank_name,
        p1_0.created_at,
        p1_0.display_name,
        p1_0.email,
        p1_0.password_hash,
        p1_0.qr_code_url,
        p1_0.reset_code_expires_at,
        p1_0.reset_code_hash,
        p1_0.role,
        p1_0.updated_at,
        do1_0.total_amount,
        do1_0.updated_at 
    from
        drink_orders do1_0 
    join
        members p1_0 
            on p1_0.id=do1_0.payer_member_id 
    left join
        order_items i1_0 
            on do1_0.id=i1_0.order_id 
    left join
        members c1_0 
            on c1_0.id=i1_0.consumer_member_id 
    where
        do1_0.order_date between ? and ? 
    order by
        do1_0.order_date,
        do1_0.id
2026-09-13T23:01:14.319+07:00 DEBUG 2616 --- [tea-attendance-api] [nio-8080-exec-3] org.hibernate.SQL                        : 
    select
        n1_0.id,
        n1_0.body,
        n1_0.created_at,
        n1_0.read_at,
        n1_0.recipient_member_id,
        r1_0.id,
        r1_0.account_name,
        r1_0.account_number,
        r1_0.active,
        r1_0.bank_bin,
        r1_0.bank_name,
        r1_0.created_at,
        r1_0.display_name,
        r1_0.email,
        r1_0.password_hash,
        r1_0.qr_code_url,
        r1_0.reset_code_expires_at,
        r1_0.reset_code_hash,
        r1_0.role,
        r1_0.updated_at,
        n1_0.settlement_id,
        n1_0.title,
        n1_0.transfer_id,
        n1_0.type 
    from
        notifications n1_0 
    join
        members r1_0 
            on r1_0.id=n1_0.recipient_member_id 
    where
        r1_0.id=? 
    order by
        n1_0.created_at desc
2026-09-13T23:01:14.320+07:00 DEBUG 2616 --- [tea-attendance-api] [nio-8080-exec-8] org.hibernate.SQL                        : 
    select
        dci1_0.id,
        dci1_0.active,
        dci1_0.created_at,
        dci1_0.icon,
        dci1_0.name,
        dci1_0.price,
        dci1_0.updated_at 
    from
        drink_catalog dci1_0
2026-09-13T23:01:14.324+07:00 DEBUG 2616 --- [tea-attendance-api] [nio-8080-exec-2] org.hibernate.SQL                        : 
    select
        a1_0.message_id,
        a1_0.id,
        a1_0.byte_size,
        a1_0.content_type,
        a1_0.created_at,
        a1_0.original_filename,
        a1_0.storage_key 
    from
        chat_attachments a1_0 
    where
        a1_0.message_id=? 
    order by
        a1_0.id
2026-09-13T23:01:14.333+07:00 DEBUG 2616 --- [tea-attendance-api] [nio-8080-exec-2] org.hibernate.SQL                        : 
    select
        a1_0.message_id,
        a1_0.id,
        a1_0.byte_size,
        a1_0.content_type,
        a1_0.created_at,
        a1_0.original_filename,
        a1_0.storage_key 
    from
        chat_attachments a1_0 
    where
        a1_0.message_id=? 
    order by
        a1_0.id
2026-09-13T23:01:14.340+07:00 DEBUG 2616 --- [tea-attendance-api] [nio-8080-exec-5] m.m.a.RequestResponseBodyMethodProcessor : Using 'application/json', given [*/*] and supported [application/json, application/*+json]
2026-09-13T23:01:14.340+07:00 DEBUG 2616 --- [tea-attendance-api] [nio-8080-exec-5] m.m.a.RequestResponseBodyMethodProcessor : Writing [[MemberResponse[id=4, displayName=H??ng, email=huong@example.test, bankName=Techcombank, bankBin=970 (truncated)...]
2026-09-13T23:01:14.341+07:00 DEBUG 2616 --- [tea-attendance-api] [io-8080-exec-10] m.m.a.RequestResponseBodyMethodProcessor : Using 'application/json', given [*/*] and supported [application/json, application/*+json]
2026-09-13T23:01:14.341+07:00 DEBUG 2616 --- [tea-attendance-api] [nio-8080-exec-8] m.m.a.RequestResponseBodyMethodProcessor : Using 'application/json', given [*/*] and supported [application/json, application/*+json]
2026-09-13T23:01:14.341+07:00 DEBUG 2616 --- [tea-attendance-api] [io-8080-exec-10] m.m.a.RequestResponseBodyMethodProcessor : Writing [[ExpenseResponse[id=1, orderDate=2026-09-12, payer=MemberBriefResponse[id=2, displayName=Linh Chi],  (truncated)...]
2026-09-13T23:01:14.341+07:00 DEBUG 2616 --- [tea-attendance-api] [nio-8080-exec-8] m.m.a.RequestResponseBodyMethodProcessor : Writing [[DrinkCatalogResponse[id=1, name=Tra da, price=5000, icon=?, active=true], DrinkCatalogResponse[id= (truncated)...]
2026-09-13T23:01:14.342+07:00 DEBUG 2616 --- [tea-attendance-api] [nio-8080-exec-5] o.s.web.servlet.DispatcherServlet        : Completed 200 OK
2026-09-13T23:01:14.342+07:00 DEBUG 2616 --- [tea-attendance-api] [nio-8080-exec-8] o.s.web.servlet.DispatcherServlet        : Completed 200 OK
2026-09-13T23:01:14.342+07:00 DEBUG 2616 --- [tea-attendance-api] [io-8080-exec-10] o.s.web.servlet.DispatcherServlet        : Completed 200 OK
2026-09-13T23:01:14.343+07:00 DEBUG 2616 --- [tea-attendance-api] [nio-8080-exec-3] m.m.a.RequestResponseBodyMethodProcessor : Using 'application/json', given [*/*] and supported [application/json, application/*+json]
2026-09-13T23:01:14.343+07:00 DEBUG 2616 --- [tea-attendance-api] [nio-8080-exec-3] m.m.a.RequestResponseBodyMethodProcessor : Writing [[]]
2026-09-13T23:01:14.344+07:00 DEBUG 2616 --- [tea-attendance-api] [nio-8080-exec-3] o.s.web.servlet.DispatcherServlet        : Completed 200 OK
2026-09-13T23:01:14.346+07:00 DEBUG 2616 --- [tea-attendance-api] [nio-8080-exec-2] m.m.a.RequestResponseBodyMethodProcessor : Using 'application/json', given [*/*] and supported [application/json, application/*+json]
2026-09-13T23:01:14.346+07:00 DEBUG 2616 --- [tea-attendance-api] [nio-8080-exec-2] m.m.a.RequestResponseBodyMethodProcessor : Writing [[ChatMessageResponse[id=2, sender=MemberBriefResponse[id=1, displayName=Minh Anh], content=alo, atta (truncated)...]
2026-09-13T23:01:14.347+07:00 DEBUG 2616 --- [tea-attendance-api] [nio-8080-exec-2] o.s.web.servlet.DispatcherServlet        : Completed 200 OK
2026-09-13T23:01:26.187+07:00  INFO 2616 --- [tea-attendance-api] [MessageBroker-2] o.s.w.s.c.WebSocketMessageBrokerStats    : WebSocketSession[0 current WS(0)-HttpStream(0)-HttpPoll(0), 0 total, 0 closed abnormally (0 connect failure, 0 send limit, 0 transport error)], stompSubProtocol[processed CONNECT(0)-CONNECTED(0)-DISCONNECT(0)], stompBrokerRelay[null], inboundChannel[pool size = 0, active threads = 0, queued tasks = 0, completed tasks = 0], outboundChannel[pool size = 0, active threads = 0, queued tasks = 0, completed tasks = 0], sockJsScheduler[pool size = 3, active threads = 1, queued tasks = 1, completed tasks = 1]
2026-09-13T23:01:29.298+07:00 DEBUG 2616 --- [tea-attendance-api] [nio-8080-exec-9] o.s.web.servlet.DispatcherServlet        : GET "/api/members", parameters={}
2026-09-13T23:01:29.298+07:00 DEBUG 2616 --- [tea-attendance-api] [nio-8080-exec-1] o.s.web.servlet.DispatcherServlet        : GET "/api/drinks?includeInactive=true", parameters={masked}
2026-09-13T23:01:29.298+07:00 DEBUG 2616 --- [tea-attendance-api] [nio-8080-exec-9] s.w.s.m.m.a.RequestMappingHandlerMapping : Mapped to com.trasua.api.MemberController#list(boolean)
2026-09-13T23:01:29.298+07:00 DEBUG 2616 --- [tea-attendance-api] [nio-8080-exec-1] s.w.s.m.m.a.RequestMappingHandlerMapping : Mapped to com.trasua.api.DrinkCatalogController#list(boolean)
2026-09-13T23:01:29.299+07:00 DEBUG 2616 --- [tea-attendance-api] [nio-8080-exec-6] o.s.web.servlet.DispatcherServlet        : GET "/api/expenses/range?from=2026-09-07&to=2026-09-13", parameters={masked}
2026-09-13T23:01:29.300+07:00 DEBUG 2616 --- [tea-attendance-api] [nio-8080-exec-6] s.w.s.m.m.a.RequestMappingHandlerMapping : Mapped to com.trasua.api.ExpenseController#range(LocalDate, LocalDate)
2026-09-13T23:01:29.300+07:00 DEBUG 2616 --- [tea-attendance-api] [nio-8080-exec-7] o.s.web.servlet.DispatcherServlet        : GET "/api/chat/messages", parameters={}
2026-09-13T23:01:29.300+07:00 DEBUG 2616 --- [tea-attendance-api] [nio-8080-exec-7] s.w.s.m.m.a.RequestMappingHandlerMapping : Mapped to com.trasua.api.ChatController#list(Instant, int)
2026-09-13T23:01:29.300+07:00 DEBUG 2616 --- [tea-attendance-api] [nio-8080-exec-4] o.s.web.servlet.DispatcherServlet        : GET "/api/notifications?memberId=6", parameters={masked}
2026-09-13T23:01:29.300+07:00 DEBUG 2616 --- [tea-attendance-api] [nio-8080-exec-4] s.w.s.m.m.a.RequestMappingHandlerMapping : Mapped to com.trasua.api.NotificationController#list(Long)
2026-09-13T23:01:29.308+07:00 DEBUG 2616 --- [tea-attendance-api] [nio-8080-exec-7] org.hibernate.SQL                        : 
    select
        cm1_0.id,
        cm1_0.content,
        cm1_0.created_at,
        cm1_0.sender_member_id,
        s1_0.id,
        s1_0.account_name,
        s1_0.account_number,
        s1_0.active,
        s1_0.bank_bin,
        s1_0.bank_name,
        s1_0.created_at,
        s1_0.display_name,
        s1_0.email,
        s1_0.password_hash,
        s1_0.qr_code_url,
        s1_0.reset_code_expires_at,
        s1_0.reset_code_hash,
        s1_0.role,
        s1_0.updated_at 
    from
        chat_messages cm1_0 
    join
        members s1_0 
            on s1_0.id=cm1_0.sender_member_id 
    order by
        cm1_0.created_at desc 
    limit
        ?
2026-09-13T23:01:29.308+07:00 DEBUG 2616 --- [tea-attendance-api] [nio-8080-exec-4] org.hibernate.SQL                        : 
    select
        n1_0.id,
        n1_0.body,
        n1_0.created_at,
        n1_0.read_at,
        n1_0.recipient_member_id,
        r1_0.id,
        r1_0.account_name,
        r1_0.account_number,
        r1_0.active,
        r1_0.bank_bin,
        r1_0.bank_name,
        r1_0.created_at,
        r1_0.display_name,
        r1_0.email,
        r1_0.password_hash,
        r1_0.qr_code_url,
        r1_0.reset_code_expires_at,
        r1_0.reset_code_hash,
        r1_0.role,
        r1_0.updated_at,
        n1_0.settlement_id,
        n1_0.title,
        n1_0.transfer_id,
        n1_0.type 
    from
        notifications n1_0 
    join
        members r1_0 
            on r1_0.id=n1_0.recipient_member_id 
    where
        r1_0.id=? 
    order by
        n1_0.created_at desc
2026-09-13T23:01:29.308+07:00 DEBUG 2616 --- [tea-attendance-api] [nio-8080-exec-6] org.hibernate.SQL                        : 
    select
        distinct do1_0.id,
        do1_0.created_at,
        i1_0.order_id,
        i1_0.id,
        i1_0.consumer_member_id,
        c1_0.id,
        c1_0.account_name,
        c1_0.account_number,
        c1_0.active,
        c1_0.bank_bin,
        c1_0.bank_name,
        c1_0.created_at,
        c1_0.display_name,
        c1_0.email,
        c1_0.password_hash,
        c1_0.qr_code_url,
        c1_0.reset_code_expires_at,
        c1_0.reset_code_hash,
        c1_0.role,
        c1_0.updated_at,
        i1_0.drink_name,
        i1_0.line_total,
        i1_0.quantity,
        i1_0.unit_price,
        do1_0.note,
        do1_0.order_date,
        do1_0.payer_member_id,
        p1_0.id,
        p1_0.account_name,
        p1_0.account_number,
        p1_0.active,
        p1_0.bank_bin,
        p1_0.bank_name,
        p1_0.created_at,
        p1_0.display_name,
        p1_0.email,
        p1_0.password_hash,
        p1_0.qr_code_url,
        p1_0.reset_code_expires_at,
        p1_0.reset_code_hash,
        p1_0.role,
        p1_0.updated_at,
        do1_0.total_amount,
        do1_0.updated_at 
    from
        drink_orders do1_0 
    join
        members p1_0 
            on p1_0.id=do1_0.payer_member_id 
    left join
        order_items i1_0 
            on do1_0.id=i1_0.order_id 
    left join
        members c1_0 
            on c1_0.id=i1_0.consumer_member_id 
    where
        do1_0.order_date between ? and ? 
    order by
        do1_0.order_date,
        do1_0.id
2026-09-13T23:01:29.309+07:00 DEBUG 2616 --- [tea-attendance-api] [nio-8080-exec-1] org.hibernate.SQL                        : 
    select
        dci1_0.id,
        dci1_0.active,
        dci1_0.created_at,
        dci1_0.icon,
        dci1_0.name,
        dci1_0.price,
        dci1_0.updated_at 
    from
        drink_catalog dci1_0
2026-09-13T23:01:29.310+07:00 DEBUG 2616 --- [tea-attendance-api] [nio-8080-exec-9] org.hibernate.SQL                        : 
    select
        m1_0.id,
        m1_0.account_name,
        m1_0.account_number,
        m1_0.active,
        m1_0.bank_bin,
        m1_0.bank_name,
        m1_0.created_at,
        m1_0.display_name,
        m1_0.email,
        m1_0.password_hash,
        m1_0.qr_code_url,
        m1_0.reset_code_expires_at,
        m1_0.reset_code_hash,
        m1_0.role,
        m1_0.updated_at 
    from
        members m1_0 
    where
        m1_0.active 
    order by
        m1_0.display_name
2026-09-13T23:01:29.314+07:00 DEBUG 2616 --- [tea-attendance-api] [nio-8080-exec-7] org.hibernate.SQL                        : 
    select
        a1_0.message_id,
        a1_0.id,
        a1_0.byte_size,
        a1_0.content_type,
        a1_0.created_at,
        a1_0.original_filename,
        a1_0.storage_key 
    from
        chat_attachments a1_0 
    where
        a1_0.message_id=? 
    order by
        a1_0.id
2026-09-13T23:01:29.319+07:00 DEBUG 2616 --- [tea-attendance-api] [nio-8080-exec-7] org.hibernate.SQL                        : 
    select
        a1_0.message_id,
        a1_0.id,
        a1_0.byte_size,
        a1_0.content_type,
        a1_0.created_at,
        a1_0.original_filename,
        a1_0.storage_key 
    from
        chat_attachments a1_0 
    where
        a1_0.message_id=? 
    order by
        a1_0.id
2026-09-13T23:01:29.320+07:00 DEBUG 2616 --- [tea-attendance-api] [nio-8080-exec-4] m.m.a.RequestResponseBodyMethodProcessor : Using 'application/json', given [*/*] and supported [application/json, application/*+json]
2026-09-13T23:01:29.320+07:00 DEBUG 2616 --- [tea-attendance-api] [nio-8080-exec-1] m.m.a.RequestResponseBodyMethodProcessor : Using 'application/json', given [*/*] and supported [application/json, application/*+json]
2026-09-13T23:01:29.320+07:00 DEBUG 2616 --- [tea-attendance-api] [nio-8080-exec-4] m.m.a.RequestResponseBodyMethodProcessor : Writing [[]]
2026-09-13T23:01:29.320+07:00 DEBUG 2616 --- [tea-attendance-api] [nio-8080-exec-1] m.m.a.RequestResponseBodyMethodProcessor : Writing [[DrinkCatalogResponse[id=1, name=Tra da, price=5000, icon=?, active=true], DrinkCatalogResponse[id= (truncated)...]
2026-09-13T23:01:29.320+07:00 DEBUG 2616 --- [tea-attendance-api] [nio-8080-exec-4] o.s.web.servlet.DispatcherServlet        : Completed 200 OK
2026-09-13T23:01:29.321+07:00 DEBUG 2616 --- [tea-attendance-api] [nio-8080-exec-1] o.s.web.servlet.DispatcherServlet        : Completed 200 OK
2026-09-13T23:01:29.322+07:00 DEBUG 2616 --- [tea-attendance-api] [nio-8080-exec-6] m.m.a.RequestResponseBodyMethodProcessor : Using 'application/json', given [*/*] and supported [application/json, application/*+json]
2026-09-13T23:01:29.322+07:00 DEBUG 2616 --- [tea-attendance-api] [nio-8080-exec-9] m.m.a.RequestResponseBodyMethodProcessor : Using 'application/json', given [*/*] and supported [application/json, application/*+json]
2026-09-13T23:01:29.322+07:00 DEBUG 2616 --- [tea-attendance-api] [nio-8080-exec-6] m.m.a.RequestResponseBodyMethodProcessor : Writing [[ExpenseResponse[id=1, orderDate=2026-09-12, payer=MemberBriefResponse[id=2, displayName=Linh Chi],  (truncated)...]
2026-09-13T23:01:29.322+07:00 DEBUG 2616 --- [tea-attendance-api] [nio-8080-exec-9] m.m.a.RequestResponseBodyMethodProcessor : Writing [[MemberResponse[id=4, displayName=H??ng, email=huong@example.test, bankName=Techcombank, bankBin=970 (truncated)...]
2026-09-13T23:01:29.323+07:00 DEBUG 2616 --- [tea-attendance-api] [nio-8080-exec-9] o.s.web.servlet.DispatcherServlet        : Completed 200 OK
2026-09-13T23:01:29.323+07:00 DEBUG 2616 --- [tea-attendance-api] [nio-8080-exec-6] o.s.web.servlet.DispatcherServlet        : Completed 200 OK
2026-09-13T23:01:29.330+07:00 DEBUG 2616 --- [tea-attendance-api] [nio-8080-exec-7] m.m.a.RequestResponseBodyMethodProcessor : Using 'application/json', given [*/*] and supported [application/json, application/*+json]
2026-09-13T23:01:29.330+07:00 DEBUG 2616 --- [tea-attendance-api] [nio-8080-exec-7] m.m.a.RequestResponseBodyMethodProcessor : Writing [[ChatMessageResponse[id=2, sender=MemberBriefResponse[id=1, displayName=Minh Anh], content=alo, atta (truncated)...]
2026-09-13T23:01:29.331+07:00 DEBUG 2616 --- [tea-attendance-api] [nio-8080-exec-7] o.s.web.servlet.DispatcherServlet        : Completed 200 OK
2026-09-13T23:01:44.300+07:00 DEBUG 2616 --- [tea-attendance-api] [nio-8080-exec-5] o.s.web.servlet.DispatcherServlet        : GET "/api/members", parameters={}
2026-09-13T23:01:44.300+07:00 DEBUG 2616 --- [tea-attendance-api] [nio-8080-exec-5] s.w.s.m.m.a.RequestMappingHandlerMapping : Mapped to com.trasua.api.MemberController#list(boolean)
2026-09-13T23:01:44.300+07:00 DEBUG 2616 --- [tea-attendance-api] [io-8080-exec-10] o.s.web.servlet.DispatcherServlet        : GET "/api/drinks?includeInactive=true", parameters={masked}
2026-09-13T23:01:44.301+07:00 DEBUG 2616 --- [tea-attendance-api] [io-8080-exec-10] s.w.s.m.m.a.RequestMappingHandlerMapping : Mapped to com.trasua.api.DrinkCatalogController#list(boolean)
2026-09-13T23:01:44.302+07:00 DEBUG 2616 --- [tea-attendance-api] [nio-8080-exec-8] o.s.web.servlet.DispatcherServlet        : GET "/api/expenses/range?from=2026-09-07&to=2026-09-13", parameters={masked}
2026-09-13T23:01:44.302+07:00 DEBUG 2616 --- [tea-attendance-api] [nio-8080-exec-8] s.w.s.m.m.a.RequestMappingHandlerMapping : Mapped to com.trasua.api.ExpenseController#range(LocalDate, LocalDate)
2026-09-13T23:01:44.303+07:00 DEBUG 2616 --- [tea-attendance-api] [nio-8080-exec-2] o.s.web.servlet.DispatcherServlet        : GET "/api/notifications?memberId=6", parameters={masked}
2026-09-13T23:01:44.303+07:00 DEBUG 2616 --- [tea-attendance-api] [nio-8080-exec-3] o.s.web.servlet.DispatcherServlet        : GET "/api/chat/messages", parameters={}
2026-09-13T23:01:44.303+07:00 DEBUG 2616 --- [tea-attendance-api] [nio-8080-exec-2] s.w.s.m.m.a.RequestMappingHandlerMapping : Mapped to com.trasua.api.NotificationController#list(Long)
2026-09-13T23:01:44.303+07:00 DEBUG 2616 --- [tea-attendance-api] [nio-8080-exec-3] s.w.s.m.m.a.RequestMappingHandlerMapping : Mapped to com.trasua.api.ChatController#list(Instant, int)
2026-09-13T23:01:44.318+07:00 DEBUG 2616 --- [tea-attendance-api] [io-8080-exec-10] org.hibernate.SQL                        : 
    select
        dci1_0.id,
        dci1_0.active,
        dci1_0.created_at,
        dci1_0.icon,
        dci1_0.name,
        dci1_0.price,
        dci1_0.updated_at 
    from
        drink_catalog dci1_0
2026-09-13T23:01:44.318+07:00 DEBUG 2616 --- [tea-attendance-api] [nio-8080-exec-5] org.hibernate.SQL                        : 
    select
        m1_0.id,
        m1_0.account_name,
        m1_0.account_number,
        m1_0.active,
        m1_0.bank_bin,
        m1_0.bank_name,
        m1_0.created_at,
        m1_0.display_name,
        m1_0.email,
        m1_0.password_hash,
        m1_0.qr_code_url,
        m1_0.reset_code_expires_at,
        m1_0.reset_code_hash,
        m1_0.role,
        m1_0.updated_at 
    from
        members m1_0 
    where
        m1_0.active 
    order by
        m1_0.display_name
2026-09-13T23:01:44.322+07:00 DEBUG 2616 --- [tea-attendance-api] [nio-8080-exec-2] org.hibernate.SQL                        : 
    select
        n1_0.id,
        n1_0.body,
        n1_0.created_at,
        n1_0.read_at,
        n1_0.recipient_member_id,
        r1_0.id,
        r1_0.account_name,
        r1_0.account_number,
        r1_0.active,
        r1_0.bank_bin,
        r1_0.bank_name,
        r1_0.created_at,
        r1_0.display_name,
        r1_0.email,
        r1_0.password_hash,
        r1_0.qr_code_url,
        r1_0.reset_code_expires_at,
        r1_0.reset_code_hash,
        r1_0.role,
        r1_0.updated_at,
        n1_0.settlement_id,
        n1_0.title,
        n1_0.transfer_id,
        n1_0.type 
    from
        notifications n1_0 
    join
        members r1_0 
            on r1_0.id=n1_0.recipient_member_id 
    where
        r1_0.id=? 
    order by
        n1_0.created_at desc
2026-09-13T23:01:44.322+07:00 DEBUG 2616 --- [tea-attendance-api] [nio-8080-exec-3] org.hibernate.SQL                        : 
    select
        cm1_0.id,
        cm1_0.content,
        cm1_0.created_at,
        cm1_0.sender_member_id,
        s1_0.id,
        s1_0.account_name,
        s1_0.account_number,
        s1_0.active,
        s1_0.bank_bin,
        s1_0.bank_name,
        s1_0.created_at,
        s1_0.display_name,
        s1_0.email,
        s1_0.password_hash,
        s1_0.qr_code_url,
        s1_0.reset_code_expires_at,
        s1_0.reset_code_hash,
        s1_0.role,
        s1_0.updated_at 
    from
        chat_messages cm1_0 
    join
        members s1_0 
            on s1_0.id=cm1_0.sender_member_id 
    order by
        cm1_0.created_at desc 
    limit
        ?
2026-09-13T23:01:44.322+07:00 DEBUG 2616 --- [tea-attendance-api] [nio-8080-exec-8] org.hibernate.SQL                        : 
    select
        distinct do1_0.id,
        do1_0.created_at,
        i1_0.order_id,
        i1_0.id,
        i1_0.consumer_member_id,
        c1_0.id,
        c1_0.account_name,
        c1_0.account_number,
        c1_0.active,
        c1_0.bank_bin,
        c1_0.bank_name,
        c1_0.created_at,
        c1_0.display_name,
        c1_0.email,
        c1_0.password_hash,
        c1_0.qr_code_url,
        c1_0.reset_code_expires_at,
        c1_0.reset_code_hash,
        c1_0.role,
        c1_0.updated_at,
        i1_0.drink_name,
        i1_0.line_total,
        i1_0.quantity,
        i1_0.unit_price,
        do1_0.note,
        do1_0.order_date,
        do1_0.payer_member_id,
        p1_0.id,
        p1_0.account_name,
        p1_0.account_number,
        p1_0.active,
        p1_0.bank_bin,
        p1_0.bank_name,
        p1_0.created_at,
        p1_0.display_name,
        p1_0.email,
        p1_0.password_hash,
        p1_0.qr_code_url,
        p1_0.reset_code_expires_at,
        p1_0.reset_code_hash,
        p1_0.role,
        p1_0.updated_at,
        do1_0.total_amount,
        do1_0.updated_at 
    from
        drink_orders do1_0 
    join
        members p1_0 
            on p1_0.id=do1_0.payer_member_id 
    left join
        order_items i1_0 
            on do1_0.id=i1_0.order_id 
    left join
        members c1_0 
            on c1_0.id=i1_0.consumer_member_id 
    where
        do1_0.order_date between ? and ? 
    order by
        do1_0.order_date,
        do1_0.id
2026-09-13T23:01:44.328+07:00 DEBUG 2616 --- [tea-attendance-api] [nio-8080-exec-3] org.hibernate.SQL                        : 
    select
        a1_0.message_id,
        a1_0.id,
        a1_0.byte_size,
        a1_0.content_type,
        a1_0.created_at,
        a1_0.original_filename,
        a1_0.storage_key 
    from
        chat_attachments a1_0 
    where
        a1_0.message_id=? 
    order by
        a1_0.id
2026-09-13T23:01:44.333+07:00 DEBUG 2616 --- [tea-attendance-api] [nio-8080-exec-3] org.hibernate.SQL                        : 
    select
        a1_0.message_id,
        a1_0.id,
        a1_0.byte_size,
        a1_0.content_type,
        a1_0.created_at,
        a1_0.original_filename,
        a1_0.storage_key 
    from
        chat_attachments a1_0 
    where
        a1_0.message_id=? 
    order by
        a1_0.id
2026-09-13T23:01:44.334+07:00 DEBUG 2616 --- [tea-attendance-api] [io-8080-exec-10] m.m.a.RequestResponseBodyMethodProcessor : Using 'application/json', given [*/*] and supported [application/json, application/*+json]
2026-09-13T23:01:44.334+07:00 DEBUG 2616 --- [tea-attendance-api] [io-8080-exec-10] m.m.a.RequestResponseBodyMethodProcessor : Writing [[DrinkCatalogResponse[id=1, name=Tra da, price=5000, icon=?, active=true], DrinkCatalogResponse[id= (truncated)...]
2026-09-13T23:01:44.335+07:00 DEBUG 2616 --- [tea-attendance-api] [nio-8080-exec-5] m.m.a.RequestResponseBodyMethodProcessor : Using 'application/json', given [*/*] and supported [application/json, application/*+json]
2026-09-13T23:01:44.336+07:00 DEBUG 2616 --- [tea-attendance-api] [io-8080-exec-10] o.s.web.servlet.DispatcherServlet        : Completed 200 OK
2026-09-13T23:01:44.336+07:00 DEBUG 2616 --- [tea-attendance-api] [nio-8080-exec-5] m.m.a.RequestResponseBodyMethodProcessor : Writing [[MemberResponse[id=4, displayName=H??ng, email=huong@example.test, bankName=Techcombank, bankBin=970 (truncated)...]
2026-09-13T23:01:44.337+07:00 DEBUG 2616 --- [tea-attendance-api] [nio-8080-exec-5] o.s.web.servlet.DispatcherServlet        : Completed 200 OK
2026-09-13T23:01:44.340+07:00 DEBUG 2616 --- [tea-attendance-api] [nio-8080-exec-2] m.m.a.RequestResponseBodyMethodProcessor : Using 'application/json', given [*/*] and supported [application/json, application/*+json]
2026-09-13T23:01:44.340+07:00 DEBUG 2616 --- [tea-attendance-api] [nio-8080-exec-8] m.m.a.RequestResponseBodyMethodProcessor : Using 'application/json', given [*/*] and supported [application/json, application/*+json]
2026-09-13T23:01:44.341+07:00 DEBUG 2616 --- [tea-attendance-api] [nio-8080-exec-2] m.m.a.RequestResponseBodyMethodProcessor : Writing [[]]
2026-09-13T23:01:44.341+07:00 DEBUG 2616 --- [tea-attendance-api] [nio-8080-exec-8] m.m.a.RequestResponseBodyMethodProcessor : Writing [[ExpenseResponse[id=1, orderDate=2026-09-12, payer=MemberBriefResponse[id=2, displayName=Linh Chi],  (truncated)...]
2026-09-13T23:01:44.341+07:00 DEBUG 2616 --- [tea-attendance-api] [nio-8080-exec-2] o.s.web.servlet.DispatcherServlet        : Completed 200 OK
2026-09-13T23:01:44.341+07:00 DEBUG 2616 --- [tea-attendance-api] [nio-8080-exec-8] o.s.web.servlet.DispatcherServlet        : Completed 200 OK
2026-09-13T23:01:44.348+07:00 DEBUG 2616 --- [tea-attendance-api] [nio-8080-exec-3] m.m.a.RequestResponseBodyMethodProcessor : Using 'application/json', given [*/*] and supported [application/json, application/*+json]
2026-09-13T23:01:44.348+07:00 DEBUG 2616 --- [tea-attendance-api] [nio-8080-exec-3] m.m.a.RequestResponseBodyMethodProcessor : Writing [[ChatMessageResponse[id=2, sender=MemberBriefResponse[id=1, displayName=Minh Anh], content=alo, atta (truncated)...]
2026-09-13T23:01:44.349+07:00 DEBUG 2616 --- [tea-attendance-api] [nio-8080-exec-3] o.s.web.servlet.DispatcherServlet        : Completed 200 OK
2026-09-13T23:01:59.300+07:00 DEBUG 2616 --- [tea-attendance-api] [nio-8080-exec-4] o.s.web.servlet.DispatcherServlet        : GET "/api/members", parameters={}
2026-09-13T23:01:59.300+07:00 DEBUG 2616 --- [tea-attendance-api] [nio-8080-exec-4] s.w.s.m.m.a.RequestMappingHandlerMapping : Mapped to com.trasua.api.MemberController#list(boolean)
2026-09-13T23:01:59.305+07:00 DEBUG 2616 --- [tea-attendance-api] [nio-8080-exec-1] o.s.web.servlet.DispatcherServlet        : GET "/api/drinks?includeInactive=true", parameters={masked}
2026-09-13T23:01:59.306+07:00 DEBUG 2616 --- [tea-attendance-api] [nio-8080-exec-1] s.w.s.m.m.a.RequestMappingHandlerMapping : Mapped to com.trasua.api.DrinkCatalogController#list(boolean)
2026-09-13T23:01:59.306+07:00 DEBUG 2616 --- [tea-attendance-api] [nio-8080-exec-6] o.s.web.servlet.DispatcherServlet        : GET "/api/expenses/range?from=2026-09-07&to=2026-09-13", parameters={masked}
2026-09-13T23:01:59.307+07:00 DEBUG 2616 --- [tea-attendance-api] [nio-8080-exec-6] s.w.s.m.m.a.RequestMappingHandlerMapping : Mapped to com.trasua.api.ExpenseController#range(LocalDate, LocalDate)
2026-09-13T23:01:59.312+07:00 DEBUG 2616 --- [tea-attendance-api] [nio-8080-exec-9] o.s.web.servlet.DispatcherServlet        : GET "/api/chat/messages", parameters={}
2026-09-13T23:01:59.313+07:00 DEBUG 2616 --- [tea-attendance-api] [nio-8080-exec-4] org.hibernate.SQL                        : 
    select
        m1_0.id,
        m1_0.account_name,
        m1_0.account_number,
        m1_0.active,
        m1_0.bank_bin,
        m1_0.bank_name,
        m1_0.created_at,
        m1_0.display_name,
        m1_0.email,
        m1_0.password_hash,
        m1_0.qr_code_url,
        m1_0.reset_code_expires_at,
        m1_0.reset_code_hash,
        m1_0.role,
        m1_0.updated_at 
    from
        members m1_0 
    where
        m1_0.active 
    order by
        m1_0.display_name
2026-09-13T23:01:59.313+07:00 DEBUG 2616 --- [tea-attendance-api] [nio-8080-exec-9] s.w.s.m.m.a.RequestMappingHandlerMapping : Mapped to com.trasua.api.ChatController#list(Instant, int)
2026-09-13T23:01:59.315+07:00 DEBUG 2616 --- [tea-attendance-api] [nio-8080-exec-1] org.hibernate.SQL                        : 
    select
        dci1_0.id,
        dci1_0.active,
        dci1_0.created_at,
        dci1_0.icon,
        dci1_0.name,
        dci1_0.price,
        dci1_0.updated_at 
    from
        drink_catalog dci1_0
2026-09-13T23:01:59.317+07:00 DEBUG 2616 --- [tea-attendance-api] [nio-8080-exec-7] o.s.web.servlet.DispatcherServlet        : GET "/api/notifications?memberId=6", parameters={masked}
2026-09-13T23:01:59.317+07:00 DEBUG 2616 --- [tea-attendance-api] [nio-8080-exec-7] s.w.s.m.m.a.RequestMappingHandlerMapping : Mapped to com.trasua.api.NotificationController#list(Long)
2026-09-13T23:01:59.319+07:00 DEBUG 2616 --- [tea-attendance-api] [nio-8080-exec-6] org.hibernate.SQL                        : 
    select
        distinct do1_0.id,
        do1_0.created_at,
        i1_0.order_id,
        i1_0.id,
        i1_0.consumer_member_id,
        c1_0.id,
        c1_0.account_name,
        c1_0.account_number,
        c1_0.active,
        c1_0.bank_bin,
        c1_0.bank_name,
        c1_0.created_at,
        c1_0.display_name,
        c1_0.email,
        c1_0.password_hash,
        c1_0.qr_code_url,
        c1_0.reset_code_expires_at,
        c1_0.reset_code_hash,
        c1_0.role,
        c1_0.updated_at,
        i1_0.drink_name,
        i1_0.line_total,
        i1_0.quantity,
        i1_0.unit_price,
        do1_0.note,
        do1_0.order_date,
        do1_0.payer_member_id,
        p1_0.id,
        p1_0.account_name,
        p1_0.account_number,
        p1_0.active,
        p1_0.bank_bin,
        p1_0.bank_name,
        p1_0.created_at,
        p1_0.display_name,
        p1_0.email,
        p1_0.password_hash,
        p1_0.qr_code_url,
        p1_0.reset_code_expires_at,
        p1_0.reset_code_hash,
        p1_0.role,
        p1_0.updated_at,
        do1_0.total_amount,
        do1_0.updated_at 
    from
        drink_orders do1_0 
    join
        members p1_0 
            on p1_0.id=do1_0.payer_member_id 
    left join
        order_items i1_0 
            on do1_0.id=i1_0.order_id 
    left join
        members c1_0 
            on c1_0.id=i1_0.consumer_member_id 
    where
        do1_0.order_date between ? and ? 
    order by
        do1_0.order_date,
        do1_0.id
2026-09-13T23:01:59.321+07:00 DEBUG 2616 --- [tea-attendance-api] [nio-8080-exec-9] org.hibernate.SQL                        : 
    select
        cm1_0.id,
        cm1_0.content,
        cm1_0.created_at,
        cm1_0.sender_member_id,
        s1_0.id,
        s1_0.account_name,
        s1_0.account_number,
        s1_0.active,
        s1_0.bank_bin,
        s1_0.bank_name,
        s1_0.created_at,
        s1_0.display_name,
        s1_0.email,
        s1_0.password_hash,
        s1_0.qr_code_url,
        s1_0.reset_code_expires_at,
        s1_0.reset_code_hash,
        s1_0.role,
        s1_0.updated_at 
    from
        chat_messages cm1_0 
    join
        members s1_0 
            on s1_0.id=cm1_0.sender_member_id 
    order by
        cm1_0.created_at desc 
    limit
        ?
2026-09-13T23:01:59.326+07:00 DEBUG 2616 --- [tea-attendance-api] [nio-8080-exec-9] org.hibernate.SQL                        : 
    select
        a1_0.message_id,
        a1_0.id,
        a1_0.byte_size,
        a1_0.content_type,
        a1_0.created_at,
        a1_0.original_filename,
        a1_0.storage_key 
    from
        chat_attachments a1_0 
    where
        a1_0.message_id=? 
    order by
        a1_0.id
2026-09-13T23:01:59.328+07:00 DEBUG 2616 --- [tea-attendance-api] [nio-8080-exec-4] m.m.a.RequestResponseBodyMethodProcessor : Using 'application/json', given [*/*] and supported [application/json, application/*+json]
2026-09-13T23:01:59.328+07:00 DEBUG 2616 --- [tea-attendance-api] [nio-8080-exec-1] m.m.a.RequestResponseBodyMethodProcessor : Using 'application/json', given [*/*] and supported [application/json, application/*+json]
2026-09-13T23:01:59.328+07:00 DEBUG 2616 --- [tea-attendance-api] [nio-8080-exec-1] m.m.a.RequestResponseBodyMethodProcessor : Writing [[DrinkCatalogResponse[id=1, name=Tra da, price=5000, icon=?, active=true], DrinkCatalogResponse[id= (truncated)...]
2026-09-13T23:01:59.328+07:00 DEBUG 2616 --- [tea-attendance-api] [nio-8080-exec-7] org.hibernate.SQL                        : 
    select
        n1_0.id,
        n1_0.body,
        n1_0.created_at,
        n1_0.read_at,
        n1_0.recipient_member_id,
        r1_0.id,
        r1_0.account_name,
        r1_0.account_number,
        r1_0.active,
        r1_0.bank_bin,
        r1_0.bank_name,
        r1_0.created_at,
        r1_0.display_name,
        r1_0.email,
        r1_0.password_hash,
        r1_0.qr_code_url,
        r1_0.reset_code_expires_at,
        r1_0.reset_code_hash,
        r1_0.role,
        r1_0.updated_at,
        n1_0.settlement_id,
        n1_0.title,
        n1_0.transfer_id,
        n1_0.type 
    from
        notifications n1_0 
    join
        members r1_0 
            on r1_0.id=n1_0.recipient_member_id 
    where
        r1_0.id=? 
    order by
        n1_0.created_at desc
2026-09-13T23:01:59.328+07:00 DEBUG 2616 --- [tea-attendance-api] [nio-8080-exec-4] m.m.a.RequestResponseBodyMethodProcessor : Writing [[MemberResponse[id=4, displayName=H??ng, email=huong@example.test, bankName=Techcombank, bankBin=970 (truncated)...]
2026-09-13T23:01:59.329+07:00 DEBUG 2616 --- [tea-attendance-api] [nio-8080-exec-1] o.s.web.servlet.DispatcherServlet        : Completed 200 OK
2026-09-13T23:01:59.329+07:00 DEBUG 2616 --- [tea-attendance-api] [nio-8080-exec-4] o.s.web.servlet.DispatcherServlet        : Completed 200 OK
2026-09-13T23:01:59.333+07:00 DEBUG 2616 --- [tea-attendance-api] [nio-8080-exec-9] org.hibernate.SQL                        : 
    select
        a1_0.message_id,
        a1_0.id,
        a1_0.byte_size,
        a1_0.content_type,
        a1_0.created_at,
        a1_0.original_filename,
        a1_0.storage_key 
    from
        chat_attachments a1_0 
    where
        a1_0.message_id=? 
    order by
        a1_0.id
2026-09-13T23:01:59.338+07:00 DEBUG 2616 --- [tea-attendance-api] [nio-8080-exec-6] m.m.a.RequestResponseBodyMethodProcessor : Using 'application/json', given [*/*] and supported [application/json, application/*+json]
2026-09-13T23:01:59.338+07:00 DEBUG 2616 --- [tea-attendance-api] [nio-8080-exec-6] m.m.a.RequestResponseBodyMethodProcessor : Writing [[ExpenseResponse[id=1, orderDate=2026-09-12, payer=MemberBriefResponse[id=2, displayName=Linh Chi],  (truncated)...]
2026-09-13T23:01:59.339+07:00 DEBUG 2616 --- [tea-attendance-api] [nio-8080-exec-6] o.s.web.servlet.DispatcherServlet        : Completed 200 OK
2026-09-13T23:01:59.340+07:00 DEBUG 2616 --- [tea-attendance-api] [nio-8080-exec-7] m.m.a.RequestResponseBodyMethodProcessor : Using 'application/json', given [*/*] and supported [application/json, application/*+json]
2026-09-13T23:01:59.340+07:00 DEBUG 2616 --- [tea-attendance-api] [nio-8080-exec-7] m.m.a.RequestResponseBodyMethodProcessor : Writing [[]]
2026-09-13T23:01:59.341+07:00 DEBUG 2616 --- [tea-attendance-api] [nio-8080-exec-7] o.s.web.servlet.DispatcherServlet        : Completed 200 OK
2026-09-13T23:01:59.342+07:00 DEBUG 2616 --- [tea-attendance-api] [nio-8080-exec-9] m.m.a.RequestResponseBodyMethodProcessor : Using 'application/json', given [*/*] and supported [application/json, application/*+json]
2026-09-13T23:01:59.342+07:00 DEBUG 2616 --- [tea-attendance-api] [nio-8080-exec-9] m.m.a.RequestResponseBodyMethodProcessor : Writing [[ChatMessageResponse[id=2, sender=MemberBriefResponse[id=1, displayName=Minh Anh], content=alo, atta (truncated)...]
2026-09-13T23:01:59.343+07:00 DEBUG 2616 --- [tea-attendance-api] [nio-8080-exec-9] o.s.web.servlet.DispatcherServlet        : Completed 200 OK
2026-09-13T23:02:27.749+07:00 DEBUG 2616 --- [tea-attendance-api] [io-8080-exec-10] o.s.web.servlet.DispatcherServlet        : GET "/api/members", parameters={}
2026-09-13T23:02:27.750+07:00 DEBUG 2616 --- [tea-attendance-api] [nio-8080-exec-2] o.s.web.servlet.DispatcherServlet        : GET "/api/expenses/range?from=2026-09-07&to=2026-09-13", parameters={masked}
2026-09-13T23:02:27.750+07:00 DEBUG 2616 --- [tea-attendance-api] [nio-8080-exec-8] o.s.web.servlet.DispatcherServlet        : GET "/api/chat/messages", parameters={}
2026-09-13T23:02:27.750+07:00 DEBUG 2616 --- [tea-attendance-api] [nio-8080-exec-5] o.s.web.servlet.DispatcherServlet        : GET "/api/drinks?includeInactive=true", parameters={masked}
2026-09-13T23:02:27.750+07:00 DEBUG 2616 --- [tea-attendance-api] [nio-8080-exec-2] s.w.s.m.m.a.RequestMappingHandlerMapping : Mapped to com.trasua.api.ExpenseController#range(LocalDate, LocalDate)
2026-09-13T23:02:27.750+07:00 DEBUG 2616 --- [tea-attendance-api] [nio-8080-exec-5] s.w.s.m.m.a.RequestMappingHandlerMapping : Mapped to com.trasua.api.DrinkCatalogController#list(boolean)
2026-09-13T23:02:27.751+07:00 DEBUG 2616 --- [tea-attendance-api] [io-8080-exec-10] s.w.s.m.m.a.RequestMappingHandlerMapping : Mapped to com.trasua.api.MemberController#list(boolean)
2026-09-13T23:02:27.752+07:00 DEBUG 2616 --- [tea-attendance-api] [nio-8080-exec-3] o.s.web.servlet.DispatcherServlet        : GET "/api/notifications?memberId=6", parameters={masked}
2026-09-13T23:02:27.753+07:00 DEBUG 2616 --- [tea-attendance-api] [nio-8080-exec-8] s.w.s.m.m.a.RequestMappingHandlerMapping : Mapped to com.trasua.api.ChatController#list(Instant, int)
2026-09-13T23:02:27.753+07:00 DEBUG 2616 --- [tea-attendance-api] [nio-8080-exec-3] s.w.s.m.m.a.RequestMappingHandlerMapping : Mapped to com.trasua.api.NotificationController#list(Long)
2026-09-13T23:02:27.767+07:00 DEBUG 2616 --- [tea-attendance-api] [nio-8080-exec-8] org.hibernate.SQL                        : 
    select
        cm1_0.id,
        cm1_0.content,
        cm1_0.created_at,
        cm1_0.sender_member_id,
        s1_0.id,
        s1_0.account_name,
        s1_0.account_number,
        s1_0.active,
        s1_0.bank_bin,
        s1_0.bank_name,
        s1_0.created_at,
        s1_0.display_name,
        s1_0.email,
        s1_0.password_hash,
        s1_0.qr_code_url,
        s1_0.reset_code_expires_at,
        s1_0.reset_code_hash,
        s1_0.role,
        s1_0.updated_at 
    from
        chat_messages cm1_0 
    join
        members s1_0 
            on s1_0.id=cm1_0.sender_member_id 
    order by
        cm1_0.created_at desc 
    limit
        ?
2026-09-13T23:02:27.767+07:00 DEBUG 2616 --- [tea-attendance-api] [nio-8080-exec-2] org.hibernate.SQL                        : 
    select
        distinct do1_0.id,
        do1_0.created_at,
        i1_0.order_id,
        i1_0.id,
        i1_0.consumer_member_id,
        c1_0.id,
        c1_0.account_name,
        c1_0.account_number,
        c1_0.active,
        c1_0.bank_bin,
        c1_0.bank_name,
        c1_0.created_at,
        c1_0.display_name,
        c1_0.email,
        c1_0.password_hash,
        c1_0.qr_code_url,
        c1_0.reset_code_expires_at,
        c1_0.reset_code_hash,
        c1_0.role,
        c1_0.updated_at,
        i1_0.drink_name,
        i1_0.line_total,
        i1_0.quantity,
        i1_0.unit_price,
        do1_0.note,
        do1_0.order_date,
        do1_0.payer_member_id,
        p1_0.id,
        p1_0.account_name,
        p1_0.account_number,
        p1_0.active,
        p1_0.bank_bin,
        p1_0.bank_name,
        p1_0.created_at,
        p1_0.display_name,
        p1_0.email,
        p1_0.password_hash,
        p1_0.qr_code_url,
        p1_0.reset_code_expires_at,
        p1_0.reset_code_hash,
        p1_0.role,
        p1_0.updated_at,
        do1_0.total_amount,
        do1_0.updated_at 
    from
        drink_orders do1_0 
    join
        members p1_0 
            on p1_0.id=do1_0.payer_member_id 
    left join
        order_items i1_0 
            on do1_0.id=i1_0.order_id 
    left join
        members c1_0 
            on c1_0.id=i1_0.consumer_member_id 
    where
        do1_0.order_date between ? and ? 
    order by
        do1_0.order_date,
        do1_0.id
2026-09-13T23:02:27.768+07:00 DEBUG 2616 --- [tea-attendance-api] [nio-8080-exec-5] org.hibernate.SQL                        : 
    select
        dci1_0.id,
        dci1_0.active,
        dci1_0.created_at,
        dci1_0.icon,
        dci1_0.name,
        dci1_0.price,
        dci1_0.updated_at 
    from
        drink_catalog dci1_0
2026-09-13T23:02:27.768+07:00 DEBUG 2616 --- [tea-attendance-api] [io-8080-exec-10] org.hibernate.SQL                        : 
    select
        m1_0.id,
        m1_0.account_name,
        m1_0.account_number,
        m1_0.active,
        m1_0.bank_bin,
        m1_0.bank_name,
        m1_0.created_at,
        m1_0.display_name,
        m1_0.email,
        m1_0.password_hash,
        m1_0.qr_code_url,
        m1_0.reset_code_expires_at,
        m1_0.reset_code_hash,
        m1_0.role,
        m1_0.updated_at 
    from
        members m1_0 
    where
        m1_0.active 
    order by
        m1_0.display_name
2026-09-13T23:02:27.768+07:00 DEBUG 2616 --- [tea-attendance-api] [nio-8080-exec-3] org.hibernate.SQL                        : 
    select
        n1_0.id,
        n1_0.body,
        n1_0.created_at,
        n1_0.read_at,
        n1_0.recipient_member_id,
        r1_0.id,
        r1_0.account_name,
        r1_0.account_number,
        r1_0.active,
        r1_0.bank_bin,
        r1_0.bank_name,
        r1_0.created_at,
        r1_0.display_name,
        r1_0.email,
        r1_0.password_hash,
        r1_0.qr_code_url,
        r1_0.reset_code_expires_at,
        r1_0.reset_code_hash,
        r1_0.role,
        r1_0.updated_at,
        n1_0.settlement_id,
        n1_0.title,
        n1_0.transfer_id,
        n1_0.type 
    from
        notifications n1_0 
    join
        members r1_0 
            on r1_0.id=n1_0.recipient_member_id 
    where
        r1_0.id=? 
    order by
        n1_0.created_at desc
2026-09-13T23:02:27.777+07:00 DEBUG 2616 --- [tea-attendance-api] [nio-8080-exec-8] org.hibernate.SQL                        : 
    select
        a1_0.message_id,
        a1_0.id,
        a1_0.byte_size,
        a1_0.content_type,
        a1_0.created_at,
        a1_0.original_filename,
        a1_0.storage_key 
    from
        chat_attachments a1_0 
    where
        a1_0.message_id=? 
    order by
        a1_0.id
2026-09-13T23:02:27.780+07:00 DEBUG 2616 --- [tea-attendance-api] [nio-8080-exec-8] org.hibernate.SQL                        : 
    select
        a1_0.message_id,
        a1_0.id,
        a1_0.byte_size,
        a1_0.content_type,
        a1_0.created_at,
        a1_0.original_filename,
        a1_0.storage_key 
    from
        chat_attachments a1_0 
    where
        a1_0.message_id=? 
    order by
        a1_0.id
2026-09-13T23:02:27.781+07:00 DEBUG 2616 --- [tea-attendance-api] [nio-8080-exec-5] m.m.a.RequestResponseBodyMethodProcessor : Using 'application/json', given [*/*] and supported [application/json, application/*+json]
2026-09-13T23:02:27.781+07:00 DEBUG 2616 --- [tea-attendance-api] [io-8080-exec-10] m.m.a.RequestResponseBodyMethodProcessor : Using 'application/json', given [*/*] and supported [application/json, application/*+json]
2026-09-13T23:02:27.781+07:00 DEBUG 2616 --- [tea-attendance-api] [nio-8080-exec-3] m.m.a.RequestResponseBodyMethodProcessor : Using 'application/json', given [*/*] and supported [application/json, application/*+json]
2026-09-13T23:02:27.781+07:00 DEBUG 2616 --- [tea-attendance-api] [nio-8080-exec-5] m.m.a.RequestResponseBodyMethodProcessor : Writing [[DrinkCatalogResponse[id=1, name=Tra da, price=5000, icon=?, active=true], DrinkCatalogResponse[id= (truncated)...]
2026-09-13T23:02:27.781+07:00 DEBUG 2616 --- [tea-attendance-api] [io-8080-exec-10] m.m.a.RequestResponseBodyMethodProcessor : Writing [[MemberResponse[id=4, displayName=H??ng, email=huong@example.test, bankName=Techcombank, bankBin=970 (truncated)...]
2026-09-13T23:02:27.781+07:00 DEBUG 2616 --- [tea-attendance-api] [nio-8080-exec-3] m.m.a.RequestResponseBodyMethodProcessor : Writing [[]]
2026-09-13T23:02:27.783+07:00 DEBUG 2616 --- [tea-attendance-api] [io-8080-exec-10] o.s.web.servlet.DispatcherServlet        : Completed 200 OK
2026-09-13T23:02:27.783+07:00 DEBUG 2616 --- [tea-attendance-api] [nio-8080-exec-5] o.s.web.servlet.DispatcherServlet        : Completed 200 OK
2026-09-13T23:02:27.784+07:00 DEBUG 2616 --- [tea-attendance-api] [nio-8080-exec-3] o.s.web.servlet.DispatcherServlet        : Completed 200 OK
2026-09-13T23:02:27.787+07:00 DEBUG 2616 --- [tea-attendance-api] [nio-8080-exec-2] m.m.a.RequestResponseBodyMethodProcessor : Using 'application/json', given [*/*] and supported [application/json, application/*+json]
2026-09-13T23:02:27.788+07:00 DEBUG 2616 --- [tea-attendance-api] [nio-8080-exec-2] m.m.a.RequestResponseBodyMethodProcessor : Writing [[ExpenseResponse[id=1, orderDate=2026-09-12, payer=MemberBriefResponse[id=2, displayName=Linh Chi],  (truncated)...]
2026-09-13T23:02:27.789+07:00 DEBUG 2616 --- [tea-attendance-api] [nio-8080-exec-2] o.s.web.servlet.DispatcherServlet        : Completed 200 OK
2026-09-13T23:02:27.796+07:00 DEBUG 2616 --- [tea-attendance-api] [nio-8080-exec-8] m.m.a.RequestResponseBodyMethodProcessor : Using 'application/json', given [*/*] and supported [application/json, application/*+json]
2026-09-13T23:02:27.796+07:00 DEBUG 2616 --- [tea-attendance-api] [nio-8080-exec-8] m.m.a.RequestResponseBodyMethodProcessor : Writing [[ChatMessageResponse[id=2, sender=MemberBriefResponse[id=1, displayName=Minh Anh], content=alo, atta (truncated)...]
2026-09-13T23:02:27.797+07:00 DEBUG 2616 --- [tea-attendance-api] [nio-8080-exec-8] o.s.web.servlet.DispatcherServlet        : Completed 200 OK
2026-09-13T23:02:28.849+07:00 DEBUG 2616 --- [tea-attendance-api] [nio-8080-exec-4] o.s.web.servlet.DispatcherServlet        : GET "/api/expenses/range?from=2026-09-07&to=2026-09-13", parameters={masked}
2026-09-13T23:02:28.849+07:00 DEBUG 2616 --- [tea-attendance-api] [nio-8080-exec-1] o.s.web.servlet.DispatcherServlet        : GET "/api/members", parameters={}
2026-09-13T23:02:28.849+07:00 DEBUG 2616 --- [tea-attendance-api] [nio-8080-exec-4] s.w.s.m.m.a.RequestMappingHandlerMapping : Mapped to com.trasua.api.ExpenseController#range(LocalDate, LocalDate)
2026-09-13T23:02:28.849+07:00 DEBUG 2616 --- [tea-attendance-api] [nio-8080-exec-7] o.s.web.servlet.DispatcherServlet        : GET "/api/chat/messages", parameters={}
2026-09-13T23:02:28.849+07:00 DEBUG 2616 --- [tea-attendance-api] [nio-8080-exec-1] s.w.s.m.m.a.RequestMappingHandlerMapping : Mapped to com.trasua.api.MemberController#list(boolean)
2026-09-13T23:02:28.849+07:00 DEBUG 2616 --- [tea-attendance-api] [nio-8080-exec-6] o.s.web.servlet.DispatcherServlet        : GET "/api/drinks?includeInactive=true", parameters={masked}
2026-09-13T23:02:28.849+07:00 DEBUG 2616 --- [tea-attendance-api] [nio-8080-exec-7] s.w.s.m.m.a.RequestMappingHandlerMapping : Mapped to com.trasua.api.ChatController#list(Instant, int)
2026-09-13T23:02:28.849+07:00 DEBUG 2616 --- [tea-attendance-api] [nio-8080-exec-9] o.s.web.servlet.DispatcherServlet        : GET "/api/notifications?memberId=6", parameters={masked}
2026-09-13T23:02:28.849+07:00 DEBUG 2616 --- [tea-attendance-api] [nio-8080-exec-6] s.w.s.m.m.a.RequestMappingHandlerMapping : Mapped to com.trasua.api.DrinkCatalogController#list(boolean)
2026-09-13T23:02:28.853+07:00 DEBUG 2616 --- [tea-attendance-api] [nio-8080-exec-9] s.w.s.m.m.a.RequestMappingHandlerMapping : Mapped to com.trasua.api.NotificationController#list(Long)
2026-09-13T23:02:28.871+07:00 DEBUG 2616 --- [tea-attendance-api] [nio-8080-exec-7] org.hibernate.SQL                        : 
    select
        cm1_0.id,
        cm1_0.content,
        cm1_0.created_at,
        cm1_0.sender_member_id,
        s1_0.id,
        s1_0.account_name,
        s1_0.account_number,
        s1_0.active,
        s1_0.bank_bin,
        s1_0.bank_name,
        s1_0.created_at,
        s1_0.display_name,
        s1_0.email,
        s1_0.password_hash,
        s1_0.qr_code_url,
        s1_0.reset_code_expires_at,
        s1_0.reset_code_hash,
        s1_0.role,
        s1_0.updated_at 
    from
        chat_messages cm1_0 
    join
        members s1_0 
            on s1_0.id=cm1_0.sender_member_id 
    order by
        cm1_0.created_at desc 
    limit
        ?
2026-09-13T23:02:28.871+07:00 DEBUG 2616 --- [tea-attendance-api] [nio-8080-exec-9] org.hibernate.SQL                        : 
    select
        n1_0.id,
        n1_0.body,
        n1_0.created_at,
        n1_0.read_at,
        n1_0.recipient_member_id,
        r1_0.id,
        r1_0.account_name,
        r1_0.account_number,
        r1_0.active,
        r1_0.bank_bin,
        r1_0.bank_name,
        r1_0.created_at,
        r1_0.display_name,
        r1_0.email,
        r1_0.password_hash,
        r1_0.qr_code_url,
        r1_0.reset_code_expires_at,
        r1_0.reset_code_hash,
        r1_0.role,
        r1_0.updated_at,
        n1_0.settlement_id,
        n1_0.title,
        n1_0.transfer_id,
        n1_0.type 
    from
        notifications n1_0 
    join
        members r1_0 
            on r1_0.id=n1_0.recipient_member_id 
    where
        r1_0.id=? 
    order by
        n1_0.created_at desc
2026-09-13T23:02:28.872+07:00 DEBUG 2616 --- [tea-attendance-api] [nio-8080-exec-4] org.hibernate.SQL                        : 
    select
        distinct do1_0.id,
        do1_0.created_at,
        i1_0.order_id,
        i1_0.id,
        i1_0.consumer_member_id,
        c1_0.id,
        c1_0.account_name,
        c1_0.account_number,
        c1_0.active,
        c1_0.bank_bin,
        c1_0.bank_name,
        c1_0.created_at,
        c1_0.display_name,
        c1_0.email,
        c1_0.password_hash,
        c1_0.qr_code_url,
        c1_0.reset_code_expires_at,
        c1_0.reset_code_hash,
        c1_0.role,
        c1_0.updated_at,
        i1_0.drink_name,
        i1_0.line_total,
        i1_0.quantity,
        i1_0.unit_price,
        do1_0.note,
        do1_0.order_date,
        do1_0.payer_member_id,
        p1_0.id,
        p1_0.account_name,
        p1_0.account_number,
        p1_0.active,
        p1_0.bank_bin,
        p1_0.bank_name,
        p1_0.created_at,
        p1_0.display_name,
        p1_0.email,
        p1_0.password_hash,
        p1_0.qr_code_url,
        p1_0.reset_code_expires_at,
        p1_0.reset_code_hash,
        p1_0.role,
        p1_0.updated_at,
        do1_0.total_amount,
        do1_0.updated_at 
    from
        drink_orders do1_0 
    join
        members p1_0 
            on p1_0.id=do1_0.payer_member_id 
    left join
        order_items i1_0 
            on do1_0.id=i1_0.order_id 
    left join
        members c1_0 
            on c1_0.id=i1_0.consumer_member_id 
    where
        do1_0.order_date between ? and ? 
    order by
        do1_0.order_date,
        do1_0.id
2026-09-13T23:02:28.872+07:00 DEBUG 2616 --- [tea-attendance-api] [nio-8080-exec-1] org.hibernate.SQL                        : 
    select
        m1_0.id,
        m1_0.account_name,
        m1_0.account_number,
        m1_0.active,
        m1_0.bank_bin,
        m1_0.bank_name,
        m1_0.created_at,
        m1_0.display_name,
        m1_0.email,
        m1_0.password_hash,
        m1_0.qr_code_url,
        m1_0.reset_code_expires_at,
        m1_0.reset_code_hash,
        m1_0.role,
        m1_0.updated_at 
    from
        members m1_0 
    where
        m1_0.active 
    order by
        m1_0.display_name
2026-09-13T23:02:28.879+07:00 DEBUG 2616 --- [tea-attendance-api] [nio-8080-exec-6] org.hibernate.SQL                        : 
    select
        dci1_0.id,
        dci1_0.active,
        dci1_0.created_at,
        dci1_0.icon,
        dci1_0.name,
        dci1_0.price,
        dci1_0.updated_at 
    from
        drink_catalog dci1_0
2026-09-13T23:02:28.879+07:00 DEBUG 2616 --- [tea-attendance-api] [nio-8080-exec-7] org.hibernate.SQL                        : 
    select
        a1_0.message_id,
        a1_0.id,
        a1_0.byte_size,
        a1_0.content_type,
        a1_0.created_at,
        a1_0.original_filename,
        a1_0.storage_key 
    from
        chat_attachments a1_0 
    where
        a1_0.message_id=? 
    order by
        a1_0.id
2026-09-13T23:02:28.887+07:00 DEBUG 2616 --- [tea-attendance-api] [nio-8080-exec-7] org.hibernate.SQL                        : 
    select
        a1_0.message_id,
        a1_0.id,
        a1_0.byte_size,
        a1_0.content_type,
        a1_0.created_at,
        a1_0.original_filename,
        a1_0.storage_key 
    from
        chat_attachments a1_0 
    where
        a1_0.message_id=? 
    order by
        a1_0.id
2026-09-13T23:02:28.899+07:00 DEBUG 2616 --- [tea-attendance-api] [nio-8080-exec-4] m.m.a.RequestResponseBodyMethodProcessor : Using 'application/json', given [*/*] and supported [application/json, application/*+json]
2026-09-13T23:02:28.899+07:00 DEBUG 2616 --- [tea-attendance-api] [nio-8080-exec-4] m.m.a.RequestResponseBodyMethodProcessor : Writing [[ExpenseResponse[id=1, orderDate=2026-09-12, payer=MemberBriefResponse[id=2, displayName=Linh Chi],  (truncated)...]
2026-09-13T23:02:28.900+07:00 DEBUG 2616 --- [tea-attendance-api] [nio-8080-exec-4] o.s.web.servlet.DispatcherServlet        : Completed 200 OK
2026-09-13T23:02:28.902+07:00 DEBUG 2616 --- [tea-attendance-api] [nio-8080-exec-9] m.m.a.RequestResponseBodyMethodProcessor : Using 'application/json', given [*/*] and supported [application/json, application/*+json]
2026-09-13T23:02:28.902+07:00 DEBUG 2616 --- [tea-attendance-api] [nio-8080-exec-1] m.m.a.RequestResponseBodyMethodProcessor : Using 'application/json', given [*/*] and supported [application/json, application/*+json]
2026-09-13T23:02:28.902+07:00 DEBUG 2616 --- [tea-attendance-api] [nio-8080-exec-9] m.m.a.RequestResponseBodyMethodProcessor : Writing [[]]
2026-09-13T23:02:28.903+07:00 DEBUG 2616 --- [tea-attendance-api] [nio-8080-exec-1] m.m.a.RequestResponseBodyMethodProcessor : Writing [[MemberResponse[id=4, displayName=H??ng, email=huong@example.test, bankName=Techcombank, bankBin=970 (truncated)...]
2026-09-13T23:02:28.903+07:00 DEBUG 2616 --- [tea-attendance-api] [nio-8080-exec-9] o.s.web.servlet.DispatcherServlet        : Completed 200 OK
2026-09-13T23:02:28.904+07:00 DEBUG 2616 --- [tea-attendance-api] [nio-8080-exec-1] o.s.web.servlet.DispatcherServlet        : Completed 200 OK
2026-09-13T23:02:28.908+07:00 DEBUG 2616 --- [tea-attendance-api] [nio-8080-exec-6] m.m.a.RequestResponseBodyMethodProcessor : Using 'application/json', given [*/*] and supported [application/json, application/*+json]
2026-09-13T23:02:28.908+07:00 DEBUG 2616 --- [tea-attendance-api] [nio-8080-exec-6] m.m.a.RequestResponseBodyMethodProcessor : Writing [[DrinkCatalogResponse[id=1, name=Tra da, price=5000, icon=?, active=true], DrinkCatalogResponse[id= (truncated)...]
2026-09-13T23:02:28.909+07:00 DEBUG 2616 --- [tea-attendance-api] [nio-8080-exec-6] o.s.web.servlet.DispatcherServlet        : Completed 200 OK
2026-09-13T23:02:28.912+07:00 DEBUG 2616 --- [tea-attendance-api] [nio-8080-exec-7] m.m.a.RequestResponseBodyMethodProcessor : Using 'application/json', given [*/*] and supported [application/json, application/*+json]
2026-09-13T23:02:28.913+07:00 DEBUG 2616 --- [tea-attendance-api] [nio-8080-exec-7] m.m.a.RequestResponseBodyMethodProcessor : Writing [[ChatMessageResponse[id=2, sender=MemberBriefResponse[id=1, displayName=Minh Anh], content=alo, atta (truncated)...]
2026-09-13T23:02:28.914+07:00 DEBUG 2616 --- [tea-attendance-api] [nio-8080-exec-7] o.s.web.servlet.DispatcherServlet        : Completed 200 OK
2026-09-13T23:02:35.788+07:00 DEBUG 2616 --- [tea-attendance-api] [io-8080-exec-10] o.s.web.servlet.DispatcherServlet        : OPTIONS "/api/auth/login", parameters={}
2026-09-13T23:02:35.789+07:00 DEBUG 2616 --- [tea-attendance-api] [io-8080-exec-10] s.w.s.m.m.a.RequestMappingHandlerMapping : Mapped to com.trasua.api.AuthController#login(Login)
2026-09-13T23:02:35.789+07:00 DEBUG 2616 --- [tea-attendance-api] [io-8080-exec-10] o.s.web.servlet.DispatcherServlet        : Completed 200 OK
2026-09-13T23:02:35.801+07:00 DEBUG 2616 --- [tea-attendance-api] [nio-8080-exec-5] o.s.web.servlet.DispatcherServlet        : POST "/api/auth/login", parameters={}
2026-09-13T23:02:35.801+07:00 DEBUG 2616 --- [tea-attendance-api] [nio-8080-exec-5] s.w.s.m.m.a.RequestMappingHandlerMapping : Mapped to com.trasua.api.AuthController#login(Login)
2026-09-13T23:02:35.810+07:00 DEBUG 2616 --- [tea-attendance-api] [nio-8080-exec-5] m.m.a.RequestResponseBodyMethodProcessor : Read "application/json;charset=UTF-8" to [Login[email=minh.anh@example.test, password=123456789]]
2026-09-13T23:02:35.855+07:00 DEBUG 2616 --- [tea-attendance-api] [nio-8080-exec-5] org.hibernate.SQL                        : 
    select
        m1_0.id,
        m1_0.account_name,
        m1_0.account_number,
        m1_0.active,
        m1_0.bank_bin,
        m1_0.bank_name,
        m1_0.created_at,
        m1_0.display_name,
        m1_0.email,
        m1_0.password_hash,
        m1_0.qr_code_url,
        m1_0.reset_code_expires_at,
        m1_0.reset_code_hash,
        m1_0.role,
        m1_0.updated_at 
    from
        members m1_0 
    where
        upper(m1_0.email)=upper(?)
2026-09-13T23:02:36.068+07:00 DEBUG 2616 --- [tea-attendance-api] [nio-8080-exec-5] org.hibernate.SQL                        : 
    insert 
    into
        auth_sessions
        (created_at, expires_at, member_id, token_hash) 
    values
        (?, ?, ?, ?)
2026-09-13T23:02:36.098+07:00 DEBUG 2616 --- [tea-attendance-api] [nio-8080-exec-5] m.m.a.RequestResponseBodyMethodProcessor : Using 'application/json', given [*/*] and supported [application/json, application/*+json]
2026-09-13T23:02:36.098+07:00 DEBUG 2616 --- [tea-attendance-api] [nio-8080-exec-5] m.m.a.RequestResponseBodyMethodProcessor : Writing [AuthResponse[token=te5s_4DRJpUVpoLIH5OV73l7iWI820zb1LnRefEBz24, member=MemberResponse[id=1, displayN (truncated)...]
2026-09-13T23:02:36.099+07:00 DEBUG 2616 --- [tea-attendance-api] [nio-8080-exec-5] o.s.web.servlet.DispatcherServlet        : Completed 200 OK
2026-09-13T23:02:36.106+07:00 DEBUG 2616 --- [tea-attendance-api] [nio-8080-exec-3] o.s.web.servlet.DispatcherServlet        : OPTIONS "/api/drinks", parameters={}
2026-09-13T23:02:36.107+07:00 DEBUG 2616 --- [tea-attendance-api] [nio-8080-exec-3] s.w.s.m.m.a.RequestMappingHandlerMapping : Mapped to com.trasua.api.DrinkCatalogController#list(boolean)
2026-09-13T23:02:36.107+07:00 DEBUG 2616 --- [tea-attendance-api] [nio-8080-exec-3] o.s.web.servlet.DispatcherServlet        : Completed 200 OK
2026-09-13T23:02:36.109+07:00 DEBUG 2616 --- [tea-attendance-api] [nio-8080-exec-4] o.s.web.servlet.DispatcherServlet        : GET "/api/expenses/range?from=2026-09-07&to=2026-09-13", parameters={masked}
2026-09-13T23:02:36.109+07:00 DEBUG 2616 --- [tea-attendance-api] [nio-8080-exec-8] o.s.web.servlet.DispatcherServlet        : GET "/api/members", parameters={}
2026-09-13T23:02:36.109+07:00 DEBUG 2616 --- [tea-attendance-api] [nio-8080-exec-2] o.s.web.servlet.DispatcherServlet        : OPTIONS "/api/notifications?memberId=1", parameters={masked}
2026-09-13T23:02:36.109+07:00 DEBUG 2616 --- [tea-attendance-api] [nio-8080-exec-4] s.w.s.m.m.a.RequestMappingHandlerMapping : Mapped to com.trasua.api.ExpenseController#range(LocalDate, LocalDate)
2026-09-13T23:02:36.109+07:00 DEBUG 2616 --- [tea-attendance-api] [nio-8080-exec-8] s.w.s.m.m.a.RequestMappingHandlerMapping : Mapped to com.trasua.api.MemberController#list(boolean)
2026-09-13T23:02:36.110+07:00 DEBUG 2616 --- [tea-attendance-api] [nio-8080-exec-2] s.w.s.m.m.a.RequestMappingHandlerMapping : Mapped to com.trasua.api.NotificationController#list(Long)
2026-09-13T23:02:36.114+07:00 DEBUG 2616 --- [tea-attendance-api] [nio-8080-exec-9] o.s.web.servlet.DispatcherServlet        : GET "/api/chat/messages", parameters={}
2026-09-13T23:02:36.114+07:00 DEBUG 2616 --- [tea-attendance-api] [nio-8080-exec-9] s.w.s.m.m.a.RequestMappingHandlerMapping : Mapped to com.trasua.api.ChatController#list(Instant, int)
2026-09-13T23:02:36.115+07:00 DEBUG 2616 --- [tea-attendance-api] [nio-8080-exec-2] o.s.web.servlet.DispatcherServlet        : Completed 200 OK
2026-09-13T23:02:36.128+07:00 DEBUG 2616 --- [tea-attendance-api] [nio-8080-exec-1] o.s.web.servlet.DispatcherServlet        : OPTIONS "/api/notifications?memberId=1", parameters={masked}
2026-09-13T23:02:36.129+07:00 DEBUG 2616 --- [tea-attendance-api] [nio-8080-exec-1] s.w.s.m.m.a.RequestMappingHandlerMapping : Mapped to com.trasua.api.NotificationController#list(Long)
2026-09-13T23:02:36.131+07:00 DEBUG 2616 --- [tea-attendance-api] [nio-8080-exec-1] o.s.web.servlet.DispatcherServlet        : Completed 200 OK
2026-09-13T23:02:36.135+07:00 DEBUG 2616 --- [tea-attendance-api] [nio-8080-exec-6] o.s.web.servlet.DispatcherServlet        : GET "/api/drinks", parameters={}
2026-09-13T23:02:36.135+07:00 DEBUG 2616 --- [tea-attendance-api] [nio-8080-exec-6] s.w.s.m.m.a.RequestMappingHandlerMapping : Mapped to com.trasua.api.DrinkCatalogController#list(boolean)
2026-09-13T23:02:36.142+07:00 DEBUG 2616 --- [tea-attendance-api] [nio-8080-exec-7] o.s.web.servlet.DispatcherServlet        : GET "/api/notifications?memberId=1", parameters={masked}
2026-09-13T23:02:36.143+07:00 DEBUG 2616 --- [tea-attendance-api] [nio-8080-exec-7] s.w.s.m.m.a.RequestMappingHandlerMapping : Mapped to com.trasua.api.NotificationController#list(Long)
2026-09-13T23:02:36.155+07:00 DEBUG 2616 --- [tea-attendance-api] [nio-8080-exec-6] org.hibernate.SQL                        : 
    select
        dci1_0.id,
        dci1_0.active,
        dci1_0.created_at,
        dci1_0.icon,
        dci1_0.name,
        dci1_0.price,
        dci1_0.updated_at 
    from
        drink_catalog dci1_0 
    where
        dci1_0.active 
    order by
        dci1_0.name
2026-09-13T23:02:36.158+07:00 DEBUG 2616 --- [tea-attendance-api] [nio-8080-exec-7] org.hibernate.SQL                        : 
    select
        n1_0.id,
        n1_0.body,
        n1_0.created_at,
        n1_0.read_at,
        n1_0.recipient_member_id,
        r1_0.id,
        r1_0.account_name,
        r1_0.account_number,
        r1_0.active,
        r1_0.bank_bin,
        r1_0.bank_name,
        r1_0.created_at,
        r1_0.display_name,
        r1_0.email,
        r1_0.password_hash,
        r1_0.qr_code_url,
        r1_0.reset_code_expires_at,
        r1_0.reset_code_hash,
        r1_0.role,
        r1_0.updated_at,
        n1_0.settlement_id,
        n1_0.title,
        n1_0.transfer_id,
        n1_0.type 
    from
        notifications n1_0 
    join
        members r1_0 
            on r1_0.id=n1_0.recipient_member_id 
    where
        r1_0.id=? 
    order by
        n1_0.created_at desc
2026-09-13T23:02:36.158+07:00 DEBUG 2616 --- [tea-attendance-api] [nio-8080-exec-8] org.hibernate.SQL                        : 
    select
        m1_0.id,
        m1_0.account_name,
        m1_0.account_number,
        m1_0.active,
        m1_0.bank_bin,
        m1_0.bank_name,
        m1_0.created_at,
        m1_0.display_name,
        m1_0.email,
        m1_0.password_hash,
        m1_0.qr_code_url,
        m1_0.reset_code_expires_at,
        m1_0.reset_code_hash,
        m1_0.role,
        m1_0.updated_at 
    from
        members m1_0 
    where
        m1_0.active 
    order by
        m1_0.display_name
2026-09-13T23:02:36.162+07:00 DEBUG 2616 --- [tea-attendance-api] [nio-8080-exec-9] org.hibernate.SQL                        : 
    select
        cm1_0.id,
        cm1_0.content,
        cm1_0.created_at,
        cm1_0.sender_member_id,
        s1_0.id,
        s1_0.account_name,
        s1_0.account_number,
        s1_0.active,
        s1_0.bank_bin,
        s1_0.bank_name,
        s1_0.created_at,
        s1_0.display_name,
        s1_0.email,
        s1_0.password_hash,
        s1_0.qr_code_url,
        s1_0.reset_code_expires_at,
        s1_0.reset_code_hash,
        s1_0.role,
        s1_0.updated_at 
    from
        chat_messages cm1_0 
    join
        members s1_0 
            on s1_0.id=cm1_0.sender_member_id 
    order by
        cm1_0.created_at desc 
    limit
        ?
2026-09-13T23:02:36.168+07:00 DEBUG 2616 --- [tea-attendance-api] [nio-8080-exec-4] org.hibernate.SQL                        : 
    select
        distinct do1_0.id,
        do1_0.created_at,
        i1_0.order_id,
        i1_0.id,
        i1_0.consumer_member_id,
        c1_0.id,
        c1_0.account_name,
        c1_0.account_number,
        c1_0.active,
        c1_0.bank_bin,
        c1_0.bank_name,
        c1_0.created_at,
        c1_0.display_name,
        c1_0.email,
        c1_0.password_hash,
        c1_0.qr_code_url,
        c1_0.reset_code_expires_at,
        c1_0.reset_code_hash,
        c1_0.role,
        c1_0.updated_at,
        i1_0.drink_name,
        i1_0.line_total,
        i1_0.quantity,
        i1_0.unit_price,
        do1_0.note,
        do1_0.order_date,
        do1_0.payer_member_id,
        p1_0.id,
        p1_0.account_name,
        p1_0.account_number,
        p1_0.active,
        p1_0.bank_bin,
        p1_0.bank_name,
        p1_0.created_at,
        p1_0.display_name,
        p1_0.email,
        p1_0.password_hash,
        p1_0.qr_code_url,
        p1_0.reset_code_expires_at,
        p1_0.reset_code_hash,
        p1_0.role,
        p1_0.updated_at,
        do1_0.total_amount,
        do1_0.updated_at 
    from
        drink_orders do1_0 
    join
        members p1_0 
            on p1_0.id=do1_0.payer_member_id 
    left join
        order_items i1_0 
            on do1_0.id=i1_0.order_id 
    left join
        members c1_0 
            on c1_0.id=i1_0.consumer_member_id 
    where
        do1_0.order_date between ? and ? 
    order by
        do1_0.order_date,
        do1_0.id
2026-09-13T23:02:36.184+07:00 DEBUG 2616 --- [tea-attendance-api] [nio-8080-exec-9] org.hibernate.SQL                        : 
    select
        a1_0.message_id,
        a1_0.id,
        a1_0.byte_size,
        a1_0.content_type,
        a1_0.created_at,
        a1_0.original_filename,
        a1_0.storage_key 
    from
        chat_attachments a1_0 
    where
        a1_0.message_id=? 
    order by
        a1_0.id
2026-09-13T23:02:36.188+07:00 DEBUG 2616 --- [tea-attendance-api] [nio-8080-exec-6] m.m.a.RequestResponseBodyMethodProcessor : Using 'application/json', given [*/*] and supported [application/json, application/*+json]
2026-09-13T23:02:36.188+07:00 DEBUG 2616 --- [tea-attendance-api] [nio-8080-exec-8] m.m.a.RequestResponseBodyMethodProcessor : Using 'application/json', given [*/*] and supported [application/json, application/*+json]
2026-09-13T23:02:36.188+07:00 DEBUG 2616 --- [tea-attendance-api] [nio-8080-exec-6] m.m.a.RequestResponseBodyMethodProcessor : Writing [[DrinkCatalogResponse[id=5, name=Bac xiu, price=22000, icon=?, active=true], DrinkCatalogResponse[i (truncated)...]
2026-09-13T23:02:36.189+07:00 DEBUG 2616 --- [tea-attendance-api] [nio-8080-exec-6] o.s.web.servlet.DispatcherServlet        : Completed 200 OK
2026-09-13T23:02:36.189+07:00 DEBUG 2616 --- [tea-attendance-api] [nio-8080-exec-8] m.m.a.RequestResponseBodyMethodProcessor : Writing [[MemberResponse[id=4, displayName=H??ng, email=huong@example.test, bankName=Techcombank, bankBin=970 (truncated)...]
2026-09-13T23:02:36.191+07:00 DEBUG 2616 --- [tea-attendance-api] [nio-8080-exec-8] o.s.web.servlet.DispatcherServlet        : Completed 200 OK
2026-09-13T23:02:36.192+07:00 DEBUG 2616 --- [tea-attendance-api] [nio-8080-exec-7] m.m.a.RequestResponseBodyMethodProcessor : Using 'application/json', given [*/*] and supported [application/json, application/*+json]
2026-09-13T23:02:36.193+07:00 DEBUG 2616 --- [tea-attendance-api] [nio-8080-exec-7] m.m.a.RequestResponseBodyMethodProcessor : Writing [[]]
2026-09-13T23:02:36.192+07:00 DEBUG 2616 --- [tea-attendance-api] [nio-8080-exec-9] org.hibernate.SQL                        : 
    select
        a1_0.message_id,
        a1_0.id,
        a1_0.byte_size,
        a1_0.content_type,
        a1_0.created_at,
        a1_0.original_filename,
        a1_0.storage_key 
    from
        chat_attachments a1_0 
    where
        a1_0.message_id=? 
    order by
        a1_0.id
2026-09-13T23:02:36.193+07:00 DEBUG 2616 --- [tea-attendance-api] [nio-8080-exec-7] o.s.web.servlet.DispatcherServlet        : Completed 200 OK
2026-09-13T23:02:36.196+07:00 DEBUG 2616 --- [tea-attendance-api] [io-8080-exec-10] o.s.web.servlet.DispatcherServlet        : GET "/api/drinks", parameters={}
2026-09-13T23:02:36.196+07:00 DEBUG 2616 --- [tea-attendance-api] [io-8080-exec-10] s.w.s.m.m.a.RequestMappingHandlerMapping : Mapped to com.trasua.api.DrinkCatalogController#list(boolean)
2026-09-13T23:02:36.197+07:00 DEBUG 2616 --- [tea-attendance-api] [nio-8080-exec-5] o.s.web.servlet.DispatcherServlet        : GET "/api/members", parameters={}
2026-09-13T23:02:36.197+07:00 DEBUG 2616 --- [tea-attendance-api] [nio-8080-exec-5] s.w.s.m.m.a.RequestMappingHandlerMapping : Mapped to com.trasua.api.MemberController#list(boolean)
2026-09-13T23:02:36.199+07:00 DEBUG 2616 --- [tea-attendance-api] [nio-8080-exec-3] o.s.web.servlet.DispatcherServlet        : GET "/api/notifications?memberId=1", parameters={masked}
2026-09-13T23:02:36.201+07:00 DEBUG 2616 --- [tea-attendance-api] [nio-8080-exec-3] s.w.s.m.m.a.RequestMappingHandlerMapping : Mapped to com.trasua.api.NotificationController#list(Long)
2026-09-13T23:02:36.222+07:00 DEBUG 2616 --- [tea-attendance-api] [nio-8080-exec-5] org.hibernate.SQL                        : 
    select
        m1_0.id,
        m1_0.account_name,
        m1_0.account_number,
        m1_0.active,
        m1_0.bank_bin,
        m1_0.bank_name,
        m1_0.created_at,
        m1_0.display_name,
        m1_0.email,
        m1_0.password_hash,
        m1_0.qr_code_url,
        m1_0.reset_code_expires_at,
        m1_0.reset_code_hash,
        m1_0.role,
        m1_0.updated_at 
    from
        members m1_0 
    where
        m1_0.active 
    order by
        m1_0.display_name
2026-09-13T23:02:36.222+07:00 DEBUG 2616 --- [tea-attendance-api] [io-8080-exec-10] org.hibernate.SQL                        : 
    select
        dci1_0.id,
        dci1_0.active,
        dci1_0.created_at,
        dci1_0.icon,
        dci1_0.name,
        dci1_0.price,
        dci1_0.updated_at 
    from
        drink_catalog dci1_0 
    where
        dci1_0.active 
    order by
        dci1_0.name
2026-09-13T23:02:36.223+07:00 DEBUG 2616 --- [tea-attendance-api] [nio-8080-exec-4] m.m.a.RequestResponseBodyMethodProcessor : Using 'application/json', given [*/*] and supported [application/json, application/*+json]
2026-09-13T23:02:36.224+07:00 DEBUG 2616 --- [tea-attendance-api] [nio-8080-exec-4] m.m.a.RequestResponseBodyMethodProcessor : Writing [[ExpenseResponse[id=1, orderDate=2026-09-12, payer=MemberBriefResponse[id=2, displayName=Linh Chi],  (truncated)...]
2026-09-13T23:02:36.225+07:00 DEBUG 2616 --- [tea-attendance-api] [nio-8080-exec-4] o.s.web.servlet.DispatcherServlet        : Completed 200 OK
2026-09-13T23:02:36.229+07:00 DEBUG 2616 --- [tea-attendance-api] [nio-8080-exec-2] o.s.web.servlet.DispatcherServlet        : GET "/api/expenses/range?from=2026-09-07&to=2026-09-13", parameters={masked}
2026-09-13T23:02:36.229+07:00 DEBUG 2616 --- [tea-attendance-api] [nio-8080-exec-2] s.w.s.m.m.a.RequestMappingHandlerMapping : Mapped to com.trasua.api.ExpenseController#range(LocalDate, LocalDate)
2026-09-13T23:02:36.232+07:00 DEBUG 2616 --- [tea-attendance-api] [nio-8080-exec-3] org.hibernate.SQL                        : 
    select
        n1_0.id,
        n1_0.body,
        n1_0.created_at,
        n1_0.read_at,
        n1_0.recipient_member_id,
        r1_0.id,
        r1_0.account_name,
        r1_0.account_number,
        r1_0.active,
        r1_0.bank_bin,
        r1_0.bank_name,
        r1_0.created_at,
        r1_0.display_name,
        r1_0.email,
        r1_0.password_hash,
        r1_0.qr_code_url,
        r1_0.reset_code_expires_at,
        r1_0.reset_code_hash,
        r1_0.role,
        r1_0.updated_at,
        n1_0.settlement_id,
        n1_0.title,
        n1_0.transfer_id,
        n1_0.type 
    from
        notifications n1_0 
    join
        members r1_0 
            on r1_0.id=n1_0.recipient_member_id 
    where
        r1_0.id=? 
    order by
        n1_0.created_at desc
2026-09-13T23:02:36.234+07:00 DEBUG 2616 --- [tea-attendance-api] [nio-8080-exec-9] m.m.a.RequestResponseBodyMethodProcessor : Using 'application/json', given [*/*] and supported [application/json, application/*+json]
2026-09-13T23:02:36.235+07:00 DEBUG 2616 --- [tea-attendance-api] [nio-8080-exec-9] m.m.a.RequestResponseBodyMethodProcessor : Writing [[ChatMessageResponse[id=2, sender=MemberBriefResponse[id=1, displayName=Minh Anh], content=alo, atta (truncated)...]
2026-09-13T23:02:36.236+07:00 DEBUG 2616 --- [tea-attendance-api] [nio-8080-exec-9] o.s.web.servlet.DispatcherServlet        : Completed 200 OK
2026-09-13T23:02:36.237+07:00 DEBUG 2616 --- [tea-attendance-api] [nio-8080-exec-2] org.hibernate.SQL                        : 
    select
        distinct do1_0.id,
        do1_0.created_at,
        i1_0.order_id,
        i1_0.id,
        i1_0.consumer_member_id,
        c1_0.id,
        c1_0.account_name,
        c1_0.account_number,
        c1_0.active,
        c1_0.bank_bin,
        c1_0.bank_name,
        c1_0.created_at,
        c1_0.display_name,
        c1_0.email,
        c1_0.password_hash,
        c1_0.qr_code_url,
        c1_0.reset_code_expires_at,
        c1_0.reset_code_hash,
        c1_0.role,
        c1_0.updated_at,
        i1_0.drink_name,
        i1_0.line_total,
        i1_0.quantity,
        i1_0.unit_price,
        do1_0.note,
        do1_0.order_date,
        do1_0.payer_member_id,
        p1_0.id,
        p1_0.account_name,
        p1_0.account_number,
        p1_0.active,
        p1_0.bank_bin,
        p1_0.bank_name,
        p1_0.created_at,
        p1_0.display_name,
        p1_0.email,
        p1_0.password_hash,
        p1_0.qr_code_url,
        p1_0.reset_code_expires_at,
        p1_0.reset_code_hash,
        p1_0.role,
        p1_0.updated_at,
        do1_0.total_amount,
        do1_0.updated_at 
    from
        drink_orders do1_0 
    join
        members p1_0 
            on p1_0.id=do1_0.payer_member_id 
    left join
        order_items i1_0 
            on do1_0.id=i1_0.order_id 
    left join
        members c1_0 
            on c1_0.id=i1_0.consumer_member_id 
    where
        do1_0.order_date between ? and ? 
    order by
        do1_0.order_date,
        do1_0.id
2026-09-13T23:02:36.240+07:00 DEBUG 2616 --- [tea-attendance-api] [nio-8080-exec-5] m.m.a.RequestResponseBodyMethodProcessor : Using 'application/json', given [*/*] and supported [application/json, application/*+json]
2026-09-13T23:02:36.240+07:00 DEBUG 2616 --- [tea-attendance-api] [io-8080-exec-10] m.m.a.RequestResponseBodyMethodProcessor : Using 'application/json', given [*/*] and supported [application/json, application/*+json]
2026-09-13T23:02:36.240+07:00 DEBUG 2616 --- [tea-attendance-api] [io-8080-exec-10] m.m.a.RequestResponseBodyMethodProcessor : Writing [[DrinkCatalogResponse[id=5, name=Bac xiu, price=22000, icon=?, active=true], DrinkCatalogResponse[i (truncated)...]
2026-09-13T23:02:36.240+07:00 DEBUG 2616 --- [tea-attendance-api] [nio-8080-exec-5] m.m.a.RequestResponseBodyMethodProcessor : Writing [[MemberResponse[id=4, displayName=H??ng, email=huong@example.test, bankName=Techcombank, bankBin=970 (truncated)...]
2026-09-13T23:02:36.241+07:00 DEBUG 2616 --- [tea-attendance-api] [nio-8080-exec-5] o.s.web.servlet.DispatcherServlet        : Completed 200 OK
2026-09-13T23:02:36.241+07:00 DEBUG 2616 --- [tea-attendance-api] [io-8080-exec-10] o.s.web.servlet.DispatcherServlet        : Completed 200 OK
2026-09-13T23:02:36.243+07:00 DEBUG 2616 --- [tea-attendance-api] [nio-8080-exec-1] o.s.web.servlet.DispatcherServlet        : GET "/api/chat/messages", parameters={}
2026-09-13T23:02:36.244+07:00 DEBUG 2616 --- [tea-attendance-api] [nio-8080-exec-1] s.w.s.m.m.a.RequestMappingHandlerMapping : Mapped to com.trasua.api.ChatController#list(Instant, int)
2026-09-13T23:02:36.251+07:00 DEBUG 2616 --- [tea-attendance-api] [nio-8080-exec-3] m.m.a.RequestResponseBodyMethodProcessor : Using 'application/json', given [*/*] and supported [application/json, application/*+json]
2026-09-13T23:02:36.251+07:00 DEBUG 2616 --- [tea-attendance-api] [nio-8080-exec-3] m.m.a.RequestResponseBodyMethodProcessor : Writing [[]]
2026-09-13T23:02:36.251+07:00 DEBUG 2616 --- [tea-attendance-api] [nio-8080-exec-3] o.s.web.servlet.DispatcherServlet        : Completed 200 OK
2026-09-13T23:02:36.251+07:00 DEBUG 2616 --- [tea-attendance-api] [nio-8080-exec-1] org.hibernate.SQL                        : 
    select
        cm1_0.id,
        cm1_0.content,
        cm1_0.created_at,
        cm1_0.sender_member_id,
        s1_0.id,
        s1_0.account_name,
        s1_0.account_number,
        s1_0.active,
        s1_0.bank_bin,
        s1_0.bank_name,
        s1_0.created_at,
        s1_0.display_name,
        s1_0.email,
        s1_0.password_hash,
        s1_0.qr_code_url,
        s1_0.reset_code_expires_at,
        s1_0.reset_code_hash,
        s1_0.role,
        s1_0.updated_at 
    from
        chat_messages cm1_0 
    join
        members s1_0 
            on s1_0.id=cm1_0.sender_member_id 
    order by
        cm1_0.created_at desc 
    limit
        ?
2026-09-13T23:02:36.263+07:00 DEBUG 2616 --- [tea-attendance-api] [nio-8080-exec-1] org.hibernate.SQL                        : 
    select
        a1_0.message_id,
        a1_0.id,
        a1_0.byte_size,
        a1_0.content_type,
        a1_0.created_at,
        a1_0.original_filename,
        a1_0.storage_key 
    from
        chat_attachments a1_0 
    where
        a1_0.message_id=? 
    order by
        a1_0.id
2026-09-13T23:02:36.270+07:00 DEBUG 2616 --- [tea-attendance-api] [nio-8080-exec-1] org.hibernate.SQL                        : 
    select
        a1_0.message_id,
        a1_0.id,
        a1_0.byte_size,
        a1_0.content_type,
        a1_0.created_at,
        a1_0.original_filename,
        a1_0.storage_key 
    from
        chat_attachments a1_0 
    where
        a1_0.message_id=? 
    order by
        a1_0.id
2026-09-13T23:02:36.282+07:00 DEBUG 2616 --- [tea-attendance-api] [nio-8080-exec-2] m.m.a.RequestResponseBodyMethodProcessor : Using 'application/json', given [*/*] and supported [application/json, application/*+json]
2026-09-13T23:02:36.282+07:00 DEBUG 2616 --- [tea-attendance-api] [nio-8080-exec-2] m.m.a.RequestResponseBodyMethodProcessor : Writing [[ExpenseResponse[id=1, orderDate=2026-09-12, payer=MemberBriefResponse[id=2, displayName=Linh Chi],  (truncated)...]
2026-09-13T23:02:36.283+07:00 DEBUG 2616 --- [tea-attendance-api] [nio-8080-exec-2] o.s.web.servlet.DispatcherServlet        : Completed 200 OK
2026-09-13T23:02:36.319+07:00 DEBUG 2616 --- [tea-attendance-api] [nio-8080-exec-1] m.m.a.RequestResponseBodyMethodProcessor : Using 'application/json', given [*/*] and supported [application/json, application/*+json]
2026-09-13T23:02:36.319+07:00 DEBUG 2616 --- [tea-attendance-api] [nio-8080-exec-1] m.m.a.RequestResponseBodyMethodProcessor : Writing [[ChatMessageResponse[id=2, sender=MemberBriefResponse[id=1, displayName=Minh Anh], content=alo, atta (truncated)...]
2026-09-13T23:02:36.320+07:00 DEBUG 2616 --- [tea-attendance-api] [nio-8080-exec-1] o.s.web.servlet.DispatcherServlet        : Completed 200 OK
2026-09-13T23:02:47.283+07:00 DEBUG 2616 --- [tea-attendance-api] [nio-8080-exec-6] o.s.web.servlet.DispatcherServlet        : GET "/api/members", parameters={}
2026-09-13T23:02:47.284+07:00 DEBUG 2616 --- [tea-attendance-api] [nio-8080-exec-7] o.s.web.servlet.DispatcherServlet        : GET "/api/expenses/range?from=2026-09-07&to=2026-09-13", parameters={masked}
2026-09-13T23:02:47.284+07:00 DEBUG 2616 --- [tea-attendance-api] [nio-8080-exec-8] o.s.web.servlet.DispatcherServlet        : GET "/api/drinks", parameters={}
2026-09-13T23:02:47.284+07:00 DEBUG 2616 --- [tea-attendance-api] [nio-8080-exec-6] s.w.s.m.m.a.RequestMappingHandlerMapping : Mapped to com.trasua.api.MemberController#list(boolean)
2026-09-13T23:02:47.284+07:00 DEBUG 2616 --- [tea-attendance-api] [nio-8080-exec-7] s.w.s.m.m.a.RequestMappingHandlerMapping : Mapped to com.trasua.api.ExpenseController#range(LocalDate, LocalDate)
2026-09-13T23:02:47.284+07:00 DEBUG 2616 --- [tea-attendance-api] [nio-8080-exec-8] s.w.s.m.m.a.RequestMappingHandlerMapping : Mapped to com.trasua.api.DrinkCatalogController#list(boolean)
2026-09-13T23:02:47.284+07:00 DEBUG 2616 --- [tea-attendance-api] [nio-8080-exec-4] o.s.web.servlet.DispatcherServlet        : GET "/api/chat/messages", parameters={}
2026-09-13T23:02:47.284+07:00 DEBUG 2616 --- [tea-attendance-api] [nio-8080-exec-4] s.w.s.m.m.a.RequestMappingHandlerMapping : Mapped to com.trasua.api.ChatController#list(Instant, int)
2026-09-13T23:02:47.284+07:00 DEBUG 2616 --- [tea-attendance-api] [nio-8080-exec-9] o.s.web.servlet.DispatcherServlet        : GET "/api/notifications?memberId=1", parameters={masked}
2026-09-13T23:02:47.284+07:00 DEBUG 2616 --- [tea-attendance-api] [nio-8080-exec-9] s.w.s.m.m.a.RequestMappingHandlerMapping : Mapped to com.trasua.api.NotificationController#list(Long)
2026-09-13T23:02:47.293+07:00 DEBUG 2616 --- [tea-attendance-api] [nio-8080-exec-4] org.hibernate.SQL                        : 
    select
        cm1_0.id,
        cm1_0.content,
        cm1_0.created_at,
        cm1_0.sender_member_id,
        s1_0.id,
        s1_0.account_name,
        s1_0.account_number,
        s1_0.active,
        s1_0.bank_bin,
        s1_0.bank_name,
        s1_0.created_at,
        s1_0.display_name,
        s1_0.email,
        s1_0.password_hash,
        s1_0.qr_code_url,
        s1_0.reset_code_expires_at,
        s1_0.reset_code_hash,
        s1_0.role,
        s1_0.updated_at 
    from
        chat_messages cm1_0 
    join
        members s1_0 
            on s1_0.id=cm1_0.sender_member_id 
    order by
        cm1_0.created_at desc 
    limit
        ?
2026-09-13T23:02:47.293+07:00 DEBUG 2616 --- [tea-attendance-api] [nio-8080-exec-9] org.hibernate.SQL                        : 
    select
        n1_0.id,
        n1_0.body,
        n1_0.created_at,
        n1_0.read_at,
        n1_0.recipient_member_id,
        r1_0.id,
        r1_0.account_name,
        r1_0.account_number,
        r1_0.active,
        r1_0.bank_bin,
        r1_0.bank_name,
        r1_0.created_at,
        r1_0.display_name,
        r1_0.email,
        r1_0.password_hash,
        r1_0.qr_code_url,
        r1_0.reset_code_expires_at,
        r1_0.reset_code_hash,
        r1_0.role,
        r1_0.updated_at,
        n1_0.settlement_id,
        n1_0.title,
        n1_0.transfer_id,
        n1_0.type 
    from
        notifications n1_0 
    join
        members r1_0 
            on r1_0.id=n1_0.recipient_member_id 
    where
        r1_0.id=? 
    order by
        n1_0.created_at desc
2026-09-13T23:02:47.294+07:00 DEBUG 2616 --- [tea-attendance-api] [nio-8080-exec-8] org.hibernate.SQL                        : 
    select
        dci1_0.id,
        dci1_0.active,
        dci1_0.created_at,
        dci1_0.icon,
        dci1_0.name,
        dci1_0.price,
        dci1_0.updated_at 
    from
        drink_catalog dci1_0 
    where
        dci1_0.active 
    order by
        dci1_0.name
2026-09-13T23:02:47.295+07:00 DEBUG 2616 --- [tea-attendance-api] [nio-8080-exec-7] org.hibernate.SQL                        : 
    select
        distinct do1_0.id,
        do1_0.created_at,
        i1_0.order_id,
        i1_0.id,
        i1_0.consumer_member_id,
        c1_0.id,
        c1_0.account_name,
        c1_0.account_number,
        c1_0.active,
        c1_0.bank_bin,
        c1_0.bank_name,
        c1_0.created_at,
        c1_0.display_name,
        c1_0.email,
        c1_0.password_hash,
        c1_0.qr_code_url,
        c1_0.reset_code_expires_at,
        c1_0.reset_code_hash,
        c1_0.role,
        c1_0.updated_at,
        i1_0.drink_name,
        i1_0.line_total,
        i1_0.quantity,
        i1_0.unit_price,
        do1_0.note,
        do1_0.order_date,
        do1_0.payer_member_id,
        p1_0.id,
        p1_0.account_name,
        p1_0.account_number,
        p1_0.active,
        p1_0.bank_bin,
        p1_0.bank_name,
        p1_0.created_at,
        p1_0.display_name,
        p1_0.email,
        p1_0.password_hash,
        p1_0.qr_code_url,
        p1_0.reset_code_expires_at,
        p1_0.reset_code_hash,
        p1_0.role,
        p1_0.updated_at,
        do1_0.total_amount,
        do1_0.updated_at 
    from
        drink_orders do1_0 
    join
        members p1_0 
            on p1_0.id=do1_0.payer_member_id 
    left join
        order_items i1_0 
            on do1_0.id=i1_0.order_id 
    left join
        members c1_0 
            on c1_0.id=i1_0.consumer_member_id 
    where
        do1_0.order_date between ? and ? 
    order by
        do1_0.order_date,
        do1_0.id
2026-09-13T23:02:47.297+07:00 DEBUG 2616 --- [tea-attendance-api] [nio-8080-exec-6] org.hibernate.SQL                        : 
    select
        m1_0.id,
        m1_0.account_name,
        m1_0.account_number,
        m1_0.active,
        m1_0.bank_bin,
        m1_0.bank_name,
        m1_0.created_at,
        m1_0.display_name,
        m1_0.email,
        m1_0.password_hash,
        m1_0.qr_code_url,
        m1_0.reset_code_expires_at,
        m1_0.reset_code_hash,
        m1_0.role,
        m1_0.updated_at 
    from
        members m1_0 
    where
        m1_0.active 
    order by
        m1_0.display_name
2026-09-13T23:02:47.299+07:00 DEBUG 2616 --- [tea-attendance-api] [nio-8080-exec-4] org.hibernate.SQL                        : 
    select
        a1_0.message_id,
        a1_0.id,
        a1_0.byte_size,
        a1_0.content_type,
        a1_0.created_at,
        a1_0.original_filename,
        a1_0.storage_key 
    from
        chat_attachments a1_0 
    where
        a1_0.message_id=? 
    order by
        a1_0.id
2026-09-13T23:02:47.303+07:00 DEBUG 2616 --- [tea-attendance-api] [nio-8080-exec-4] org.hibernate.SQL                        : 
    select
        a1_0.message_id,
        a1_0.id,
        a1_0.byte_size,
        a1_0.content_type,
        a1_0.created_at,
        a1_0.original_filename,
        a1_0.storage_key 
    from
        chat_attachments a1_0 
    where
        a1_0.message_id=? 
    order by
        a1_0.id
2026-09-13T23:02:47.305+07:00 DEBUG 2616 --- [tea-attendance-api] [nio-8080-exec-9] m.m.a.RequestResponseBodyMethodProcessor : Using 'application/json', given [*/*] and supported [application/json, application/*+json]
2026-09-13T23:02:47.306+07:00 DEBUG 2616 --- [tea-attendance-api] [nio-8080-exec-6] m.m.a.RequestResponseBodyMethodProcessor : Using 'application/json', given [*/*] and supported [application/json, application/*+json]
2026-09-13T23:02:47.306+07:00 DEBUG 2616 --- [tea-attendance-api] [nio-8080-exec-9] m.m.a.RequestResponseBodyMethodProcessor : Writing [[]]
2026-09-13T23:02:47.306+07:00 DEBUG 2616 --- [tea-attendance-api] [nio-8080-exec-6] m.m.a.RequestResponseBodyMethodProcessor : Writing [[MemberResponse[id=4, displayName=H??ng, email=huong@example.test, bankName=Techcombank, bankBin=970 (truncated)...]
2026-09-13T23:02:47.306+07:00 DEBUG 2616 --- [tea-attendance-api] [nio-8080-exec-8] m.m.a.RequestResponseBodyMethodProcessor : Using 'application/json', given [*/*] and supported [application/json, application/*+json]
2026-09-13T23:02:47.306+07:00 DEBUG 2616 --- [tea-attendance-api] [nio-8080-exec-9] o.s.web.servlet.DispatcherServlet        : Completed 200 OK
2026-09-13T23:02:47.306+07:00 DEBUG 2616 --- [tea-attendance-api] [nio-8080-exec-8] m.m.a.RequestResponseBodyMethodProcessor : Writing [[DrinkCatalogResponse[id=5, name=Bac xiu, price=22000, icon=?, active=true], DrinkCatalogResponse[i (truncated)...]
2026-09-13T23:02:47.307+07:00 DEBUG 2616 --- [tea-attendance-api] [nio-8080-exec-6] o.s.web.servlet.DispatcherServlet        : Completed 200 OK
2026-09-13T23:02:47.307+07:00 DEBUG 2616 --- [tea-attendance-api] [nio-8080-exec-8] o.s.web.servlet.DispatcherServlet        : Completed 200 OK
2026-09-13T23:02:47.315+07:00 DEBUG 2616 --- [tea-attendance-api] [nio-8080-exec-7] m.m.a.RequestResponseBodyMethodProcessor : Using 'application/json', given [*/*] and supported [application/json, application/*+json]
2026-09-13T23:02:47.316+07:00 DEBUG 2616 --- [tea-attendance-api] [nio-8080-exec-7] m.m.a.RequestResponseBodyMethodProcessor : Writing [[ExpenseResponse[id=1, orderDate=2026-09-12, payer=MemberBriefResponse[id=2, displayName=Linh Chi],  (truncated)...]
2026-09-13T23:02:47.316+07:00 DEBUG 2616 --- [tea-attendance-api] [nio-8080-exec-7] o.s.web.servlet.DispatcherServlet        : Completed 200 OK
2026-09-13T23:02:47.317+07:00 DEBUG 2616 --- [tea-attendance-api] [nio-8080-exec-4] m.m.a.RequestResponseBodyMethodProcessor : Using 'application/json', given [*/*] and supported [application/json, application/*+json]
2026-09-13T23:02:47.317+07:00 DEBUG 2616 --- [tea-attendance-api] [nio-8080-exec-4] m.m.a.RequestResponseBodyMethodProcessor : Writing [[ChatMessageResponse[id=2, sender=MemberBriefResponse[id=1, displayName=Minh Anh], content=alo, atta (truncated)...]
2026-09-13T23:02:47.318+07:00 DEBUG 2616 --- [tea-attendance-api] [nio-8080-exec-4] o.s.web.servlet.DispatcherServlet        : Completed 200 OK
2026-09-13T23:03:37.418+07:00 DEBUG 2616 --- [tea-attendance-api] [nio-8080-exec-3] o.s.web.servlet.DispatcherServlet        : GET "/api/expenses/range?from=2026-09-07&to=2026-09-13", parameters={masked}
2026-09-13T23:03:37.418+07:00 DEBUG 2616 --- [tea-attendance-api] [nio-8080-exec-5] o.s.web.servlet.DispatcherServlet        : GET "/api/members", parameters={}
2026-09-13T23:03:37.418+07:00 DEBUG 2616 --- [tea-attendance-api] [io-8080-exec-10] o.s.web.servlet.DispatcherServlet        : GET "/api/drinks", parameters={}
2026-09-13T23:03:37.418+07:00 DEBUG 2616 --- [tea-attendance-api] [nio-8080-exec-2] o.s.web.servlet.DispatcherServlet        : GET "/api/chat/messages", parameters={}
2026-09-13T23:03:37.418+07:00 DEBUG 2616 --- [tea-attendance-api] [nio-8080-exec-1] o.s.web.servlet.DispatcherServlet        : GET "/api/notifications?memberId=1", parameters={masked}
2026-09-13T23:03:37.419+07:00 DEBUG 2616 --- [tea-attendance-api] [nio-8080-exec-5] s.w.s.m.m.a.RequestMappingHandlerMapping : Mapped to com.trasua.api.MemberController#list(boolean)
2026-09-13T23:03:37.419+07:00 DEBUG 2616 --- [tea-attendance-api] [nio-8080-exec-3] s.w.s.m.m.a.RequestMappingHandlerMapping : Mapped to com.trasua.api.ExpenseController#range(LocalDate, LocalDate)
2026-09-13T23:03:37.419+07:00 DEBUG 2616 --- [tea-attendance-api] [io-8080-exec-10] s.w.s.m.m.a.RequestMappingHandlerMapping : Mapped to com.trasua.api.DrinkCatalogController#list(boolean)
2026-09-13T23:03:37.419+07:00 DEBUG 2616 --- [tea-attendance-api] [nio-8080-exec-2] s.w.s.m.m.a.RequestMappingHandlerMapping : Mapped to com.trasua.api.ChatController#list(Instant, int)
2026-09-13T23:03:37.419+07:00 DEBUG 2616 --- [tea-attendance-api] [nio-8080-exec-1] s.w.s.m.m.a.RequestMappingHandlerMapping : Mapped to com.trasua.api.NotificationController#list(Long)
2026-09-13T23:03:37.429+07:00 DEBUG 2616 --- [tea-attendance-api] [nio-8080-exec-2] org.hibernate.SQL                        : 
    select
        cm1_0.id,
        cm1_0.content,
        cm1_0.created_at,
        cm1_0.sender_member_id,
        s1_0.id,
        s1_0.account_name,
        s1_0.account_number,
        s1_0.active,
        s1_0.bank_bin,
        s1_0.bank_name,
        s1_0.created_at,
        s1_0.display_name,
        s1_0.email,
        s1_0.password_hash,
        s1_0.qr_code_url,
        s1_0.reset_code_expires_at,
        s1_0.reset_code_hash,
        s1_0.role,
        s1_0.updated_at 
    from
        chat_messages cm1_0 
    join
        members s1_0 
            on s1_0.id=cm1_0.sender_member_id 
    order by
        cm1_0.created_at desc 
    limit
        ?
2026-09-13T23:03:37.429+07:00 DEBUG 2616 --- [tea-attendance-api] [nio-8080-exec-1] org.hibernate.SQL                        : 
    select
        n1_0.id,
        n1_0.body,
        n1_0.created_at,
        n1_0.read_at,
        n1_0.recipient_member_id,
        r1_0.id,
        r1_0.account_name,
        r1_0.account_number,
        r1_0.active,
        r1_0.bank_bin,
        r1_0.bank_name,
        r1_0.created_at,
        r1_0.display_name,
        r1_0.email,
        r1_0.password_hash,
        r1_0.qr_code_url,
        r1_0.reset_code_expires_at,
        r1_0.reset_code_hash,
        r1_0.role,
        r1_0.updated_at,
        n1_0.settlement_id,
        n1_0.title,
        n1_0.transfer_id,
        n1_0.type 
    from
        notifications n1_0 
    join
        members r1_0 
            on r1_0.id=n1_0.recipient_member_id 
    where
        r1_0.id=? 
    order by
        n1_0.created_at desc
2026-09-13T23:03:37.429+07:00 DEBUG 2616 --- [tea-attendance-api] [nio-8080-exec-3] org.hibernate.SQL                        : 
    select
        distinct do1_0.id,
        do1_0.created_at,
        i1_0.order_id,
        i1_0.id,
        i1_0.consumer_member_id,
        c1_0.id,
        c1_0.account_name,
        c1_0.account_number,
        c1_0.active,
        c1_0.bank_bin,
        c1_0.bank_name,
        c1_0.created_at,
        c1_0.display_name,
        c1_0.email,
        c1_0.password_hash,
        c1_0.qr_code_url,
        c1_0.reset_code_expires_at,
        c1_0.reset_code_hash,
        c1_0.role,
        c1_0.updated_at,
        i1_0.drink_name,
        i1_0.line_total,
        i1_0.quantity,
        i1_0.unit_price,
        do1_0.note,
        do1_0.order_date,
        do1_0.payer_member_id,
        p1_0.id,
        p1_0.account_name,
        p1_0.account_number,
        p1_0.active,
        p1_0.bank_bin,
        p1_0.bank_name,
        p1_0.created_at,
        p1_0.display_name,
        p1_0.email,
        p1_0.password_hash,
        p1_0.qr_code_url,
        p1_0.reset_code_expires_at,
        p1_0.reset_code_hash,
        p1_0.role,
        p1_0.updated_at,
        do1_0.total_amount,
        do1_0.updated_at 
    from
        drink_orders do1_0 
    join
        members p1_0 
            on p1_0.id=do1_0.payer_member_id 
    left join
        order_items i1_0 
            on do1_0.id=i1_0.order_id 
    left join
        members c1_0 
            on c1_0.id=i1_0.consumer_member_id 
    where
        do1_0.order_date between ? and ? 
    order by
        do1_0.order_date,
        do1_0.id
2026-09-13T23:03:37.430+07:00 DEBUG 2616 --- [tea-attendance-api] [io-8080-exec-10] org.hibernate.SQL                        : 
    select
        dci1_0.id,
        dci1_0.active,
        dci1_0.created_at,
        dci1_0.icon,
        dci1_0.name,
        dci1_0.price,
        dci1_0.updated_at 
    from
        drink_catalog dci1_0 
    where
        dci1_0.active 
    order by
        dci1_0.name
2026-09-13T23:03:37.430+07:00 DEBUG 2616 --- [tea-attendance-api] [nio-8080-exec-5] org.hibernate.SQL                        : 
    select
        m1_0.id,
        m1_0.account_name,
        m1_0.account_number,
        m1_0.active,
        m1_0.bank_bin,
        m1_0.bank_name,
        m1_0.created_at,
        m1_0.display_name,
        m1_0.email,
        m1_0.password_hash,
        m1_0.qr_code_url,
        m1_0.reset_code_expires_at,
        m1_0.reset_code_hash,
        m1_0.role,
        m1_0.updated_at 
    from
        members m1_0 
    where
        m1_0.active 
    order by
        m1_0.display_name
2026-09-13T23:03:37.434+07:00 DEBUG 2616 --- [tea-attendance-api] [nio-8080-exec-2] org.hibernate.SQL                        : 
    select
        a1_0.message_id,
        a1_0.id,
        a1_0.byte_size,
        a1_0.content_type,
        a1_0.created_at,
        a1_0.original_filename,
        a1_0.storage_key 
    from
        chat_attachments a1_0 
    where
        a1_0.message_id=? 
    order by
        a1_0.id
2026-09-13T23:03:37.437+07:00 DEBUG 2616 --- [tea-attendance-api] [nio-8080-exec-2] org.hibernate.SQL                        : 
    select
        a1_0.message_id,
        a1_0.id,
        a1_0.byte_size,
        a1_0.content_type,
        a1_0.created_at,
        a1_0.original_filename,
        a1_0.storage_key 
    from
        chat_attachments a1_0 
    where
        a1_0.message_id=? 
    order by
        a1_0.id
2026-09-13T23:03:37.442+07:00 DEBUG 2616 --- [tea-attendance-api] [nio-8080-exec-1] m.m.a.RequestResponseBodyMethodProcessor : Using 'application/json', given [*/*] and supported [application/json, application/*+json]
2026-09-13T23:03:37.442+07:00 DEBUG 2616 --- [tea-attendance-api] [nio-8080-exec-1] m.m.a.RequestResponseBodyMethodProcessor : Writing [[]]
2026-09-13T23:03:37.443+07:00 DEBUG 2616 --- [tea-attendance-api] [nio-8080-exec-1] o.s.web.servlet.DispatcherServlet        : Completed 200 OK
2026-09-13T23:03:37.443+07:00 DEBUG 2616 --- [tea-attendance-api] [nio-8080-exec-5] m.m.a.RequestResponseBodyMethodProcessor : Using 'application/json', given [*/*] and supported [application/json, application/*+json]
2026-09-13T23:03:37.443+07:00 DEBUG 2616 --- [tea-attendance-api] [io-8080-exec-10] m.m.a.RequestResponseBodyMethodProcessor : Using 'application/json', given [*/*] and supported [application/json, application/*+json]
2026-09-13T23:03:37.443+07:00 DEBUG 2616 --- [tea-attendance-api] [nio-8080-exec-5] m.m.a.RequestResponseBodyMethodProcessor : Writing [[MemberResponse[id=4, displayName=H??ng, email=huong@example.test, bankName=Techcombank, bankBin=970 (truncated)...]
2026-09-13T23:03:37.443+07:00 DEBUG 2616 --- [tea-attendance-api] [io-8080-exec-10] m.m.a.RequestResponseBodyMethodProcessor : Writing [[DrinkCatalogResponse[id=5, name=Bac xiu, price=22000, icon=?, active=true], DrinkCatalogResponse[i (truncated)...]
2026-09-13T23:03:37.443+07:00 DEBUG 2616 --- [tea-attendance-api] [io-8080-exec-10] o.s.web.servlet.DispatcherServlet        : Completed 200 OK
2026-09-13T23:03:37.443+07:00 DEBUG 2616 --- [tea-attendance-api] [nio-8080-exec-5] o.s.web.servlet.DispatcherServlet        : Completed 200 OK
2026-09-13T23:03:37.445+07:00 DEBUG 2616 --- [tea-attendance-api] [nio-8080-exec-3] m.m.a.RequestResponseBodyMethodProcessor : Using 'application/json', given [*/*] and supported [application/json, application/*+json]
2026-09-13T23:03:37.446+07:00 DEBUG 2616 --- [tea-attendance-api] [nio-8080-exec-3] m.m.a.RequestResponseBodyMethodProcessor : Writing [[ExpenseResponse[id=1, orderDate=2026-09-12, payer=MemberBriefResponse[id=2, displayName=Linh Chi],  (truncated)...]
2026-09-13T23:03:37.447+07:00 DEBUG 2616 --- [tea-attendance-api] [nio-8080-exec-3] o.s.web.servlet.DispatcherServlet        : Completed 200 OK
2026-09-13T23:03:37.451+07:00 DEBUG 2616 --- [tea-attendance-api] [nio-8080-exec-2] m.m.a.RequestResponseBodyMethodProcessor : Using 'application/json', given [*/*] and supported [application/json, application/*+json]
2026-09-13T23:03:37.451+07:00 DEBUG 2616 --- [tea-attendance-api] [nio-8080-exec-2] m.m.a.RequestResponseBodyMethodProcessor : Writing [[ChatMessageResponse[id=2, sender=MemberBriefResponse[id=1, displayName=Minh Anh], content=alo, atta (truncated)...]
2026-09-13T23:03:37.452+07:00 DEBUG 2616 --- [tea-attendance-api] [nio-8080-exec-2] o.s.web.servlet.DispatcherServlet        : Completed 200 OK
2026-09-13T23:03:37.798+07:00 DEBUG 2616 --- [tea-attendance-api] [nio-8080-exec-6] o.s.web.servlet.DispatcherServlet        : GET "/api/drinks", parameters={}
2026-09-13T23:03:37.798+07:00 DEBUG 2616 --- [tea-attendance-api] [nio-8080-exec-9] o.s.web.servlet.DispatcherServlet        : GET "/api/members", parameters={}
2026-09-13T23:03:37.798+07:00 DEBUG 2616 --- [tea-attendance-api] [nio-8080-exec-8] o.s.web.servlet.DispatcherServlet        : GET "/api/expenses/range?from=2026-09-07&to=2026-09-13", parameters={masked}
2026-09-13T23:03:37.798+07:00 DEBUG 2616 --- [tea-attendance-api] [nio-8080-exec-9] s.w.s.m.m.a.RequestMappingHandlerMapping : Mapped to com.trasua.api.MemberController#list(boolean)
2026-09-13T23:03:37.798+07:00 DEBUG 2616 --- [tea-attendance-api] [nio-8080-exec-6] s.w.s.m.m.a.RequestMappingHandlerMapping : Mapped to com.trasua.api.DrinkCatalogController#list(boolean)
2026-09-13T23:03:37.798+07:00 DEBUG 2616 --- [tea-attendance-api] [nio-8080-exec-8] s.w.s.m.m.a.RequestMappingHandlerMapping : Mapped to com.trasua.api.ExpenseController#range(LocalDate, LocalDate)
2026-09-13T23:03:37.798+07:00 DEBUG 2616 --- [tea-attendance-api] [nio-8080-exec-7] o.s.web.servlet.DispatcherServlet        : GET "/api/chat/messages", parameters={}
2026-09-13T23:03:37.798+07:00 DEBUG 2616 --- [tea-attendance-api] [nio-8080-exec-4] o.s.web.servlet.DispatcherServlet        : GET "/api/notifications?memberId=1", parameters={masked}
2026-09-13T23:03:37.799+07:00 DEBUG 2616 --- [tea-attendance-api] [nio-8080-exec-7] s.w.s.m.m.a.RequestMappingHandlerMapping : Mapped to com.trasua.api.ChatController#list(Instant, int)
2026-09-13T23:03:37.799+07:00 DEBUG 2616 --- [tea-attendance-api] [nio-8080-exec-4] s.w.s.m.m.a.RequestMappingHandlerMapping : Mapped to com.trasua.api.NotificationController#list(Long)
2026-09-13T23:03:37.804+07:00 DEBUG 2616 --- [tea-attendance-api] [nio-8080-exec-4] org.hibernate.SQL                        : 
    select
        n1_0.id,
        n1_0.body,
        n1_0.created_at,
        n1_0.read_at,
        n1_0.recipient_member_id,
        r1_0.id,
        r1_0.account_name,
        r1_0.account_number,
        r1_0.active,
        r1_0.bank_bin,
        r1_0.bank_name,
        r1_0.created_at,
        r1_0.display_name,
        r1_0.email,
        r1_0.password_hash,
        r1_0.qr_code_url,
        r1_0.reset_code_expires_at,
        r1_0.reset_code_hash,
        r1_0.role,
        r1_0.updated_at,
        n1_0.settlement_id,
        n1_0.title,
        n1_0.transfer_id,
        n1_0.type 
    from
        notifications n1_0 
    join
        members r1_0 
            on r1_0.id=n1_0.recipient_member_id 
    where
        r1_0.id=? 
    order by
        n1_0.created_at desc
2026-09-13T23:03:37.804+07:00 DEBUG 2616 --- [tea-attendance-api] [nio-8080-exec-8] org.hibernate.SQL                        : 
    select
        distinct do1_0.id,
        do1_0.created_at,
        i1_0.order_id,
        i1_0.id,
        i1_0.consumer_member_id,
        c1_0.id,
        c1_0.account_name,
        c1_0.account_number,
        c1_0.active,
        c1_0.bank_bin,
        c1_0.bank_name,
        c1_0.created_at,
        c1_0.display_name,
        c1_0.email,
        c1_0.password_hash,
        c1_0.qr_code_url,
        c1_0.reset_code_expires_at,
        c1_0.reset_code_hash,
        c1_0.role,
        c1_0.updated_at,
        i1_0.drink_name,
        i1_0.line_total,
        i1_0.quantity,
        i1_0.unit_price,
        do1_0.note,
        do1_0.order_date,
        do1_0.payer_member_id,
        p1_0.id,
        p1_0.account_name,
        p1_0.account_number,
        p1_0.active,
        p1_0.bank_bin,
        p1_0.bank_name,
        p1_0.created_at,
        p1_0.display_name,
        p1_0.email,
        p1_0.password_hash,
        p1_0.qr_code_url,
        p1_0.reset_code_expires_at,
        p1_0.reset_code_hash,
        p1_0.role,
        p1_0.updated_at,
        do1_0.total_amount,
        do1_0.updated_at 
    from
        drink_orders do1_0 
    join
        members p1_0 
            on p1_0.id=do1_0.payer_member_id 
    left join
        order_items i1_0 
            on do1_0.id=i1_0.order_id 
    left join
        members c1_0 
            on c1_0.id=i1_0.consumer_member_id 
    where
        do1_0.order_date between ? and ? 
    order by
        do1_0.order_date,
        do1_0.id
2026-09-13T23:03:37.805+07:00 DEBUG 2616 --- [tea-attendance-api] [nio-8080-exec-6] org.hibernate.SQL                        : 
    select
        dci1_0.id,
        dci1_0.active,
        dci1_0.created_at,
        dci1_0.icon,
        dci1_0.name,
        dci1_0.price,
        dci1_0.updated_at 
    from
        drink_catalog dci1_0 
    where
        dci1_0.active 
    order by
        dci1_0.name
2026-09-13T23:03:37.805+07:00 DEBUG 2616 --- [tea-attendance-api] [nio-8080-exec-9] org.hibernate.SQL                        : 
    select
        m1_0.id,
        m1_0.account_name,
        m1_0.account_number,
        m1_0.active,
        m1_0.bank_bin,
        m1_0.bank_name,
        m1_0.created_at,
        m1_0.display_name,
        m1_0.email,
        m1_0.password_hash,
        m1_0.qr_code_url,
        m1_0.reset_code_expires_at,
        m1_0.reset_code_hash,
        m1_0.role,
        m1_0.updated_at 
    from
        members m1_0 
    where
        m1_0.active 
    order by
        m1_0.display_name
2026-09-13T23:03:37.805+07:00 DEBUG 2616 --- [tea-attendance-api] [nio-8080-exec-7] org.hibernate.SQL                        : 
    select
        cm1_0.id,
        cm1_0.content,
        cm1_0.created_at,
        cm1_0.sender_member_id,
        s1_0.id,
        s1_0.account_name,
        s1_0.account_number,
        s1_0.active,
        s1_0.bank_bin,
        s1_0.bank_name,
        s1_0.created_at,
        s1_0.display_name,
        s1_0.email,
        s1_0.password_hash,
        s1_0.qr_code_url,
        s1_0.reset_code_expires_at,
        s1_0.reset_code_hash,
        s1_0.role,
        s1_0.updated_at 
    from
        chat_messages cm1_0 
    join
        members s1_0 
            on s1_0.id=cm1_0.sender_member_id 
    order by
        cm1_0.created_at desc 
    limit
        ?
2026-09-13T23:03:37.809+07:00 DEBUG 2616 --- [tea-attendance-api] [nio-8080-exec-7] org.hibernate.SQL                        : 
    select
        a1_0.message_id,
        a1_0.id,
        a1_0.byte_size,
        a1_0.content_type,
        a1_0.created_at,
        a1_0.original_filename,
        a1_0.storage_key 
    from
        chat_attachments a1_0 
    where
        a1_0.message_id=? 
    order by
        a1_0.id
2026-09-13T23:03:37.813+07:00 DEBUG 2616 --- [tea-attendance-api] [nio-8080-exec-7] org.hibernate.SQL                        : 
    select
        a1_0.message_id,
        a1_0.id,
        a1_0.byte_size,
        a1_0.content_type,
        a1_0.created_at,
        a1_0.original_filename,
        a1_0.storage_key 
    from
        chat_attachments a1_0 
    where
        a1_0.message_id=? 
    order by
        a1_0.id
2026-09-13T23:03:37.816+07:00 DEBUG 2616 --- [tea-attendance-api] [nio-8080-exec-9] m.m.a.RequestResponseBodyMethodProcessor : Using 'application/json', given [*/*] and supported [application/json, application/*+json]
2026-09-13T23:03:37.816+07:00 DEBUG 2616 --- [tea-attendance-api] [nio-8080-exec-4] m.m.a.RequestResponseBodyMethodProcessor : Using 'application/json', given [*/*] and supported [application/json, application/*+json]
2026-09-13T23:03:37.816+07:00 DEBUG 2616 --- [tea-attendance-api] [nio-8080-exec-6] m.m.a.RequestResponseBodyMethodProcessor : Using 'application/json', given [*/*] and supported [application/json, application/*+json]
2026-09-13T23:03:37.816+07:00 DEBUG 2616 --- [tea-attendance-api] [nio-8080-exec-8] m.m.a.RequestResponseBodyMethodProcessor : Using 'application/json', given [*/*] and supported [application/json, application/*+json]
2026-09-13T23:03:37.816+07:00 DEBUG 2616 --- [tea-attendance-api] [nio-8080-exec-4] m.m.a.RequestResponseBodyMethodProcessor : Writing [[]]
2026-09-13T23:03:37.816+07:00 DEBUG 2616 --- [tea-attendance-api] [nio-8080-exec-9] m.m.a.RequestResponseBodyMethodProcessor : Writing [[MemberResponse[id=4, displayName=H??ng, email=huong@example.test, bankName=Techcombank, bankBin=970 (truncated)...]
2026-09-13T23:03:37.816+07:00 DEBUG 2616 --- [tea-attendance-api] [nio-8080-exec-6] m.m.a.RequestResponseBodyMethodProcessor : Writing [[DrinkCatalogResponse[id=5, name=Bac xiu, price=22000, icon=?, active=true], DrinkCatalogResponse[i (truncated)...]
2026-09-13T23:03:37.816+07:00 DEBUG 2616 --- [tea-attendance-api] [nio-8080-exec-8] m.m.a.RequestResponseBodyMethodProcessor : Writing [[ExpenseResponse[id=1, orderDate=2026-09-12, payer=MemberBriefResponse[id=2, displayName=Linh Chi],  (truncated)...]
2026-09-13T23:03:37.817+07:00 DEBUG 2616 --- [tea-attendance-api] [nio-8080-exec-9] o.s.web.servlet.DispatcherServlet        : Completed 200 OK
2026-09-13T23:03:37.817+07:00 DEBUG 2616 --- [tea-attendance-api] [nio-8080-exec-6] o.s.web.servlet.DispatcherServlet        : Completed 200 OK
2026-09-13T23:03:37.817+07:00 DEBUG 2616 --- [tea-attendance-api] [nio-8080-exec-4] o.s.web.servlet.DispatcherServlet        : Completed 200 OK
2026-09-13T23:03:37.817+07:00 DEBUG 2616 --- [tea-attendance-api] [nio-8080-exec-8] o.s.web.servlet.DispatcherServlet        : Completed 200 OK
2026-09-13T23:03:37.823+07:00 DEBUG 2616 --- [tea-attendance-api] [nio-8080-exec-7] m.m.a.RequestResponseBodyMethodProcessor : Using 'application/json', given [*/*] and supported [application/json, application/*+json]
2026-09-13T23:03:37.823+07:00 DEBUG 2616 --- [tea-attendance-api] [nio-8080-exec-7] m.m.a.RequestResponseBodyMethodProcessor : Writing [[ChatMessageResponse[id=2, sender=MemberBriefResponse[id=1, displayName=Minh Anh], content=alo, atta (truncated)...]
2026-09-13T23:03:37.824+07:00 DEBUG 2616 --- [tea-attendance-api] [nio-8080-exec-7] o.s.web.servlet.DispatcherServlet        : Completed 200 OK
2026-09-13T23:03:37.979+07:00 DEBUG 2616 --- [tea-attendance-api] [nio-8080-exec-1] o.s.web.servlet.DispatcherServlet        : GET "/api/members", parameters={}
2026-09-13T23:03:37.980+07:00 DEBUG 2616 --- [tea-attendance-api] [nio-8080-exec-1] s.w.s.m.m.a.RequestMappingHandlerMapping : Mapped to com.trasua.api.MemberController#list(boolean)
2026-09-13T23:03:37.981+07:00 DEBUG 2616 --- [tea-attendance-api] [io-8080-exec-10] o.s.web.servlet.DispatcherServlet        : GET "/api/expenses/range?from=2026-09-07&to=2026-09-13", parameters={masked}
2026-09-13T23:03:37.981+07:00 DEBUG 2616 --- [tea-attendance-api] [nio-8080-exec-5] o.s.web.servlet.DispatcherServlet        : GET "/api/drinks", parameters={}
2026-09-13T23:03:37.981+07:00 DEBUG 2616 --- [tea-attendance-api] [nio-8080-exec-3] o.s.web.servlet.DispatcherServlet        : GET "/api/chat/messages", parameters={}
2026-09-13T23:03:37.982+07:00 DEBUG 2616 --- [tea-attendance-api] [io-8080-exec-10] s.w.s.m.m.a.RequestMappingHandlerMapping : Mapped to com.trasua.api.ExpenseController#range(LocalDate, LocalDate)
2026-09-13T23:03:37.982+07:00 DEBUG 2616 --- [tea-attendance-api] [nio-8080-exec-5] s.w.s.m.m.a.RequestMappingHandlerMapping : Mapped to com.trasua.api.DrinkCatalogController#list(boolean)
2026-09-13T23:03:37.982+07:00 DEBUG 2616 --- [tea-attendance-api] [nio-8080-exec-3] s.w.s.m.m.a.RequestMappingHandlerMapping : Mapped to com.trasua.api.ChatController#list(Instant, int)
2026-09-13T23:03:37.983+07:00 DEBUG 2616 --- [tea-attendance-api] [nio-8080-exec-2] o.s.web.servlet.DispatcherServlet        : GET "/api/notifications?memberId=1", parameters={masked}
2026-09-13T23:03:37.983+07:00 DEBUG 2616 --- [tea-attendance-api] [nio-8080-exec-2] s.w.s.m.m.a.RequestMappingHandlerMapping : Mapped to com.trasua.api.NotificationController#list(Long)
2026-09-13T23:03:37.997+07:00 DEBUG 2616 --- [tea-attendance-api] [io-8080-exec-10] org.hibernate.SQL                        : 
    select
        distinct do1_0.id,
        do1_0.created_at,
        i1_0.order_id,
        i1_0.id,
        i1_0.consumer_member_id,
        c1_0.id,
        c1_0.account_name,
        c1_0.account_number,
        c1_0.active,
        c1_0.bank_bin,
        c1_0.bank_name,
        c1_0.created_at,
        c1_0.display_name,
        c1_0.email,
        c1_0.password_hash,
        c1_0.qr_code_url,
        c1_0.reset_code_expires_at,
        c1_0.reset_code_hash,
        c1_0.role,
        c1_0.updated_at,
        i1_0.drink_name,
        i1_0.line_total,
        i1_0.quantity,
        i1_0.unit_price,
        do1_0.note,
        do1_0.order_date,
        do1_0.payer_member_id,
        p1_0.id,
        p1_0.account_name,
        p1_0.account_number,
        p1_0.active,
        p1_0.bank_bin,
        p1_0.bank_name,
        p1_0.created_at,
        p1_0.display_name,
        p1_0.email,
        p1_0.password_hash,
        p1_0.qr_code_url,
        p1_0.reset_code_expires_at,
        p1_0.reset_code_hash,
        p1_0.role,
        p1_0.updated_at,
        do1_0.total_amount,
        do1_0.updated_at 
    from
        drink_orders do1_0 
    join
        members p1_0 
            on p1_0.id=do1_0.payer_member_id 
    left join
        order_items i1_0 
            on do1_0.id=i1_0.order_id 
    left join
        members c1_0 
            on c1_0.id=i1_0.consumer_member_id 
    where
        do1_0.order_date between ? and ? 
    order by
        do1_0.order_date,
        do1_0.id
2026-09-13T23:03:38.001+07:00 DEBUG 2616 --- [tea-attendance-api] [nio-8080-exec-2] org.hibernate.SQL                        : 
    select
        n1_0.id,
        n1_0.body,
        n1_0.created_at,
        n1_0.read_at,
        n1_0.recipient_member_id,
        r1_0.id,
        r1_0.account_name,
        r1_0.account_number,
        r1_0.active,
        r1_0.bank_bin,
        r1_0.bank_name,
        r1_0.created_at,
        r1_0.display_name,
        r1_0.email,
        r1_0.password_hash,
        r1_0.qr_code_url,
        r1_0.reset_code_expires_at,
        r1_0.reset_code_hash,
        r1_0.role,
        r1_0.updated_at,
        n1_0.settlement_id,
        n1_0.title,
        n1_0.transfer_id,
        n1_0.type 
    from
        notifications n1_0 
    join
        members r1_0 
            on r1_0.id=n1_0.recipient_member_id 
    where
        r1_0.id=? 
    order by
        n1_0.created_at desc
2026-09-13T23:03:38.002+07:00 DEBUG 2616 --- [tea-attendance-api] [nio-8080-exec-1] org.hibernate.SQL                        : 
    select
        m1_0.id,
        m1_0.account_name,
        m1_0.account_number,
        m1_0.active,
        m1_0.bank_bin,
        m1_0.bank_name,
        m1_0.created_at,
        m1_0.display_name,
        m1_0.email,
        m1_0.password_hash,
        m1_0.qr_code_url,
        m1_0.reset_code_expires_at,
        m1_0.reset_code_hash,
        m1_0.role,
        m1_0.updated_at 
    from
        members m1_0 
    where
        m1_0.active 
    order by
        m1_0.display_name
2026-09-13T23:03:38.002+07:00 DEBUG 2616 --- [tea-attendance-api] [nio-8080-exec-3] org.hibernate.SQL                        : 
    select
        cm1_0.id,
        cm1_0.content,
        cm1_0.created_at,
        cm1_0.sender_member_id,
        s1_0.id,
        s1_0.account_name,
        s1_0.account_number,
        s1_0.active,
        s1_0.bank_bin,
        s1_0.bank_name,
        s1_0.created_at,
        s1_0.display_name,
        s1_0.email,
        s1_0.password_hash,
        s1_0.qr_code_url,
        s1_0.reset_code_expires_at,
        s1_0.reset_code_hash,
        s1_0.role,
        s1_0.updated_at 
    from
        chat_messages cm1_0 
    join
        members s1_0 
            on s1_0.id=cm1_0.sender_member_id 
    order by
        cm1_0.created_at desc 
    limit
        ?
2026-09-13T23:03:38.003+07:00 DEBUG 2616 --- [tea-attendance-api] [nio-8080-exec-5] org.hibernate.SQL                        : 
    select
        dci1_0.id,
        dci1_0.active,
        dci1_0.created_at,
        dci1_0.icon,
        dci1_0.name,
        dci1_0.price,
        dci1_0.updated_at 
    from
        drink_catalog dci1_0 
    where
        dci1_0.active 
    order by
        dci1_0.name
2026-09-13T23:03:38.022+07:00 DEBUG 2616 --- [tea-attendance-api] [nio-8080-exec-3] org.hibernate.SQL                        : 
    select
        a1_0.message_id,
        a1_0.id,
        a1_0.byte_size,
        a1_0.content_type,
        a1_0.created_at,
        a1_0.original_filename,
        a1_0.storage_key 
    from
        chat_attachments a1_0 
    where
        a1_0.message_id=? 
    order by
        a1_0.id
2026-09-13T23:03:38.029+07:00 DEBUG 2616 --- [tea-attendance-api] [nio-8080-exec-3] org.hibernate.SQL                        : 
    select
        a1_0.message_id,
        a1_0.id,
        a1_0.byte_size,
        a1_0.content_type,
        a1_0.created_at,
        a1_0.original_filename,
        a1_0.storage_key 
    from
        chat_attachments a1_0 
    where
        a1_0.message_id=? 
    order by
        a1_0.id
2026-09-13T23:03:38.036+07:00 DEBUG 2616 --- [tea-attendance-api] [nio-8080-exec-1] m.m.a.RequestResponseBodyMethodProcessor : Using 'application/json', given [*/*] and supported [application/json, application/*+json]
2026-09-13T23:03:38.036+07:00 DEBUG 2616 --- [tea-attendance-api] [nio-8080-exec-1] m.m.a.RequestResponseBodyMethodProcessor : Writing [[MemberResponse[id=4, displayName=H??ng, email=huong@example.test, bankName=Techcombank, bankBin=970 (truncated)...]
2026-09-13T23:03:38.038+07:00 DEBUG 2616 --- [tea-attendance-api] [nio-8080-exec-1] o.s.web.servlet.DispatcherServlet        : Completed 200 OK
2026-09-13T23:03:38.039+07:00 DEBUG 2616 --- [tea-attendance-api] [nio-8080-exec-2] m.m.a.RequestResponseBodyMethodProcessor : Using 'application/json', given [*/*] and supported [application/json, application/*+json]
2026-09-13T23:03:38.039+07:00 DEBUG 2616 --- [tea-attendance-api] [nio-8080-exec-5] m.m.a.RequestResponseBodyMethodProcessor : Using 'application/json', given [*/*] and supported [application/json, application/*+json]
2026-09-13T23:03:38.039+07:00 DEBUG 2616 --- [tea-attendance-api] [nio-8080-exec-2] m.m.a.RequestResponseBodyMethodProcessor : Writing [[]]
2026-09-13T23:03:38.039+07:00 DEBUG 2616 --- [tea-attendance-api] [nio-8080-exec-5] m.m.a.RequestResponseBodyMethodProcessor : Writing [[DrinkCatalogResponse[id=5, name=Bac xiu, price=22000, icon=?, active=true], DrinkCatalogResponse[i (truncated)...]
2026-09-13T23:03:38.039+07:00 DEBUG 2616 --- [tea-attendance-api] [nio-8080-exec-2] o.s.web.servlet.DispatcherServlet        : Completed 200 OK
2026-09-13T23:03:38.040+07:00 DEBUG 2616 --- [tea-attendance-api] [nio-8080-exec-5] o.s.web.servlet.DispatcherServlet        : Completed 200 OK
2026-09-13T23:03:38.041+07:00 DEBUG 2616 --- [tea-attendance-api] [io-8080-exec-10] m.m.a.RequestResponseBodyMethodProcessor : Using 'application/json', given [*/*] and supported [application/json, application/*+json]
2026-09-13T23:03:38.041+07:00 DEBUG 2616 --- [tea-attendance-api] [io-8080-exec-10] m.m.a.RequestResponseBodyMethodProcessor : Writing [[ExpenseResponse[id=1, orderDate=2026-09-12, payer=MemberBriefResponse[id=2, displayName=Linh Chi],  (truncated)...]
2026-09-13T23:03:38.042+07:00 DEBUG 2616 --- [tea-attendance-api] [io-8080-exec-10] o.s.web.servlet.DispatcherServlet        : Completed 200 OK
2026-09-13T23:03:38.045+07:00 DEBUG 2616 --- [tea-attendance-api] [nio-8080-exec-3] m.m.a.RequestResponseBodyMethodProcessor : Using 'application/json', given [*/*] and supported [application/json, application/*+json]
2026-09-13T23:03:38.046+07:00 DEBUG 2616 --- [tea-attendance-api] [nio-8080-exec-3] m.m.a.RequestResponseBodyMethodProcessor : Writing [[ChatMessageResponse[id=2, sender=MemberBriefResponse[id=1, displayName=Minh Anh], content=alo, atta (truncated)...]
2026-09-13T23:03:38.046+07:00 DEBUG 2616 --- [tea-attendance-api] [nio-8080-exec-3] o.s.web.servlet.DispatcherServlet        : Completed 200 OK
2026-09-13T23:08:33.139+07:00 DEBUG 2616 --- [tea-attendance-api] [nio-8080-exec-2] o.s.web.servlet.DispatcherServlet        : GET "/api/drinks", parameters={}
2026-09-13T23:08:33.139+07:00 DEBUG 2616 --- [tea-attendance-api] [nio-8080-exec-1] o.s.web.servlet.DispatcherServlet        : GET "/api/members", parameters={}
2026-09-13T23:08:33.139+07:00 DEBUG 2616 --- [tea-attendance-api] [nio-8080-exec-3] o.s.web.servlet.DispatcherServlet        : GET "/api/notifications?memberId=1", parameters={masked}
2026-09-13T23:08:33.139+07:00 DEBUG 2616 --- [tea-attendance-api] [nio-8080-exec-5] o.s.web.servlet.DispatcherServlet        : GET "/api/chat/messages", parameters={}
2026-09-13T23:08:33.140+07:00 DEBUG 2616 --- [tea-attendance-api] [io-8080-exec-10] o.s.web.servlet.DispatcherServlet        : GET "/api/expenses/range?from=2026-09-07&to=2026-09-13", parameters={masked}
2026-09-13T23:08:33.141+07:00 DEBUG 2616 --- [tea-attendance-api] [nio-8080-exec-3] s.w.s.m.m.a.RequestMappingHandlerMapping : Mapped to com.trasua.api.NotificationController#list(Long)
2026-09-13T23:08:33.142+07:00 DEBUG 2616 --- [tea-attendance-api] [nio-8080-exec-5] s.w.s.m.m.a.RequestMappingHandlerMapping : Mapped to com.trasua.api.ChatController#list(Instant, int)
2026-09-13T23:08:33.144+07:00 DEBUG 2616 --- [tea-attendance-api] [io-8080-exec-10] s.w.s.m.m.a.RequestMappingHandlerMapping : Mapped to com.trasua.api.ExpenseController#range(LocalDate, LocalDate)
2026-09-13T23:08:33.142+07:00 DEBUG 2616 --- [tea-attendance-api] [nio-8080-exec-1] s.w.s.m.m.a.RequestMappingHandlerMapping : Mapped to com.trasua.api.MemberController#list(boolean)
2026-09-13T23:08:33.144+07:00 DEBUG 2616 --- [tea-attendance-api] [nio-8080-exec-2] s.w.s.m.m.a.RequestMappingHandlerMapping : Mapped to com.trasua.api.DrinkCatalogController#list(boolean)
2026-09-13T23:08:33.153+07:00 DEBUG 2616 --- [tea-attendance-api] [nio-8080-exec-5] org.hibernate.SQL                        : 
    select
        cm1_0.id,
        cm1_0.content,
        cm1_0.created_at,
        cm1_0.sender_member_id,
        s1_0.id,
        s1_0.account_name,
        s1_0.account_number,
        s1_0.active,
        s1_0.bank_bin,
        s1_0.bank_name,
        s1_0.created_at,
        s1_0.display_name,
        s1_0.email,
        s1_0.password_hash,
        s1_0.qr_code_url,
        s1_0.reset_code_expires_at,
        s1_0.reset_code_hash,
        s1_0.role,
        s1_0.updated_at 
    from
        chat_messages cm1_0 
    join
        members s1_0 
            on s1_0.id=cm1_0.sender_member_id 
    order by
        cm1_0.created_at desc 
    limit
        ?
2026-09-13T23:08:33.153+07:00 DEBUG 2616 --- [tea-attendance-api] [io-8080-exec-10] org.hibernate.SQL                        : 
    select
        distinct do1_0.id,
        do1_0.created_at,
        i1_0.order_id,
        i1_0.id,
        i1_0.consumer_member_id,
        c1_0.id,
        c1_0.account_name,
        c1_0.account_number,
        c1_0.active,
        c1_0.bank_bin,
        c1_0.bank_name,
        c1_0.created_at,
        c1_0.display_name,
        c1_0.email,
        c1_0.password_hash,
        c1_0.qr_code_url,
        c1_0.reset_code_expires_at,
        c1_0.reset_code_hash,
        c1_0.role,
        c1_0.updated_at,
        i1_0.drink_name,
        i1_0.line_total,
        i1_0.quantity,
        i1_0.unit_price,
        do1_0.note,
        do1_0.order_date,
        do1_0.payer_member_id,
        p1_0.id,
        p1_0.account_name,
        p1_0.account_number,
        p1_0.active,
        p1_0.bank_bin,
        p1_0.bank_name,
        p1_0.created_at,
        p1_0.display_name,
        p1_0.email,
        p1_0.password_hash,
        p1_0.qr_code_url,
        p1_0.reset_code_expires_at,
        p1_0.reset_code_hash,
        p1_0.role,
        p1_0.updated_at,
        do1_0.total_amount,
        do1_0.updated_at 
    from
        drink_orders do1_0 
    join
        members p1_0 
            on p1_0.id=do1_0.payer_member_id 
    left join
        order_items i1_0 
            on do1_0.id=i1_0.order_id 
    left join
        members c1_0 
            on c1_0.id=i1_0.consumer_member_id 
    where
        do1_0.order_date between ? and ? 
    order by
        do1_0.order_date,
        do1_0.id
2026-09-13T23:08:33.153+07:00 DEBUG 2616 --- [tea-attendance-api] [nio-8080-exec-3] org.hibernate.SQL                        : 
    select
        n1_0.id,
        n1_0.body,
        n1_0.created_at,
        n1_0.read_at,
        n1_0.recipient_member_id,
        r1_0.id,
        r1_0.account_name,
        r1_0.account_number,
        r1_0.active,
        r1_0.bank_bin,
        r1_0.bank_name,
        r1_0.created_at,
        r1_0.display_name,
        r1_0.email,
        r1_0.password_hash,
        r1_0.qr_code_url,
        r1_0.reset_code_expires_at,
        r1_0.reset_code_hash,
        r1_0.role,
        r1_0.updated_at,
        n1_0.settlement_id,
        n1_0.title,
        n1_0.transfer_id,
        n1_0.type 
    from
        notifications n1_0 
    join
        members r1_0 
            on r1_0.id=n1_0.recipient_member_id 
    where
        r1_0.id=? 
    order by
        n1_0.created_at desc
2026-09-13T23:08:33.155+07:00 DEBUG 2616 --- [tea-attendance-api] [nio-8080-exec-2] org.hibernate.SQL                        : 
    select
        dci1_0.id,
        dci1_0.active,
        dci1_0.created_at,
        dci1_0.icon,
        dci1_0.name,
        dci1_0.price,
        dci1_0.updated_at 
    from
        drink_catalog dci1_0 
    where
        dci1_0.active 
    order by
        dci1_0.name
2026-09-13T23:08:33.155+07:00 DEBUG 2616 --- [tea-attendance-api] [nio-8080-exec-1] org.hibernate.SQL                        : 
    select
        m1_0.id,
        m1_0.account_name,
        m1_0.account_number,
        m1_0.active,
        m1_0.bank_bin,
        m1_0.bank_name,
        m1_0.created_at,
        m1_0.display_name,
        m1_0.email,
        m1_0.password_hash,
        m1_0.qr_code_url,
        m1_0.reset_code_expires_at,
        m1_0.reset_code_hash,
        m1_0.role,
        m1_0.updated_at 
    from
        members m1_0 
    where
        m1_0.active 
    order by
        m1_0.display_name
2026-09-13T23:08:33.162+07:00 DEBUG 2616 --- [tea-attendance-api] [nio-8080-exec-5] org.hibernate.SQL                        : 
    select
        a1_0.message_id,
        a1_0.id,
        a1_0.byte_size,
        a1_0.content_type,
        a1_0.created_at,
        a1_0.original_filename,
        a1_0.storage_key 
    from
        chat_attachments a1_0 
    where
        a1_0.message_id=? 
    order by
        a1_0.id
2026-09-13T23:08:33.168+07:00 DEBUG 2616 --- [tea-attendance-api] [nio-8080-exec-5] org.hibernate.SQL                        : 
    select
        a1_0.message_id,
        a1_0.id,
        a1_0.byte_size,
        a1_0.content_type,
        a1_0.created_at,
        a1_0.original_filename,
        a1_0.storage_key 
    from
        chat_attachments a1_0 
    where
        a1_0.message_id=? 
    order by
        a1_0.id
2026-09-13T23:08:33.169+07:00 DEBUG 2616 --- [tea-attendance-api] [nio-8080-exec-1] m.m.a.RequestResponseBodyMethodProcessor : Using 'application/json', given [*/*] and supported [application/json, application/*+json]
2026-09-13T23:08:33.169+07:00 DEBUG 2616 --- [tea-attendance-api] [nio-8080-exec-3] m.m.a.RequestResponseBodyMethodProcessor : Using 'application/json', given [*/*] and supported [application/json, application/*+json]
2026-09-13T23:08:33.170+07:00 DEBUG 2616 --- [tea-attendance-api] [nio-8080-exec-3] m.m.a.RequestResponseBodyMethodProcessor : Writing [[]]
2026-09-13T23:08:33.170+07:00 DEBUG 2616 --- [tea-attendance-api] [nio-8080-exec-1] m.m.a.RequestResponseBodyMethodProcessor : Writing [[MemberResponse[id=4, displayName=H??ng, email=huong@example.test, bankName=Techcombank, bankBin=970 (truncated)...]
2026-09-13T23:08:33.171+07:00 DEBUG 2616 --- [tea-attendance-api] [nio-8080-exec-3] o.s.web.servlet.DispatcherServlet        : Completed 200 OK
2026-09-13T23:08:33.171+07:00 DEBUG 2616 --- [tea-attendance-api] [nio-8080-exec-1] o.s.web.servlet.DispatcherServlet        : Completed 200 OK
2026-09-13T23:08:33.172+07:00 DEBUG 2616 --- [tea-attendance-api] [nio-8080-exec-2] m.m.a.RequestResponseBodyMethodProcessor : Using 'application/json', given [*/*] and supported [application/json, application/*+json]
2026-09-13T23:08:33.173+07:00 DEBUG 2616 --- [tea-attendance-api] [nio-8080-exec-2] m.m.a.RequestResponseBodyMethodProcessor : Writing [[DrinkCatalogResponse[id=5, name=Bac xiu, price=22000, icon=?, active=true], DrinkCatalogResponse[i (truncated)...]
2026-09-13T23:08:33.174+07:00 DEBUG 2616 --- [tea-attendance-api] [nio-8080-exec-2] o.s.web.servlet.DispatcherServlet        : Completed 200 OK
2026-09-13T23:08:33.177+07:00 DEBUG 2616 --- [tea-attendance-api] [io-8080-exec-10] m.m.a.RequestResponseBodyMethodProcessor : Using 'application/json', given [*/*] and supported [application/json, application/*+json]
2026-09-13T23:08:33.178+07:00 DEBUG 2616 --- [tea-attendance-api] [io-8080-exec-10] m.m.a.RequestResponseBodyMethodProcessor : Writing [[ExpenseResponse[id=1, orderDate=2026-09-12, payer=MemberBriefResponse[id=2, displayName=Linh Chi],  (truncated)...]
2026-09-13T23:08:33.179+07:00 DEBUG 2616 --- [tea-attendance-api] [io-8080-exec-10] o.s.web.servlet.DispatcherServlet        : Completed 200 OK
2026-09-13T23:08:33.179+07:00 DEBUG 2616 --- [tea-attendance-api] [nio-8080-exec-5] m.m.a.RequestResponseBodyMethodProcessor : Using 'application/json', given [*/*] and supported [application/json, application/*+json]
2026-09-13T23:08:33.180+07:00 DEBUG 2616 --- [tea-attendance-api] [nio-8080-exec-5] m.m.a.RequestResponseBodyMethodProcessor : Writing [[ChatMessageResponse[id=2, sender=MemberBriefResponse[id=1, displayName=Minh Anh], content=alo, atta (truncated)...]
2026-09-13T23:08:33.180+07:00 DEBUG 2616 --- [tea-attendance-api] [nio-8080-exec-5] o.s.web.servlet.DispatcherServlet        : Completed 200 OK
2026-09-13T23:08:48.301+07:00 DEBUG 2616 --- [tea-attendance-api] [nio-8080-exec-4] o.s.web.servlet.DispatcherServlet        : GET "/api/members", parameters={}
2026-09-13T23:08:48.301+07:00 DEBUG 2616 --- [tea-attendance-api] [nio-8080-exec-9] o.s.web.servlet.DispatcherServlet        : GET "/api/drinks", parameters={}
2026-09-13T23:08:48.301+07:00 DEBUG 2616 --- [tea-attendance-api] [nio-8080-exec-4] s.w.s.m.m.a.RequestMappingHandlerMapping : Mapped to com.trasua.api.MemberController#list(boolean)
2026-09-13T23:08:48.301+07:00 DEBUG 2616 --- [tea-attendance-api] [nio-8080-exec-9] s.w.s.m.m.a.RequestMappingHandlerMapping : Mapped to com.trasua.api.DrinkCatalogController#list(boolean)
2026-09-13T23:08:48.301+07:00 DEBUG 2616 --- [tea-attendance-api] [nio-8080-exec-7] o.s.web.servlet.DispatcherServlet        : GET "/api/expenses/range?from=2026-09-07&to=2026-09-13", parameters={masked}
2026-09-13T23:08:48.301+07:00 DEBUG 2616 --- [tea-attendance-api] [nio-8080-exec-7] s.w.s.m.m.a.RequestMappingHandlerMapping : Mapped to com.trasua.api.ExpenseController#range(LocalDate, LocalDate)
2026-09-13T23:08:48.303+07:00 DEBUG 2616 --- [tea-attendance-api] [nio-8080-exec-8] o.s.web.servlet.DispatcherServlet        : GET "/api/chat/messages", parameters={}
2026-09-13T23:08:48.303+07:00 DEBUG 2616 --- [tea-attendance-api] [nio-8080-exec-6] o.s.web.servlet.DispatcherServlet        : GET "/api/notifications?memberId=1", parameters={masked}
2026-09-13T23:08:48.303+07:00 DEBUG 2616 --- [tea-attendance-api] [nio-8080-exec-8] s.w.s.m.m.a.RequestMappingHandlerMapping : Mapped to com.trasua.api.ChatController#list(Instant, int)
2026-09-13T23:08:48.303+07:00 DEBUG 2616 --- [tea-attendance-api] [nio-8080-exec-6] s.w.s.m.m.a.RequestMappingHandlerMapping : Mapped to com.trasua.api.NotificationController#list(Long)
2026-09-13T23:08:48.310+07:00 DEBUG 2616 --- [tea-attendance-api] [nio-8080-exec-7] org.hibernate.SQL                        : 
    select
        distinct do1_0.id,
        do1_0.created_at,
        i1_0.order_id,
        i1_0.id,
        i1_0.consumer_member_id,
        c1_0.id,
        c1_0.account_name,
        c1_0.account_number,
        c1_0.active,
        c1_0.bank_bin,
        c1_0.bank_name,
        c1_0.created_at,
        c1_0.display_name,
        c1_0.email,
        c1_0.password_hash,
        c1_0.qr_code_url,
        c1_0.reset_code_expires_at,
        c1_0.reset_code_hash,
        c1_0.role,
        c1_0.updated_at,
        i1_0.drink_name,
        i1_0.line_total,
        i1_0.quantity,
        i1_0.unit_price,
        do1_0.note,
        do1_0.order_date,
        do1_0.payer_member_id,
        p1_0.id,
        p1_0.account_name,
        p1_0.account_number,
        p1_0.active,
        p1_0.bank_bin,
        p1_0.bank_name,
        p1_0.created_at,
        p1_0.display_name,
        p1_0.email,
        p1_0.password_hash,
        p1_0.qr_code_url,
        p1_0.reset_code_expires_at,
        p1_0.reset_code_hash,
        p1_0.role,
        p1_0.updated_at,
        do1_0.total_amount,
        do1_0.updated_at 
    from
        drink_orders do1_0 
    join
        members p1_0 
            on p1_0.id=do1_0.payer_member_id 
    left join
        order_items i1_0 
            on do1_0.id=i1_0.order_id 
    left join
        members c1_0 
            on c1_0.id=i1_0.consumer_member_id 
    where
        do1_0.order_date between ? and ? 
    order by
        do1_0.order_date,
        do1_0.id
2026-09-13T23:08:48.311+07:00 DEBUG 2616 --- [tea-attendance-api] [nio-8080-exec-4] org.hibernate.SQL                        : 
    select
        m1_0.id,
        m1_0.account_name,
        m1_0.account_number,
        m1_0.active,
        m1_0.bank_bin,
        m1_0.bank_name,
        m1_0.created_at,
        m1_0.display_name,
        m1_0.email,
        m1_0.password_hash,
        m1_0.qr_code_url,
        m1_0.reset_code_expires_at,
        m1_0.reset_code_hash,
        m1_0.role,
        m1_0.updated_at 
    from
        members m1_0 
    where
        m1_0.active 
    order by
        m1_0.display_name
2026-09-13T23:08:48.311+07:00 DEBUG 2616 --- [tea-attendance-api] [nio-8080-exec-9] org.hibernate.SQL                        : 
    select
        dci1_0.id,
        dci1_0.active,
        dci1_0.created_at,
        dci1_0.icon,
        dci1_0.name,
        dci1_0.price,
        dci1_0.updated_at 
    from
        drink_catalog dci1_0 
    where
        dci1_0.active 
    order by
        dci1_0.name
2026-09-13T23:08:48.312+07:00 DEBUG 2616 --- [tea-attendance-api] [nio-8080-exec-6] org.hibernate.SQL                        : 
    select
        n1_0.id,
        n1_0.body,
        n1_0.created_at,
        n1_0.read_at,
        n1_0.recipient_member_id,
        r1_0.id,
        r1_0.account_name,
        r1_0.account_number,
        r1_0.active,
        r1_0.bank_bin,
        r1_0.bank_name,
        r1_0.created_at,
        r1_0.display_name,
        r1_0.email,
        r1_0.password_hash,
        r1_0.qr_code_url,
        r1_0.reset_code_expires_at,
        r1_0.reset_code_hash,
        r1_0.role,
        r1_0.updated_at,
        n1_0.settlement_id,
        n1_0.title,
        n1_0.transfer_id,
        n1_0.type 
    from
        notifications n1_0 
    join
        members r1_0 
            on r1_0.id=n1_0.recipient_member_id 
    where
        r1_0.id=? 
    order by
        n1_0.created_at desc
2026-09-13T23:08:48.355+07:00 DEBUG 2616 --- [tea-attendance-api] [nio-8080-exec-8] org.hibernate.SQL                        : 
    select
        cm1_0.id,
        cm1_0.content,
        cm1_0.created_at,
        cm1_0.sender_member_id,
        s1_0.id,
        s1_0.account_name,
        s1_0.account_number,
        s1_0.active,
        s1_0.bank_bin,
        s1_0.bank_name,
        s1_0.created_at,
        s1_0.display_name,
        s1_0.email,
        s1_0.password_hash,
        s1_0.qr_code_url,
        s1_0.reset_code_expires_at,
        s1_0.reset_code_hash,
        s1_0.role,
        s1_0.updated_at 
    from
        chat_messages cm1_0 
    join
        members s1_0 
            on s1_0.id=cm1_0.sender_member_id 
    order by
        cm1_0.created_at desc 
    limit
        ?
2026-09-13T23:08:48.360+07:00 DEBUG 2616 --- [tea-attendance-api] [nio-8080-exec-8] org.hibernate.SQL                        : 
    select
        a1_0.message_id,
        a1_0.id,
        a1_0.byte_size,
        a1_0.content_type,
        a1_0.created_at,
        a1_0.original_filename,
        a1_0.storage_key 
    from
        chat_attachments a1_0 
    where
        a1_0.message_id=? 
    order by
        a1_0.id
2026-09-13T23:08:48.366+07:00 DEBUG 2616 --- [tea-attendance-api] [nio-8080-exec-8] org.hibernate.SQL                        : 
    select
        a1_0.message_id,
        a1_0.id,
        a1_0.byte_size,
        a1_0.content_type,
        a1_0.created_at,
        a1_0.original_filename,
        a1_0.storage_key 
    from
        chat_attachments a1_0 
    where
        a1_0.message_id=? 
    order by
        a1_0.id
2026-09-13T23:08:48.366+07:00 DEBUG 2616 --- [tea-attendance-api] [nio-8080-exec-4] m.m.a.RequestResponseBodyMethodProcessor : Using 'application/json', given [*/*] and supported [application/json, application/*+json]
2026-09-13T23:08:48.366+07:00 DEBUG 2616 --- [tea-attendance-api] [nio-8080-exec-6] m.m.a.RequestResponseBodyMethodProcessor : Using 'application/json', given [*/*] and supported [application/json, application/*+json]
2026-09-13T23:08:48.366+07:00 DEBUG 2616 --- [tea-attendance-api] [nio-8080-exec-6] m.m.a.RequestResponseBodyMethodProcessor : Writing [[]]
2026-09-13T23:08:48.366+07:00 DEBUG 2616 --- [tea-attendance-api] [nio-8080-exec-4] m.m.a.RequestResponseBodyMethodProcessor : Writing [[MemberResponse[id=4, displayName=H??ng, email=huong@example.test, bankName=Techcombank, bankBin=970 (truncated)...]
2026-09-13T23:08:48.367+07:00 DEBUG 2616 --- [tea-attendance-api] [nio-8080-exec-6] o.s.web.servlet.DispatcherServlet        : Completed 200 OK
2026-09-13T23:08:48.367+07:00 DEBUG 2616 --- [tea-attendance-api] [nio-8080-exec-4] o.s.web.servlet.DispatcherServlet        : Completed 200 OK
2026-09-13T23:08:48.368+07:00 DEBUG 2616 --- [tea-attendance-api] [nio-8080-exec-7] m.m.a.RequestResponseBodyMethodProcessor : Using 'application/json', given [*/*] and supported [application/json, application/*+json]
2026-09-13T23:08:48.368+07:00 DEBUG 2616 --- [tea-attendance-api] [nio-8080-exec-9] m.m.a.RequestResponseBodyMethodProcessor : Using 'application/json', given [*/*] and supported [application/json, application/*+json]
2026-09-13T23:08:48.368+07:00 DEBUG 2616 --- [tea-attendance-api] [nio-8080-exec-7] m.m.a.RequestResponseBodyMethodProcessor : Writing [[ExpenseResponse[id=1, orderDate=2026-09-12, payer=MemberBriefResponse[id=2, displayName=Linh Chi],  (truncated)...]
2026-09-13T23:08:48.368+07:00 DEBUG 2616 --- [tea-attendance-api] [nio-8080-exec-9] m.m.a.RequestResponseBodyMethodProcessor : Writing [[DrinkCatalogResponse[id=5, name=Bac xiu, price=22000, icon=?, active=true], DrinkCatalogResponse[i (truncated)...]
2026-09-13T23:08:48.369+07:00 DEBUG 2616 --- [tea-attendance-api] [nio-8080-exec-9] o.s.web.servlet.DispatcherServlet        : Completed 200 OK
2026-09-13T23:08:48.369+07:00 DEBUG 2616 --- [tea-attendance-api] [nio-8080-exec-7] o.s.web.servlet.DispatcherServlet        : Completed 200 OK
2026-09-13T23:08:48.377+07:00 DEBUG 2616 --- [tea-attendance-api] [nio-8080-exec-8] m.m.a.RequestResponseBodyMethodProcessor : Using 'application/json', given [*/*] and supported [application/json, application/*+json]
2026-09-13T23:08:48.377+07:00 DEBUG 2616 --- [tea-attendance-api] [nio-8080-exec-8] m.m.a.RequestResponseBodyMethodProcessor : Writing [[ChatMessageResponse[id=2, sender=MemberBriefResponse[id=1, displayName=Minh Anh], content=alo, atta (truncated)...]
2026-09-13T23:08:48.378+07:00 DEBUG 2616 --- [tea-attendance-api] [nio-8080-exec-8] o.s.web.servlet.DispatcherServlet        : Completed 200 OK
2026-09-13T23:09:03.296+07:00 DEBUG 2616 --- [tea-attendance-api] [nio-8080-exec-3] o.s.web.servlet.DispatcherServlet        : GET "/api/members", parameters={}
2026-09-13T23:09:03.296+07:00 DEBUG 2616 --- [tea-attendance-api] [nio-8080-exec-3] s.w.s.m.m.a.RequestMappingHandlerMapping : Mapped to com.trasua.api.MemberController#list(boolean)
2026-09-13T23:09:03.298+07:00 DEBUG 2616 --- [tea-attendance-api] [nio-8080-exec-1] o.s.web.servlet.DispatcherServlet        : GET "/api/drinks", parameters={}
2026-09-13T23:09:03.298+07:00 DEBUG 2616 --- [tea-attendance-api] [nio-8080-exec-2] o.s.web.servlet.DispatcherServlet        : GET "/api/expenses/range?from=2026-09-07&to=2026-09-13", parameters={masked}
2026-09-13T23:09:03.298+07:00 DEBUG 2616 --- [tea-attendance-api] [nio-8080-exec-1] s.w.s.m.m.a.RequestMappingHandlerMapping : Mapped to com.trasua.api.DrinkCatalogController#list(boolean)
2026-09-13T23:09:03.298+07:00 DEBUG 2616 --- [tea-attendance-api] [nio-8080-exec-2] s.w.s.m.m.a.RequestMappingHandlerMapping : Mapped to com.trasua.api.ExpenseController#range(LocalDate, LocalDate)
2026-09-13T23:09:03.298+07:00 DEBUG 2616 --- [tea-attendance-api] [io-8080-exec-10] o.s.web.servlet.DispatcherServlet        : GET "/api/chat/messages", parameters={}
2026-09-13T23:09:03.298+07:00 DEBUG 2616 --- [tea-attendance-api] [nio-8080-exec-5] o.s.web.servlet.DispatcherServlet        : GET "/api/notifications?memberId=1", parameters={masked}
2026-09-13T23:09:03.298+07:00 DEBUG 2616 --- [tea-attendance-api] [io-8080-exec-10] s.w.s.m.m.a.RequestMappingHandlerMapping : Mapped to com.trasua.api.ChatController#list(Instant, int)
2026-09-13T23:09:03.298+07:00 DEBUG 2616 --- [tea-attendance-api] [nio-8080-exec-5] s.w.s.m.m.a.RequestMappingHandlerMapping : Mapped to com.trasua.api.NotificationController#list(Long)
2026-09-13T23:09:03.306+07:00 DEBUG 2616 --- [tea-attendance-api] [io-8080-exec-10] org.hibernate.SQL                        : 
    select
        cm1_0.id,
        cm1_0.content,
        cm1_0.created_at,
        cm1_0.sender_member_id,
        s1_0.id,
        s1_0.account_name,
        s1_0.account_number,
        s1_0.active,
        s1_0.bank_bin,
        s1_0.bank_name,
        s1_0.created_at,
        s1_0.display_name,
        s1_0.email,
        s1_0.password_hash,
        s1_0.qr_code_url,
        s1_0.reset_code_expires_at,
        s1_0.reset_code_hash,
        s1_0.role,
        s1_0.updated_at 
    from
        chat_messages cm1_0 
    join
        members s1_0 
            on s1_0.id=cm1_0.sender_member_id 
    order by
        cm1_0.created_at desc 
    limit
        ?
2026-09-13T23:09:03.306+07:00 DEBUG 2616 --- [tea-attendance-api] [nio-8080-exec-5] org.hibernate.SQL                        : 
    select
        n1_0.id,
        n1_0.body,
        n1_0.created_at,
        n1_0.read_at,
        n1_0.recipient_member_id,
        r1_0.id,
        r1_0.account_name,
        r1_0.account_number,
        r1_0.active,
        r1_0.bank_bin,
        r1_0.bank_name,
        r1_0.created_at,
        r1_0.display_name,
        r1_0.email,
        r1_0.password_hash,
        r1_0.qr_code_url,
        r1_0.reset_code_expires_at,
        r1_0.reset_code_hash,
        r1_0.role,
        r1_0.updated_at,
        n1_0.settlement_id,
        n1_0.title,
        n1_0.transfer_id,
        n1_0.type 
    from
        notifications n1_0 
    join
        members r1_0 
            on r1_0.id=n1_0.recipient_member_id 
    where
        r1_0.id=? 
    order by
        n1_0.created_at desc
2026-09-13T23:09:03.307+07:00 DEBUG 2616 --- [tea-attendance-api] [nio-8080-exec-1] org.hibernate.SQL                        : 
    select
        dci1_0.id,
        dci1_0.active,
        dci1_0.created_at,
        dci1_0.icon,
        dci1_0.name,
        dci1_0.price,
        dci1_0.updated_at 
    from
        drink_catalog dci1_0 
    where
        dci1_0.active 
    order by
        dci1_0.name
2026-09-13T23:09:03.307+07:00 DEBUG 2616 --- [tea-attendance-api] [nio-8080-exec-3] org.hibernate.SQL                        : 
    select
        m1_0.id,
        m1_0.account_name,
        m1_0.account_number,
        m1_0.active,
        m1_0.bank_bin,
        m1_0.bank_name,
        m1_0.created_at,
        m1_0.display_name,
        m1_0.email,
        m1_0.password_hash,
        m1_0.qr_code_url,
        m1_0.reset_code_expires_at,
        m1_0.reset_code_hash,
        m1_0.role,
        m1_0.updated_at 
    from
        members m1_0 
    where
        m1_0.active 
    order by
        m1_0.display_name
2026-09-13T23:09:03.307+07:00 DEBUG 2616 --- [tea-attendance-api] [nio-8080-exec-2] org.hibernate.SQL                        : 
    select
        distinct do1_0.id,
        do1_0.created_at,
        i1_0.order_id,
        i1_0.id,
        i1_0.consumer_member_id,
        c1_0.id,
        c1_0.account_name,
        c1_0.account_number,
        c1_0.active,
        c1_0.bank_bin,
        c1_0.bank_name,
        c1_0.created_at,
        c1_0.display_name,
        c1_0.email,
        c1_0.password_hash,
        c1_0.qr_code_url,
        c1_0.reset_code_expires_at,
        c1_0.reset_code_hash,
        c1_0.role,
        c1_0.updated_at,
        i1_0.drink_name,
        i1_0.line_total,
        i1_0.quantity,
        i1_0.unit_price,
        do1_0.note,
        do1_0.order_date,
        do1_0.payer_member_id,
        p1_0.id,
        p1_0.account_name,
        p1_0.account_number,
        p1_0.active,
        p1_0.bank_bin,
        p1_0.bank_name,
        p1_0.created_at,
        p1_0.display_name,
        p1_0.email,
        p1_0.password_hash,
        p1_0.qr_code_url,
        p1_0.reset_code_expires_at,
        p1_0.reset_code_hash,
        p1_0.role,
        p1_0.updated_at,
        do1_0.total_amount,
        do1_0.updated_at 
    from
        drink_orders do1_0 
    join
        members p1_0 
            on p1_0.id=do1_0.payer_member_id 
    left join
        order_items i1_0 
            on do1_0.id=i1_0.order_id 
    left join
        members c1_0 
            on c1_0.id=i1_0.consumer_member_id 
    where
        do1_0.order_date between ? and ? 
    order by
        do1_0.order_date,
        do1_0.id
2026-09-13T23:09:03.310+07:00 DEBUG 2616 --- [tea-attendance-api] [io-8080-exec-10] org.hibernate.SQL                        : 
    select
        a1_0.message_id,
        a1_0.id,
        a1_0.byte_size,
        a1_0.content_type,
        a1_0.created_at,
        a1_0.original_filename,
        a1_0.storage_key 
    from
        chat_attachments a1_0 
    where
        a1_0.message_id=? 
    order by
        a1_0.id
2026-09-13T23:09:03.313+07:00 DEBUG 2616 --- [tea-attendance-api] [io-8080-exec-10] org.hibernate.SQL                        : 
    select
        a1_0.message_id,
        a1_0.id,
        a1_0.byte_size,
        a1_0.content_type,
        a1_0.created_at,
        a1_0.original_filename,
        a1_0.storage_key 
    from
        chat_attachments a1_0 
    where
        a1_0.message_id=? 
    order by
        a1_0.id
2026-09-13T23:09:03.316+07:00 DEBUG 2616 --- [tea-attendance-api] [nio-8080-exec-5] m.m.a.RequestResponseBodyMethodProcessor : Using 'application/json', given [*/*] and supported [application/json, application/*+json]
2026-09-13T23:09:03.316+07:00 DEBUG 2616 --- [tea-attendance-api] [nio-8080-exec-1] m.m.a.RequestResponseBodyMethodProcessor : Using 'application/json', given [*/*] and supported [application/json, application/*+json]
2026-09-13T23:09:03.316+07:00 DEBUG 2616 --- [tea-attendance-api] [nio-8080-exec-3] m.m.a.RequestResponseBodyMethodProcessor : Using 'application/json', given [*/*] and supported [application/json, application/*+json]
2026-09-13T23:09:03.317+07:00 DEBUG 2616 --- [tea-attendance-api] [nio-8080-exec-5] m.m.a.RequestResponseBodyMethodProcessor : Writing [[]]
2026-09-13T23:09:03.317+07:00 DEBUG 2616 --- [tea-attendance-api] [nio-8080-exec-1] m.m.a.RequestResponseBodyMethodProcessor : Writing [[DrinkCatalogResponse[id=5, name=Bac xiu, price=22000, icon=?, active=true], DrinkCatalogResponse[i (truncated)...]
2026-09-13T23:09:03.318+07:00 DEBUG 2616 --- [tea-attendance-api] [nio-8080-exec-5] o.s.web.servlet.DispatcherServlet        : Completed 200 OK
2026-09-13T23:09:03.318+07:00 DEBUG 2616 --- [tea-attendance-api] [nio-8080-exec-1] o.s.web.servlet.DispatcherServlet        : Completed 200 OK
2026-09-13T23:09:03.317+07:00 DEBUG 2616 --- [tea-attendance-api] [nio-8080-exec-3] m.m.a.RequestResponseBodyMethodProcessor : Writing [[MemberResponse[id=4, displayName=H??ng, email=huong@example.test, bankName=Techcombank, bankBin=970 (truncated)...]
2026-09-13T23:09:03.319+07:00 DEBUG 2616 --- [tea-attendance-api] [nio-8080-exec-3] o.s.web.servlet.DispatcherServlet        : Completed 200 OK
2026-09-13T23:09:03.324+07:00 DEBUG 2616 --- [tea-attendance-api] [io-8080-exec-10] m.m.a.RequestResponseBodyMethodProcessor : Using 'application/json', given [*/*] and supported [application/json, application/*+json]
2026-09-13T23:09:03.324+07:00 DEBUG 2616 --- [tea-attendance-api] [io-8080-exec-10] m.m.a.RequestResponseBodyMethodProcessor : Writing [[ChatMessageResponse[id=2, sender=MemberBriefResponse[id=1, displayName=Minh Anh], content=alo, atta (truncated)...]
2026-09-13T23:09:03.325+07:00 DEBUG 2616 --- [tea-attendance-api] [io-8080-exec-10] o.s.web.servlet.DispatcherServlet        : Completed 200 OK
2026-09-13T23:09:03.326+07:00 DEBUG 2616 --- [tea-attendance-api] [nio-8080-exec-2] m.m.a.RequestResponseBodyMethodProcessor : Using 'application/json', given [*/*] and supported [application/json, application/*+json]
2026-09-13T23:09:03.326+07:00 DEBUG 2616 --- [tea-attendance-api] [nio-8080-exec-2] m.m.a.RequestResponseBodyMethodProcessor : Writing [[ExpenseResponse[id=1, orderDate=2026-09-12, payer=MemberBriefResponse[id=2, displayName=Linh Chi],  (truncated)...]
2026-09-13T23:09:03.326+07:00 DEBUG 2616 --- [tea-attendance-api] [nio-8080-exec-2] o.s.web.servlet.DispatcherServlet        : Completed 200 OK
2026-09-13T23:09:18.303+07:00 DEBUG 2616 --- [tea-attendance-api] [nio-8080-exec-6] o.s.web.servlet.DispatcherServlet        : GET "/api/members", parameters={}
2026-09-13T23:09:18.303+07:00 DEBUG 2616 --- [tea-attendance-api] [nio-8080-exec-4] o.s.web.servlet.DispatcherServlet        : GET "/api/drinks", parameters={}
2026-09-13T23:09:18.303+07:00 DEBUG 2616 --- [tea-attendance-api] [nio-8080-exec-6] s.w.s.m.m.a.RequestMappingHandlerMapping : Mapped to com.trasua.api.MemberController#list(boolean)
2026-09-13T23:09:18.304+07:00 DEBUG 2616 --- [tea-attendance-api] [nio-8080-exec-9] o.s.web.servlet.DispatcherServlet        : GET "/api/expenses/range?from=2026-09-07&to=2026-09-13", parameters={masked}
2026-09-13T23:09:18.304+07:00 DEBUG 2616 --- [tea-attendance-api] [nio-8080-exec-9] s.w.s.m.m.a.RequestMappingHandlerMapping : Mapped to com.trasua.api.ExpenseController#range(LocalDate, LocalDate)
2026-09-13T23:09:18.305+07:00 DEBUG 2616 --- [tea-attendance-api] [nio-8080-exec-4] s.w.s.m.m.a.RequestMappingHandlerMapping : Mapped to com.trasua.api.DrinkCatalogController#list(boolean)
2026-09-13T23:09:18.308+07:00 DEBUG 2616 --- [tea-attendance-api] [nio-8080-exec-7] o.s.web.servlet.DispatcherServlet        : GET "/api/chat/messages", parameters={}
2026-09-13T23:09:18.308+07:00 DEBUG 2616 --- [tea-attendance-api] [nio-8080-exec-8] o.s.web.servlet.DispatcherServlet        : GET "/api/notifications?memberId=1", parameters={masked}
2026-09-13T23:09:18.308+07:00 DEBUG 2616 --- [tea-attendance-api] [nio-8080-exec-8] s.w.s.m.m.a.RequestMappingHandlerMapping : Mapped to com.trasua.api.NotificationController#list(Long)
2026-09-13T23:09:18.309+07:00 DEBUG 2616 --- [tea-attendance-api] [nio-8080-exec-7] s.w.s.m.m.a.RequestMappingHandlerMapping : Mapped to com.trasua.api.ChatController#list(Instant, int)
2026-09-13T23:09:18.316+07:00 DEBUG 2616 --- [tea-attendance-api] [nio-8080-exec-8] org.hibernate.SQL                        : 
    select
        n1_0.id,
        n1_0.body,
        n1_0.created_at,
        n1_0.read_at,
        n1_0.recipient_member_id,
        r1_0.id,
        r1_0.account_name,
        r1_0.account_number,
        r1_0.active,
        r1_0.bank_bin,
        r1_0.bank_name,
        r1_0.created_at,
        r1_0.display_name,
        r1_0.email,
        r1_0.password_hash,
        r1_0.qr_code_url,
        r1_0.reset_code_expires_at,
        r1_0.reset_code_hash,
        r1_0.role,
        r1_0.updated_at,
        n1_0.settlement_id,
        n1_0.title,
        n1_0.transfer_id,
        n1_0.type 
    from
        notifications n1_0 
    join
        members r1_0 
            on r1_0.id=n1_0.recipient_member_id 
    where
        r1_0.id=? 
    order by
        n1_0.created_at desc
2026-09-13T23:09:18.316+07:00 DEBUG 2616 --- [tea-attendance-api] [nio-8080-exec-9] org.hibernate.SQL                        : 
    select
        distinct do1_0.id,
        do1_0.created_at,
        i1_0.order_id,
        i1_0.id,
        i1_0.consumer_member_id,
        c1_0.id,
        c1_0.account_name,
        c1_0.account_number,
        c1_0.active,
        c1_0.bank_bin,
        c1_0.bank_name,
        c1_0.created_at,
        c1_0.display_name,
        c1_0.email,
        c1_0.password_hash,
        c1_0.qr_code_url,
        c1_0.reset_code_expires_at,
        c1_0.reset_code_hash,
        c1_0.role,
        c1_0.updated_at,
        i1_0.drink_name,
        i1_0.line_total,
        i1_0.quantity,
        i1_0.unit_price,
        do1_0.note,
        do1_0.order_date,
        do1_0.payer_member_id,
        p1_0.id,
        p1_0.account_name,
        p1_0.account_number,
        p1_0.active,
        p1_0.bank_bin,
        p1_0.bank_name,
        p1_0.created_at,
        p1_0.display_name,
        p1_0.email,
        p1_0.password_hash,
        p1_0.qr_code_url,
        p1_0.reset_code_expires_at,
        p1_0.reset_code_hash,
        p1_0.role,
        p1_0.updated_at,
        do1_0.total_amount,
        do1_0.updated_at 
    from
        drink_orders do1_0 
    join
        members p1_0 
            on p1_0.id=do1_0.payer_member_id 
    left join
        order_items i1_0 
            on do1_0.id=i1_0.order_id 
    left join
        members c1_0 
            on c1_0.id=i1_0.consumer_member_id 
    where
        do1_0.order_date between ? and ? 
    order by
        do1_0.order_date,
        do1_0.id
2026-09-13T23:09:18.317+07:00 DEBUG 2616 --- [tea-attendance-api] [nio-8080-exec-4] org.hibernate.SQL                        : 
    select
        dci1_0.id,
        dci1_0.active,
        dci1_0.created_at,
        dci1_0.icon,
        dci1_0.name,
        dci1_0.price,
        dci1_0.updated_at 
    from
        drink_catalog dci1_0 
    where
        dci1_0.active 
    order by
        dci1_0.name
2026-09-13T23:09:18.317+07:00 DEBUG 2616 --- [tea-attendance-api] [nio-8080-exec-6] org.hibernate.SQL                        : 
    select
        m1_0.id,
        m1_0.account_name,
        m1_0.account_number,
        m1_0.active,
        m1_0.bank_bin,
        m1_0.bank_name,
        m1_0.created_at,
        m1_0.display_name,
        m1_0.email,
        m1_0.password_hash,
        m1_0.qr_code_url,
        m1_0.reset_code_expires_at,
        m1_0.reset_code_hash,
        m1_0.role,
        m1_0.updated_at 
    from
        members m1_0 
    where
        m1_0.active 
    order by
        m1_0.display_name
2026-09-13T23:09:18.319+07:00 DEBUG 2616 --- [tea-attendance-api] [nio-8080-exec-7] org.hibernate.SQL                        : 
    select
        cm1_0.id,
        cm1_0.content,
        cm1_0.created_at,
        cm1_0.sender_member_id,
        s1_0.id,
        s1_0.account_name,
        s1_0.account_number,
        s1_0.active,
        s1_0.bank_bin,
        s1_0.bank_name,
        s1_0.created_at,
        s1_0.display_name,
        s1_0.email,
        s1_0.password_hash,
        s1_0.qr_code_url,
        s1_0.reset_code_expires_at,
        s1_0.reset_code_hash,
        s1_0.role,
        s1_0.updated_at 
    from
        chat_messages cm1_0 
    join
        members s1_0 
            on s1_0.id=cm1_0.sender_member_id 
    order by
        cm1_0.created_at desc 
    limit
        ?
2026-09-13T23:09:18.326+07:00 DEBUG 2616 --- [tea-attendance-api] [nio-8080-exec-7] org.hibernate.SQL                        : 
    select
        a1_0.message_id,
        a1_0.id,
        a1_0.byte_size,
        a1_0.content_type,
        a1_0.created_at,
        a1_0.original_filename,
        a1_0.storage_key 
    from
        chat_attachments a1_0 
    where
        a1_0.message_id=? 
    order by
        a1_0.id
2026-09-13T23:09:18.333+07:00 DEBUG 2616 --- [tea-attendance-api] [nio-8080-exec-8] m.m.a.RequestResponseBodyMethodProcessor : Using 'application/json', given [*/*] and supported [application/json, application/*+json]
2026-09-13T23:09:18.333+07:00 DEBUG 2616 --- [tea-attendance-api] [nio-8080-exec-6] m.m.a.RequestResponseBodyMethodProcessor : Using 'application/json', given [*/*] and supported [application/json, application/*+json]
2026-09-13T23:09:18.333+07:00 DEBUG 2616 --- [tea-attendance-api] [nio-8080-exec-8] m.m.a.RequestResponseBodyMethodProcessor : Writing [[]]
2026-09-13T23:09:18.333+07:00 DEBUG 2616 --- [tea-attendance-api] [nio-8080-exec-4] m.m.a.RequestResponseBodyMethodProcessor : Using 'application/json', given [*/*] and supported [application/json, application/*+json]
2026-09-13T23:09:18.333+07:00 DEBUG 2616 --- [tea-attendance-api] [nio-8080-exec-4] m.m.a.RequestResponseBodyMethodProcessor : Writing [[DrinkCatalogResponse[id=5, name=Bac xiu, price=22000, icon=?, active=true], DrinkCatalogResponse[i (truncated)...]
2026-09-13T23:09:18.333+07:00 DEBUG 2616 --- [tea-attendance-api] [nio-8080-exec-6] m.m.a.RequestResponseBodyMethodProcessor : Writing [[MemberResponse[id=4, displayName=H??ng, email=huong@example.test, bankName=Techcombank, bankBin=970 (truncated)...]
2026-09-13T23:09:18.333+07:00 DEBUG 2616 --- [tea-attendance-api] [nio-8080-exec-7] org.hibernate.SQL                        : 
    select
        a1_0.message_id,
        a1_0.id,
        a1_0.byte_size,
        a1_0.content_type,
        a1_0.created_at,
        a1_0.original_filename,
        a1_0.storage_key 
    from
        chat_attachments a1_0 
    where
        a1_0.message_id=? 
    order by
        a1_0.id
2026-09-13T23:09:18.333+07:00 DEBUG 2616 --- [tea-attendance-api] [nio-8080-exec-8] o.s.web.servlet.DispatcherServlet        : Completed 200 OK
2026-09-13T23:09:18.334+07:00 DEBUG 2616 --- [tea-attendance-api] [nio-8080-exec-6] o.s.web.servlet.DispatcherServlet        : Completed 200 OK
2026-09-13T23:09:18.334+07:00 DEBUG 2616 --- [tea-attendance-api] [nio-8080-exec-4] o.s.web.servlet.DispatcherServlet        : Completed 200 OK
2026-09-13T23:09:18.342+07:00 DEBUG 2616 --- [tea-attendance-api] [nio-8080-exec-9] m.m.a.RequestResponseBodyMethodProcessor : Using 'application/json', given [*/*] and supported [application/json, application/*+json]
2026-09-13T23:09:18.342+07:00 DEBUG 2616 --- [tea-attendance-api] [nio-8080-exec-9] m.m.a.RequestResponseBodyMethodProcessor : Writing [[ExpenseResponse[id=1, orderDate=2026-09-12, payer=MemberBriefResponse[id=2, displayName=Linh Chi],  (truncated)...]
2026-09-13T23:09:18.343+07:00 DEBUG 2616 --- [tea-attendance-api] [nio-8080-exec-9] o.s.web.servlet.DispatcherServlet        : Completed 200 OK
2026-09-13T23:09:18.347+07:00 DEBUG 2616 --- [tea-attendance-api] [nio-8080-exec-7] m.m.a.RequestResponseBodyMethodProcessor : Using 'application/json', given [*/*] and supported [application/json, application/*+json]
2026-09-13T23:09:18.348+07:00 DEBUG 2616 --- [tea-attendance-api] [nio-8080-exec-7] m.m.a.RequestResponseBodyMethodProcessor : Writing [[ChatMessageResponse[id=2, sender=MemberBriefResponse[id=1, displayName=Minh Anh], content=alo, atta (truncated)...]
2026-09-13T23:09:18.348+07:00 DEBUG 2616 --- [tea-attendance-api] [nio-8080-exec-7] o.s.web.servlet.DispatcherServlet        : Completed 200 OK
2026-09-13T23:09:33.298+07:00 DEBUG 2616 --- [tea-attendance-api] [nio-8080-exec-5] o.s.web.servlet.DispatcherServlet        : GET "/api/members", parameters={}
2026-09-13T23:09:33.299+07:00 DEBUG 2616 --- [tea-attendance-api] [nio-8080-exec-5] s.w.s.m.m.a.RequestMappingHandlerMapping : Mapped to com.trasua.api.MemberController#list(boolean)
2026-09-13T23:09:33.299+07:00 DEBUG 2616 --- [tea-attendance-api] [nio-8080-exec-1] o.s.web.servlet.DispatcherServlet        : GET "/api/drinks", parameters={}
2026-09-13T23:09:33.299+07:00 DEBUG 2616 --- [tea-attendance-api] [nio-8080-exec-1] s.w.s.m.m.a.RequestMappingHandlerMapping : Mapped to com.trasua.api.DrinkCatalogController#list(boolean)
2026-09-13T23:09:33.302+07:00 DEBUG 2616 --- [tea-attendance-api] [io-8080-exec-10] o.s.web.servlet.DispatcherServlet        : GET "/api/chat/messages", parameters={}
2026-09-13T23:09:33.302+07:00 DEBUG 2616 --- [tea-attendance-api] [nio-8080-exec-3] o.s.web.servlet.DispatcherServlet        : GET "/api/expenses/range?from=2026-09-07&to=2026-09-13", parameters={masked}
2026-09-13T23:09:33.302+07:00 DEBUG 2616 --- [tea-attendance-api] [nio-8080-exec-3] s.w.s.m.m.a.RequestMappingHandlerMapping : Mapped to com.trasua.api.ExpenseController#range(LocalDate, LocalDate)
2026-09-13T23:09:33.302+07:00 DEBUG 2616 --- [tea-attendance-api] [io-8080-exec-10] s.w.s.m.m.a.RequestMappingHandlerMapping : Mapped to com.trasua.api.ChatController#list(Instant, int)
2026-09-13T23:09:33.304+07:00 DEBUG 2616 --- [tea-attendance-api] [nio-8080-exec-2] o.s.web.servlet.DispatcherServlet        : GET "/api/notifications?memberId=1", parameters={masked}
2026-09-13T23:09:33.304+07:00 DEBUG 2616 --- [tea-attendance-api] [nio-8080-exec-2] s.w.s.m.m.a.RequestMappingHandlerMapping : Mapped to com.trasua.api.NotificationController#list(Long)
2026-09-13T23:09:33.309+07:00 DEBUG 2616 --- [tea-attendance-api] [nio-8080-exec-1] org.hibernate.SQL                        : 
    select
        dci1_0.id,
        dci1_0.active,
        dci1_0.created_at,
        dci1_0.icon,
        dci1_0.name,
        dci1_0.price,
        dci1_0.updated_at 
    from
        drink_catalog dci1_0 
    where
        dci1_0.active 
    order by
        dci1_0.name
2026-09-13T23:09:33.310+07:00 DEBUG 2616 --- [tea-attendance-api] [nio-8080-exec-5] org.hibernate.SQL                        : 
    select
        m1_0.id,
        m1_0.account_name,
        m1_0.account_number,
        m1_0.active,
        m1_0.bank_bin,
        m1_0.bank_name,
        m1_0.created_at,
        m1_0.display_name,
        m1_0.email,
        m1_0.password_hash,
        m1_0.qr_code_url,
        m1_0.reset_code_expires_at,
        m1_0.reset_code_hash,
        m1_0.role,
        m1_0.updated_at 
    from
        members m1_0 
    where
        m1_0.active 
    order by
        m1_0.display_name
2026-09-13T23:09:33.312+07:00 DEBUG 2616 --- [tea-attendance-api] [io-8080-exec-10] org.hibernate.SQL                        : 
    select
        cm1_0.id,
        cm1_0.content,
        cm1_0.created_at,
        cm1_0.sender_member_id,
        s1_0.id,
        s1_0.account_name,
        s1_0.account_number,
        s1_0.active,
        s1_0.bank_bin,
        s1_0.bank_name,
        s1_0.created_at,
        s1_0.display_name,
        s1_0.email,
        s1_0.password_hash,
        s1_0.qr_code_url,
        s1_0.reset_code_expires_at,
        s1_0.reset_code_hash,
        s1_0.role,
        s1_0.updated_at 
    from
        chat_messages cm1_0 
    join
        members s1_0 
            on s1_0.id=cm1_0.sender_member_id 
    order by
        cm1_0.created_at desc 
    limit
        ?
2026-09-13T23:09:33.313+07:00 DEBUG 2616 --- [tea-attendance-api] [nio-8080-exec-3] org.hibernate.SQL                        : 
    select
        distinct do1_0.id,
        do1_0.created_at,
        i1_0.order_id,
        i1_0.id,
        i1_0.consumer_member_id,
        c1_0.id,
        c1_0.account_name,
        c1_0.account_number,
        c1_0.active,
        c1_0.bank_bin,
        c1_0.bank_name,
        c1_0.created_at,
        c1_0.display_name,
        c1_0.email,
        c1_0.password_hash,
        c1_0.qr_code_url,
        c1_0.reset_code_expires_at,
        c1_0.reset_code_hash,
        c1_0.role,
        c1_0.updated_at,
        i1_0.drink_name,
        i1_0.line_total,
        i1_0.quantity,
        i1_0.unit_price,
        do1_0.note,
        do1_0.order_date,
        do1_0.payer_member_id,
        p1_0.id,
        p1_0.account_name,
        p1_0.account_number,
        p1_0.active,
        p1_0.bank_bin,
        p1_0.bank_name,
        p1_0.created_at,
        p1_0.display_name,
        p1_0.email,
        p1_0.password_hash,
        p1_0.qr_code_url,
        p1_0.reset_code_expires_at,
        p1_0.reset_code_hash,
        p1_0.role,
        p1_0.updated_at,
        do1_0.total_amount,
        do1_0.updated_at 
    from
        drink_orders do1_0 
    join
        members p1_0 
            on p1_0.id=do1_0.payer_member_id 
    left join
        order_items i1_0 
            on do1_0.id=i1_0.order_id 
    left join
        members c1_0 
            on c1_0.id=i1_0.consumer_member_id 
    where
        do1_0.order_date between ? and ? 
    order by
        do1_0.order_date,
        do1_0.id
2026-09-13T23:09:33.316+07:00 DEBUG 2616 --- [tea-attendance-api] [nio-8080-exec-2] org.hibernate.SQL                        : 
    select
        n1_0.id,
        n1_0.body,
        n1_0.created_at,
        n1_0.read_at,
        n1_0.recipient_member_id,
        r1_0.id,
        r1_0.account_name,
        r1_0.account_number,
        r1_0.active,
        r1_0.bank_bin,
        r1_0.bank_name,
        r1_0.created_at,
        r1_0.display_name,
        r1_0.email,
        r1_0.password_hash,
        r1_0.qr_code_url,
        r1_0.reset_code_expires_at,
        r1_0.reset_code_hash,
        r1_0.role,
        r1_0.updated_at,
        n1_0.settlement_id,
        n1_0.title,
        n1_0.transfer_id,
        n1_0.type 
    from
        notifications n1_0 
    join
        members r1_0 
            on r1_0.id=n1_0.recipient_member_id 
    where
        r1_0.id=? 
    order by
        n1_0.created_at desc
2026-09-13T23:09:33.317+07:00 DEBUG 2616 --- [tea-attendance-api] [io-8080-exec-10] org.hibernate.SQL                        : 
    select
        a1_0.message_id,
        a1_0.id,
        a1_0.byte_size,
        a1_0.content_type,
        a1_0.created_at,
        a1_0.original_filename,
        a1_0.storage_key 
    from
        chat_attachments a1_0 
    where
        a1_0.message_id=? 
    order by
        a1_0.id
2026-09-13T23:09:33.321+07:00 DEBUG 2616 --- [tea-attendance-api] [io-8080-exec-10] org.hibernate.SQL                        : 
    select
        a1_0.message_id,
        a1_0.id,
        a1_0.byte_size,
        a1_0.content_type,
        a1_0.created_at,
        a1_0.original_filename,
        a1_0.storage_key 
    from
        chat_attachments a1_0 
    where
        a1_0.message_id=? 
    order by
        a1_0.id
2026-09-13T23:09:33.321+07:00 DEBUG 2616 --- [tea-attendance-api] [nio-8080-exec-1] m.m.a.RequestResponseBodyMethodProcessor : Using 'application/json', given [*/*] and supported [application/json, application/*+json]
2026-09-13T23:09:33.321+07:00 DEBUG 2616 --- [tea-attendance-api] [nio-8080-exec-1] m.m.a.RequestResponseBodyMethodProcessor : Writing [[DrinkCatalogResponse[id=5, name=Bac xiu, price=22000, icon=?, active=true], DrinkCatalogResponse[i (truncated)...]
2026-09-13T23:09:33.322+07:00 DEBUG 2616 --- [tea-attendance-api] [nio-8080-exec-1] o.s.web.servlet.DispatcherServlet        : Completed 200 OK
2026-09-13T23:09:33.323+07:00 DEBUG 2616 --- [tea-attendance-api] [nio-8080-exec-5] m.m.a.RequestResponseBodyMethodProcessor : Using 'application/json', given [*/*] and supported [application/json, application/*+json]
2026-09-13T23:09:33.324+07:00 DEBUG 2616 --- [tea-attendance-api] [nio-8080-exec-5] m.m.a.RequestResponseBodyMethodProcessor : Writing [[MemberResponse[id=4, displayName=H??ng, email=huong@example.test, bankName=Techcombank, bankBin=970 (truncated)...]
2026-09-13T23:09:33.325+07:00 DEBUG 2616 --- [tea-attendance-api] [nio-8080-exec-5] o.s.web.servlet.DispatcherServlet        : Completed 200 OK
2026-09-13T23:09:33.329+07:00 DEBUG 2616 --- [tea-attendance-api] [nio-8080-exec-2] m.m.a.RequestResponseBodyMethodProcessor : Using 'application/json', given [*/*] and supported [application/json, application/*+json]
2026-09-13T23:09:33.329+07:00 DEBUG 2616 --- [tea-attendance-api] [nio-8080-exec-2] m.m.a.RequestResponseBodyMethodProcessor : Writing [[]]
2026-09-13T23:09:33.330+07:00 DEBUG 2616 --- [tea-attendance-api] [nio-8080-exec-2] o.s.web.servlet.DispatcherServlet        : Completed 200 OK
2026-09-13T23:09:33.331+07:00 DEBUG 2616 --- [tea-attendance-api] [nio-8080-exec-3] m.m.a.RequestResponseBodyMethodProcessor : Using 'application/json', given [*/*] and supported [application/json, application/*+json]
2026-09-13T23:09:33.331+07:00 DEBUG 2616 --- [tea-attendance-api] [io-8080-exec-10] m.m.a.RequestResponseBodyMethodProcessor : Using 'application/json', given [*/*] and supported [application/json, application/*+json]
2026-09-13T23:09:33.331+07:00 DEBUG 2616 --- [tea-attendance-api] [io-8080-exec-10] m.m.a.RequestResponseBodyMethodProcessor : Writing [[ChatMessageResponse[id=2, sender=MemberBriefResponse[id=1, displayName=Minh Anh], content=alo, atta (truncated)...]
2026-09-13T23:09:33.331+07:00 DEBUG 2616 --- [tea-attendance-api] [nio-8080-exec-3] m.m.a.RequestResponseBodyMethodProcessor : Writing [[ExpenseResponse[id=1, orderDate=2026-09-12, payer=MemberBriefResponse[id=2, displayName=Linh Chi],  (truncated)...]
2026-09-13T23:09:33.332+07:00 DEBUG 2616 --- [tea-attendance-api] [io-8080-exec-10] o.s.web.servlet.DispatcherServlet        : Completed 200 OK
2026-09-13T23:09:33.332+07:00 DEBUG 2616 --- [tea-attendance-api] [nio-8080-exec-3] o.s.web.servlet.DispatcherServlet        : Completed 200 OK
2026-09-13T23:09:48.309+07:00 DEBUG 2616 --- [tea-attendance-api] [nio-8080-exec-6] o.s.web.servlet.DispatcherServlet        : GET "/api/members", parameters={}
2026-09-13T23:09:48.311+07:00 DEBUG 2616 --- [tea-attendance-api] [nio-8080-exec-8] o.s.web.servlet.DispatcherServlet        : GET "/api/drinks", parameters={}
2026-09-13T23:09:48.311+07:00 DEBUG 2616 --- [tea-attendance-api] [nio-8080-exec-8] s.w.s.m.m.a.RequestMappingHandlerMapping : Mapped to com.trasua.api.DrinkCatalogController#list(boolean)
2026-09-13T23:09:48.312+07:00 DEBUG 2616 --- [tea-attendance-api] [nio-8080-exec-6] s.w.s.m.m.a.RequestMappingHandlerMapping : Mapped to com.trasua.api.MemberController#list(boolean)
2026-09-13T23:09:48.317+07:00 DEBUG 2616 --- [tea-attendance-api] [nio-8080-exec-4] o.s.web.servlet.DispatcherServlet        : GET "/api/expenses/range?from=2026-09-07&to=2026-09-13", parameters={masked}
2026-09-13T23:09:48.317+07:00 DEBUG 2616 --- [tea-attendance-api] [nio-8080-exec-4] s.w.s.m.m.a.RequestMappingHandlerMapping : Mapped to com.trasua.api.ExpenseController#range(LocalDate, LocalDate)
2026-09-13T23:09:48.321+07:00 DEBUG 2616 --- [tea-attendance-api] [nio-8080-exec-9] o.s.web.servlet.DispatcherServlet        : GET "/api/chat/messages", parameters={}
2026-09-13T23:09:48.321+07:00 DEBUG 2616 --- [tea-attendance-api] [nio-8080-exec-9] s.w.s.m.m.a.RequestMappingHandlerMapping : Mapped to com.trasua.api.ChatController#list(Instant, int)
2026-09-13T23:09:48.323+07:00 DEBUG 2616 --- [tea-attendance-api] [nio-8080-exec-7] o.s.web.servlet.DispatcherServlet        : GET "/api/notifications?memberId=1", parameters={masked}
2026-09-13T23:09:48.323+07:00 DEBUG 2616 --- [tea-attendance-api] [nio-8080-exec-7] s.w.s.m.m.a.RequestMappingHandlerMapping : Mapped to com.trasua.api.NotificationController#list(Long)
2026-09-13T23:09:48.324+07:00 DEBUG 2616 --- [tea-attendance-api] [nio-8080-exec-8] org.hibernate.SQL                        : 
    select
        dci1_0.id,
        dci1_0.active,
        dci1_0.created_at,
        dci1_0.icon,
        dci1_0.name,
        dci1_0.price,
        dci1_0.updated_at 
    from
        drink_catalog dci1_0 
    where
        dci1_0.active 
    order by
        dci1_0.name
2026-09-13T23:09:48.324+07:00 DEBUG 2616 --- [tea-attendance-api] [nio-8080-exec-6] org.hibernate.SQL                        : 
    select
        m1_0.id,
        m1_0.account_name,
        m1_0.account_number,
        m1_0.active,
        m1_0.bank_bin,
        m1_0.bank_name,
        m1_0.created_at,
        m1_0.display_name,
        m1_0.email,
        m1_0.password_hash,
        m1_0.qr_code_url,
        m1_0.reset_code_expires_at,
        m1_0.reset_code_hash,
        m1_0.role,
        m1_0.updated_at 
    from
        members m1_0 
    where
        m1_0.active 
    order by
        m1_0.display_name
2026-09-13T23:09:48.328+07:00 DEBUG 2616 --- [tea-attendance-api] [nio-8080-exec-4] org.hibernate.SQL                        : 
    select
        distinct do1_0.id,
        do1_0.created_at,
        i1_0.order_id,
        i1_0.id,
        i1_0.consumer_member_id,
        c1_0.id,
        c1_0.account_name,
        c1_0.account_number,
        c1_0.active,
        c1_0.bank_bin,
        c1_0.bank_name,
        c1_0.created_at,
        c1_0.display_name,
        c1_0.email,
        c1_0.password_hash,
        c1_0.qr_code_url,
        c1_0.reset_code_expires_at,
        c1_0.reset_code_hash,
        c1_0.role,
        c1_0.updated_at,
        i1_0.drink_name,
        i1_0.line_total,
        i1_0.quantity,
        i1_0.unit_price,
        do1_0.note,
        do1_0.order_date,
        do1_0.payer_member_id,
        p1_0.id,
        p1_0.account_name,
        p1_0.account_number,
        p1_0.active,
        p1_0.bank_bin,
        p1_0.bank_name,
        p1_0.created_at,
        p1_0.display_name,
        p1_0.email,
        p1_0.password_hash,
        p1_0.qr_code_url,
        p1_0.reset_code_expires_at,
        p1_0.reset_code_hash,
        p1_0.role,
        p1_0.updated_at,
        do1_0.total_amount,
        do1_0.updated_at 
    from
        drink_orders do1_0 
    join
        members p1_0 
            on p1_0.id=do1_0.payer_member_id 
    left join
        order_items i1_0 
            on do1_0.id=i1_0.order_id 
    left join
        members c1_0 
            on c1_0.id=i1_0.consumer_member_id 
    where
        do1_0.order_date between ? and ? 
    order by
        do1_0.order_date,
        do1_0.id
2026-09-13T23:09:48.330+07:00 DEBUG 2616 --- [tea-attendance-api] [nio-8080-exec-9] org.hibernate.SQL                        : 
    select
        cm1_0.id,
        cm1_0.content,
        cm1_0.created_at,
        cm1_0.sender_member_id,
        s1_0.id,
        s1_0.account_name,
        s1_0.account_number,
        s1_0.active,
        s1_0.bank_bin,
        s1_0.bank_name,
        s1_0.created_at,
        s1_0.display_name,
        s1_0.email,
        s1_0.password_hash,
        s1_0.qr_code_url,
        s1_0.reset_code_expires_at,
        s1_0.reset_code_hash,
        s1_0.role,
        s1_0.updated_at 
    from
        chat_messages cm1_0 
    join
        members s1_0 
            on s1_0.id=cm1_0.sender_member_id 
    order by
        cm1_0.created_at desc 
    limit
        ?
2026-09-13T23:09:48.331+07:00 DEBUG 2616 --- [tea-attendance-api] [nio-8080-exec-7] org.hibernate.SQL                        : 
    select
        n1_0.id,
        n1_0.body,
        n1_0.created_at,
        n1_0.read_at,
        n1_0.recipient_member_id,
        r1_0.id,
        r1_0.account_name,
        r1_0.account_number,
        r1_0.active,
        r1_0.bank_bin,
        r1_0.bank_name,
        r1_0.created_at,
        r1_0.display_name,
        r1_0.email,
        r1_0.password_hash,
        r1_0.qr_code_url,
        r1_0.reset_code_expires_at,
        r1_0.reset_code_hash,
        r1_0.role,
        r1_0.updated_at,
        n1_0.settlement_id,
        n1_0.title,
        n1_0.transfer_id,
        n1_0.type 
    from
        notifications n1_0 
    join
        members r1_0 
            on r1_0.id=n1_0.recipient_member_id 
    where
        r1_0.id=? 
    order by
        n1_0.created_at desc
2026-09-13T23:09:48.335+07:00 DEBUG 2616 --- [tea-attendance-api] [nio-8080-exec-9] org.hibernate.SQL                        : 
    select
        a1_0.message_id,
        a1_0.id,
        a1_0.byte_size,
        a1_0.content_type,
        a1_0.created_at,
        a1_0.original_filename,
        a1_0.storage_key 
    from
        chat_attachments a1_0 
    where
        a1_0.message_id=? 
    order by
        a1_0.id
2026-09-13T23:09:48.335+07:00 DEBUG 2616 --- [tea-attendance-api] [nio-8080-exec-6] m.m.a.RequestResponseBodyMethodProcessor : Using 'application/json', given [*/*] and supported [application/json, application/*+json]
2026-09-13T23:09:48.335+07:00 DEBUG 2616 --- [tea-attendance-api] [nio-8080-exec-8] m.m.a.RequestResponseBodyMethodProcessor : Using 'application/json', given [*/*] and supported [application/json, application/*+json]
2026-09-13T23:09:48.336+07:00 DEBUG 2616 --- [tea-attendance-api] [nio-8080-exec-8] m.m.a.RequestResponseBodyMethodProcessor : Writing [[DrinkCatalogResponse[id=5, name=Bac xiu, price=22000, icon=?, active=true], DrinkCatalogResponse[i (truncated)...]
2026-09-13T23:09:48.336+07:00 DEBUG 2616 --- [tea-attendance-api] [nio-8080-exec-6] m.m.a.RequestResponseBodyMethodProcessor : Writing [[MemberResponse[id=4, displayName=H??ng, email=huong@example.test, bankName=Techcombank, bankBin=970 (truncated)...]
2026-09-13T23:09:48.336+07:00 DEBUG 2616 --- [tea-attendance-api] [nio-8080-exec-6] o.s.web.servlet.DispatcherServlet        : Completed 200 OK
2026-09-13T23:09:48.336+07:00 DEBUG 2616 --- [tea-attendance-api] [nio-8080-exec-8] o.s.web.servlet.DispatcherServlet        : Completed 200 OK
2026-09-13T23:09:48.340+07:00 DEBUG 2616 --- [tea-attendance-api] [nio-8080-exec-9] org.hibernate.SQL                        : 
    select
        a1_0.message_id,
        a1_0.id,
        a1_0.byte_size,
        a1_0.content_type,
        a1_0.created_at,
        a1_0.original_filename,
        a1_0.storage_key 
    from
        chat_attachments a1_0 
    where
        a1_0.message_id=? 
    order by
        a1_0.id
2026-09-13T23:09:48.343+07:00 DEBUG 2616 --- [tea-attendance-api] [nio-8080-exec-4] m.m.a.RequestResponseBodyMethodProcessor : Using 'application/json', given [*/*] and supported [application/json, application/*+json]
2026-09-13T23:09:48.343+07:00 DEBUG 2616 --- [tea-attendance-api] [nio-8080-exec-7] m.m.a.RequestResponseBodyMethodProcessor : Using 'application/json', given [*/*] and supported [application/json, application/*+json]
2026-09-13T23:09:48.343+07:00 DEBUG 2616 --- [tea-attendance-api] [nio-8080-exec-7] m.m.a.RequestResponseBodyMethodProcessor : Writing [[]]
2026-09-13T23:09:48.343+07:00 DEBUG 2616 --- [tea-attendance-api] [nio-8080-exec-4] m.m.a.RequestResponseBodyMethodProcessor : Writing [[ExpenseResponse[id=1, orderDate=2026-09-12, payer=MemberBriefResponse[id=2, displayName=Linh Chi],  (truncated)...]
2026-09-13T23:09:48.343+07:00 DEBUG 2616 --- [tea-attendance-api] [nio-8080-exec-7] o.s.web.servlet.DispatcherServlet        : Completed 200 OK
2026-09-13T23:09:48.344+07:00 DEBUG 2616 --- [tea-attendance-api] [nio-8080-exec-4] o.s.web.servlet.DispatcherServlet        : Completed 200 OK
2026-09-13T23:09:48.349+07:00 DEBUG 2616 --- [tea-attendance-api] [nio-8080-exec-9] m.m.a.RequestResponseBodyMethodProcessor : Using 'application/json', given [*/*] and supported [application/json, application/*+json]
2026-09-13T23:09:48.350+07:00 DEBUG 2616 --- [tea-attendance-api] [nio-8080-exec-9] m.m.a.RequestResponseBodyMethodProcessor : Writing [[ChatMessageResponse[id=2, sender=MemberBriefResponse[id=1, displayName=Minh Anh], content=alo, atta (truncated)...]
2026-09-13T23:09:48.350+07:00 DEBUG 2616 --- [tea-attendance-api] [nio-8080-exec-9] o.s.web.servlet.DispatcherServlet        : Completed 200 OK
2026-09-13T23:10:11.618+07:00 DEBUG 2616 --- [tea-attendance-api] [nio-8080-exec-1] o.s.web.servlet.DispatcherServlet        : GET "/api/members", parameters={}
2026-09-13T23:10:11.618+07:00 DEBUG 2616 --- [tea-attendance-api] [nio-8080-exec-1] s.w.s.m.m.a.RequestMappingHandlerMapping : Mapped to com.trasua.api.MemberController#list(boolean)
2026-09-13T23:10:11.641+07:00 DEBUG 2616 --- [tea-attendance-api] [nio-8080-exec-5] o.s.web.servlet.DispatcherServlet        : GET "/api/drinks", parameters={}
2026-09-13T23:10:11.641+07:00 DEBUG 2616 --- [tea-attendance-api] [nio-8080-exec-5] s.w.s.m.m.a.RequestMappingHandlerMapping : Mapped to com.trasua.api.DrinkCatalogController#list(boolean)
2026-09-13T23:10:11.642+07:00 DEBUG 2616 --- [tea-attendance-api] [nio-8080-exec-2] o.s.web.servlet.DispatcherServlet        : GET "/api/expenses/range?from=2026-09-07&to=2026-09-13", parameters={masked}
2026-09-13T23:10:11.643+07:00 DEBUG 2616 --- [tea-attendance-api] [nio-8080-exec-3] o.s.web.servlet.DispatcherServlet        : GET "/api/chat/messages", parameters={}
2026-09-13T23:10:11.643+07:00 DEBUG 2616 --- [tea-attendance-api] [nio-8080-exec-2] s.w.s.m.m.a.RequestMappingHandlerMapping : Mapped to com.trasua.api.ExpenseController#range(LocalDate, LocalDate)
2026-09-13T23:10:11.643+07:00 DEBUG 2616 --- [tea-attendance-api] [nio-8080-exec-3] s.w.s.m.m.a.RequestMappingHandlerMapping : Mapped to com.trasua.api.ChatController#list(Instant, int)
2026-09-13T23:10:11.648+07:00 DEBUG 2616 --- [tea-attendance-api] [io-8080-exec-10] o.s.web.servlet.DispatcherServlet        : GET "/api/notifications?memberId=1", parameters={masked}
2026-09-13T23:10:11.648+07:00 DEBUG 2616 --- [tea-attendance-api] [io-8080-exec-10] s.w.s.m.m.a.RequestMappingHandlerMapping : Mapped to com.trasua.api.NotificationController#list(Long)
2026-09-13T23:10:11.675+07:00 DEBUG 2616 --- [tea-attendance-api] [nio-8080-exec-3] org.hibernate.SQL                        : 
    select
        cm1_0.id,
        cm1_0.content,
        cm1_0.created_at,
        cm1_0.sender_member_id,
        s1_0.id,
        s1_0.account_name,
        s1_0.account_number,
        s1_0.active,
        s1_0.bank_bin,
        s1_0.bank_name,
        s1_0.created_at,
        s1_0.display_name,
        s1_0.email,
        s1_0.password_hash,
        s1_0.qr_code_url,
        s1_0.reset_code_expires_at,
        s1_0.reset_code_hash,
        s1_0.role,
        s1_0.updated_at 
    from
        chat_messages cm1_0 
    join
        members s1_0 
            on s1_0.id=cm1_0.sender_member_id 
    order by
        cm1_0.created_at desc 
    limit
        ?
2026-09-13T23:10:11.676+07:00 DEBUG 2616 --- [tea-attendance-api] [nio-8080-exec-2] org.hibernate.SQL                        : 
    select
        distinct do1_0.id,
        do1_0.created_at,
        i1_0.order_id,
        i1_0.id,
        i1_0.consumer_member_id,
        c1_0.id,
        c1_0.account_name,
        c1_0.account_number,
        c1_0.active,
        c1_0.bank_bin,
        c1_0.bank_name,
        c1_0.created_at,
        c1_0.display_name,
        c1_0.email,
        c1_0.password_hash,
        c1_0.qr_code_url,
        c1_0.reset_code_expires_at,
        c1_0.reset_code_hash,
        c1_0.role,
        c1_0.updated_at,
        i1_0.drink_name,
        i1_0.line_total,
        i1_0.quantity,
        i1_0.unit_price,
        do1_0.note,
        do1_0.order_date,
        do1_0.payer_member_id,
        p1_0.id,
        p1_0.account_name,
        p1_0.account_number,
        p1_0.active,
        p1_0.bank_bin,
        p1_0.bank_name,
        p1_0.created_at,
        p1_0.display_name,
        p1_0.email,
        p1_0.password_hash,
        p1_0.qr_code_url,
        p1_0.reset_code_expires_at,
        p1_0.reset_code_hash,
        p1_0.role,
        p1_0.updated_at,
        do1_0.total_amount,
        do1_0.updated_at 
    from
        drink_orders do1_0 
    join
        members p1_0 
            on p1_0.id=do1_0.payer_member_id 
    left join
        order_items i1_0 
            on do1_0.id=i1_0.order_id 
    left join
        members c1_0 
            on c1_0.id=i1_0.consumer_member_id 
    where
        do1_0.order_date between ? and ? 
    order by
        do1_0.order_date,
        do1_0.id
2026-09-13T23:10:11.676+07:00 DEBUG 2616 --- [tea-attendance-api] [nio-8080-exec-1] org.hibernate.SQL                        : 
    select
        m1_0.id,
        m1_0.account_name,
        m1_0.account_number,
        m1_0.active,
        m1_0.bank_bin,
        m1_0.bank_name,
        m1_0.created_at,
        m1_0.display_name,
        m1_0.email,
        m1_0.password_hash,
        m1_0.qr_code_url,
        m1_0.reset_code_expires_at,
        m1_0.reset_code_hash,
        m1_0.role,
        m1_0.updated_at 
    from
        members m1_0 
    where
        m1_0.active 
    order by
        m1_0.display_name
2026-09-13T23:10:11.677+07:00 DEBUG 2616 --- [tea-attendance-api] [io-8080-exec-10] org.hibernate.SQL                        : 
    select
        n1_0.id,
        n1_0.body,
        n1_0.created_at,
        n1_0.read_at,
        n1_0.recipient_member_id,
        r1_0.id,
        r1_0.account_name,
        r1_0.account_number,
        r1_0.active,
        r1_0.bank_bin,
        r1_0.bank_name,
        r1_0.created_at,
        r1_0.display_name,
        r1_0.email,
        r1_0.password_hash,
        r1_0.qr_code_url,
        r1_0.reset_code_expires_at,
        r1_0.reset_code_hash,
        r1_0.role,
        r1_0.updated_at,
        n1_0.settlement_id,
        n1_0.title,
        n1_0.transfer_id,
        n1_0.type 
    from
        notifications n1_0 
    join
        members r1_0 
            on r1_0.id=n1_0.recipient_member_id 
    where
        r1_0.id=? 
    order by
        n1_0.created_at desc
2026-09-13T23:10:11.678+07:00 DEBUG 2616 --- [tea-attendance-api] [nio-8080-exec-5] org.hibernate.SQL                        : 
    select
        dci1_0.id,
        dci1_0.active,
        dci1_0.created_at,
        dci1_0.icon,
        dci1_0.name,
        dci1_0.price,
        dci1_0.updated_at 
    from
        drink_catalog dci1_0 
    where
        dci1_0.active 
    order by
        dci1_0.name
2026-09-13T23:10:11.687+07:00 DEBUG 2616 --- [tea-attendance-api] [nio-8080-exec-3] org.hibernate.SQL                        : 
    select
        a1_0.message_id,
        a1_0.id,
        a1_0.byte_size,
        a1_0.content_type,
        a1_0.created_at,
        a1_0.original_filename,
        a1_0.storage_key 
    from
        chat_attachments a1_0 
    where
        a1_0.message_id=? 
    order by
        a1_0.id
2026-09-13T23:10:11.705+07:00 DEBUG 2616 --- [tea-attendance-api] [nio-8080-exec-3] org.hibernate.SQL                        : 
    select
        a1_0.message_id,
        a1_0.id,
        a1_0.byte_size,
        a1_0.content_type,
        a1_0.created_at,
        a1_0.original_filename,
        a1_0.storage_key 
    from
        chat_attachments a1_0 
    where
        a1_0.message_id=? 
    order by
        a1_0.id
2026-09-13T23:10:11.754+07:00 DEBUG 2616 --- [tea-attendance-api] [nio-8080-exec-1] m.m.a.RequestResponseBodyMethodProcessor : Using 'application/json', given [*/*] and supported [application/json, application/*+json]
2026-09-13T23:10:11.754+07:00 DEBUG 2616 --- [tea-attendance-api] [nio-8080-exec-5] m.m.a.RequestResponseBodyMethodProcessor : Using 'application/json', given [*/*] and supported [application/json, application/*+json]
2026-09-13T23:10:11.754+07:00 DEBUG 2616 --- [tea-attendance-api] [nio-8080-exec-2] m.m.a.RequestResponseBodyMethodProcessor : Using 'application/json', given [*/*] and supported [application/json, application/*+json]
2026-09-13T23:10:11.754+07:00 DEBUG 2616 --- [tea-attendance-api] [io-8080-exec-10] m.m.a.RequestResponseBodyMethodProcessor : Using 'application/json', given [*/*] and supported [application/json, application/*+json]
2026-09-13T23:10:11.755+07:00 DEBUG 2616 --- [tea-attendance-api] [io-8080-exec-10] m.m.a.RequestResponseBodyMethodProcessor : Writing [[]]
2026-09-13T23:10:11.755+07:00 DEBUG 2616 --- [tea-attendance-api] [nio-8080-exec-5] m.m.a.RequestResponseBodyMethodProcessor : Writing [[DrinkCatalogResponse[id=5, name=Bac xiu, price=22000, icon=?, active=true], DrinkCatalogResponse[i (truncated)...]
2026-09-13T23:10:11.755+07:00 DEBUG 2616 --- [tea-attendance-api] [nio-8080-exec-1] m.m.a.RequestResponseBodyMethodProcessor : Writing [[MemberResponse[id=4, displayName=H??ng, email=huong@example.test, bankName=Techcombank, bankBin=970 (truncated)...]
2026-09-13T23:10:11.755+07:00 DEBUG 2616 --- [tea-attendance-api] [nio-8080-exec-2] m.m.a.RequestResponseBodyMethodProcessor : Writing [[ExpenseResponse[id=1, orderDate=2026-09-12, payer=MemberBriefResponse[id=2, displayName=Linh Chi],  (truncated)...]
2026-09-13T23:10:11.755+07:00 DEBUG 2616 --- [tea-attendance-api] [nio-8080-exec-1] o.s.web.servlet.DispatcherServlet        : Completed 200 OK
2026-09-13T23:10:11.755+07:00 DEBUG 2616 --- [tea-attendance-api] [nio-8080-exec-2] o.s.web.servlet.DispatcherServlet        : Completed 200 OK
2026-09-13T23:10:11.755+07:00 DEBUG 2616 --- [tea-attendance-api] [io-8080-exec-10] o.s.web.servlet.DispatcherServlet        : Completed 200 OK
2026-09-13T23:10:11.756+07:00 DEBUG 2616 --- [tea-attendance-api] [nio-8080-exec-5] o.s.web.servlet.DispatcherServlet        : Completed 200 OK
2026-09-13T23:10:11.777+07:00 DEBUG 2616 --- [tea-attendance-api] [nio-8080-exec-3] m.m.a.RequestResponseBodyMethodProcessor : Using 'application/json', given [*/*] and supported [application/json, application/*+json]
2026-09-13T23:10:11.777+07:00 DEBUG 2616 --- [tea-attendance-api] [nio-8080-exec-3] m.m.a.RequestResponseBodyMethodProcessor : Writing [[ChatMessageResponse[id=2, sender=MemberBriefResponse[id=1, displayName=Minh Anh], content=alo, atta (truncated)...]
2026-09-13T23:10:11.779+07:00 DEBUG 2616 --- [tea-attendance-api] [nio-8080-exec-3] o.s.web.servlet.DispatcherServlet        : Completed 200 OK
2026-09-13T23:11:11.298+07:00 DEBUG 2616 --- [tea-attendance-api] [nio-8080-exec-8] o.s.web.servlet.DispatcherServlet        : GET "/api/members", parameters={}
2026-09-13T23:11:11.298+07:00 DEBUG 2616 --- [tea-attendance-api] [nio-8080-exec-8] s.w.s.m.m.a.RequestMappingHandlerMapping : Mapped to com.trasua.api.MemberController#list(boolean)
2026-09-13T23:11:11.299+07:00 DEBUG 2616 --- [tea-attendance-api] [nio-8080-exec-6] o.s.web.servlet.DispatcherServlet        : GET "/api/drinks", parameters={}
2026-09-13T23:11:11.299+07:00 DEBUG 2616 --- [tea-attendance-api] [nio-8080-exec-6] s.w.s.m.m.a.RequestMappingHandlerMapping : Mapped to com.trasua.api.DrinkCatalogController#list(boolean)
2026-09-13T23:11:11.303+07:00 DEBUG 2616 --- [tea-attendance-api] [nio-8080-exec-4] o.s.web.servlet.DispatcherServlet        : GET "/api/chat/messages", parameters={}
2026-09-13T23:11:11.303+07:00 DEBUG 2616 --- [tea-attendance-api] [nio-8080-exec-7] o.s.web.servlet.DispatcherServlet        : GET "/api/expenses/range?from=2026-09-07&to=2026-09-13", parameters={masked}
2026-09-13T23:11:11.303+07:00 DEBUG 2616 --- [tea-attendance-api] [nio-8080-exec-4] s.w.s.m.m.a.RequestMappingHandlerMapping : Mapped to com.trasua.api.ChatController#list(Instant, int)
2026-09-13T23:11:11.303+07:00 DEBUG 2616 --- [tea-attendance-api] [nio-8080-exec-7] s.w.s.m.m.a.RequestMappingHandlerMapping : Mapped to com.trasua.api.ExpenseController#range(LocalDate, LocalDate)
2026-09-13T23:11:11.304+07:00 DEBUG 2616 --- [tea-attendance-api] [nio-8080-exec-9] o.s.web.servlet.DispatcherServlet        : GET "/api/notifications?memberId=1", parameters={masked}
2026-09-13T23:11:11.304+07:00 DEBUG 2616 --- [tea-attendance-api] [nio-8080-exec-9] s.w.s.m.m.a.RequestMappingHandlerMapping : Mapped to com.trasua.api.NotificationController#list(Long)
2026-09-13T23:11:11.313+07:00 DEBUG 2616 --- [tea-attendance-api] [nio-8080-exec-6] org.hibernate.SQL                        : 
    select
        dci1_0.id,
        dci1_0.active,
        dci1_0.created_at,
        dci1_0.icon,
        dci1_0.name,
        dci1_0.price,
        dci1_0.updated_at 
    from
        drink_catalog dci1_0 
    where
        dci1_0.active 
    order by
        dci1_0.name
2026-09-13T23:11:11.313+07:00 DEBUG 2616 --- [tea-attendance-api] [nio-8080-exec-8] org.hibernate.SQL                        : 
    select
        m1_0.id,
        m1_0.account_name,
        m1_0.account_number,
        m1_0.active,
        m1_0.bank_bin,
        m1_0.bank_name,
        m1_0.created_at,
        m1_0.display_name,
        m1_0.email,
        m1_0.password_hash,
        m1_0.qr_code_url,
        m1_0.reset_code_expires_at,
        m1_0.reset_code_hash,
        m1_0.role,
        m1_0.updated_at 
    from
        members m1_0 
    where
        m1_0.active 
    order by
        m1_0.display_name
2026-09-13T23:11:11.315+07:00 DEBUG 2616 --- [tea-attendance-api] [nio-8080-exec-4] org.hibernate.SQL                        : 
    select
        cm1_0.id,
        cm1_0.content,
        cm1_0.created_at,
        cm1_0.sender_member_id,
        s1_0.id,
        s1_0.account_name,
        s1_0.account_number,
        s1_0.active,
        s1_0.bank_bin,
        s1_0.bank_name,
        s1_0.created_at,
        s1_0.display_name,
        s1_0.email,
        s1_0.password_hash,
        s1_0.qr_code_url,
        s1_0.reset_code_expires_at,
        s1_0.reset_code_hash,
        s1_0.role,
        s1_0.updated_at 
    from
        chat_messages cm1_0 
    join
        members s1_0 
            on s1_0.id=cm1_0.sender_member_id 
    order by
        cm1_0.created_at desc 
    limit
        ?
2026-09-13T23:11:11.315+07:00 DEBUG 2616 --- [tea-attendance-api] [nio-8080-exec-9] org.hibernate.SQL                        : 
    select
        n1_0.id,
        n1_0.body,
        n1_0.created_at,
        n1_0.read_at,
        n1_0.recipient_member_id,
        r1_0.id,
        r1_0.account_name,
        r1_0.account_number,
        r1_0.active,
        r1_0.bank_bin,
        r1_0.bank_name,
        r1_0.created_at,
        r1_0.display_name,
        r1_0.email,
        r1_0.password_hash,
        r1_0.qr_code_url,
        r1_0.reset_code_expires_at,
        r1_0.reset_code_hash,
        r1_0.role,
        r1_0.updated_at,
        n1_0.settlement_id,
        n1_0.title,
        n1_0.transfer_id,
        n1_0.type 
    from
        notifications n1_0 
    join
        members r1_0 
            on r1_0.id=n1_0.recipient_member_id 
    where
        r1_0.id=? 
    order by
        n1_0.created_at desc
2026-09-13T23:11:11.315+07:00 DEBUG 2616 --- [tea-attendance-api] [nio-8080-exec-7] org.hibernate.SQL                        : 
    select
        distinct do1_0.id,
        do1_0.created_at,
        i1_0.order_id,
        i1_0.id,
        i1_0.consumer_member_id,
        c1_0.id,
        c1_0.account_name,
        c1_0.account_number,
        c1_0.active,
        c1_0.bank_bin,
        c1_0.bank_name,
        c1_0.created_at,
        c1_0.display_name,
        c1_0.email,
        c1_0.password_hash,
        c1_0.qr_code_url,
        c1_0.reset_code_expires_at,
        c1_0.reset_code_hash,
        c1_0.role,
        c1_0.updated_at,
        i1_0.drink_name,
        i1_0.line_total,
        i1_0.quantity,
        i1_0.unit_price,
        do1_0.note,
        do1_0.order_date,
        do1_0.payer_member_id,
        p1_0.id,
        p1_0.account_name,
        p1_0.account_number,
        p1_0.active,
        p1_0.bank_bin,
        p1_0.bank_name,
        p1_0.created_at,
        p1_0.display_name,
        p1_0.email,
        p1_0.password_hash,
        p1_0.qr_code_url,
        p1_0.reset_code_expires_at,
        p1_0.reset_code_hash,
        p1_0.role,
        p1_0.updated_at,
        do1_0.total_amount,
        do1_0.updated_at 
    from
        drink_orders do1_0 
    join
        members p1_0 
            on p1_0.id=do1_0.payer_member_id 
    left join
        order_items i1_0 
            on do1_0.id=i1_0.order_id 
    left join
        members c1_0 
            on c1_0.id=i1_0.consumer_member_id 
    where
        do1_0.order_date between ? and ? 
    order by
        do1_0.order_date,
        do1_0.id
2026-09-13T23:11:11.322+07:00 DEBUG 2616 --- [tea-attendance-api] [nio-8080-exec-4] org.hibernate.SQL                        : 
    select
        a1_0.message_id,
        a1_0.id,
        a1_0.byte_size,
        a1_0.content_type,
        a1_0.created_at,
        a1_0.original_filename,
        a1_0.storage_key 
    from
        chat_attachments a1_0 
    where
        a1_0.message_id=? 
    order by
        a1_0.id
2026-09-13T23:11:11.326+07:00 DEBUG 2616 --- [tea-attendance-api] [nio-8080-exec-4] org.hibernate.SQL                        : 
    select
        a1_0.message_id,
        a1_0.id,
        a1_0.byte_size,
        a1_0.content_type,
        a1_0.created_at,
        a1_0.original_filename,
        a1_0.storage_key 
    from
        chat_attachments a1_0 
    where
        a1_0.message_id=? 
    order by
        a1_0.id
2026-09-13T23:11:11.329+07:00 DEBUG 2616 --- [tea-attendance-api] [nio-8080-exec-8] m.m.a.RequestResponseBodyMethodProcessor : Using 'application/json', given [*/*] and supported [application/json, application/*+json]
2026-09-13T23:11:11.329+07:00 DEBUG 2616 --- [tea-attendance-api] [nio-8080-exec-6] m.m.a.RequestResponseBodyMethodProcessor : Using 'application/json', given [*/*] and supported [application/json, application/*+json]
2026-09-13T23:11:11.329+07:00 DEBUG 2616 --- [tea-attendance-api] [nio-8080-exec-6] m.m.a.RequestResponseBodyMethodProcessor : Writing [[DrinkCatalogResponse[id=5, name=Bac xiu, price=22000, icon=?, active=true], DrinkCatalogResponse[i (truncated)...]
2026-09-13T23:11:11.329+07:00 DEBUG 2616 --- [tea-attendance-api] [nio-8080-exec-8] m.m.a.RequestResponseBodyMethodProcessor : Writing [[MemberResponse[id=4, displayName=H??ng, email=huong@example.test, bankName=Techcombank, bankBin=970 (truncated)...]
2026-09-13T23:11:11.330+07:00 DEBUG 2616 --- [tea-attendance-api] [nio-8080-exec-6] o.s.web.servlet.DispatcherServlet        : Completed 200 OK
2026-09-13T23:11:11.330+07:00 DEBUG 2616 --- [tea-attendance-api] [nio-8080-exec-8] o.s.web.servlet.DispatcherServlet        : Completed 200 OK
2026-09-13T23:11:11.331+07:00 DEBUG 2616 --- [tea-attendance-api] [nio-8080-exec-9] m.m.a.RequestResponseBodyMethodProcessor : Using 'application/json', given [*/*] and supported [application/json, application/*+json]
2026-09-13T23:11:11.331+07:00 DEBUG 2616 --- [tea-attendance-api] [nio-8080-exec-9] m.m.a.RequestResponseBodyMethodProcessor : Writing [[]]
2026-09-13T23:11:11.332+07:00 DEBUG 2616 --- [tea-attendance-api] [nio-8080-exec-9] o.s.web.servlet.DispatcherServlet        : Completed 200 OK
2026-09-13T23:11:11.336+07:00 DEBUG 2616 --- [tea-attendance-api] [nio-8080-exec-7] m.m.a.RequestResponseBodyMethodProcessor : Using 'application/json', given [*/*] and supported [application/json, application/*+json]
2026-09-13T23:11:11.337+07:00 DEBUG 2616 --- [tea-attendance-api] [nio-8080-exec-7] m.m.a.RequestResponseBodyMethodProcessor : Writing [[ExpenseResponse[id=1, orderDate=2026-09-12, payer=MemberBriefResponse[id=2, displayName=Linh Chi],  (truncated)...]
2026-09-13T23:11:11.338+07:00 DEBUG 2616 --- [tea-attendance-api] [nio-8080-exec-7] o.s.web.servlet.DispatcherServlet        : Completed 200 OK
2026-09-13T23:11:11.340+07:00 DEBUG 2616 --- [tea-attendance-api] [nio-8080-exec-4] m.m.a.RequestResponseBodyMethodProcessor : Using 'application/json', given [*/*] and supported [application/json, application/*+json]
2026-09-13T23:11:11.340+07:00 DEBUG 2616 --- [tea-attendance-api] [nio-8080-exec-4] m.m.a.RequestResponseBodyMethodProcessor : Writing [[ChatMessageResponse[id=2, sender=MemberBriefResponse[id=1, displayName=Minh Anh], content=alo, atta (truncated)...]
2026-09-13T23:11:11.341+07:00 DEBUG 2616 --- [tea-attendance-api] [nio-8080-exec-4] o.s.web.servlet.DispatcherServlet        : Completed 200 OK
2026-09-13T23:11:45.477+07:00 DEBUG 2616 --- [tea-attendance-api] [nio-8080-exec-1] o.s.web.servlet.DispatcherServlet        : GET "/api/drinks", parameters={}
2026-09-13T23:11:45.477+07:00 DEBUG 2616 --- [tea-attendance-api] [nio-8080-exec-1] s.w.s.m.m.a.RequestMappingHandlerMapping : Mapped to com.trasua.api.DrinkCatalogController#list(boolean)
2026-09-13T23:11:45.477+07:00 DEBUG 2616 --- [tea-attendance-api] [nio-8080-exec-2] o.s.web.servlet.DispatcherServlet        : GET "/api/members", parameters={}
2026-09-13T23:11:45.478+07:00 DEBUG 2616 --- [tea-attendance-api] [nio-8080-exec-2] s.w.s.m.m.a.RequestMappingHandlerMapping : Mapped to com.trasua.api.MemberController#list(boolean)
2026-09-13T23:11:45.478+07:00 DEBUG 2616 --- [tea-attendance-api] [nio-8080-exec-5] o.s.web.servlet.DispatcherServlet        : GET "/api/chat/messages", parameters={}
2026-09-13T23:11:45.478+07:00 DEBUG 2616 --- [tea-attendance-api] [nio-8080-exec-5] s.w.s.m.m.a.RequestMappingHandlerMapping : Mapped to com.trasua.api.ChatController#list(Instant, int)
2026-09-13T23:11:45.478+07:00 DEBUG 2616 --- [tea-attendance-api] [nio-8080-exec-3] o.s.web.servlet.DispatcherServlet        : GET "/api/notifications?memberId=1", parameters={masked}
2026-09-13T23:11:45.479+07:00 DEBUG 2616 --- [tea-attendance-api] [nio-8080-exec-3] s.w.s.m.m.a.RequestMappingHandlerMapping : Mapped to com.trasua.api.NotificationController#list(Long)
2026-09-13T23:11:45.478+07:00 DEBUG 2616 --- [tea-attendance-api] [io-8080-exec-10] o.s.web.servlet.DispatcherServlet        : GET "/api/expenses/range?from=2026-09-07&to=2026-09-13", parameters={masked}
2026-09-13T23:11:45.480+07:00 DEBUG 2616 --- [tea-attendance-api] [io-8080-exec-10] s.w.s.m.m.a.RequestMappingHandlerMapping : Mapped to com.trasua.api.ExpenseController#range(LocalDate, LocalDate)
2026-09-13T23:11:45.490+07:00 DEBUG 2616 --- [tea-attendance-api] [nio-8080-exec-3] org.hibernate.SQL                        : 
    select
        n1_0.id,
        n1_0.body,
        n1_0.created_at,
        n1_0.read_at,
        n1_0.recipient_member_id,
        r1_0.id,
        r1_0.account_name,
        r1_0.account_number,
        r1_0.active,
        r1_0.bank_bin,
        r1_0.bank_name,
        r1_0.created_at,
        r1_0.display_name,
        r1_0.email,
        r1_0.password_hash,
        r1_0.qr_code_url,
        r1_0.reset_code_expires_at,
        r1_0.reset_code_hash,
        r1_0.role,
        r1_0.updated_at,
        n1_0.settlement_id,
        n1_0.title,
        n1_0.transfer_id,
        n1_0.type 
    from
        notifications n1_0 
    join
        members r1_0 
            on r1_0.id=n1_0.recipient_member_id 
    where
        r1_0.id=? 
    order by
        n1_0.created_at desc
2026-09-13T23:11:45.490+07:00 DEBUG 2616 --- [tea-attendance-api] [nio-8080-exec-1] org.hibernate.SQL                        : 
    select
        dci1_0.id,
        dci1_0.active,
        dci1_0.created_at,
        dci1_0.icon,
        dci1_0.name,
        dci1_0.price,
        dci1_0.updated_at 
    from
        drink_catalog dci1_0 
    where
        dci1_0.active 
    order by
        dci1_0.name
2026-09-13T23:11:45.492+07:00 DEBUG 2616 --- [tea-attendance-api] [nio-8080-exec-2] org.hibernate.SQL                        : 
    select
        m1_0.id,
        m1_0.account_name,
        m1_0.account_number,
        m1_0.active,
        m1_0.bank_bin,
        m1_0.bank_name,
        m1_0.created_at,
        m1_0.display_name,
        m1_0.email,
        m1_0.password_hash,
        m1_0.qr_code_url,
        m1_0.reset_code_expires_at,
        m1_0.reset_code_hash,
        m1_0.role,
        m1_0.updated_at 
    from
        members m1_0 
    where
        m1_0.active 
    order by
        m1_0.display_name
2026-09-13T23:11:45.493+07:00 DEBUG 2616 --- [tea-attendance-api] [nio-8080-exec-5] org.hibernate.SQL                        : 
    select
        cm1_0.id,
        cm1_0.content,
        cm1_0.created_at,
        cm1_0.sender_member_id,
        s1_0.id,
        s1_0.account_name,
        s1_0.account_number,
        s1_0.active,
        s1_0.bank_bin,
        s1_0.bank_name,
        s1_0.created_at,
        s1_0.display_name,
        s1_0.email,
        s1_0.password_hash,
        s1_0.qr_code_url,
        s1_0.reset_code_expires_at,
        s1_0.reset_code_hash,
        s1_0.role,
        s1_0.updated_at 
    from
        chat_messages cm1_0 
    join
        members s1_0 
            on s1_0.id=cm1_0.sender_member_id 
    order by
        cm1_0.created_at desc 
    limit
        ?
2026-09-13T23:11:45.501+07:00 DEBUG 2616 --- [tea-attendance-api] [io-8080-exec-10] org.hibernate.SQL                        : 
    select
        distinct do1_0.id,
        do1_0.created_at,
        i1_0.order_id,
        i1_0.id,
        i1_0.consumer_member_id,
        c1_0.id,
        c1_0.account_name,
        c1_0.account_number,
        c1_0.active,
        c1_0.bank_bin,
        c1_0.bank_name,
        c1_0.created_at,
        c1_0.display_name,
        c1_0.email,
        c1_0.password_hash,
        c1_0.qr_code_url,
        c1_0.reset_code_expires_at,
        c1_0.reset_code_hash,
        c1_0.role,
        c1_0.updated_at,
        i1_0.drink_name,
        i1_0.line_total,
        i1_0.quantity,
        i1_0.unit_price,
        do1_0.note,
        do1_0.order_date,
        do1_0.payer_member_id,
        p1_0.id,
        p1_0.account_name,
        p1_0.account_number,
        p1_0.active,
        p1_0.bank_bin,
        p1_0.bank_name,
        p1_0.created_at,
        p1_0.display_name,
        p1_0.email,
        p1_0.password_hash,
        p1_0.qr_code_url,
        p1_0.reset_code_expires_at,
        p1_0.reset_code_hash,
        p1_0.role,
        p1_0.updated_at,
        do1_0.total_amount,
        do1_0.updated_at 
    from
        drink_orders do1_0 
    join
        members p1_0 
            on p1_0.id=do1_0.payer_member_id 
    left join
        order_items i1_0 
            on do1_0.id=i1_0.order_id 
    left join
        members c1_0 
            on c1_0.id=i1_0.consumer_member_id 
    where
        do1_0.order_date between ? and ? 
    order by
        do1_0.order_date,
        do1_0.id
2026-09-13T23:11:45.502+07:00 DEBUG 2616 --- [tea-attendance-api] [nio-8080-exec-5] org.hibernate.SQL                        : 
    select
        a1_0.message_id,
        a1_0.id,
        a1_0.byte_size,
        a1_0.content_type,
        a1_0.created_at,
        a1_0.original_filename,
        a1_0.storage_key 
    from
        chat_attachments a1_0 
    where
        a1_0.message_id=? 
    order by
        a1_0.id
2026-09-13T23:11:45.502+07:00 DEBUG 2616 --- [tea-attendance-api] [nio-8080-exec-3] m.m.a.RequestResponseBodyMethodProcessor : Using 'application/json', given [*/*] and supported [application/json, application/*+json]
2026-09-13T23:11:45.502+07:00 DEBUG 2616 --- [tea-attendance-api] [nio-8080-exec-3] m.m.a.RequestResponseBodyMethodProcessor : Writing [[]]
2026-09-13T23:11:45.503+07:00 DEBUG 2616 --- [tea-attendance-api] [nio-8080-exec-3] o.s.web.servlet.DispatcherServlet        : Completed 200 OK
2026-09-13T23:11:45.506+07:00 DEBUG 2616 --- [tea-attendance-api] [nio-8080-exec-1] m.m.a.RequestResponseBodyMethodProcessor : Using 'application/json', given [*/*] and supported [application/json, application/*+json]
2026-09-13T23:11:45.507+07:00 DEBUG 2616 --- [tea-attendance-api] [nio-8080-exec-5] org.hibernate.SQL                        : 
    select
        a1_0.message_id,
        a1_0.id,
        a1_0.byte_size,
        a1_0.content_type,
        a1_0.created_at,
        a1_0.original_filename,
        a1_0.storage_key 
    from
        chat_attachments a1_0 
    where
        a1_0.message_id=? 
    order by
        a1_0.id
2026-09-13T23:11:45.507+07:00 DEBUG 2616 --- [tea-attendance-api] [nio-8080-exec-1] m.m.a.RequestResponseBodyMethodProcessor : Writing [[DrinkCatalogResponse[id=5, name=Bac xiu, price=22000, icon=?, active=true], DrinkCatalogResponse[i (truncated)...]
2026-09-13T23:11:45.508+07:00 DEBUG 2616 --- [tea-attendance-api] [nio-8080-exec-1] o.s.web.servlet.DispatcherServlet        : Completed 200 OK
2026-09-13T23:11:45.509+07:00 DEBUG 2616 --- [tea-attendance-api] [nio-8080-exec-2] m.m.a.RequestResponseBodyMethodProcessor : Using 'application/json', given [*/*] and supported [application/json, application/*+json]
2026-09-13T23:11:45.509+07:00 DEBUG 2616 --- [tea-attendance-api] [nio-8080-exec-2] m.m.a.RequestResponseBodyMethodProcessor : Writing [[MemberResponse[id=4, displayName=H??ng, email=huong@example.test, bankName=Techcombank, bankBin=970 (truncated)...]
2026-09-13T23:11:45.510+07:00 DEBUG 2616 --- [tea-attendance-api] [nio-8080-exec-2] o.s.web.servlet.DispatcherServlet        : Completed 200 OK
2026-09-13T23:11:45.524+07:00 DEBUG 2616 --- [tea-attendance-api] [io-8080-exec-10] m.m.a.RequestResponseBodyMethodProcessor : Using 'application/json', given [*/*] and supported [application/json, application/*+json]
2026-09-13T23:11:45.525+07:00 DEBUG 2616 --- [tea-attendance-api] [io-8080-exec-10] m.m.a.RequestResponseBodyMethodProcessor : Writing [[ExpenseResponse[id=1, orderDate=2026-09-12, payer=MemberBriefResponse[id=2, displayName=Linh Chi],  (truncated)...]
2026-09-13T23:11:45.526+07:00 DEBUG 2616 --- [tea-attendance-api] [io-8080-exec-10] o.s.web.servlet.DispatcherServlet        : Completed 200 OK
2026-09-13T23:11:45.527+07:00 DEBUG 2616 --- [tea-attendance-api] [nio-8080-exec-5] m.m.a.RequestResponseBodyMethodProcessor : Using 'application/json', given [*/*] and supported [application/json, application/*+json]
2026-09-13T23:11:45.527+07:00 DEBUG 2616 --- [tea-attendance-api] [nio-8080-exec-5] m.m.a.RequestResponseBodyMethodProcessor : Writing [[ChatMessageResponse[id=2, sender=MemberBriefResponse[id=1, displayName=Minh Anh], content=alo, atta (truncated)...]
2026-09-13T23:11:45.528+07:00 DEBUG 2616 --- [tea-attendance-api] [nio-8080-exec-5] o.s.web.servlet.DispatcherServlet        : Completed 200 OK
2026-09-13T23:11:48.128+07:00 DEBUG 2616 --- [tea-attendance-api] [nio-8080-exec-6] o.s.web.servlet.DispatcherServlet        : GET "/api/members", parameters={}
2026-09-13T23:11:48.128+07:00 DEBUG 2616 --- [tea-attendance-api] [nio-8080-exec-8] o.s.web.servlet.DispatcherServlet        : GET "/api/drinks", parameters={}
2026-09-13T23:11:48.128+07:00 DEBUG 2616 --- [tea-attendance-api] [nio-8080-exec-6] s.w.s.m.m.a.RequestMappingHandlerMapping : Mapped to com.trasua.api.MemberController#list(boolean)
2026-09-13T23:11:48.128+07:00 DEBUG 2616 --- [tea-attendance-api] [nio-8080-exec-8] s.w.s.m.m.a.RequestMappingHandlerMapping : Mapped to com.trasua.api.DrinkCatalogController#list(boolean)
2026-09-13T23:11:48.129+07:00 DEBUG 2616 --- [tea-attendance-api] [nio-8080-exec-7] o.s.web.servlet.DispatcherServlet        : GET "/api/chat/messages", parameters={}
2026-09-13T23:11:48.130+07:00 DEBUG 2616 --- [tea-attendance-api] [nio-8080-exec-7] s.w.s.m.m.a.RequestMappingHandlerMapping : Mapped to com.trasua.api.ChatController#list(Instant, int)
2026-09-13T23:11:48.129+07:00 DEBUG 2616 --- [tea-attendance-api] [nio-8080-exec-9] o.s.web.servlet.DispatcherServlet        : GET "/api/expenses/range?from=2026-09-07&to=2026-09-13", parameters={masked}
2026-09-13T23:11:48.130+07:00 DEBUG 2616 --- [tea-attendance-api] [nio-8080-exec-9] s.w.s.m.m.a.RequestMappingHandlerMapping : Mapped to com.trasua.api.ExpenseController#range(LocalDate, LocalDate)
2026-09-13T23:11:48.133+07:00 DEBUG 2616 --- [tea-attendance-api] [nio-8080-exec-4] o.s.web.servlet.DispatcherServlet        : GET "/api/notifications?memberId=1", parameters={masked}
2026-09-13T23:11:48.133+07:00 DEBUG 2616 --- [tea-attendance-api] [nio-8080-exec-4] s.w.s.m.m.a.RequestMappingHandlerMapping : Mapped to com.trasua.api.NotificationController#list(Long)
2026-09-13T23:11:48.144+07:00 DEBUG 2616 --- [tea-attendance-api] [nio-8080-exec-8] org.hibernate.SQL                        : 
    select
        dci1_0.id,
        dci1_0.active,
        dci1_0.created_at,
        dci1_0.icon,
        dci1_0.name,
        dci1_0.price,
        dci1_0.updated_at 
    from
        drink_catalog dci1_0 
    where
        dci1_0.active 
    order by
        dci1_0.name
2026-09-13T23:11:48.144+07:00 DEBUG 2616 --- [tea-attendance-api] [nio-8080-exec-6] org.hibernate.SQL                        : 
    select
        m1_0.id,
        m1_0.account_name,
        m1_0.account_number,
        m1_0.active,
        m1_0.bank_bin,
        m1_0.bank_name,
        m1_0.created_at,
        m1_0.display_name,
        m1_0.email,
        m1_0.password_hash,
        m1_0.qr_code_url,
        m1_0.reset_code_expires_at,
        m1_0.reset_code_hash,
        m1_0.role,
        m1_0.updated_at 
    from
        members m1_0 
    where
        m1_0.active 
    order by
        m1_0.display_name
2026-09-13T23:11:48.146+07:00 DEBUG 2616 --- [tea-attendance-api] [nio-8080-exec-7] org.hibernate.SQL                        : 
    select
        cm1_0.id,
        cm1_0.content,
        cm1_0.created_at,
        cm1_0.sender_member_id,
        s1_0.id,
        s1_0.account_name,
        s1_0.account_number,
        s1_0.active,
        s1_0.bank_bin,
        s1_0.bank_name,
        s1_0.created_at,
        s1_0.display_name,
        s1_0.email,
        s1_0.password_hash,
        s1_0.qr_code_url,
        s1_0.reset_code_expires_at,
        s1_0.reset_code_hash,
        s1_0.role,
        s1_0.updated_at 
    from
        chat_messages cm1_0 
    join
        members s1_0 
            on s1_0.id=cm1_0.sender_member_id 
    order by
        cm1_0.created_at desc 
    limit
        ?
2026-09-13T23:11:48.146+07:00 DEBUG 2616 --- [tea-attendance-api] [nio-8080-exec-4] org.hibernate.SQL                        : 
    select
        n1_0.id,
        n1_0.body,
        n1_0.created_at,
        n1_0.read_at,
        n1_0.recipient_member_id,
        r1_0.id,
        r1_0.account_name,
        r1_0.account_number,
        r1_0.active,
        r1_0.bank_bin,
        r1_0.bank_name,
        r1_0.created_at,
        r1_0.display_name,
        r1_0.email,
        r1_0.password_hash,
        r1_0.qr_code_url,
        r1_0.reset_code_expires_at,
        r1_0.reset_code_hash,
        r1_0.role,
        r1_0.updated_at,
        n1_0.settlement_id,
        n1_0.title,
        n1_0.transfer_id,
        n1_0.type 
    from
        notifications n1_0 
    join
        members r1_0 
            on r1_0.id=n1_0.recipient_member_id 
    where
        r1_0.id=? 
    order by
        n1_0.created_at desc
2026-09-13T23:11:48.149+07:00 DEBUG 2616 --- [tea-attendance-api] [nio-8080-exec-9] org.hibernate.SQL                        : 
    select
        distinct do1_0.id,
        do1_0.created_at,
        i1_0.order_id,
        i1_0.id,
        i1_0.consumer_member_id,
        c1_0.id,
        c1_0.account_name,
        c1_0.account_number,
        c1_0.active,
        c1_0.bank_bin,
        c1_0.bank_name,
        c1_0.created_at,
        c1_0.display_name,
        c1_0.email,
        c1_0.password_hash,
        c1_0.qr_code_url,
        c1_0.reset_code_expires_at,
        c1_0.reset_code_hash,
        c1_0.role,
        c1_0.updated_at,
        i1_0.drink_name,
        i1_0.line_total,
        i1_0.quantity,
        i1_0.unit_price,
        do1_0.note,
        do1_0.order_date,
        do1_0.payer_member_id,
        p1_0.id,
        p1_0.account_name,
        p1_0.account_number,
        p1_0.active,
        p1_0.bank_bin,
        p1_0.bank_name,
        p1_0.created_at,
        p1_0.display_name,
        p1_0.email,
        p1_0.password_hash,
        p1_0.qr_code_url,
        p1_0.reset_code_expires_at,
        p1_0.reset_code_hash,
        p1_0.role,
        p1_0.updated_at,
        do1_0.total_amount,
        do1_0.updated_at 
    from
        drink_orders do1_0 
    join
        members p1_0 
            on p1_0.id=do1_0.payer_member_id 
    left join
        order_items i1_0 
            on do1_0.id=i1_0.order_id 
    left join
        members c1_0 
            on c1_0.id=i1_0.consumer_member_id 
    where
        do1_0.order_date between ? and ? 
    order by
        do1_0.order_date,
        do1_0.id
2026-09-13T23:11:48.156+07:00 DEBUG 2616 --- [tea-attendance-api] [nio-8080-exec-7] org.hibernate.SQL                        : 
    select
        a1_0.message_id,
        a1_0.id,
        a1_0.byte_size,
        a1_0.content_type,
        a1_0.created_at,
        a1_0.original_filename,
        a1_0.storage_key 
    from
        chat_attachments a1_0 
    where
        a1_0.message_id=? 
    order by
        a1_0.id
2026-09-13T23:11:48.161+07:00 DEBUG 2616 --- [tea-attendance-api] [nio-8080-exec-6] m.m.a.RequestResponseBodyMethodProcessor : Using 'application/json', given [*/*] and supported [application/json, application/*+json]
2026-09-13T23:11:48.161+07:00 DEBUG 2616 --- [tea-attendance-api] [nio-8080-exec-8] m.m.a.RequestResponseBodyMethodProcessor : Using 'application/json', given [*/*] and supported [application/json, application/*+json]
2026-09-13T23:11:48.162+07:00 DEBUG 2616 --- [tea-attendance-api] [nio-8080-exec-8] m.m.a.RequestResponseBodyMethodProcessor : Writing [[DrinkCatalogResponse[id=5, name=Bac xiu, price=22000, icon=?, active=true], DrinkCatalogResponse[i (truncated)...]
2026-09-13T23:11:48.162+07:00 DEBUG 2616 --- [tea-attendance-api] [nio-8080-exec-7] org.hibernate.SQL                        : 
    select
        a1_0.message_id,
        a1_0.id,
        a1_0.byte_size,
        a1_0.content_type,
        a1_0.created_at,
        a1_0.original_filename,
        a1_0.storage_key 
    from
        chat_attachments a1_0 
    where
        a1_0.message_id=? 
    order by
        a1_0.id
2026-09-13T23:11:48.162+07:00 DEBUG 2616 --- [tea-attendance-api] [nio-8080-exec-6] m.m.a.RequestResponseBodyMethodProcessor : Writing [[MemberResponse[id=4, displayName=H??ng, email=huong@example.test, bankName=Techcombank, bankBin=970 (truncated)...]
2026-09-13T23:11:48.163+07:00 DEBUG 2616 --- [tea-attendance-api] [nio-8080-exec-6] o.s.web.servlet.DispatcherServlet        : Completed 200 OK
2026-09-13T23:11:48.163+07:00 DEBUG 2616 --- [tea-attendance-api] [nio-8080-exec-8] o.s.web.servlet.DispatcherServlet        : Completed 200 OK
2026-09-13T23:11:48.181+07:00 DEBUG 2616 --- [tea-attendance-api] [nio-8080-exec-4] m.m.a.RequestResponseBodyMethodProcessor : Using 'application/json', given [*/*] and supported [application/json, application/*+json]
2026-09-13T23:11:48.181+07:00 DEBUG 2616 --- [tea-attendance-api] [nio-8080-exec-4] m.m.a.RequestResponseBodyMethodProcessor : Writing [[]]
2026-09-13T23:11:48.182+07:00 DEBUG 2616 --- [tea-attendance-api] [nio-8080-exec-4] o.s.web.servlet.DispatcherServlet        : Completed 200 OK
2026-09-13T23:11:48.187+07:00 DEBUG 2616 --- [tea-attendance-api] [nio-8080-exec-9] m.m.a.RequestResponseBodyMethodProcessor : Using 'application/json', given [*/*] and supported [application/json, application/*+json]
2026-09-13T23:11:48.188+07:00 DEBUG 2616 --- [tea-attendance-api] [nio-8080-exec-9] m.m.a.RequestResponseBodyMethodProcessor : Writing [[ExpenseResponse[id=1, orderDate=2026-09-12, payer=MemberBriefResponse[id=2, displayName=Linh Chi],  (truncated)...]
2026-09-13T23:11:48.189+07:00 DEBUG 2616 --- [tea-attendance-api] [nio-8080-exec-9] o.s.web.servlet.DispatcherServlet        : Completed 200 OK
2026-09-13T23:11:48.195+07:00 DEBUG 2616 --- [tea-attendance-api] [nio-8080-exec-7] m.m.a.RequestResponseBodyMethodProcessor : Using 'application/json', given [*/*] and supported [application/json, application/*+json]
2026-09-13T23:11:48.195+07:00 DEBUG 2616 --- [tea-attendance-api] [nio-8080-exec-7] m.m.a.RequestResponseBodyMethodProcessor : Writing [[ChatMessageResponse[id=2, sender=MemberBriefResponse[id=1, displayName=Minh Anh], content=alo, atta (truncated)...]
2026-09-13T23:11:48.195+07:00 DEBUG 2616 --- [tea-attendance-api] [nio-8080-exec-7] o.s.web.servlet.DispatcherServlet        : Completed 200 OK
2026-09-13T23:11:56.828+07:00 DEBUG 2616 --- [tea-attendance-api] [nio-8080-exec-3] o.s.web.servlet.DispatcherServlet        : POST "/api/auth/login", parameters={}
2026-09-13T23:11:56.828+07:00 DEBUG 2616 --- [tea-attendance-api] [nio-8080-exec-3] s.w.s.m.m.a.RequestMappingHandlerMapping : Mapped to com.trasua.api.AuthController#login(Login)
2026-09-13T23:11:56.842+07:00 DEBUG 2616 --- [tea-attendance-api] [nio-8080-exec-3] m.m.a.RequestResponseBodyMethodProcessor : Read "application/json;charset=UTF-8" to [Login[email=anh64004@gmail.com, password=123456789q]]
2026-09-13T23:11:56.880+07:00 DEBUG 2616 --- [tea-attendance-api] [nio-8080-exec-3] org.hibernate.SQL                        : 
    select
        m1_0.id,
        m1_0.account_name,
        m1_0.account_number,
        m1_0.active,
        m1_0.bank_bin,
        m1_0.bank_name,
        m1_0.created_at,
        m1_0.display_name,
        m1_0.email,
        m1_0.password_hash,
        m1_0.qr_code_url,
        m1_0.reset_code_expires_at,
        m1_0.reset_code_hash,
        m1_0.role,
        m1_0.updated_at 
    from
        members m1_0 
    where
        upper(m1_0.email)=upper(?)
2026-09-13T23:11:57.083+07:00 DEBUG 2616 --- [tea-attendance-api] [nio-8080-exec-3] .m.m.a.ExceptionHandlerExceptionResolver : Using @ExceptionHandler com.trasua.api.ApiExceptionHandler#conflict(BusinessRuleException)
2026-09-13T23:11:57.099+07:00 DEBUG 2616 --- [tea-attendance-api] [nio-8080-exec-3] o.s.w.s.m.m.a.HttpEntityMethodProcessor  : Using 'application/json', given [*/*] and supported [application/json, application/*+json]
2026-09-13T23:11:57.110+07:00 DEBUG 2616 --- [tea-attendance-api] [nio-8080-exec-3] o.s.w.s.m.m.a.HttpEntityMethodProcessor  : Writing [ApiError[timestamp=2026-09-13T16:11:57.093710500Z, status=409, message=Email hoac mat khau khong dun (truncated)...]
2026-09-13T23:11:57.116+07:00 DEBUG 2616 --- [tea-attendance-api] [nio-8080-exec-3] .m.m.a.ExceptionHandlerExceptionResolver : Resolved [com.trasua.support.BusinessRuleException: Email hoac mat khau khong dung]
2026-09-13T23:11:57.116+07:00 DEBUG 2616 --- [tea-attendance-api] [nio-8080-exec-3] o.s.web.servlet.DispatcherServlet        : Completed 409 CONFLICT
2026-09-13T23:12:04.064+07:00 DEBUG 2616 --- [tea-attendance-api] [nio-8080-exec-1] o.s.web.servlet.DispatcherServlet        : POST "/api/auth/login", parameters={}
2026-09-13T23:12:04.064+07:00 DEBUG 2616 --- [tea-attendance-api] [nio-8080-exec-1] s.w.s.m.m.a.RequestMappingHandlerMapping : Mapped to com.trasua.api.AuthController#login(Login)
2026-09-13T23:12:04.065+07:00 DEBUG 2616 --- [tea-attendance-api] [nio-8080-exec-1] m.m.a.RequestResponseBodyMethodProcessor : Read "application/json;charset=UTF-8" to [Login[email=anh64004@gmail.com, password=123456789]]
2026-09-13T23:12:04.072+07:00 DEBUG 2616 --- [tea-attendance-api] [nio-8080-exec-1] org.hibernate.SQL                        : 
    select
        m1_0.id,
        m1_0.account_name,
        m1_0.account_number,
        m1_0.active,
        m1_0.bank_bin,
        m1_0.bank_name,
        m1_0.created_at,
        m1_0.display_name,
        m1_0.email,
        m1_0.password_hash,
        m1_0.qr_code_url,
        m1_0.reset_code_expires_at,
        m1_0.reset_code_hash,
        m1_0.role,
        m1_0.updated_at 
    from
        members m1_0 
    where
        upper(m1_0.email)=upper(?)
2026-09-13T23:12:04.258+07:00 DEBUG 2616 --- [tea-attendance-api] [nio-8080-exec-1] org.hibernate.SQL                        : 
    insert 
    into
        auth_sessions
        (created_at, expires_at, member_id, token_hash) 
    values
        (?, ?, ?, ?)
2026-09-13T23:12:04.280+07:00 DEBUG 2616 --- [tea-attendance-api] [nio-8080-exec-1] m.m.a.RequestResponseBodyMethodProcessor : Using 'application/json', given [*/*] and supported [application/json, application/*+json]
2026-09-13T23:12:04.280+07:00 DEBUG 2616 --- [tea-attendance-api] [nio-8080-exec-1] m.m.a.RequestResponseBodyMethodProcessor : Writing [AuthResponse[token=G9lOI0ZJDd2wCnQFWnv_n8M0mkzreB9wfiSRsiUidV4, member=MemberResponse[id=6, displayN (truncated)...]
2026-09-13T23:12:04.281+07:00 DEBUG 2616 --- [tea-attendance-api] [nio-8080-exec-1] o.s.web.servlet.DispatcherServlet        : Completed 200 OK
2026-09-13T23:12:04.288+07:00 DEBUG 2616 --- [tea-attendance-api] [nio-8080-exec-2] o.s.web.servlet.DispatcherServlet        : GET "/api/members", parameters={}
2026-09-13T23:12:04.289+07:00 DEBUG 2616 --- [tea-attendance-api] [nio-8080-exec-2] s.w.s.m.m.a.RequestMappingHandlerMapping : Mapped to com.trasua.api.MemberController#list(boolean)
2026-09-13T23:12:04.291+07:00 DEBUG 2616 --- [tea-attendance-api] [io-8080-exec-10] o.s.web.servlet.DispatcherServlet        : GET "/api/drinks?includeInactive=true", parameters={masked}
2026-09-13T23:12:04.291+07:00 DEBUG 2616 --- [tea-attendance-api] [io-8080-exec-10] s.w.s.m.m.a.RequestMappingHandlerMapping : Mapped to com.trasua.api.DrinkCatalogController#list(boolean)
2026-09-13T23:12:04.291+07:00 DEBUG 2616 --- [tea-attendance-api] [nio-8080-exec-8] o.s.web.servlet.DispatcherServlet        : GET "/api/chat/messages", parameters={}
2026-09-13T23:12:04.291+07:00 DEBUG 2616 --- [tea-attendance-api] [nio-8080-exec-5] o.s.web.servlet.DispatcherServlet        : GET "/api/expenses/range?from=2026-09-07&to=2026-09-13", parameters={masked}
2026-09-13T23:12:04.291+07:00 DEBUG 2616 --- [tea-attendance-api] [nio-8080-exec-8] s.w.s.m.m.a.RequestMappingHandlerMapping : Mapped to com.trasua.api.ChatController#list(Instant, int)
2026-09-13T23:12:04.291+07:00 DEBUG 2616 --- [tea-attendance-api] [nio-8080-exec-5] s.w.s.m.m.a.RequestMappingHandlerMapping : Mapped to com.trasua.api.ExpenseController#range(LocalDate, LocalDate)
2026-09-13T23:12:04.297+07:00 DEBUG 2616 --- [tea-attendance-api] [nio-8080-exec-6] o.s.web.servlet.DispatcherServlet        : GET "/api/notifications?memberId=6", parameters={masked}
2026-09-13T23:12:04.298+07:00 DEBUG 2616 --- [tea-attendance-api] [nio-8080-exec-6] s.w.s.m.m.a.RequestMappingHandlerMapping : Mapped to com.trasua.api.NotificationController#list(Long)
2026-09-13T23:12:04.304+07:00 DEBUG 2616 --- [tea-attendance-api] [nio-8080-exec-8] org.hibernate.SQL                        : 
    select
        cm1_0.id,
        cm1_0.content,
        cm1_0.created_at,
        cm1_0.sender_member_id,
        s1_0.id,
        s1_0.account_name,
        s1_0.account_number,
        s1_0.active,
        s1_0.bank_bin,
        s1_0.bank_name,
        s1_0.created_at,
        s1_0.display_name,
        s1_0.email,
        s1_0.password_hash,
        s1_0.qr_code_url,
        s1_0.reset_code_expires_at,
        s1_0.reset_code_hash,
        s1_0.role,
        s1_0.updated_at 
    from
        chat_messages cm1_0 
    join
        members s1_0 
            on s1_0.id=cm1_0.sender_member_id 
    order by
        cm1_0.created_at desc 
    limit
        ?
2026-09-13T23:12:04.307+07:00 DEBUG 2616 --- [tea-attendance-api] [nio-8080-exec-6] org.hibernate.SQL                        : 
    select
        n1_0.id,
        n1_0.body,
        n1_0.created_at,
        n1_0.read_at,
        n1_0.recipient_member_id,
        r1_0.id,
        r1_0.account_name,
        r1_0.account_number,
        r1_0.active,
        r1_0.bank_bin,
        r1_0.bank_name,
        r1_0.created_at,
        r1_0.display_name,
        r1_0.email,
        r1_0.password_hash,
        r1_0.qr_code_url,
        r1_0.reset_code_expires_at,
        r1_0.reset_code_hash,
        r1_0.role,
        r1_0.updated_at,
        n1_0.settlement_id,
        n1_0.title,
        n1_0.transfer_id,
        n1_0.type 
    from
        notifications n1_0 
    join
        members r1_0 
            on r1_0.id=n1_0.recipient_member_id 
    where
        r1_0.id=? 
    order by
        n1_0.created_at desc
2026-09-13T23:12:04.307+07:00 DEBUG 2616 --- [tea-attendance-api] [io-8080-exec-10] org.hibernate.SQL                        : 
    select
        dci1_0.id,
        dci1_0.active,
        dci1_0.created_at,
        dci1_0.icon,
        dci1_0.name,
        dci1_0.price,
        dci1_0.updated_at 
    from
        drink_catalog dci1_0
2026-09-13T23:12:04.307+07:00 DEBUG 2616 --- [tea-attendance-api] [nio-8080-exec-2] org.hibernate.SQL                        : 
    select
        m1_0.id,
        m1_0.account_name,
        m1_0.account_number,
        m1_0.active,
        m1_0.bank_bin,
        m1_0.bank_name,
        m1_0.created_at,
        m1_0.display_name,
        m1_0.email,
        m1_0.password_hash,
        m1_0.qr_code_url,
        m1_0.reset_code_expires_at,
        m1_0.reset_code_hash,
        m1_0.role,
        m1_0.updated_at 
    from
        members m1_0 
    where
        m1_0.active 
    order by
        m1_0.display_name
2026-09-13T23:12:04.308+07:00 DEBUG 2616 --- [tea-attendance-api] [nio-8080-exec-5] org.hibernate.SQL                        : 
    select
        distinct do1_0.id,
        do1_0.created_at,
        i1_0.order_id,
        i1_0.id,
        i1_0.consumer_member_id,
        c1_0.id,
        c1_0.account_name,
        c1_0.account_number,
        c1_0.active,
        c1_0.bank_bin,
        c1_0.bank_name,
        c1_0.created_at,
        c1_0.display_name,
        c1_0.email,
        c1_0.password_hash,
        c1_0.qr_code_url,
        c1_0.reset_code_expires_at,
        c1_0.reset_code_hash,
        c1_0.role,
        c1_0.updated_at,
        i1_0.drink_name,
        i1_0.line_total,
        i1_0.quantity,
        i1_0.unit_price,
        do1_0.note,
        do1_0.order_date,
        do1_0.payer_member_id,
        p1_0.id,
        p1_0.account_name,
        p1_0.account_number,
        p1_0.active,
        p1_0.bank_bin,
        p1_0.bank_name,
        p1_0.created_at,
        p1_0.display_name,
        p1_0.email,
        p1_0.password_hash,
        p1_0.qr_code_url,
        p1_0.reset_code_expires_at,
        p1_0.reset_code_hash,
        p1_0.role,
        p1_0.updated_at,
        do1_0.total_amount,
        do1_0.updated_at 
    from
        drink_orders do1_0 
    join
        members p1_0 
            on p1_0.id=do1_0.payer_member_id 
    left join
        order_items i1_0 
            on do1_0.id=i1_0.order_id 
    left join
        members c1_0 
            on c1_0.id=i1_0.consumer_member_id 
    where
        do1_0.order_date between ? and ? 
    order by
        do1_0.order_date,
        do1_0.id
2026-09-13T23:12:04.313+07:00 DEBUG 2616 --- [tea-attendance-api] [nio-8080-exec-8] org.hibernate.SQL                        : 
    select
        a1_0.message_id,
        a1_0.id,
        a1_0.byte_size,
        a1_0.content_type,
        a1_0.created_at,
        a1_0.original_filename,
        a1_0.storage_key 
    from
        chat_attachments a1_0 
    where
        a1_0.message_id=? 
    order by
        a1_0.id
2026-09-13T23:12:04.318+07:00 DEBUG 2616 --- [tea-attendance-api] [nio-8080-exec-8] org.hibernate.SQL                        : 
    select
        a1_0.message_id,
        a1_0.id,
        a1_0.byte_size,
        a1_0.content_type,
        a1_0.created_at,
        a1_0.original_filename,
        a1_0.storage_key 
    from
        chat_attachments a1_0 
    where
        a1_0.message_id=? 
    order by
        a1_0.id
2026-09-13T23:12:04.323+07:00 DEBUG 2616 --- [tea-attendance-api] [io-8080-exec-10] m.m.a.RequestResponseBodyMethodProcessor : Using 'application/json', given [*/*] and supported [application/json, application/*+json]
2026-09-13T23:12:04.323+07:00 DEBUG 2616 --- [tea-attendance-api] [nio-8080-exec-6] m.m.a.RequestResponseBodyMethodProcessor : Using 'application/json', given [*/*] and supported [application/json, application/*+json]
2026-09-13T23:12:04.323+07:00 DEBUG 2616 --- [tea-attendance-api] [nio-8080-exec-6] m.m.a.RequestResponseBodyMethodProcessor : Writing [[]]
2026-09-13T23:12:04.323+07:00 DEBUG 2616 --- [tea-attendance-api] [io-8080-exec-10] m.m.a.RequestResponseBodyMethodProcessor : Writing [[DrinkCatalogResponse[id=1, name=Tra da, price=5000, icon=?, active=true], DrinkCatalogResponse[id= (truncated)...]
2026-09-13T23:12:04.324+07:00 DEBUG 2616 --- [tea-attendance-api] [nio-8080-exec-6] o.s.web.servlet.DispatcherServlet        : Completed 200 OK
2026-09-13T23:12:04.324+07:00 DEBUG 2616 --- [tea-attendance-api] [io-8080-exec-10] o.s.web.servlet.DispatcherServlet        : Completed 200 OK
2026-09-13T23:12:04.324+07:00 DEBUG 2616 --- [tea-attendance-api] [nio-8080-exec-2] m.m.a.RequestResponseBodyMethodProcessor : Using 'application/json', given [*/*] and supported [application/json, application/*+json]
2026-09-13T23:12:04.324+07:00 DEBUG 2616 --- [tea-attendance-api] [nio-8080-exec-2] m.m.a.RequestResponseBodyMethodProcessor : Writing [[MemberResponse[id=4, displayName=H??ng, email=huong@example.test, bankName=Techcombank, bankBin=970 (truncated)...]
2026-09-13T23:12:04.325+07:00 DEBUG 2616 --- [tea-attendance-api] [nio-8080-exec-2] o.s.web.servlet.DispatcherServlet        : Completed 200 OK
2026-09-13T23:12:04.331+07:00 DEBUG 2616 --- [tea-attendance-api] [nio-8080-exec-5] m.m.a.RequestResponseBodyMethodProcessor : Using 'application/json', given [*/*] and supported [application/json, application/*+json]
2026-09-13T23:12:04.331+07:00 DEBUG 2616 --- [tea-attendance-api] [nio-8080-exec-5] m.m.a.RequestResponseBodyMethodProcessor : Writing [[ExpenseResponse[id=1, orderDate=2026-09-12, payer=MemberBriefResponse[id=2, displayName=Linh Chi],  (truncated)...]
2026-09-13T23:12:04.332+07:00 DEBUG 2616 --- [tea-attendance-api] [nio-8080-exec-5] o.s.web.servlet.DispatcherServlet        : Completed 200 OK
2026-09-13T23:12:04.333+07:00 DEBUG 2616 --- [tea-attendance-api] [nio-8080-exec-4] o.s.web.servlet.DispatcherServlet        : GET "/api/drinks?includeInactive=true", parameters={masked}
2026-09-13T23:12:04.333+07:00 DEBUG 2616 --- [tea-attendance-api] [nio-8080-exec-4] s.w.s.m.m.a.RequestMappingHandlerMapping : Mapped to com.trasua.api.DrinkCatalogController#list(boolean)
2026-09-13T23:12:04.333+07:00 DEBUG 2616 --- [tea-attendance-api] [nio-8080-exec-8] m.m.a.RequestResponseBodyMethodProcessor : Using 'application/json', given [*/*] and supported [application/json, application/*+json]
2026-09-13T23:12:04.333+07:00 DEBUG 2616 --- [tea-attendance-api] [nio-8080-exec-8] m.m.a.RequestResponseBodyMethodProcessor : Writing [[ChatMessageResponse[id=2, sender=MemberBriefResponse[id=1, displayName=Minh Anh], content=alo, atta (truncated)...]
2026-09-13T23:12:04.333+07:00 DEBUG 2616 --- [tea-attendance-api] [nio-8080-exec-5] o.s.web.servlet.DispatcherServlet        : GET "/api/members", parameters={}
2026-09-13T23:12:04.334+07:00 DEBUG 2616 --- [tea-attendance-api] [nio-8080-exec-5] s.w.s.m.m.a.RequestMappingHandlerMapping : Mapped to com.trasua.api.MemberController#list(boolean)
2026-09-13T23:12:04.334+07:00 DEBUG 2616 --- [tea-attendance-api] [nio-8080-exec-8] o.s.web.servlet.DispatcherServlet        : Completed 200 OK
2026-09-13T23:12:04.334+07:00 DEBUG 2616 --- [tea-attendance-api] [nio-8080-exec-9] o.s.web.servlet.DispatcherServlet        : GET "/api/notifications?memberId=6", parameters={masked}
2026-09-13T23:12:04.334+07:00 DEBUG 2616 --- [tea-attendance-api] [nio-8080-exec-9] s.w.s.m.m.a.RequestMappingHandlerMapping : Mapped to com.trasua.api.NotificationController#list(Long)
2026-09-13T23:12:04.341+07:00 DEBUG 2616 --- [tea-attendance-api] [nio-8080-exec-3] o.s.web.servlet.DispatcherServlet        : GET "/api/expenses/range?from=2026-09-07&to=2026-09-13", parameters={masked}
2026-09-13T23:12:04.341+07:00 DEBUG 2616 --- [tea-attendance-api] [nio-8080-exec-3] s.w.s.m.m.a.RequestMappingHandlerMapping : Mapped to com.trasua.api.ExpenseController#range(LocalDate, LocalDate)
2026-09-13T23:12:04.343+07:00 DEBUG 2616 --- [tea-attendance-api] [nio-8080-exec-1] o.s.web.servlet.DispatcherServlet        : GET "/api/chat/messages", parameters={}
2026-09-13T23:12:04.343+07:00 DEBUG 2616 --- [tea-attendance-api] [nio-8080-exec-1] s.w.s.m.m.a.RequestMappingHandlerMapping : Mapped to com.trasua.api.ChatController#list(Instant, int)
2026-09-13T23:12:04.343+07:00 DEBUG 2616 --- [tea-attendance-api] [nio-8080-exec-4] org.hibernate.SQL                        : 
    select
        dci1_0.id,
        dci1_0.active,
        dci1_0.created_at,
        dci1_0.icon,
        dci1_0.name,
        dci1_0.price,
        dci1_0.updated_at 
    from
        drink_catalog dci1_0
2026-09-13T23:12:04.348+07:00 DEBUG 2616 --- [tea-attendance-api] [nio-8080-exec-9] org.hibernate.SQL                        : 
    select
        n1_0.id,
        n1_0.body,
        n1_0.created_at,
        n1_0.read_at,
        n1_0.recipient_member_id,
        r1_0.id,
        r1_0.account_name,
        r1_0.account_number,
        r1_0.active,
        r1_0.bank_bin,
        r1_0.bank_name,
        r1_0.created_at,
        r1_0.display_name,
        r1_0.email,
        r1_0.password_hash,
        r1_0.qr_code_url,
        r1_0.reset_code_expires_at,
        r1_0.reset_code_hash,
        r1_0.role,
        r1_0.updated_at,
        n1_0.settlement_id,
        n1_0.title,
        n1_0.transfer_id,
        n1_0.type 
    from
        notifications n1_0 
    join
        members r1_0 
            on r1_0.id=n1_0.recipient_member_id 
    where
        r1_0.id=? 
    order by
        n1_0.created_at desc
2026-09-13T23:12:04.351+07:00 DEBUG 2616 --- [tea-attendance-api] [nio-8080-exec-5] org.hibernate.SQL                        : 
    select
        m1_0.id,
        m1_0.account_name,
        m1_0.account_number,
        m1_0.active,
        m1_0.bank_bin,
        m1_0.bank_name,
        m1_0.created_at,
        m1_0.display_name,
        m1_0.email,
        m1_0.password_hash,
        m1_0.qr_code_url,
        m1_0.reset_code_expires_at,
        m1_0.reset_code_hash,
        m1_0.role,
        m1_0.updated_at 
    from
        members m1_0 
    where
        m1_0.active 
    order by
        m1_0.display_name
2026-09-13T23:12:04.357+07:00 DEBUG 2616 --- [tea-attendance-api] [nio-8080-exec-3] org.hibernate.SQL                        : 
    select
        distinct do1_0.id,
        do1_0.created_at,
        i1_0.order_id,
        i1_0.id,
        i1_0.consumer_member_id,
        c1_0.id,
        c1_0.account_name,
        c1_0.account_number,
        c1_0.active,
        c1_0.bank_bin,
        c1_0.bank_name,
        c1_0.created_at,
        c1_0.display_name,
        c1_0.email,
        c1_0.password_hash,
        c1_0.qr_code_url,
        c1_0.reset_code_expires_at,
        c1_0.reset_code_hash,
        c1_0.role,
        c1_0.updated_at,
        i1_0.drink_name,
        i1_0.line_total,
        i1_0.quantity,
        i1_0.unit_price,
        do1_0.note,
        do1_0.order_date,
        do1_0.payer_member_id,
        p1_0.id,
        p1_0.account_name,
        p1_0.account_number,
        p1_0.active,
        p1_0.bank_bin,
        p1_0.bank_name,
        p1_0.created_at,
        p1_0.display_name,
        p1_0.email,
        p1_0.password_hash,
        p1_0.qr_code_url,
        p1_0.reset_code_expires_at,
        p1_0.reset_code_hash,
        p1_0.role,
        p1_0.updated_at,
        do1_0.total_amount,
        do1_0.updated_at 
    from
        drink_orders do1_0 
    join
        members p1_0 
            on p1_0.id=do1_0.payer_member_id 
    left join
        order_items i1_0 
            on do1_0.id=i1_0.order_id 
    left join
        members c1_0 
            on c1_0.id=i1_0.consumer_member_id 
    where
        do1_0.order_date between ? and ? 
    order by
        do1_0.order_date,
        do1_0.id
2026-09-13T23:12:04.358+07:00 DEBUG 2616 --- [tea-attendance-api] [nio-8080-exec-1] org.hibernate.SQL                        : 
    select
        cm1_0.id,
        cm1_0.content,
        cm1_0.created_at,
        cm1_0.sender_member_id,
        s1_0.id,
        s1_0.account_name,
        s1_0.account_number,
        s1_0.active,
        s1_0.bank_bin,
        s1_0.bank_name,
        s1_0.created_at,
        s1_0.display_name,
        s1_0.email,
        s1_0.password_hash,
        s1_0.qr_code_url,
        s1_0.reset_code_expires_at,
        s1_0.reset_code_hash,
        s1_0.role,
        s1_0.updated_at 
    from
        chat_messages cm1_0 
    join
        members s1_0 
            on s1_0.id=cm1_0.sender_member_id 
    order by
        cm1_0.created_at desc 
    limit
        ?
2026-09-13T23:12:04.363+07:00 DEBUG 2616 --- [tea-attendance-api] [nio-8080-exec-4] m.m.a.RequestResponseBodyMethodProcessor : Using 'application/json', given [*/*] and supported [application/json, application/*+json]
2026-09-13T23:12:04.364+07:00 DEBUG 2616 --- [tea-attendance-api] [nio-8080-exec-4] m.m.a.RequestResponseBodyMethodProcessor : Writing [[DrinkCatalogResponse[id=1, name=Tra da, price=5000, icon=?, active=true], DrinkCatalogResponse[id= (truncated)...]
2026-09-13T23:12:04.364+07:00 DEBUG 2616 --- [tea-attendance-api] [nio-8080-exec-1] org.hibernate.SQL                        : 
    select
        a1_0.message_id,
        a1_0.id,
        a1_0.byte_size,
        a1_0.content_type,
        a1_0.created_at,
        a1_0.original_filename,
        a1_0.storage_key 
    from
        chat_attachments a1_0 
    where
        a1_0.message_id=? 
    order by
        a1_0.id
2026-09-13T23:12:04.365+07:00 DEBUG 2616 --- [tea-attendance-api] [nio-8080-exec-4] o.s.web.servlet.DispatcherServlet        : Completed 200 OK
2026-09-13T23:12:04.369+07:00 DEBUG 2616 --- [tea-attendance-api] [nio-8080-exec-1] org.hibernate.SQL                        : 
    select
        a1_0.message_id,
        a1_0.id,
        a1_0.byte_size,
        a1_0.content_type,
        a1_0.created_at,
        a1_0.original_filename,
        a1_0.storage_key 
    from
        chat_attachments a1_0 
    where
        a1_0.message_id=? 
    order by
        a1_0.id
2026-09-13T23:12:04.374+07:00 DEBUG 2616 --- [tea-attendance-api] [nio-8080-exec-9] m.m.a.RequestResponseBodyMethodProcessor : Using 'application/json', given [*/*] and supported [application/json, application/*+json]
2026-09-13T23:12:04.374+07:00 DEBUG 2616 --- [tea-attendance-api] [nio-8080-exec-5] m.m.a.RequestResponseBodyMethodProcessor : Using 'application/json', given [*/*] and supported [application/json, application/*+json]
2026-09-13T23:12:04.374+07:00 DEBUG 2616 --- [tea-attendance-api] [nio-8080-exec-9] m.m.a.RequestResponseBodyMethodProcessor : Writing [[]]
2026-09-13T23:12:04.375+07:00 DEBUG 2616 --- [tea-attendance-api] [nio-8080-exec-5] m.m.a.RequestResponseBodyMethodProcessor : Writing [[MemberResponse[id=4, displayName=H??ng, email=huong@example.test, bankName=Techcombank, bankBin=970 (truncated)...]
2026-09-13T23:12:04.376+07:00 DEBUG 2616 --- [tea-attendance-api] [nio-8080-exec-9] o.s.web.servlet.DispatcherServlet        : Completed 200 OK
2026-09-13T23:12:04.376+07:00 DEBUG 2616 --- [tea-attendance-api] [nio-8080-exec-5] o.s.web.servlet.DispatcherServlet        : Completed 200 OK
2026-09-13T23:12:04.383+07:00 DEBUG 2616 --- [tea-attendance-api] [nio-8080-exec-3] m.m.a.RequestResponseBodyMethodProcessor : Using 'application/json', given [*/*] and supported [application/json, application/*+json]
2026-09-13T23:12:04.383+07:00 DEBUG 2616 --- [tea-attendance-api] [nio-8080-exec-3] m.m.a.RequestResponseBodyMethodProcessor : Writing [[ExpenseResponse[id=1, orderDate=2026-09-12, payer=MemberBriefResponse[id=2, displayName=Linh Chi],  (truncated)...]
2026-09-13T23:12:04.384+07:00 DEBUG 2616 --- [tea-attendance-api] [nio-8080-exec-3] o.s.web.servlet.DispatcherServlet        : Completed 200 OK
2026-09-13T23:12:04.386+07:00 DEBUG 2616 --- [tea-attendance-api] [nio-8080-exec-1] m.m.a.RequestResponseBodyMethodProcessor : Using 'application/json', given [*/*] and supported [application/json, application/*+json]
2026-09-13T23:12:04.386+07:00 DEBUG 2616 --- [tea-attendance-api] [nio-8080-exec-1] m.m.a.RequestResponseBodyMethodProcessor : Writing [[ChatMessageResponse[id=2, sender=MemberBriefResponse[id=1, displayName=Minh Anh], content=alo, atta (truncated)...]
2026-09-13T23:12:04.387+07:00 DEBUG 2616 --- [tea-attendance-api] [nio-8080-exec-1] o.s.web.servlet.DispatcherServlet        : Completed 200 OK
2026-09-13T23:14:11.299+07:00 DEBUG 2616 --- [tea-attendance-api] [nio-8080-exec-9] o.s.web.servlet.DispatcherServlet        : GET "/api/drinks?includeInactive=true", parameters={masked}
2026-09-13T23:14:11.299+07:00 DEBUG 2616 --- [tea-attendance-api] [nio-8080-exec-4] o.s.web.servlet.DispatcherServlet        : GET "/api/members", parameters={}
2026-09-13T23:14:11.299+07:00 DEBUG 2616 --- [tea-attendance-api] [nio-8080-exec-9] s.w.s.m.m.a.RequestMappingHandlerMapping : Mapped to com.trasua.api.DrinkCatalogController#list(boolean)
2026-09-13T23:14:11.299+07:00 DEBUG 2616 --- [tea-attendance-api] [nio-8080-exec-4] s.w.s.m.m.a.RequestMappingHandlerMapping : Mapped to com.trasua.api.MemberController#list(boolean)
2026-09-13T23:14:11.302+07:00 DEBUG 2616 --- [tea-attendance-api] [nio-8080-exec-3] o.s.web.servlet.DispatcherServlet        : GET "/api/chat/messages", parameters={}
2026-09-13T23:14:11.302+07:00 DEBUG 2616 --- [tea-attendance-api] [nio-8080-exec-5] o.s.web.servlet.DispatcherServlet        : GET "/api/expenses/range?from=2026-09-07&to=2026-09-13", parameters={masked}
2026-09-13T23:14:11.302+07:00 DEBUG 2616 --- [tea-attendance-api] [nio-8080-exec-3] s.w.s.m.m.a.RequestMappingHandlerMapping : Mapped to com.trasua.api.ChatController#list(Instant, int)
2026-09-13T23:14:11.302+07:00 DEBUG 2616 --- [tea-attendance-api] [nio-8080-exec-5] s.w.s.m.m.a.RequestMappingHandlerMapping : Mapped to com.trasua.api.ExpenseController#range(LocalDate, LocalDate)
2026-09-13T23:14:11.302+07:00 DEBUG 2616 --- [tea-attendance-api] [nio-8080-exec-1] o.s.web.servlet.DispatcherServlet        : GET "/api/notifications?memberId=6", parameters={masked}
2026-09-13T23:14:11.302+07:00 DEBUG 2616 --- [tea-attendance-api] [nio-8080-exec-1] s.w.s.m.m.a.RequestMappingHandlerMapping : Mapped to com.trasua.api.NotificationController#list(Long)
2026-09-13T23:14:11.309+07:00 DEBUG 2616 --- [tea-attendance-api] [nio-8080-exec-9] org.hibernate.SQL                        : 
    select
        dci1_0.id,
        dci1_0.active,
        dci1_0.created_at,
        dci1_0.icon,
        dci1_0.name,
        dci1_0.price,
        dci1_0.updated_at 
    from
        drink_catalog dci1_0
2026-09-13T23:14:11.309+07:00 DEBUG 2616 --- [tea-attendance-api] [nio-8080-exec-3] org.hibernate.SQL                        : 
    select
        cm1_0.id,
        cm1_0.content,
        cm1_0.created_at,
        cm1_0.sender_member_id,
        s1_0.id,
        s1_0.account_name,
        s1_0.account_number,
        s1_0.active,
        s1_0.bank_bin,
        s1_0.bank_name,
        s1_0.created_at,
        s1_0.display_name,
        s1_0.email,
        s1_0.password_hash,
        s1_0.qr_code_url,
        s1_0.reset_code_expires_at,
        s1_0.reset_code_hash,
        s1_0.role,
        s1_0.updated_at 
    from
        chat_messages cm1_0 
    join
        members s1_0 
            on s1_0.id=cm1_0.sender_member_id 
    order by
        cm1_0.created_at desc 
    limit
        ?
2026-09-13T23:14:11.309+07:00 DEBUG 2616 --- [tea-attendance-api] [nio-8080-exec-5] org.hibernate.SQL                        : 
    select
        distinct do1_0.id,
        do1_0.created_at,
        i1_0.order_id,
        i1_0.id,
        i1_0.consumer_member_id,
        c1_0.id,
        c1_0.account_name,
        c1_0.account_number,
        c1_0.active,
        c1_0.bank_bin,
        c1_0.bank_name,
        c1_0.created_at,
        c1_0.display_name,
        c1_0.email,
        c1_0.password_hash,
        c1_0.qr_code_url,
        c1_0.reset_code_expires_at,
        c1_0.reset_code_hash,
        c1_0.role,
        c1_0.updated_at,
        i1_0.drink_name,
        i1_0.line_total,
        i1_0.quantity,
        i1_0.unit_price,
        do1_0.note,
        do1_0.order_date,
        do1_0.payer_member_id,
        p1_0.id,
        p1_0.account_name,
        p1_0.account_number,
        p1_0.active,
        p1_0.bank_bin,
        p1_0.bank_name,
        p1_0.created_at,
        p1_0.display_name,
        p1_0.email,
        p1_0.password_hash,
        p1_0.qr_code_url,
        p1_0.reset_code_expires_at,
        p1_0.reset_code_hash,
        p1_0.role,
        p1_0.updated_at,
        do1_0.total_amount,
        do1_0.updated_at 
    from
        drink_orders do1_0 
    join
        members p1_0 
            on p1_0.id=do1_0.payer_member_id 
    left join
        order_items i1_0 
            on do1_0.id=i1_0.order_id 
    left join
        members c1_0 
            on c1_0.id=i1_0.consumer_member_id 
    where
        do1_0.order_date between ? and ? 
    order by
        do1_0.order_date,
        do1_0.id
2026-09-13T23:14:11.309+07:00 DEBUG 2616 --- [tea-attendance-api] [nio-8080-exec-1] org.hibernate.SQL                        : 
    select
        n1_0.id,
        n1_0.body,
        n1_0.created_at,
        n1_0.read_at,
        n1_0.recipient_member_id,
        r1_0.id,
        r1_0.account_name,
        r1_0.account_number,
        r1_0.active,
        r1_0.bank_bin,
        r1_0.bank_name,
        r1_0.created_at,
        r1_0.display_name,
        r1_0.email,
        r1_0.password_hash,
        r1_0.qr_code_url,
        r1_0.reset_code_expires_at,
        r1_0.reset_code_hash,
        r1_0.role,
        r1_0.updated_at,
        n1_0.settlement_id,
        n1_0.title,
        n1_0.transfer_id,
        n1_0.type 
    from
        notifications n1_0 
    join
        members r1_0 
            on r1_0.id=n1_0.recipient_member_id 
    where
        r1_0.id=? 
    order by
        n1_0.created_at desc
2026-09-13T23:14:11.309+07:00 DEBUG 2616 --- [tea-attendance-api] [nio-8080-exec-4] org.hibernate.SQL                        : 
    select
        m1_0.id,
        m1_0.account_name,
        m1_0.account_number,
        m1_0.active,
        m1_0.bank_bin,
        m1_0.bank_name,
        m1_0.created_at,
        m1_0.display_name,
        m1_0.email,
        m1_0.password_hash,
        m1_0.qr_code_url,
        m1_0.reset_code_expires_at,
        m1_0.reset_code_hash,
        m1_0.role,
        m1_0.updated_at 
    from
        members m1_0 
    where
        m1_0.active 
    order by
        m1_0.display_name
2026-09-13T23:14:11.314+07:00 DEBUG 2616 --- [tea-attendance-api] [nio-8080-exec-3] org.hibernate.SQL                        : 
    select
        a1_0.message_id,
        a1_0.id,
        a1_0.byte_size,
        a1_0.content_type,
        a1_0.created_at,
        a1_0.original_filename,
        a1_0.storage_key 
    from
        chat_attachments a1_0 
    where
        a1_0.message_id=? 
    order by
        a1_0.id
2026-09-13T23:14:11.317+07:00 DEBUG 2616 --- [tea-attendance-api] [nio-8080-exec-3] org.hibernate.SQL                        : 
    select
        a1_0.message_id,
        a1_0.id,
        a1_0.byte_size,
        a1_0.content_type,
        a1_0.created_at,
        a1_0.original_filename,
        a1_0.storage_key 
    from
        chat_attachments a1_0 
    where
        a1_0.message_id=? 
    order by
        a1_0.id
2026-09-13T23:14:11.321+07:00 DEBUG 2616 --- [tea-attendance-api] [nio-8080-exec-9] m.m.a.RequestResponseBodyMethodProcessor : Using 'application/json', given [*/*] and supported [application/json, application/*+json]
2026-09-13T23:14:11.321+07:00 DEBUG 2616 --- [tea-attendance-api] [nio-8080-exec-1] m.m.a.RequestResponseBodyMethodProcessor : Using 'application/json', given [*/*] and supported [application/json, application/*+json]
2026-09-13T23:14:11.321+07:00 DEBUG 2616 --- [tea-attendance-api] [nio-8080-exec-4] m.m.a.RequestResponseBodyMethodProcessor : Using 'application/json', given [*/*] and supported [application/json, application/*+json]
2026-09-13T23:14:11.321+07:00 DEBUG 2616 --- [tea-attendance-api] [nio-8080-exec-1] m.m.a.RequestResponseBodyMethodProcessor : Writing [[]]
2026-09-13T23:14:11.321+07:00 DEBUG 2616 --- [tea-attendance-api] [nio-8080-exec-9] m.m.a.RequestResponseBodyMethodProcessor : Writing [[DrinkCatalogResponse[id=1, name=Tra da, price=5000, icon=?, active=true], DrinkCatalogResponse[id= (truncated)...]
2026-09-13T23:14:11.321+07:00 DEBUG 2616 --- [tea-attendance-api] [nio-8080-exec-4] m.m.a.RequestResponseBodyMethodProcessor : Writing [[MemberResponse[id=4, displayName=H??ng, email=huong@example.test, bankName=Techcombank, bankBin=970 (truncated)...]
2026-09-13T23:14:11.322+07:00 DEBUG 2616 --- [tea-attendance-api] [nio-8080-exec-9] o.s.web.servlet.DispatcherServlet        : Completed 200 OK
2026-09-13T23:14:11.322+07:00 DEBUG 2616 --- [tea-attendance-api] [nio-8080-exec-1] o.s.web.servlet.DispatcherServlet        : Completed 200 OK
2026-09-13T23:14:11.322+07:00 DEBUG 2616 --- [tea-attendance-api] [nio-8080-exec-4] o.s.web.servlet.DispatcherServlet        : Completed 200 OK
2026-09-13T23:14:11.326+07:00 DEBUG 2616 --- [tea-attendance-api] [nio-8080-exec-5] m.m.a.RequestResponseBodyMethodProcessor : Using 'application/json', given [*/*] and supported [application/json, application/*+json]
2026-09-13T23:14:11.326+07:00 DEBUG 2616 --- [tea-attendance-api] [nio-8080-exec-5] m.m.a.RequestResponseBodyMethodProcessor : Writing [[ExpenseResponse[id=1, orderDate=2026-09-12, payer=MemberBriefResponse[id=2, displayName=Linh Chi],  (truncated)...]
2026-09-13T23:14:11.327+07:00 DEBUG 2616 --- [tea-attendance-api] [nio-8080-exec-5] o.s.web.servlet.DispatcherServlet        : Completed 200 OK
2026-09-13T23:14:11.329+07:00 DEBUG 2616 --- [tea-attendance-api] [nio-8080-exec-3] m.m.a.RequestResponseBodyMethodProcessor : Using 'application/json', given [*/*] and supported [application/json, application/*+json]
2026-09-13T23:14:11.329+07:00 DEBUG 2616 --- [tea-attendance-api] [nio-8080-exec-3] m.m.a.RequestResponseBodyMethodProcessor : Writing [[ChatMessageResponse[id=2, sender=MemberBriefResponse[id=1, displayName=Minh Anh], content=alo, atta (truncated)...]
2026-09-13T23:14:11.330+07:00 DEBUG 2616 --- [tea-attendance-api] [nio-8080-exec-3] o.s.web.servlet.DispatcherServlet        : Completed 200 OK
2026-09-13T23:14:26.307+07:00 DEBUG 2616 --- [tea-attendance-api] [nio-8080-exec-2] o.s.web.servlet.DispatcherServlet        : GET "/api/members", parameters={}
2026-09-13T23:14:26.307+07:00 DEBUG 2616 --- [tea-attendance-api] [nio-8080-exec-2] s.w.s.m.m.a.RequestMappingHandlerMapping : Mapped to com.trasua.api.MemberController#list(boolean)
2026-09-13T23:14:26.310+07:00 DEBUG 2616 --- [tea-attendance-api] [nio-8080-exec-6] o.s.web.servlet.DispatcherServlet        : GET "/api/drinks?includeInactive=true", parameters={masked}
2026-09-13T23:14:26.310+07:00 DEBUG 2616 --- [tea-attendance-api] [nio-8080-exec-6] s.w.s.m.m.a.RequestMappingHandlerMapping : Mapped to com.trasua.api.DrinkCatalogController#list(boolean)
2026-09-13T23:14:26.311+07:00 DEBUG 2616 --- [tea-attendance-api] [io-8080-exec-10] o.s.web.servlet.DispatcherServlet        : GET "/api/expenses/range?from=2026-09-07&to=2026-09-13", parameters={masked}
2026-09-13T23:14:26.312+07:00 DEBUG 2616 --- [tea-attendance-api] [io-8080-exec-10] s.w.s.m.m.a.RequestMappingHandlerMapping : Mapped to com.trasua.api.ExpenseController#range(LocalDate, LocalDate)
2026-09-13T23:14:26.316+07:00 DEBUG 2616 --- [tea-attendance-api] [nio-8080-exec-2] org.hibernate.SQL                        : 
    select
        m1_0.id,
        m1_0.account_name,
        m1_0.account_number,
        m1_0.active,
        m1_0.bank_bin,
        m1_0.bank_name,
        m1_0.created_at,
        m1_0.display_name,
        m1_0.email,
        m1_0.password_hash,
        m1_0.qr_code_url,
        m1_0.reset_code_expires_at,
        m1_0.reset_code_hash,
        m1_0.role,
        m1_0.updated_at 
    from
        members m1_0 
    where
        m1_0.active 
    order by
        m1_0.display_name
2026-09-13T23:14:26.318+07:00 DEBUG 2616 --- [tea-attendance-api] [nio-8080-exec-6] org.hibernate.SQL                        : 
    select
        dci1_0.id,
        dci1_0.active,
        dci1_0.created_at,
        dci1_0.icon,
        dci1_0.name,
        dci1_0.price,
        dci1_0.updated_at 
    from
        drink_catalog dci1_0
2026-09-13T23:14:26.320+07:00 DEBUG 2616 --- [tea-attendance-api] [nio-8080-exec-8] o.s.web.servlet.DispatcherServlet        : GET "/api/chat/messages", parameters={}
2026-09-13T23:14:26.320+07:00 DEBUG 2616 --- [tea-attendance-api] [nio-8080-exec-8] s.w.s.m.m.a.RequestMappingHandlerMapping : Mapped to com.trasua.api.ChatController#list(Instant, int)
2026-09-13T23:14:26.321+07:00 DEBUG 2616 --- [tea-attendance-api] [io-8080-exec-10] org.hibernate.SQL                        : 
    select
        distinct do1_0.id,
        do1_0.created_at,
        i1_0.order_id,
        i1_0.id,
        i1_0.consumer_member_id,
        c1_0.id,
        c1_0.account_name,
        c1_0.account_number,
        c1_0.active,
        c1_0.bank_bin,
        c1_0.bank_name,
        c1_0.created_at,
        c1_0.display_name,
        c1_0.email,
        c1_0.password_hash,
        c1_0.qr_code_url,
        c1_0.reset_code_expires_at,
        c1_0.reset_code_hash,
        c1_0.role,
        c1_0.updated_at,
        i1_0.drink_name,
        i1_0.line_total,
        i1_0.quantity,
        i1_0.unit_price,
        do1_0.note,
        do1_0.order_date,
        do1_0.payer_member_id,
        p1_0.id,
        p1_0.account_name,
        p1_0.account_number,
        p1_0.active,
        p1_0.bank_bin,
        p1_0.bank_name,
        p1_0.created_at,
        p1_0.display_name,
        p1_0.email,
        p1_0.password_hash,
        p1_0.qr_code_url,
        p1_0.reset_code_expires_at,
        p1_0.reset_code_hash,
        p1_0.role,
        p1_0.updated_at,
        do1_0.total_amount,
        do1_0.updated_at 
    from
        drink_orders do1_0 
    join
        members p1_0 
            on p1_0.id=do1_0.payer_member_id 
    left join
        order_items i1_0 
            on do1_0.id=i1_0.order_id 
    left join
        members c1_0 
            on c1_0.id=i1_0.consumer_member_id 
    where
        do1_0.order_date between ? and ? 
    order by
        do1_0.order_date,
        do1_0.id
2026-09-13T23:14:26.327+07:00 DEBUG 2616 --- [tea-attendance-api] [nio-8080-exec-7] o.s.web.servlet.DispatcherServlet        : GET "/api/notifications?memberId=6", parameters={masked}
2026-09-13T23:14:26.327+07:00 DEBUG 2616 --- [tea-attendance-api] [nio-8080-exec-7] s.w.s.m.m.a.RequestMappingHandlerMapping : Mapped to com.trasua.api.NotificationController#list(Long)
2026-09-13T23:14:26.330+07:00 DEBUG 2616 --- [tea-attendance-api] [nio-8080-exec-8] org.hibernate.SQL                        : 
    select
        cm1_0.id,
        cm1_0.content,
        cm1_0.created_at,
        cm1_0.sender_member_id,
        s1_0.id,
        s1_0.account_name,
        s1_0.account_number,
        s1_0.active,
        s1_0.bank_bin,
        s1_0.bank_name,
        s1_0.created_at,
        s1_0.display_name,
        s1_0.email,
        s1_0.password_hash,
        s1_0.qr_code_url,
        s1_0.reset_code_expires_at,
        s1_0.reset_code_hash,
        s1_0.role,
        s1_0.updated_at 
    from
        chat_messages cm1_0 
    join
        members s1_0 
            on s1_0.id=cm1_0.sender_member_id 
    order by
        cm1_0.created_at desc 
    limit
        ?
2026-09-13T23:14:26.337+07:00 DEBUG 2616 --- [tea-attendance-api] [nio-8080-exec-6] m.m.a.RequestResponseBodyMethodProcessor : Using 'application/json', given [*/*] and supported [application/json, application/*+json]
2026-09-13T23:14:26.337+07:00 DEBUG 2616 --- [tea-attendance-api] [nio-8080-exec-2] m.m.a.RequestResponseBodyMethodProcessor : Using 'application/json', given [*/*] and supported [application/json, application/*+json]
2026-09-13T23:14:26.337+07:00 DEBUG 2616 --- [tea-attendance-api] [nio-8080-exec-2] m.m.a.RequestResponseBodyMethodProcessor : Writing [[MemberResponse[id=4, displayName=H??ng, email=huong@example.test, bankName=Techcombank, bankBin=970 (truncated)...]
2026-09-13T23:14:26.337+07:00 DEBUG 2616 --- [tea-attendance-api] [nio-8080-exec-6] m.m.a.RequestResponseBodyMethodProcessor : Writing [[DrinkCatalogResponse[id=1, name=Tra da, price=5000, icon=?, active=true], DrinkCatalogResponse[id= (truncated)...]
2026-09-13T23:14:26.338+07:00 DEBUG 2616 --- [tea-attendance-api] [nio-8080-exec-8] org.hibernate.SQL                        : 
    select
        a1_0.message_id,
        a1_0.id,
        a1_0.byte_size,
        a1_0.content_type,
        a1_0.created_at,
        a1_0.original_filename,
        a1_0.storage_key 
    from
        chat_attachments a1_0 
    where
        a1_0.message_id=? 
    order by
        a1_0.id
2026-09-13T23:14:26.338+07:00 DEBUG 2616 --- [tea-attendance-api] [nio-8080-exec-2] o.s.web.servlet.DispatcherServlet        : Completed 200 OK
2026-09-13T23:14:26.338+07:00 DEBUG 2616 --- [tea-attendance-api] [nio-8080-exec-6] o.s.web.servlet.DispatcherServlet        : Completed 200 OK
2026-09-13T23:14:26.341+07:00 DEBUG 2616 --- [tea-attendance-api] [io-8080-exec-10] m.m.a.RequestResponseBodyMethodProcessor : Using 'application/json', given [*/*] and supported [application/json, application/*+json]
2026-09-13T23:14:26.341+07:00 DEBUG 2616 --- [tea-attendance-api] [nio-8080-exec-8] org.hibernate.SQL                        : 
    select
        a1_0.message_id,
        a1_0.id,
        a1_0.byte_size,
        a1_0.content_type,
        a1_0.created_at,
        a1_0.original_filename,
        a1_0.storage_key 
    from
        chat_attachments a1_0 
    where
        a1_0.message_id=? 
    order by
        a1_0.id
2026-09-13T23:14:26.341+07:00 DEBUG 2616 --- [tea-attendance-api] [nio-8080-exec-7] org.hibernate.SQL                        : 
    select
        n1_0.id,
        n1_0.body,
        n1_0.created_at,
        n1_0.read_at,
        n1_0.recipient_member_id,
        r1_0.id,
        r1_0.account_name,
        r1_0.account_number,
        r1_0.active,
        r1_0.bank_bin,
        r1_0.bank_name,
        r1_0.created_at,
        r1_0.display_name,
        r1_0.email,
        r1_0.password_hash,
        r1_0.qr_code_url,
        r1_0.reset_code_expires_at,
        r1_0.reset_code_hash,
        r1_0.role,
        r1_0.updated_at,
        n1_0.settlement_id,
        n1_0.title,
        n1_0.transfer_id,
        n1_0.type 
    from
        notifications n1_0 
    join
        members r1_0 
            on r1_0.id=n1_0.recipient_member_id 
    where
        r1_0.id=? 
    order by
        n1_0.created_at desc
2026-09-13T23:14:26.341+07:00 DEBUG 2616 --- [tea-attendance-api] [io-8080-exec-10] m.m.a.RequestResponseBodyMethodProcessor : Writing [[ExpenseResponse[id=1, orderDate=2026-09-12, payer=MemberBriefResponse[id=2, displayName=Linh Chi],  (truncated)...]
2026-09-13T23:14:26.341+07:00 DEBUG 2616 --- [tea-attendance-api] [io-8080-exec-10] o.s.web.servlet.DispatcherServlet        : Completed 200 OK
2026-09-13T23:14:26.354+07:00 DEBUG 2616 --- [tea-attendance-api] [nio-8080-exec-7] m.m.a.RequestResponseBodyMethodProcessor : Using 'application/json', given [*/*] and supported [application/json, application/*+json]
2026-09-13T23:14:26.354+07:00 DEBUG 2616 --- [tea-attendance-api] [nio-8080-exec-8] m.m.a.RequestResponseBodyMethodProcessor : Using 'application/json', given [*/*] and supported [application/json, application/*+json]
2026-09-13T23:14:26.354+07:00 DEBUG 2616 --- [tea-attendance-api] [nio-8080-exec-7] m.m.a.RequestResponseBodyMethodProcessor : Writing [[]]
2026-09-13T23:14:26.354+07:00 DEBUG 2616 --- [tea-attendance-api] [nio-8080-exec-8] m.m.a.RequestResponseBodyMethodProcessor : Writing [[ChatMessageResponse[id=2, sender=MemberBriefResponse[id=1, displayName=Minh Anh], content=alo, atta (truncated)...]
2026-09-13T23:14:26.354+07:00 DEBUG 2616 --- [tea-attendance-api] [nio-8080-exec-8] o.s.web.servlet.DispatcherServlet        : Completed 200 OK
2026-09-13T23:14:26.354+07:00 DEBUG 2616 --- [tea-attendance-api] [nio-8080-exec-7] o.s.web.servlet.DispatcherServlet        : Completed 200 OK
2026-09-13T23:14:41.298+07:00 DEBUG 2616 --- [tea-attendance-api] [nio-8080-exec-1] o.s.web.servlet.DispatcherServlet        : GET "/api/members", parameters={}
2026-09-13T23:14:41.298+07:00 DEBUG 2616 --- [tea-attendance-api] [nio-8080-exec-1] s.w.s.m.m.a.RequestMappingHandlerMapping : Mapped to com.trasua.api.MemberController#list(boolean)
2026-09-13T23:14:41.301+07:00 DEBUG 2616 --- [tea-attendance-api] [nio-8080-exec-4] o.s.web.servlet.DispatcherServlet        : GET "/api/drinks?includeInactive=true", parameters={masked}
2026-09-13T23:14:41.301+07:00 DEBUG 2616 --- [tea-attendance-api] [nio-8080-exec-4] s.w.s.m.m.a.RequestMappingHandlerMapping : Mapped to com.trasua.api.DrinkCatalogController#list(boolean)
2026-09-13T23:14:41.302+07:00 DEBUG 2616 --- [tea-attendance-api] [nio-8080-exec-9] o.s.web.servlet.DispatcherServlet        : GET "/api/expenses/range?from=2026-09-07&to=2026-09-13", parameters={masked}
2026-09-13T23:14:41.303+07:00 DEBUG 2616 --- [tea-attendance-api] [nio-8080-exec-9] s.w.s.m.m.a.RequestMappingHandlerMapping : Mapped to com.trasua.api.ExpenseController#range(LocalDate, LocalDate)
2026-09-13T23:14:41.307+07:00 DEBUG 2616 --- [tea-attendance-api] [nio-8080-exec-5] o.s.web.servlet.DispatcherServlet        : GET "/api/chat/messages", parameters={}
2026-09-13T23:14:41.307+07:00 DEBUG 2616 --- [tea-attendance-api] [nio-8080-exec-5] s.w.s.m.m.a.RequestMappingHandlerMapping : Mapped to com.trasua.api.ChatController#list(Instant, int)
2026-09-13T23:14:41.308+07:00 DEBUG 2616 --- [tea-attendance-api] [nio-8080-exec-1] org.hibernate.SQL                        : 
    select
        m1_0.id,
        m1_0.account_name,
        m1_0.account_number,
        m1_0.active,
        m1_0.bank_bin,
        m1_0.bank_name,
        m1_0.created_at,
        m1_0.display_name,
        m1_0.email,
        m1_0.password_hash,
        m1_0.qr_code_url,
        m1_0.reset_code_expires_at,
        m1_0.reset_code_hash,
        m1_0.role,
        m1_0.updated_at 
    from
        members m1_0 
    where
        m1_0.active 
    order by
        m1_0.display_name
2026-09-13T23:14:41.309+07:00 DEBUG 2616 --- [tea-attendance-api] [nio-8080-exec-3] o.s.web.servlet.DispatcherServlet        : GET "/api/notifications?memberId=6", parameters={masked}
2026-09-13T23:14:41.309+07:00 DEBUG 2616 --- [tea-attendance-api] [nio-8080-exec-3] s.w.s.m.m.a.RequestMappingHandlerMapping : Mapped to com.trasua.api.NotificationController#list(Long)
2026-09-13T23:14:41.312+07:00 DEBUG 2616 --- [tea-attendance-api] [nio-8080-exec-4] org.hibernate.SQL                        : 
    select
        dci1_0.id,
        dci1_0.active,
        dci1_0.created_at,
        dci1_0.icon,
        dci1_0.name,
        dci1_0.price,
        dci1_0.updated_at 
    from
        drink_catalog dci1_0
2026-09-13T23:14:41.314+07:00 DEBUG 2616 --- [tea-attendance-api] [nio-8080-exec-9] org.hibernate.SQL                        : 
    select
        distinct do1_0.id,
        do1_0.created_at,
        i1_0.order_id,
        i1_0.id,
        i1_0.consumer_member_id,
        c1_0.id,
        c1_0.account_name,
        c1_0.account_number,
        c1_0.active,
        c1_0.bank_bin,
        c1_0.bank_name,
        c1_0.created_at,
        c1_0.display_name,
        c1_0.email,
        c1_0.password_hash,
        c1_0.qr_code_url,
        c1_0.reset_code_expires_at,
        c1_0.reset_code_hash,
        c1_0.role,
        c1_0.updated_at,
        i1_0.drink_name,
        i1_0.line_total,
        i1_0.quantity,
        i1_0.unit_price,
        do1_0.note,
        do1_0.order_date,
        do1_0.payer_member_id,
        p1_0.id,
        p1_0.account_name,
        p1_0.account_number,
        p1_0.active,
        p1_0.bank_bin,
        p1_0.bank_name,
        p1_0.created_at,
        p1_0.display_name,
        p1_0.email,
        p1_0.password_hash,
        p1_0.qr_code_url,
        p1_0.reset_code_expires_at,
        p1_0.reset_code_hash,
        p1_0.role,
        p1_0.updated_at,
        do1_0.total_amount,
        do1_0.updated_at 
    from
        drink_orders do1_0 
    join
        members p1_0 
            on p1_0.id=do1_0.payer_member_id 
    left join
        order_items i1_0 
            on do1_0.id=i1_0.order_id 
    left join
        members c1_0 
            on c1_0.id=i1_0.consumer_member_id 
    where
        do1_0.order_date between ? and ? 
    order by
        do1_0.order_date,
        do1_0.id
2026-09-13T23:14:41.318+07:00 DEBUG 2616 --- [tea-attendance-api] [nio-8080-exec-5] org.hibernate.SQL                        : 
    select
        cm1_0.id,
        cm1_0.content,
        cm1_0.created_at,
        cm1_0.sender_member_id,
        s1_0.id,
        s1_0.account_name,
        s1_0.account_number,
        s1_0.active,
        s1_0.bank_bin,
        s1_0.bank_name,
        s1_0.created_at,
        s1_0.display_name,
        s1_0.email,
        s1_0.password_hash,
        s1_0.qr_code_url,
        s1_0.reset_code_expires_at,
        s1_0.reset_code_hash,
        s1_0.role,
        s1_0.updated_at 
    from
        chat_messages cm1_0 
    join
        members s1_0 
            on s1_0.id=cm1_0.sender_member_id 
    order by
        cm1_0.created_at desc 
    limit
        ?
2026-09-13T23:14:41.318+07:00 DEBUG 2616 --- [tea-attendance-api] [nio-8080-exec-3] org.hibernate.SQL                        : 
    select
        n1_0.id,
        n1_0.body,
        n1_0.created_at,
        n1_0.read_at,
        n1_0.recipient_member_id,
        r1_0.id,
        r1_0.account_name,
        r1_0.account_number,
        r1_0.active,
        r1_0.bank_bin,
        r1_0.bank_name,
        r1_0.created_at,
        r1_0.display_name,
        r1_0.email,
        r1_0.password_hash,
        r1_0.qr_code_url,
        r1_0.reset_code_expires_at,
        r1_0.reset_code_hash,
        r1_0.role,
        r1_0.updated_at,
        n1_0.settlement_id,
        n1_0.title,
        n1_0.transfer_id,
        n1_0.type 
    from
        notifications n1_0 
    join
        members r1_0 
            on r1_0.id=n1_0.recipient_member_id 
    where
        r1_0.id=? 
    order by
        n1_0.created_at desc
2026-09-13T23:14:41.324+07:00 DEBUG 2616 --- [tea-attendance-api] [nio-8080-exec-4] m.m.a.RequestResponseBodyMethodProcessor : Using 'application/json', given [*/*] and supported [application/json, application/*+json]
2026-09-13T23:14:41.324+07:00 DEBUG 2616 --- [tea-attendance-api] [nio-8080-exec-1] m.m.a.RequestResponseBodyMethodProcessor : Using 'application/json', given [*/*] and supported [application/json, application/*+json]
2026-09-13T23:14:41.324+07:00 DEBUG 2616 --- [tea-attendance-api] [nio-8080-exec-4] m.m.a.RequestResponseBodyMethodProcessor : Writing [[DrinkCatalogResponse[id=1, name=Tra da, price=5000, icon=?, active=true], DrinkCatalogResponse[id= (truncated)...]
2026-09-13T23:14:41.324+07:00 DEBUG 2616 --- [tea-attendance-api] [nio-8080-exec-1] m.m.a.RequestResponseBodyMethodProcessor : Writing [[MemberResponse[id=4, displayName=H??ng, email=huong@example.test, bankName=Techcombank, bankBin=970 (truncated)...]
2026-09-13T23:14:41.324+07:00 DEBUG 2616 --- [tea-attendance-api] [nio-8080-exec-5] org.hibernate.SQL                        : 
    select
        a1_0.message_id,
        a1_0.id,
        a1_0.byte_size,
        a1_0.content_type,
        a1_0.created_at,
        a1_0.original_filename,
        a1_0.storage_key 
    from
        chat_attachments a1_0 
    where
        a1_0.message_id=? 
    order by
        a1_0.id
2026-09-13T23:14:41.325+07:00 DEBUG 2616 --- [tea-attendance-api] [nio-8080-exec-4] o.s.web.servlet.DispatcherServlet        : Completed 200 OK
2026-09-13T23:14:41.325+07:00 DEBUG 2616 --- [tea-attendance-api] [nio-8080-exec-1] o.s.web.servlet.DispatcherServlet        : Completed 200 OK
2026-09-13T23:14:41.328+07:00 DEBUG 2616 --- [tea-attendance-api] [nio-8080-exec-5] org.hibernate.SQL                        : 
    select
        a1_0.message_id,
        a1_0.id,
        a1_0.byte_size,
        a1_0.content_type,
        a1_0.created_at,
        a1_0.original_filename,
        a1_0.storage_key 
    from
        chat_attachments a1_0 
    where
        a1_0.message_id=? 
    order by
        a1_0.id
2026-09-13T23:14:41.332+07:00 DEBUG 2616 --- [tea-attendance-api] [nio-8080-exec-9] m.m.a.RequestResponseBodyMethodProcessor : Using 'application/json', given [*/*] and supported [application/json, application/*+json]
2026-09-13T23:14:41.332+07:00 DEBUG 2616 --- [tea-attendance-api] [nio-8080-exec-9] m.m.a.RequestResponseBodyMethodProcessor : Writing [[ExpenseResponse[id=1, orderDate=2026-09-12, payer=MemberBriefResponse[id=2, displayName=Linh Chi],  (truncated)...]
2026-09-13T23:14:41.333+07:00 DEBUG 2616 --- [tea-attendance-api] [nio-8080-exec-9] o.s.web.servlet.DispatcherServlet        : Completed 200 OK
2026-09-13T23:14:41.335+07:00 DEBUG 2616 --- [tea-attendance-api] [nio-8080-exec-3] m.m.a.RequestResponseBodyMethodProcessor : Using 'application/json', given [*/*] and supported [application/json, application/*+json]
2026-09-13T23:14:41.335+07:00 DEBUG 2616 --- [tea-attendance-api] [nio-8080-exec-3] m.m.a.RequestResponseBodyMethodProcessor : Writing [[]]
2026-09-13T23:14:41.336+07:00 DEBUG 2616 --- [tea-attendance-api] [nio-8080-exec-3] o.s.web.servlet.DispatcherServlet        : Completed 200 OK
2026-09-13T23:14:41.341+07:00 DEBUG 2616 --- [tea-attendance-api] [nio-8080-exec-5] m.m.a.RequestResponseBodyMethodProcessor : Using 'application/json', given [*/*] and supported [application/json, application/*+json]
2026-09-13T23:14:41.341+07:00 DEBUG 2616 --- [tea-attendance-api] [nio-8080-exec-5] m.m.a.RequestResponseBodyMethodProcessor : Writing [[ChatMessageResponse[id=2, sender=MemberBriefResponse[id=1, displayName=Minh Anh], content=alo, atta (truncated)...]
2026-09-13T23:14:41.342+07:00 DEBUG 2616 --- [tea-attendance-api] [nio-8080-exec-5] o.s.web.servlet.DispatcherServlet        : Completed 200 OK
2026-09-13T23:14:56.328+07:00 DEBUG 2616 --- [tea-attendance-api] [nio-8080-exec-2] o.s.web.servlet.DispatcherServlet        : GET "/api/members", parameters={}
2026-09-13T23:14:56.328+07:00 DEBUG 2616 --- [tea-attendance-api] [nio-8080-exec-2] s.w.s.m.m.a.RequestMappingHandlerMapping : Mapped to com.trasua.api.MemberController#list(boolean)
2026-09-13T23:14:56.331+07:00 DEBUG 2616 --- [tea-attendance-api] [nio-8080-exec-6] o.s.web.servlet.DispatcherServlet        : GET "/api/drinks?includeInactive=true", parameters={masked}
2026-09-13T23:14:56.331+07:00 DEBUG 2616 --- [tea-attendance-api] [nio-8080-exec-6] s.w.s.m.m.a.RequestMappingHandlerMapping : Mapped to com.trasua.api.DrinkCatalogController#list(boolean)
2026-09-13T23:14:56.356+07:00 DEBUG 2616 --- [tea-attendance-api] [nio-8080-exec-6] org.hibernate.SQL                        : 
    select
        dci1_0.id,
        dci1_0.active,
        dci1_0.created_at,
        dci1_0.icon,
        dci1_0.name,
        dci1_0.price,
        dci1_0.updated_at 
    from
        drink_catalog dci1_0
2026-09-13T23:14:56.356+07:00 DEBUG 2616 --- [tea-attendance-api] [nio-8080-exec-2] org.hibernate.SQL                        : 
    select
        m1_0.id,
        m1_0.account_name,
        m1_0.account_number,
        m1_0.active,
        m1_0.bank_bin,
        m1_0.bank_name,
        m1_0.created_at,
        m1_0.display_name,
        m1_0.email,
        m1_0.password_hash,
        m1_0.qr_code_url,
        m1_0.reset_code_expires_at,
        m1_0.reset_code_hash,
        m1_0.role,
        m1_0.updated_at 
    from
        members m1_0 
    where
        m1_0.active 
    order by
        m1_0.display_name
2026-09-13T23:14:56.364+07:00 DEBUG 2616 --- [tea-attendance-api] [io-8080-exec-10] o.s.web.servlet.DispatcherServlet        : GET "/api/expenses/range?from=2026-09-07&to=2026-09-13", parameters={masked}
2026-09-13T23:14:56.364+07:00 DEBUG 2616 --- [tea-attendance-api] [io-8080-exec-10] s.w.s.m.m.a.RequestMappingHandlerMapping : Mapped to com.trasua.api.ExpenseController#range(LocalDate, LocalDate)
2026-09-13T23:14:56.377+07:00 DEBUG 2616 --- [tea-attendance-api] [nio-8080-exec-8] o.s.web.servlet.DispatcherServlet        : GET "/api/notifications?memberId=6", parameters={masked}
2026-09-13T23:14:56.377+07:00 DEBUG 2616 --- [tea-attendance-api] [nio-8080-exec-7] o.s.web.servlet.DispatcherServlet        : GET "/api/chat/messages", parameters={}
2026-09-13T23:14:56.380+07:00 DEBUG 2616 --- [tea-attendance-api] [nio-8080-exec-8] s.w.s.m.m.a.RequestMappingHandlerMapping : Mapped to com.trasua.api.NotificationController#list(Long)
2026-09-13T23:14:56.380+07:00 DEBUG 2616 --- [tea-attendance-api] [nio-8080-exec-7] s.w.s.m.m.a.RequestMappingHandlerMapping : Mapped to com.trasua.api.ChatController#list(Instant, int)
2026-09-13T23:14:56.397+07:00 DEBUG 2616 --- [tea-attendance-api] [nio-8080-exec-6] m.m.a.RequestResponseBodyMethodProcessor : Using 'application/json', given [*/*] and supported [application/json, application/*+json]
2026-09-13T23:14:56.398+07:00 DEBUG 2616 --- [tea-attendance-api] [nio-8080-exec-6] m.m.a.RequestResponseBodyMethodProcessor : Writing [[DrinkCatalogResponse[id=1, name=Tra da, price=5000, icon=?, active=true], DrinkCatalogResponse[id= (truncated)...]
2026-09-13T23:14:56.398+07:00 DEBUG 2616 --- [tea-attendance-api] [io-8080-exec-10] org.hibernate.SQL                        : 
    select
        distinct do1_0.id,
        do1_0.created_at,
        i1_0.order_id,
        i1_0.id,
        i1_0.consumer_member_id,
        c1_0.id,
        c1_0.account_name,
        c1_0.account_number,
        c1_0.active,
        c1_0.bank_bin,
        c1_0.bank_name,
        c1_0.created_at,
        c1_0.display_name,
        c1_0.email,
        c1_0.password_hash,
        c1_0.qr_code_url,
        c1_0.reset_code_expires_at,
        c1_0.reset_code_hash,
        c1_0.role,
        c1_0.updated_at,
        i1_0.drink_name,
        i1_0.line_total,
        i1_0.quantity,
        i1_0.unit_price,
        do1_0.note,
        do1_0.order_date,
        do1_0.payer_member_id,
        p1_0.id,
        p1_0.account_name,
        p1_0.account_number,
        p1_0.active,
        p1_0.bank_bin,
        p1_0.bank_name,
        p1_0.created_at,
        p1_0.display_name,
        p1_0.email,
        p1_0.password_hash,
        p1_0.qr_code_url,
        p1_0.reset_code_expires_at,
        p1_0.reset_code_hash,
        p1_0.role,
        p1_0.updated_at,
        do1_0.total_amount,
        do1_0.updated_at 
    from
        drink_orders do1_0 
    join
        members p1_0 
            on p1_0.id=do1_0.payer_member_id 
    left join
        order_items i1_0 
            on do1_0.id=i1_0.order_id 
    left join
        members c1_0 
            on c1_0.id=i1_0.consumer_member_id 
    where
        do1_0.order_date between ? and ? 
    order by
        do1_0.order_date,
        do1_0.id
2026-09-13T23:14:56.399+07:00 DEBUG 2616 --- [tea-attendance-api] [nio-8080-exec-6] o.s.web.servlet.DispatcherServlet        : Completed 200 OK
2026-09-13T23:14:56.408+07:00 DEBUG 2616 --- [tea-attendance-api] [nio-8080-exec-2] m.m.a.RequestResponseBodyMethodProcessor : Using 'application/json', given [*/*] and supported [application/json, application/*+json]
2026-09-13T23:14:56.408+07:00 DEBUG 2616 --- [tea-attendance-api] [nio-8080-exec-8] org.hibernate.SQL                        : 
    select
        n1_0.id,
        n1_0.body,
        n1_0.created_at,
        n1_0.read_at,
        n1_0.recipient_member_id,
        r1_0.id,
        r1_0.account_name,
        r1_0.account_number,
        r1_0.active,
        r1_0.bank_bin,
        r1_0.bank_name,
        r1_0.created_at,
        r1_0.display_name,
        r1_0.email,
        r1_0.password_hash,
        r1_0.qr_code_url,
        r1_0.reset_code_expires_at,
        r1_0.reset_code_hash,
        r1_0.role,
        r1_0.updated_at,
        n1_0.settlement_id,
        n1_0.title,
        n1_0.transfer_id,
        n1_0.type 
    from
        notifications n1_0 
    join
        members r1_0 
            on r1_0.id=n1_0.recipient_member_id 
    where
        r1_0.id=? 
    order by
        n1_0.created_at desc
2026-09-13T23:14:56.408+07:00 DEBUG 2616 --- [tea-attendance-api] [nio-8080-exec-7] org.hibernate.SQL                        : 
    select
        cm1_0.id,
        cm1_0.content,
        cm1_0.created_at,
        cm1_0.sender_member_id,
        s1_0.id,
        s1_0.account_name,
        s1_0.account_number,
        s1_0.active,
        s1_0.bank_bin,
        s1_0.bank_name,
        s1_0.created_at,
        s1_0.display_name,
        s1_0.email,
        s1_0.password_hash,
        s1_0.qr_code_url,
        s1_0.reset_code_expires_at,
        s1_0.reset_code_hash,
        s1_0.role,
        s1_0.updated_at 
    from
        chat_messages cm1_0 
    join
        members s1_0 
            on s1_0.id=cm1_0.sender_member_id 
    order by
        cm1_0.created_at desc 
    limit
        ?
2026-09-13T23:14:56.408+07:00 DEBUG 2616 --- [tea-attendance-api] [nio-8080-exec-2] m.m.a.RequestResponseBodyMethodProcessor : Writing [[MemberResponse[id=4, displayName=H??ng, email=huong@example.test, bankName=Techcombank, bankBin=970 (truncated)...]
2026-09-13T23:14:56.408+07:00 DEBUG 2616 --- [tea-attendance-api] [nio-8080-exec-2] o.s.web.servlet.DispatcherServlet        : Completed 200 OK
2026-09-13T23:14:56.418+07:00 DEBUG 2616 --- [tea-attendance-api] [nio-8080-exec-7] org.hibernate.SQL                        : 
    select
        a1_0.message_id,
        a1_0.id,
        a1_0.byte_size,
        a1_0.content_type,
        a1_0.created_at,
        a1_0.original_filename,
        a1_0.storage_key 
    from
        chat_attachments a1_0 
    where
        a1_0.message_id=? 
    order by
        a1_0.id
2026-09-13T23:14:56.424+07:00 DEBUG 2616 --- [tea-attendance-api] [io-8080-exec-10] m.m.a.RequestResponseBodyMethodProcessor : Using 'application/json', given [*/*] and supported [application/json, application/*+json]
2026-09-13T23:14:56.424+07:00 DEBUG 2616 --- [tea-attendance-api] [nio-8080-exec-7] org.hibernate.SQL                        : 
    select
        a1_0.message_id,
        a1_0.id,
        a1_0.byte_size,
        a1_0.content_type,
        a1_0.created_at,
        a1_0.original_filename,
        a1_0.storage_key 
    from
        chat_attachments a1_0 
    where
        a1_0.message_id=? 
    order by
        a1_0.id
2026-09-13T23:14:56.425+07:00 DEBUG 2616 --- [tea-attendance-api] [io-8080-exec-10] m.m.a.RequestResponseBodyMethodProcessor : Writing [[ExpenseResponse[id=1, orderDate=2026-09-12, payer=MemberBriefResponse[id=2, displayName=Linh Chi],  (truncated)...]
2026-09-13T23:14:56.425+07:00 DEBUG 2616 --- [tea-attendance-api] [io-8080-exec-10] o.s.web.servlet.DispatcherServlet        : Completed 200 OK
2026-09-13T23:14:56.428+07:00 DEBUG 2616 --- [tea-attendance-api] [nio-8080-exec-8] m.m.a.RequestResponseBodyMethodProcessor : Using 'application/json', given [*/*] and supported [application/json, application/*+json]
2026-09-13T23:14:56.428+07:00 DEBUG 2616 --- [tea-attendance-api] [nio-8080-exec-8] m.m.a.RequestResponseBodyMethodProcessor : Writing [[]]
2026-09-13T23:14:56.429+07:00 DEBUG 2616 --- [tea-attendance-api] [nio-8080-exec-8] o.s.web.servlet.DispatcherServlet        : Completed 200 OK
2026-09-13T23:14:56.437+07:00 DEBUG 2616 --- [tea-attendance-api] [nio-8080-exec-7] m.m.a.RequestResponseBodyMethodProcessor : Using 'application/json', given [*/*] and supported [application/json, application/*+json]
2026-09-13T23:14:56.438+07:00 DEBUG 2616 --- [tea-attendance-api] [nio-8080-exec-7] m.m.a.RequestResponseBodyMethodProcessor : Writing [[ChatMessageResponse[id=2, sender=MemberBriefResponse[id=1, displayName=Minh Anh], content=alo, atta (truncated)...]
2026-09-13T23:14:56.438+07:00 DEBUG 2616 --- [tea-attendance-api] [nio-8080-exec-7] o.s.web.servlet.DispatcherServlet        : Completed 200 OK
2026-09-13T23:15:11.311+07:00 DEBUG 2616 --- [tea-attendance-api] [nio-8080-exec-4] o.s.web.servlet.DispatcherServlet        : GET "/api/members", parameters={}
2026-09-13T23:15:11.311+07:00 DEBUG 2616 --- [tea-attendance-api] [nio-8080-exec-1] o.s.web.servlet.DispatcherServlet        : GET "/api/drinks?includeInactive=true", parameters={masked}
2026-09-13T23:15:11.311+07:00 DEBUG 2616 --- [tea-attendance-api] [nio-8080-exec-4] s.w.s.m.m.a.RequestMappingHandlerMapping : Mapped to com.trasua.api.MemberController#list(boolean)
2026-09-13T23:15:11.311+07:00 DEBUG 2616 --- [tea-attendance-api] [nio-8080-exec-1] s.w.s.m.m.a.RequestMappingHandlerMapping : Mapped to com.trasua.api.DrinkCatalogController#list(boolean)
2026-09-13T23:15:11.315+07:00 DEBUG 2616 --- [tea-attendance-api] [nio-8080-exec-9] o.s.web.servlet.DispatcherServlet        : GET "/api/expenses/range?from=2026-09-07&to=2026-09-13", parameters={masked}
2026-09-13T23:15:11.315+07:00 DEBUG 2616 --- [tea-attendance-api] [nio-8080-exec-9] s.w.s.m.m.a.RequestMappingHandlerMapping : Mapped to com.trasua.api.ExpenseController#range(LocalDate, LocalDate)
2026-09-13T23:15:11.315+07:00 DEBUG 2616 --- [tea-attendance-api] [nio-8080-exec-3] o.s.web.servlet.DispatcherServlet        : GET "/api/chat/messages", parameters={}
2026-09-13T23:15:11.316+07:00 DEBUG 2616 --- [tea-attendance-api] [nio-8080-exec-3] s.w.s.m.m.a.RequestMappingHandlerMapping : Mapped to com.trasua.api.ChatController#list(Instant, int)
2026-09-13T23:15:11.325+07:00 DEBUG 2616 --- [tea-attendance-api] [nio-8080-exec-1] org.hibernate.SQL                        : 
    select
        dci1_0.id,
        dci1_0.active,
        dci1_0.created_at,
        dci1_0.icon,
        dci1_0.name,
        dci1_0.price,
        dci1_0.updated_at 
    from
        drink_catalog dci1_0
2026-09-13T23:15:11.326+07:00 DEBUG 2616 --- [tea-attendance-api] [nio-8080-exec-4] org.hibernate.SQL                        : 
    select
        m1_0.id,
        m1_0.account_name,
        m1_0.account_number,
        m1_0.active,
        m1_0.bank_bin,
        m1_0.bank_name,
        m1_0.created_at,
        m1_0.display_name,
        m1_0.email,
        m1_0.password_hash,
        m1_0.qr_code_url,
        m1_0.reset_code_expires_at,
        m1_0.reset_code_hash,
        m1_0.role,
        m1_0.updated_at 
    from
        members m1_0 
    where
        m1_0.active 
    order by
        m1_0.display_name
2026-09-13T23:15:11.328+07:00 DEBUG 2616 --- [tea-attendance-api] [nio-8080-exec-9] org.hibernate.SQL                        : 
    select
        distinct do1_0.id,
        do1_0.created_at,
        i1_0.order_id,
        i1_0.id,
        i1_0.consumer_member_id,
        c1_0.id,
        c1_0.account_name,
        c1_0.account_number,
        c1_0.active,
        c1_0.bank_bin,
        c1_0.bank_name,
        c1_0.created_at,
        c1_0.display_name,
        c1_0.email,
        c1_0.password_hash,
        c1_0.qr_code_url,
        c1_0.reset_code_expires_at,
        c1_0.reset_code_hash,
        c1_0.role,
        c1_0.updated_at,
        i1_0.drink_name,
        i1_0.line_total,
        i1_0.quantity,
        i1_0.unit_price,
        do1_0.note,
        do1_0.order_date,
        do1_0.payer_member_id,
        p1_0.id,
        p1_0.account_name,
        p1_0.account_number,
        p1_0.active,
        p1_0.bank_bin,
        p1_0.bank_name,
        p1_0.created_at,
        p1_0.display_name,
        p1_0.email,
        p1_0.password_hash,
        p1_0.qr_code_url,
        p1_0.reset_code_expires_at,
        p1_0.reset_code_hash,
        p1_0.role,
        p1_0.updated_at,
        do1_0.total_amount,
        do1_0.updated_at 
    from
        drink_orders do1_0 
    join
        members p1_0 
            on p1_0.id=do1_0.payer_member_id 
    left join
        order_items i1_0 
            on do1_0.id=i1_0.order_id 
    left join
        members c1_0 
            on c1_0.id=i1_0.consumer_member_id 
    where
        do1_0.order_date between ? and ? 
    order by
        do1_0.order_date,
        do1_0.id
2026-09-13T23:15:11.328+07:00 DEBUG 2616 --- [tea-attendance-api] [nio-8080-exec-3] org.hibernate.SQL                        : 
    select
        cm1_0.id,
        cm1_0.content,
        cm1_0.created_at,
        cm1_0.sender_member_id,
        s1_0.id,
        s1_0.account_name,
        s1_0.account_number,
        s1_0.active,
        s1_0.bank_bin,
        s1_0.bank_name,
        s1_0.created_at,
        s1_0.display_name,
        s1_0.email,
        s1_0.password_hash,
        s1_0.qr_code_url,
        s1_0.reset_code_expires_at,
        s1_0.reset_code_hash,
        s1_0.role,
        s1_0.updated_at 
    from
        chat_messages cm1_0 
    join
        members s1_0 
            on s1_0.id=cm1_0.sender_member_id 
    order by
        cm1_0.created_at desc 
    limit
        ?
2026-09-13T23:15:11.328+07:00 DEBUG 2616 --- [tea-attendance-api] [nio-8080-exec-5] o.s.web.servlet.DispatcherServlet        : GET "/api/notifications?memberId=6", parameters={masked}
2026-09-13T23:15:11.329+07:00 DEBUG 2616 --- [tea-attendance-api] [nio-8080-exec-5] s.w.s.m.m.a.RequestMappingHandlerMapping : Mapped to com.trasua.api.NotificationController#list(Long)
2026-09-13T23:15:11.336+07:00 DEBUG 2616 --- [tea-attendance-api] [nio-8080-exec-3] org.hibernate.SQL                        : 
    select
        a1_0.message_id,
        a1_0.id,
        a1_0.byte_size,
        a1_0.content_type,
        a1_0.created_at,
        a1_0.original_filename,
        a1_0.storage_key 
    from
        chat_attachments a1_0 
    where
        a1_0.message_id=? 
    order by
        a1_0.id
2026-09-13T23:15:11.342+07:00 DEBUG 2616 --- [tea-attendance-api] [nio-8080-exec-1] m.m.a.RequestResponseBodyMethodProcessor : Using 'application/json', given [*/*] and supported [application/json, application/*+json]
2026-09-13T23:15:11.342+07:00 DEBUG 2616 --- [tea-attendance-api] [nio-8080-exec-4] m.m.a.RequestResponseBodyMethodProcessor : Using 'application/json', given [*/*] and supported [application/json, application/*+json]
2026-09-13T23:15:11.343+07:00 DEBUG 2616 --- [tea-attendance-api] [nio-8080-exec-1] m.m.a.RequestResponseBodyMethodProcessor : Writing [[DrinkCatalogResponse[id=1, name=Tra da, price=5000, icon=?, active=true], DrinkCatalogResponse[id= (truncated)...]
2026-09-13T23:15:11.343+07:00 DEBUG 2616 --- [tea-attendance-api] [nio-8080-exec-5] org.hibernate.SQL                        : 
    select
        n1_0.id,
        n1_0.body,
        n1_0.created_at,
        n1_0.read_at,
        n1_0.recipient_member_id,
        r1_0.id,
        r1_0.account_name,
        r1_0.account_number,
        r1_0.active,
        r1_0.bank_bin,
        r1_0.bank_name,
        r1_0.created_at,
        r1_0.display_name,
        r1_0.email,
        r1_0.password_hash,
        r1_0.qr_code_url,
        r1_0.reset_code_expires_at,
        r1_0.reset_code_hash,
        r1_0.role,
        r1_0.updated_at,
        n1_0.settlement_id,
        n1_0.title,
        n1_0.transfer_id,
        n1_0.type 
    from
        notifications n1_0 
    join
        members r1_0 
            on r1_0.id=n1_0.recipient_member_id 
    where
        r1_0.id=? 
    order by
        n1_0.created_at desc
2026-09-13T23:15:11.344+07:00 DEBUG 2616 --- [tea-attendance-api] [nio-8080-exec-4] m.m.a.RequestResponseBodyMethodProcessor : Writing [[MemberResponse[id=4, displayName=H??ng, email=huong@example.test, bankName=Techcombank, bankBin=970 (truncated)...]
2026-09-13T23:15:11.344+07:00 DEBUG 2616 --- [tea-attendance-api] [nio-8080-exec-1] o.s.web.servlet.DispatcherServlet        : Completed 200 OK
2026-09-13T23:15:11.344+07:00 DEBUG 2616 --- [tea-attendance-api] [nio-8080-exec-3] org.hibernate.SQL                        : 
    select
        a1_0.message_id,
        a1_0.id,
        a1_0.byte_size,
        a1_0.content_type,
        a1_0.created_at,
        a1_0.original_filename,
        a1_0.storage_key 
    from
        chat_attachments a1_0 
    where
        a1_0.message_id=? 
    order by
        a1_0.id
2026-09-13T23:15:11.344+07:00 DEBUG 2616 --- [tea-attendance-api] [nio-8080-exec-4] o.s.web.servlet.DispatcherServlet        : Completed 200 OK
2026-09-13T23:15:11.352+07:00 DEBUG 2616 --- [tea-attendance-api] [nio-8080-exec-9] m.m.a.RequestResponseBodyMethodProcessor : Using 'application/json', given [*/*] and supported [application/json, application/*+json]
2026-09-13T23:15:11.353+07:00 DEBUG 2616 --- [tea-attendance-api] [nio-8080-exec-9] m.m.a.RequestResponseBodyMethodProcessor : Writing [[ExpenseResponse[id=1, orderDate=2026-09-12, payer=MemberBriefResponse[id=2, displayName=Linh Chi],  (truncated)...]
2026-09-13T23:15:11.354+07:00 DEBUG 2616 --- [tea-attendance-api] [nio-8080-exec-9] o.s.web.servlet.DispatcherServlet        : Completed 200 OK
2026-09-13T23:15:11.358+07:00 DEBUG 2616 --- [tea-attendance-api] [nio-8080-exec-3] m.m.a.RequestResponseBodyMethodProcessor : Using 'application/json', given [*/*] and supported [application/json, application/*+json]
2026-09-13T23:15:11.359+07:00 DEBUG 2616 --- [tea-attendance-api] [nio-8080-exec-3] m.m.a.RequestResponseBodyMethodProcessor : Writing [[ChatMessageResponse[id=2, sender=MemberBriefResponse[id=1, displayName=Minh Anh], content=alo, atta (truncated)...]
2026-09-13T23:15:11.359+07:00 DEBUG 2616 --- [tea-attendance-api] [nio-8080-exec-5] m.m.a.RequestResponseBodyMethodProcessor : Using 'application/json', given [*/*] and supported [application/json, application/*+json]
2026-09-13T23:15:11.360+07:00 DEBUG 2616 --- [tea-attendance-api] [nio-8080-exec-5] m.m.a.RequestResponseBodyMethodProcessor : Writing [[]]
2026-09-13T23:15:11.360+07:00 DEBUG 2616 --- [tea-attendance-api] [nio-8080-exec-3] o.s.web.servlet.DispatcherServlet        : Completed 200 OK
2026-09-13T23:15:11.360+07:00 DEBUG 2616 --- [tea-attendance-api] [nio-8080-exec-5] o.s.web.servlet.DispatcherServlet        : Completed 200 OK
2026-09-13T23:15:26.291+07:00 DEBUG 2616 --- [tea-attendance-api] [nio-8080-exec-6] o.s.web.servlet.DispatcherServlet        : GET "/api/members", parameters={}
2026-09-13T23:15:26.291+07:00 DEBUG 2616 --- [tea-attendance-api] [nio-8080-exec-2] o.s.web.servlet.DispatcherServlet        : GET "/api/drinks?includeInactive=true", parameters={masked}
2026-09-13T23:15:26.292+07:00 DEBUG 2616 --- [tea-attendance-api] [nio-8080-exec-2] s.w.s.m.m.a.RequestMappingHandlerMapping : Mapped to com.trasua.api.DrinkCatalogController#list(boolean)
2026-09-13T23:15:26.292+07:00 DEBUG 2616 --- [tea-attendance-api] [nio-8080-exec-6] s.w.s.m.m.a.RequestMappingHandlerMapping : Mapped to com.trasua.api.MemberController#list(boolean)
2026-09-13T23:15:26.292+07:00 DEBUG 2616 --- [tea-attendance-api] [io-8080-exec-10] o.s.web.servlet.DispatcherServlet        : GET "/api/expenses/range?from=2026-09-07&to=2026-09-13", parameters={masked}
2026-09-13T23:15:26.292+07:00 DEBUG 2616 --- [tea-attendance-api] [io-8080-exec-10] s.w.s.m.m.a.RequestMappingHandlerMapping : Mapped to com.trasua.api.ExpenseController#range(LocalDate, LocalDate)
2026-09-13T23:15:26.296+07:00 DEBUG 2616 --- [tea-attendance-api] [nio-8080-exec-8] o.s.web.servlet.DispatcherServlet        : GET "/api/chat/messages", parameters={}
2026-09-13T23:15:26.296+07:00 DEBUG 2616 --- [tea-attendance-api] [nio-8080-exec-7] o.s.web.servlet.DispatcherServlet        : GET "/api/notifications?memberId=6", parameters={masked}
2026-09-13T23:15:26.296+07:00 DEBUG 2616 --- [tea-attendance-api] [nio-8080-exec-8] s.w.s.m.m.a.RequestMappingHandlerMapping : Mapped to com.trasua.api.ChatController#list(Instant, int)
2026-09-13T23:15:26.296+07:00 DEBUG 2616 --- [tea-attendance-api] [nio-8080-exec-7] s.w.s.m.m.a.RequestMappingHandlerMapping : Mapped to com.trasua.api.NotificationController#list(Long)
2026-09-13T23:15:26.301+07:00 DEBUG 2616 --- [tea-attendance-api] [nio-8080-exec-2] org.hibernate.SQL                        : 
    select
        dci1_0.id,
        dci1_0.active,
        dci1_0.created_at,
        dci1_0.icon,
        dci1_0.name,
        dci1_0.price,
        dci1_0.updated_at 
    from
        drink_catalog dci1_0
2026-09-13T23:15:26.301+07:00 DEBUG 2616 --- [tea-attendance-api] [nio-8080-exec-6] org.hibernate.SQL                        : 
    select
        m1_0.id,
        m1_0.account_name,
        m1_0.account_number,
        m1_0.active,
        m1_0.bank_bin,
        m1_0.bank_name,
        m1_0.created_at,
        m1_0.display_name,
        m1_0.email,
        m1_0.password_hash,
        m1_0.qr_code_url,
        m1_0.reset_code_expires_at,
        m1_0.reset_code_hash,
        m1_0.role,
        m1_0.updated_at 
    from
        members m1_0 
    where
        m1_0.active 
    order by
        m1_0.display_name
2026-09-13T23:15:26.303+07:00 DEBUG 2616 --- [tea-attendance-api] [io-8080-exec-10] org.hibernate.SQL                        : 
    select
        distinct do1_0.id,
        do1_0.created_at,
        i1_0.order_id,
        i1_0.id,
        i1_0.consumer_member_id,
        c1_0.id,
        c1_0.account_name,
        c1_0.account_number,
        c1_0.active,
        c1_0.bank_bin,
        c1_0.bank_name,
        c1_0.created_at,
        c1_0.display_name,
        c1_0.email,
        c1_0.password_hash,
        c1_0.qr_code_url,
        c1_0.reset_code_expires_at,
        c1_0.reset_code_hash,
        c1_0.role,
        c1_0.updated_at,
        i1_0.drink_name,
        i1_0.line_total,
        i1_0.quantity,
        i1_0.unit_price,
        do1_0.note,
        do1_0.order_date,
        do1_0.payer_member_id,
        p1_0.id,
        p1_0.account_name,
        p1_0.account_number,
        p1_0.active,
        p1_0.bank_bin,
        p1_0.bank_name,
        p1_0.created_at,
        p1_0.display_name,
        p1_0.email,
        p1_0.password_hash,
        p1_0.qr_code_url,
        p1_0.reset_code_expires_at,
        p1_0.reset_code_hash,
        p1_0.role,
        p1_0.updated_at,
        do1_0.total_amount,
        do1_0.updated_at 
    from
        drink_orders do1_0 
    join
        members p1_0 
            on p1_0.id=do1_0.payer_member_id 
    left join
        order_items i1_0 
            on do1_0.id=i1_0.order_id 
    left join
        members c1_0 
            on c1_0.id=i1_0.consumer_member_id 
    where
        do1_0.order_date between ? and ? 
    order by
        do1_0.order_date,
        do1_0.id
2026-09-13T23:15:26.305+07:00 DEBUG 2616 --- [tea-attendance-api] [nio-8080-exec-7] org.hibernate.SQL                        : 
    select
        n1_0.id,
        n1_0.body,
        n1_0.created_at,
        n1_0.read_at,
        n1_0.recipient_member_id,
        r1_0.id,
        r1_0.account_name,
        r1_0.account_number,
        r1_0.active,
        r1_0.bank_bin,
        r1_0.bank_name,
        r1_0.created_at,
        r1_0.display_name,
        r1_0.email,
        r1_0.password_hash,
        r1_0.qr_code_url,
        r1_0.reset_code_expires_at,
        r1_0.reset_code_hash,
        r1_0.role,
        r1_0.updated_at,
        n1_0.settlement_id,
        n1_0.title,
        n1_0.transfer_id,
        n1_0.type 
    from
        notifications n1_0 
    join
        members r1_0 
            on r1_0.id=n1_0.recipient_member_id 
    where
        r1_0.id=? 
    order by
        n1_0.created_at desc
2026-09-13T23:15:26.309+07:00 DEBUG 2616 --- [tea-attendance-api] [nio-8080-exec-8] org.hibernate.SQL                        : 
    select
        cm1_0.id,
        cm1_0.content,
        cm1_0.created_at,
        cm1_0.sender_member_id,
        s1_0.id,
        s1_0.account_name,
        s1_0.account_number,
        s1_0.active,
        s1_0.bank_bin,
        s1_0.bank_name,
        s1_0.created_at,
        s1_0.display_name,
        s1_0.email,
        s1_0.password_hash,
        s1_0.qr_code_url,
        s1_0.reset_code_expires_at,
        s1_0.reset_code_hash,
        s1_0.role,
        s1_0.updated_at 
    from
        chat_messages cm1_0 
    join
        members s1_0 
            on s1_0.id=cm1_0.sender_member_id 
    order by
        cm1_0.created_at desc 
    limit
        ?
2026-09-13T23:15:26.314+07:00 DEBUG 2616 --- [tea-attendance-api] [nio-8080-exec-2] m.m.a.RequestResponseBodyMethodProcessor : Using 'application/json', given [*/*] and supported [application/json, application/*+json]
2026-09-13T23:15:26.314+07:00 DEBUG 2616 --- [tea-attendance-api] [nio-8080-exec-6] m.m.a.RequestResponseBodyMethodProcessor : Using 'application/json', given [*/*] and supported [application/json, application/*+json]
2026-09-13T23:15:26.314+07:00 DEBUG 2616 --- [tea-attendance-api] [nio-8080-exec-8] org.hibernate.SQL                        : 
    select
        a1_0.message_id,
        a1_0.id,
        a1_0.byte_size,
        a1_0.content_type,
        a1_0.created_at,
        a1_0.original_filename,
        a1_0.storage_key 
    from
        chat_attachments a1_0 
    where
        a1_0.message_id=? 
    order by
        a1_0.id
2026-09-13T23:15:26.315+07:00 DEBUG 2616 --- [tea-attendance-api] [nio-8080-exec-2] m.m.a.RequestResponseBodyMethodProcessor : Writing [[DrinkCatalogResponse[id=1, name=Tra da, price=5000, icon=?, active=true], DrinkCatalogResponse[id= (truncated)...]
2026-09-13T23:15:26.315+07:00 DEBUG 2616 --- [tea-attendance-api] [nio-8080-exec-6] m.m.a.RequestResponseBodyMethodProcessor : Writing [[MemberResponse[id=4, displayName=H??ng, email=huong@example.test, bankName=Techcombank, bankBin=970 (truncated)...]
2026-09-13T23:15:26.316+07:00 DEBUG 2616 --- [tea-attendance-api] [nio-8080-exec-2] o.s.web.servlet.DispatcherServlet        : Completed 200 OK
2026-09-13T23:15:26.316+07:00 DEBUG 2616 --- [tea-attendance-api] [nio-8080-exec-6] o.s.web.servlet.DispatcherServlet        : Completed 200 OK
2026-09-13T23:15:26.319+07:00 DEBUG 2616 --- [tea-attendance-api] [nio-8080-exec-8] org.hibernate.SQL                        : 
    select
        a1_0.message_id,
        a1_0.id,
        a1_0.byte_size,
        a1_0.content_type,
        a1_0.created_at,
        a1_0.original_filename,
        a1_0.storage_key 
    from
        chat_attachments a1_0 
    where
        a1_0.message_id=? 
    order by
        a1_0.id
2026-09-13T23:15:26.321+07:00 DEBUG 2616 --- [tea-attendance-api] [io-8080-exec-10] m.m.a.RequestResponseBodyMethodProcessor : Using 'application/json', given [*/*] and supported [application/json, application/*+json]
2026-09-13T23:15:26.323+07:00 DEBUG 2616 --- [tea-attendance-api] [nio-8080-exec-7] m.m.a.RequestResponseBodyMethodProcessor : Using 'application/json', given [*/*] and supported [application/json, application/*+json]
2026-09-13T23:15:26.323+07:00 DEBUG 2616 --- [tea-attendance-api] [nio-8080-exec-7] m.m.a.RequestResponseBodyMethodProcessor : Writing [[]]
2026-09-13T23:15:26.325+07:00 DEBUG 2616 --- [tea-attendance-api] [nio-8080-exec-7] o.s.web.servlet.DispatcherServlet        : Completed 200 OK
2026-09-13T23:15:26.323+07:00 DEBUG 2616 --- [tea-attendance-api] [io-8080-exec-10] m.m.a.RequestResponseBodyMethodProcessor : Writing [[ExpenseResponse[id=1, orderDate=2026-09-12, payer=MemberBriefResponse[id=2, displayName=Linh Chi],  (truncated)...]
2026-09-13T23:15:26.327+07:00 DEBUG 2616 --- [tea-attendance-api] [io-8080-exec-10] o.s.web.servlet.DispatcherServlet        : Completed 200 OK
2026-09-13T23:15:26.338+07:00 DEBUG 2616 --- [tea-attendance-api] [nio-8080-exec-8] m.m.a.RequestResponseBodyMethodProcessor : Using 'application/json', given [*/*] and supported [application/json, application/*+json]
2026-09-13T23:15:26.338+07:00 DEBUG 2616 --- [tea-attendance-api] [nio-8080-exec-8] m.m.a.RequestResponseBodyMethodProcessor : Writing [[ChatMessageResponse[id=2, sender=MemberBriefResponse[id=1, displayName=Minh Anh], content=alo, atta (truncated)...]
2026-09-13T23:15:26.339+07:00 DEBUG 2616 --- [tea-attendance-api] [nio-8080-exec-8] o.s.web.servlet.DispatcherServlet        : Completed 200 OK
2026-09-13T23:16:11.304+07:00 DEBUG 2616 --- [tea-attendance-api] [nio-8080-exec-1] o.s.web.servlet.DispatcherServlet        : GET "/api/members", parameters={}
2026-09-13T23:16:11.304+07:00 DEBUG 2616 --- [tea-attendance-api] [nio-8080-exec-4] o.s.web.servlet.DispatcherServlet        : GET "/api/drinks?includeInactive=true", parameters={masked}
2026-09-13T23:16:11.304+07:00 DEBUG 2616 --- [tea-attendance-api] [nio-8080-exec-9] o.s.web.servlet.DispatcherServlet        : GET "/api/expenses/range?from=2026-09-07&to=2026-09-13", parameters={masked}
2026-09-13T23:16:11.304+07:00 DEBUG 2616 --- [tea-attendance-api] [nio-8080-exec-1] s.w.s.m.m.a.RequestMappingHandlerMapping : Mapped to com.trasua.api.MemberController#list(boolean)
2026-09-13T23:16:11.304+07:00 DEBUG 2616 --- [tea-attendance-api] [nio-8080-exec-4] s.w.s.m.m.a.RequestMappingHandlerMapping : Mapped to com.trasua.api.DrinkCatalogController#list(boolean)
2026-09-13T23:16:11.304+07:00 DEBUG 2616 --- [tea-attendance-api] [nio-8080-exec-9] s.w.s.m.m.a.RequestMappingHandlerMapping : Mapped to com.trasua.api.ExpenseController#range(LocalDate, LocalDate)
2026-09-13T23:16:11.306+07:00 DEBUG 2616 --- [tea-attendance-api] [nio-8080-exec-3] o.s.web.servlet.DispatcherServlet        : GET "/api/chat/messages", parameters={}
2026-09-13T23:16:11.306+07:00 DEBUG 2616 --- [tea-attendance-api] [nio-8080-exec-5] o.s.web.servlet.DispatcherServlet        : GET "/api/notifications?memberId=6", parameters={masked}
2026-09-13T23:16:11.306+07:00 DEBUG 2616 --- [tea-attendance-api] [nio-8080-exec-3] s.w.s.m.m.a.RequestMappingHandlerMapping : Mapped to com.trasua.api.ChatController#list(Instant, int)
2026-09-13T23:16:11.306+07:00 DEBUG 2616 --- [tea-attendance-api] [nio-8080-exec-5] s.w.s.m.m.a.RequestMappingHandlerMapping : Mapped to com.trasua.api.NotificationController#list(Long)
2026-09-13T23:16:11.315+07:00 DEBUG 2616 --- [tea-attendance-api] [nio-8080-exec-5] org.hibernate.SQL                        : 
    select
        n1_0.id,
        n1_0.body,
        n1_0.created_at,
        n1_0.read_at,
        n1_0.recipient_member_id,
        r1_0.id,
        r1_0.account_name,
        r1_0.account_number,
        r1_0.active,
        r1_0.bank_bin,
        r1_0.bank_name,
        r1_0.created_at,
        r1_0.display_name,
        r1_0.email,
        r1_0.password_hash,
        r1_0.qr_code_url,
        r1_0.reset_code_expires_at,
        r1_0.reset_code_hash,
        r1_0.role,
        r1_0.updated_at,
        n1_0.settlement_id,
        n1_0.title,
        n1_0.transfer_id,
        n1_0.type 
    from
        notifications n1_0 
    join
        members r1_0 
            on r1_0.id=n1_0.recipient_member_id 
    where
        r1_0.id=? 
    order by
        n1_0.created_at desc
2026-09-13T23:16:11.315+07:00 DEBUG 2616 --- [tea-attendance-api] [nio-8080-exec-3] org.hibernate.SQL                        : 
    select
        cm1_0.id,
        cm1_0.content,
        cm1_0.created_at,
        cm1_0.sender_member_id,
        s1_0.id,
        s1_0.account_name,
        s1_0.account_number,
        s1_0.active,
        s1_0.bank_bin,
        s1_0.bank_name,
        s1_0.created_at,
        s1_0.display_name,
        s1_0.email,
        s1_0.password_hash,
        s1_0.qr_code_url,
        s1_0.reset_code_expires_at,
        s1_0.reset_code_hash,
        s1_0.role,
        s1_0.updated_at 
    from
        chat_messages cm1_0 
    join
        members s1_0 
            on s1_0.id=cm1_0.sender_member_id 
    order by
        cm1_0.created_at desc 
    limit
        ?
2026-09-13T23:16:11.315+07:00 DEBUG 2616 --- [tea-attendance-api] [nio-8080-exec-4] org.hibernate.SQL                        : 
    select
        dci1_0.id,
        dci1_0.active,
        dci1_0.created_at,
        dci1_0.icon,
        dci1_0.name,
        dci1_0.price,
        dci1_0.updated_at 
    from
        drink_catalog dci1_0
2026-09-13T23:16:11.317+07:00 DEBUG 2616 --- [tea-attendance-api] [nio-8080-exec-1] org.hibernate.SQL                        : 
    select
        m1_0.id,
        m1_0.account_name,
        m1_0.account_number,
        m1_0.active,
        m1_0.bank_bin,
        m1_0.bank_name,
        m1_0.created_at,
        m1_0.display_name,
        m1_0.email,
        m1_0.password_hash,
        m1_0.qr_code_url,
        m1_0.reset_code_expires_at,
        m1_0.reset_code_hash,
        m1_0.role,
        m1_0.updated_at 
    from
        members m1_0 
    where
        m1_0.active 
    order by
        m1_0.display_name
2026-09-13T23:16:11.317+07:00 DEBUG 2616 --- [tea-attendance-api] [nio-8080-exec-9] org.hibernate.SQL                        : 
    select
        distinct do1_0.id,
        do1_0.created_at,
        i1_0.order_id,
        i1_0.id,
        i1_0.consumer_member_id,
        c1_0.id,
        c1_0.account_name,
        c1_0.account_number,
        c1_0.active,
        c1_0.bank_bin,
        c1_0.bank_name,
        c1_0.created_at,
        c1_0.display_name,
        c1_0.email,
        c1_0.password_hash,
        c1_0.qr_code_url,
        c1_0.reset_code_expires_at,
        c1_0.reset_code_hash,
        c1_0.role,
        c1_0.updated_at,
        i1_0.drink_name,
        i1_0.line_total,
        i1_0.quantity,
        i1_0.unit_price,
        do1_0.note,
        do1_0.order_date,
        do1_0.payer_member_id,
        p1_0.id,
        p1_0.account_name,
        p1_0.account_number,
        p1_0.active,
        p1_0.bank_bin,
        p1_0.bank_name,
        p1_0.created_at,
        p1_0.display_name,
        p1_0.email,
        p1_0.password_hash,
        p1_0.qr_code_url,
        p1_0.reset_code_expires_at,
        p1_0.reset_code_hash,
        p1_0.role,
        p1_0.updated_at,
        do1_0.total_amount,
        do1_0.updated_at 
    from
        drink_orders do1_0 
    join
        members p1_0 
            on p1_0.id=do1_0.payer_member_id 
    left join
        order_items i1_0 
            on do1_0.id=i1_0.order_id 
    left join
        members c1_0 
            on c1_0.id=i1_0.consumer_member_id 
    where
        do1_0.order_date between ? and ? 
    order by
        do1_0.order_date,
        do1_0.id
2026-09-13T23:16:11.337+07:00 DEBUG 2616 --- [tea-attendance-api] [nio-8080-exec-3] org.hibernate.SQL                        : 
    select
        a1_0.message_id,
        a1_0.id,
        a1_0.byte_size,
        a1_0.content_type,
        a1_0.created_at,
        a1_0.original_filename,
        a1_0.storage_key 
    from
        chat_attachments a1_0 
    where
        a1_0.message_id=? 
    order by
        a1_0.id
2026-09-13T23:16:11.343+07:00 DEBUG 2616 --- [tea-attendance-api] [nio-8080-exec-3] org.hibernate.SQL                        : 
    select
        a1_0.message_id,
        a1_0.id,
        a1_0.byte_size,
        a1_0.content_type,
        a1_0.created_at,
        a1_0.original_filename,
        a1_0.storage_key 
    from
        chat_attachments a1_0 
    where
        a1_0.message_id=? 
    order by
        a1_0.id
2026-09-13T23:16:11.352+07:00 DEBUG 2616 --- [tea-attendance-api] [nio-8080-exec-1] m.m.a.RequestResponseBodyMethodProcessor : Using 'application/json', given [*/*] and supported [application/json, application/*+json]
2026-09-13T23:16:11.352+07:00 DEBUG 2616 --- [tea-attendance-api] [nio-8080-exec-5] m.m.a.RequestResponseBodyMethodProcessor : Using 'application/json', given [*/*] and supported [application/json, application/*+json]
2026-09-13T23:16:11.352+07:00 DEBUG 2616 --- [tea-attendance-api] [nio-8080-exec-5] m.m.a.RequestResponseBodyMethodProcessor : Writing [[]]
2026-09-13T23:16:11.352+07:00 DEBUG 2616 --- [tea-attendance-api] [nio-8080-exec-1] m.m.a.RequestResponseBodyMethodProcessor : Writing [[MemberResponse[id=4, displayName=H??ng, email=huong@example.test, bankName=Techcombank, bankBin=970 (truncated)...]
2026-09-13T23:16:11.354+07:00 DEBUG 2616 --- [tea-attendance-api] [nio-8080-exec-1] o.s.web.servlet.DispatcherServlet        : Completed 200 OK
2026-09-13T23:16:11.355+07:00 DEBUG 2616 --- [tea-attendance-api] [nio-8080-exec-5] o.s.web.servlet.DispatcherServlet        : Completed 200 OK
2026-09-13T23:16:11.355+07:00 DEBUG 2616 --- [tea-attendance-api] [nio-8080-exec-9] m.m.a.RequestResponseBodyMethodProcessor : Using 'application/json', given [*/*] and supported [application/json, application/*+json]
2026-09-13T23:16:11.355+07:00 DEBUG 2616 --- [tea-attendance-api] [nio-8080-exec-9] m.m.a.RequestResponseBodyMethodProcessor : Writing [[ExpenseResponse[id=1, orderDate=2026-09-12, payer=MemberBriefResponse[id=2, displayName=Linh Chi],  (truncated)...]
2026-09-13T23:16:11.356+07:00 DEBUG 2616 --- [tea-attendance-api] [nio-8080-exec-4] m.m.a.RequestResponseBodyMethodProcessor : Using 'application/json', given [*/*] and supported [application/json, application/*+json]
2026-09-13T23:16:11.356+07:00 DEBUG 2616 --- [tea-attendance-api] [nio-8080-exec-9] o.s.web.servlet.DispatcherServlet        : Completed 200 OK
2026-09-13T23:16:11.356+07:00 DEBUG 2616 --- [tea-attendance-api] [nio-8080-exec-4] m.m.a.RequestResponseBodyMethodProcessor : Writing [[DrinkCatalogResponse[id=1, name=Tra da, price=5000, icon=?, active=true], DrinkCatalogResponse[id= (truncated)...]
2026-09-13T23:16:11.357+07:00 DEBUG 2616 --- [tea-attendance-api] [nio-8080-exec-4] o.s.web.servlet.DispatcherServlet        : Completed 200 OK
2026-09-13T23:16:11.362+07:00 DEBUG 2616 --- [tea-attendance-api] [nio-8080-exec-3] m.m.a.RequestResponseBodyMethodProcessor : Using 'application/json', given [*/*] and supported [application/json, application/*+json]
2026-09-13T23:16:11.362+07:00 DEBUG 2616 --- [tea-attendance-api] [nio-8080-exec-3] m.m.a.RequestResponseBodyMethodProcessor : Writing [[ChatMessageResponse[id=2, sender=MemberBriefResponse[id=1, displayName=Minh Anh], content=alo, atta (truncated)...]
2026-09-13T23:16:11.363+07:00 DEBUG 2616 --- [tea-attendance-api] [nio-8080-exec-3] o.s.web.servlet.DispatcherServlet        : Completed 200 OK
2026-09-13T23:16:59.670+07:00 DEBUG 2616 --- [tea-attendance-api] [nio-8080-exec-6] o.s.web.servlet.DispatcherServlet        : GET "/api/members", parameters={}
2026-09-13T23:16:59.670+07:00 DEBUG 2616 --- [tea-attendance-api] [nio-8080-exec-6] s.w.s.m.m.a.RequestMappingHandlerMapping : Mapped to com.trasua.api.MemberController#list(boolean)
2026-09-13T23:16:59.671+07:00 DEBUG 2616 --- [tea-attendance-api] [nio-8080-exec-2] o.s.web.servlet.DispatcherServlet        : GET "/api/drinks?includeInactive=true", parameters={masked}
2026-09-13T23:16:59.671+07:00 DEBUG 2616 --- [tea-attendance-api] [nio-8080-exec-7] o.s.web.servlet.DispatcherServlet        : GET "/api/expenses/range?from=2026-09-07&to=2026-09-13", parameters={masked}
2026-09-13T23:16:59.671+07:00 DEBUG 2616 --- [tea-attendance-api] [nio-8080-exec-2] s.w.s.m.m.a.RequestMappingHandlerMapping : Mapped to com.trasua.api.DrinkCatalogController#list(boolean)
2026-09-13T23:16:59.671+07:00 DEBUG 2616 --- [tea-attendance-api] [nio-8080-exec-7] s.w.s.m.m.a.RequestMappingHandlerMapping : Mapped to com.trasua.api.ExpenseController#range(LocalDate, LocalDate)
2026-09-13T23:16:59.684+07:00 DEBUG 2616 --- [tea-attendance-api] [io-8080-exec-10] o.s.web.servlet.DispatcherServlet        : GET "/api/chat/messages", parameters={}
2026-09-13T23:16:59.685+07:00 DEBUG 2616 --- [tea-attendance-api] [io-8080-exec-10] s.w.s.m.m.a.RequestMappingHandlerMapping : Mapped to com.trasua.api.ChatController#list(Instant, int)
2026-09-13T23:16:59.685+07:00 DEBUG 2616 --- [tea-attendance-api] [nio-8080-exec-7] org.hibernate.SQL                        : 
    select
        distinct do1_0.id,
        do1_0.created_at,
        i1_0.order_id,
        i1_0.id,
        i1_0.consumer_member_id,
        c1_0.id,
        c1_0.account_name,
        c1_0.account_number,
        c1_0.active,
        c1_0.bank_bin,
        c1_0.bank_name,
        c1_0.created_at,
        c1_0.display_name,
        c1_0.email,
        c1_0.password_hash,
        c1_0.qr_code_url,
        c1_0.reset_code_expires_at,
        c1_0.reset_code_hash,
        c1_0.role,
        c1_0.updated_at,
        i1_0.drink_name,
        i1_0.line_total,
        i1_0.quantity,
        i1_0.unit_price,
        do1_0.note,
        do1_0.order_date,
        do1_0.payer_member_id,
        p1_0.id,
        p1_0.account_name,
        p1_0.account_number,
        p1_0.active,
        p1_0.bank_bin,
        p1_0.bank_name,
        p1_0.created_at,
        p1_0.display_name,
        p1_0.email,
        p1_0.password_hash,
        p1_0.qr_code_url,
        p1_0.reset_code_expires_at,
        p1_0.reset_code_hash,
        p1_0.role,
        p1_0.updated_at,
        do1_0.total_amount,
        do1_0.updated_at 
    from
        drink_orders do1_0 
    join
        members p1_0 
            on p1_0.id=do1_0.payer_member_id 
    left join
        order_items i1_0 
            on do1_0.id=i1_0.order_id 
    left join
        members c1_0 
            on c1_0.id=i1_0.consumer_member_id 
    where
        do1_0.order_date between ? and ? 
    order by
        do1_0.order_date,
        do1_0.id
2026-09-13T23:16:59.686+07:00 DEBUG 2616 --- [tea-attendance-api] [nio-8080-exec-6] org.hibernate.SQL                        : 
    select
        m1_0.id,
        m1_0.account_name,
        m1_0.account_number,
        m1_0.active,
        m1_0.bank_bin,
        m1_0.bank_name,
        m1_0.created_at,
        m1_0.display_name,
        m1_0.email,
        m1_0.password_hash,
        m1_0.qr_code_url,
        m1_0.reset_code_expires_at,
        m1_0.reset_code_hash,
        m1_0.role,
        m1_0.updated_at 
    from
        members m1_0 
    where
        m1_0.active 
    order by
        m1_0.display_name
2026-09-13T23:16:59.688+07:00 DEBUG 2616 --- [tea-attendance-api] [nio-8080-exec-8] o.s.web.servlet.DispatcherServlet        : GET "/api/notifications?memberId=6", parameters={masked}
2026-09-13T23:16:59.688+07:00 DEBUG 2616 --- [tea-attendance-api] [nio-8080-exec-8] s.w.s.m.m.a.RequestMappingHandlerMapping : Mapped to com.trasua.api.NotificationController#list(Long)
2026-09-13T23:16:59.689+07:00 DEBUG 2616 --- [tea-attendance-api] [nio-8080-exec-2] org.hibernate.SQL                        : 
    select
        dci1_0.id,
        dci1_0.active,
        dci1_0.created_at,
        dci1_0.icon,
        dci1_0.name,
        dci1_0.price,
        dci1_0.updated_at 
    from
        drink_catalog dci1_0
2026-09-13T23:16:59.703+07:00 DEBUG 2616 --- [tea-attendance-api] [io-8080-exec-10] org.hibernate.SQL                        : 
    select
        cm1_0.id,
        cm1_0.content,
        cm1_0.created_at,
        cm1_0.sender_member_id,
        s1_0.id,
        s1_0.account_name,
        s1_0.account_number,
        s1_0.active,
        s1_0.bank_bin,
        s1_0.bank_name,
        s1_0.created_at,
        s1_0.display_name,
        s1_0.email,
        s1_0.password_hash,
        s1_0.qr_code_url,
        s1_0.reset_code_expires_at,
        s1_0.reset_code_hash,
        s1_0.role,
        s1_0.updated_at 
    from
        chat_messages cm1_0 
    join
        members s1_0 
            on s1_0.id=cm1_0.sender_member_id 
    order by
        cm1_0.created_at desc 
    limit
        ?
2026-09-13T23:16:59.707+07:00 DEBUG 2616 --- [tea-attendance-api] [nio-8080-exec-2] m.m.a.RequestResponseBodyMethodProcessor : Using 'application/json', given [*/*] and supported [application/json, application/*+json]
2026-09-13T23:16:59.707+07:00 DEBUG 2616 --- [tea-attendance-api] [nio-8080-exec-6] m.m.a.RequestResponseBodyMethodProcessor : Using 'application/json', given [*/*] and supported [application/json, application/*+json]
2026-09-13T23:16:59.708+07:00 DEBUG 2616 --- [tea-attendance-api] [nio-8080-exec-2] m.m.a.RequestResponseBodyMethodProcessor : Writing [[DrinkCatalogResponse[id=1, name=Tra da, price=5000, icon=?, active=true], DrinkCatalogResponse[id= (truncated)...]
2026-09-13T23:16:59.708+07:00 DEBUG 2616 --- [tea-attendance-api] [nio-8080-exec-6] m.m.a.RequestResponseBodyMethodProcessor : Writing [[MemberResponse[id=4, displayName=H??ng, email=huong@example.test, bankName=Techcombank, bankBin=970 (truncated)...]
2026-09-13T23:16:59.709+07:00 DEBUG 2616 --- [tea-attendance-api] [nio-8080-exec-6] o.s.web.servlet.DispatcherServlet        : Completed 200 OK
2026-09-13T23:16:59.709+07:00 DEBUG 2616 --- [tea-attendance-api] [nio-8080-exec-2] o.s.web.servlet.DispatcherServlet        : Completed 200 OK
2026-09-13T23:16:59.710+07:00 DEBUG 2616 --- [tea-attendance-api] [nio-8080-exec-7] m.m.a.RequestResponseBodyMethodProcessor : Using 'application/json', given [*/*] and supported [application/json, application/*+json]
2026-09-13T23:16:59.710+07:00 DEBUG 2616 --- [tea-attendance-api] [nio-8080-exec-8] org.hibernate.SQL                        : 
    select
        n1_0.id,
        n1_0.body,
        n1_0.created_at,
        n1_0.read_at,
        n1_0.recipient_member_id,
        r1_0.id,
        r1_0.account_name,
        r1_0.account_number,
        r1_0.active,
        r1_0.bank_bin,
        r1_0.bank_name,
        r1_0.created_at,
        r1_0.display_name,
        r1_0.email,
        r1_0.password_hash,
        r1_0.qr_code_url,
        r1_0.reset_code_expires_at,
        r1_0.reset_code_hash,
        r1_0.role,
        r1_0.updated_at,
        n1_0.settlement_id,
        n1_0.title,
        n1_0.transfer_id,
        n1_0.type 
    from
        notifications n1_0 
    join
        members r1_0 
            on r1_0.id=n1_0.recipient_member_id 
    where
        r1_0.id=? 
    order by
        n1_0.created_at desc
2026-09-13T23:16:59.710+07:00 DEBUG 2616 --- [tea-attendance-api] [nio-8080-exec-7] m.m.a.RequestResponseBodyMethodProcessor : Writing [[ExpenseResponse[id=1, orderDate=2026-09-12, payer=MemberBriefResponse[id=2, displayName=Linh Chi],  (truncated)...]
2026-09-13T23:16:59.711+07:00 DEBUG 2616 --- [tea-attendance-api] [io-8080-exec-10] org.hibernate.SQL                        : 
    select
        a1_0.message_id,
        a1_0.id,
        a1_0.byte_size,
        a1_0.content_type,
        a1_0.created_at,
        a1_0.original_filename,
        a1_0.storage_key 
    from
        chat_attachments a1_0 
    where
        a1_0.message_id=? 
    order by
        a1_0.id
2026-09-13T23:16:59.711+07:00 DEBUG 2616 --- [tea-attendance-api] [nio-8080-exec-7] o.s.web.servlet.DispatcherServlet        : Completed 200 OK
2026-09-13T23:16:59.717+07:00 DEBUG 2616 --- [tea-attendance-api] [nio-8080-exec-1] o.s.web.servlet.DispatcherServlet        : GET "/api/members", parameters={}
2026-09-13T23:16:59.717+07:00 DEBUG 2616 --- [tea-attendance-api] [nio-8080-exec-1] s.w.s.m.m.a.RequestMappingHandlerMapping : Mapped to com.trasua.api.MemberController#list(boolean)
2026-09-13T23:16:59.717+07:00 DEBUG 2616 --- [tea-attendance-api] [nio-8080-exec-5] o.s.web.servlet.DispatcherServlet        : GET "/api/drinks?includeInactive=true", parameters={masked}
2026-09-13T23:16:59.718+07:00 DEBUG 2616 --- [tea-attendance-api] [nio-8080-exec-5] s.w.s.m.m.a.RequestMappingHandlerMapping : Mapped to com.trasua.api.DrinkCatalogController#list(boolean)
2026-09-13T23:16:59.720+07:00 DEBUG 2616 --- [tea-attendance-api] [io-8080-exec-10] org.hibernate.SQL                        : 
    select
        a1_0.message_id,
        a1_0.id,
        a1_0.byte_size,
        a1_0.content_type,
        a1_0.created_at,
        a1_0.original_filename,
        a1_0.storage_key 
    from
        chat_attachments a1_0 
    where
        a1_0.message_id=? 
    order by
        a1_0.id
2026-09-13T23:16:59.724+07:00 DEBUG 2616 --- [tea-attendance-api] [nio-8080-exec-9] o.s.web.servlet.DispatcherServlet        : GET "/api/expenses/range?from=2026-09-07&to=2026-09-13", parameters={masked}
2026-09-13T23:16:59.724+07:00 DEBUG 2616 --- [tea-attendance-api] [nio-8080-exec-9] s.w.s.m.m.a.RequestMappingHandlerMapping : Mapped to com.trasua.api.ExpenseController#range(LocalDate, LocalDate)
2026-09-13T23:16:59.729+07:00 DEBUG 2616 --- [tea-attendance-api] [nio-8080-exec-1] org.hibernate.SQL                        : 
    select
        m1_0.id,
        m1_0.account_name,
        m1_0.account_number,
        m1_0.active,
        m1_0.bank_bin,
        m1_0.bank_name,
        m1_0.created_at,
        m1_0.display_name,
        m1_0.email,
        m1_0.password_hash,
        m1_0.qr_code_url,
        m1_0.reset_code_expires_at,
        m1_0.reset_code_hash,
        m1_0.role,
        m1_0.updated_at 
    from
        members m1_0 
    where
        m1_0.active 
    order by
        m1_0.display_name
2026-09-13T23:16:59.733+07:00 DEBUG 2616 --- [tea-attendance-api] [nio-8080-exec-5] org.hibernate.SQL                        : 
    select
        dci1_0.id,
        dci1_0.active,
        dci1_0.created_at,
        dci1_0.icon,
        dci1_0.name,
        dci1_0.price,
        dci1_0.updated_at 
    from
        drink_catalog dci1_0
2026-09-13T23:16:59.735+07:00 DEBUG 2616 --- [tea-attendance-api] [nio-8080-exec-8] m.m.a.RequestResponseBodyMethodProcessor : Using 'application/json', given [*/*] and supported [application/json, application/*+json]
2026-09-13T23:16:59.735+07:00 DEBUG 2616 --- [tea-attendance-api] [nio-8080-exec-8] m.m.a.RequestResponseBodyMethodProcessor : Writing [[]]
2026-09-13T23:16:59.736+07:00 DEBUG 2616 --- [tea-attendance-api] [nio-8080-exec-8] o.s.web.servlet.DispatcherServlet        : Completed 200 OK
2026-09-13T23:16:59.736+07:00 DEBUG 2616 --- [tea-attendance-api] [nio-8080-exec-9] org.hibernate.SQL                        : 
    select
        distinct do1_0.id,
        do1_0.created_at,
        i1_0.order_id,
        i1_0.id,
        i1_0.consumer_member_id,
        c1_0.id,
        c1_0.account_name,
        c1_0.account_number,
        c1_0.active,
        c1_0.bank_bin,
        c1_0.bank_name,
        c1_0.created_at,
        c1_0.display_name,
        c1_0.email,
        c1_0.password_hash,
        c1_0.qr_code_url,
        c1_0.reset_code_expires_at,
        c1_0.reset_code_hash,
        c1_0.role,
        c1_0.updated_at,
        i1_0.drink_name,
        i1_0.line_total,
        i1_0.quantity,
        i1_0.unit_price,
        do1_0.note,
        do1_0.order_date,
        do1_0.payer_member_id,
        p1_0.id,
        p1_0.account_name,
        p1_0.account_number,
        p1_0.active,
        p1_0.bank_bin,
        p1_0.bank_name,
        p1_0.created_at,
        p1_0.display_name,
        p1_0.email,
        p1_0.password_hash,
        p1_0.qr_code_url,
        p1_0.reset_code_expires_at,
        p1_0.reset_code_hash,
        p1_0.role,
        p1_0.updated_at,
        do1_0.total_amount,
        do1_0.updated_at 
    from
        drink_orders do1_0 
    join
        members p1_0 
            on p1_0.id=do1_0.payer_member_id 
    left join
        order_items i1_0 
            on do1_0.id=i1_0.order_id 
    left join
        members c1_0 
            on c1_0.id=i1_0.consumer_member_id 
    where
        do1_0.order_date between ? and ? 
    order by
        do1_0.order_date,
        do1_0.id
2026-09-13T23:16:59.742+07:00 DEBUG 2616 --- [tea-attendance-api] [nio-8080-exec-4] o.s.web.servlet.DispatcherServlet        : GET "/api/notifications?memberId=6", parameters={masked}
2026-09-13T23:16:59.743+07:00 DEBUG 2616 --- [tea-attendance-api] [nio-8080-exec-4] s.w.s.m.m.a.RequestMappingHandlerMapping : Mapped to com.trasua.api.NotificationController#list(Long)
2026-09-13T23:16:59.743+07:00 DEBUG 2616 --- [tea-attendance-api] [io-8080-exec-10] m.m.a.RequestResponseBodyMethodProcessor : Using 'application/json', given [*/*] and supported [application/json, application/*+json]
2026-09-13T23:16:59.743+07:00 DEBUG 2616 --- [tea-attendance-api] [io-8080-exec-10] m.m.a.RequestResponseBodyMethodProcessor : Writing [[ChatMessageResponse[id=2, sender=MemberBriefResponse[id=1, displayName=Minh Anh], content=alo, atta (truncated)...]
2026-09-13T23:16:59.743+07:00 DEBUG 2616 --- [tea-attendance-api] [io-8080-exec-10] o.s.web.servlet.DispatcherServlet        : Completed 200 OK
2026-09-13T23:16:59.746+07:00 DEBUG 2616 --- [tea-attendance-api] [nio-8080-exec-3] o.s.web.servlet.DispatcherServlet        : GET "/api/chat/messages", parameters={}
2026-09-13T23:16:59.746+07:00 DEBUG 2616 --- [tea-attendance-api] [nio-8080-exec-3] s.w.s.m.m.a.RequestMappingHandlerMapping : Mapped to com.trasua.api.ChatController#list(Instant, int)
2026-09-13T23:16:59.758+07:00 DEBUG 2616 --- [tea-attendance-api] [nio-8080-exec-3] org.hibernate.SQL                        : 
    select
        cm1_0.id,
        cm1_0.content,
        cm1_0.created_at,
        cm1_0.sender_member_id,
        s1_0.id,
        s1_0.account_name,
        s1_0.account_number,
        s1_0.active,
        s1_0.bank_bin,
        s1_0.bank_name,
        s1_0.created_at,
        s1_0.display_name,
        s1_0.email,
        s1_0.password_hash,
        s1_0.qr_code_url,
        s1_0.reset_code_expires_at,
        s1_0.reset_code_hash,
        s1_0.role,
        s1_0.updated_at 
    from
        chat_messages cm1_0 
    join
        members s1_0 
            on s1_0.id=cm1_0.sender_member_id 
    order by
        cm1_0.created_at desc 
    limit
        ?
2026-09-13T23:16:59.758+07:00 DEBUG 2616 --- [tea-attendance-api] [nio-8080-exec-4] org.hibernate.SQL                        : 
    select
        n1_0.id,
        n1_0.body,
        n1_0.created_at,
        n1_0.read_at,
        n1_0.recipient_member_id,
        r1_0.id,
        r1_0.account_name,
        r1_0.account_number,
        r1_0.active,
        r1_0.bank_bin,
        r1_0.bank_name,
        r1_0.created_at,
        r1_0.display_name,
        r1_0.email,
        r1_0.password_hash,
        r1_0.qr_code_url,
        r1_0.reset_code_expires_at,
        r1_0.reset_code_hash,
        r1_0.role,
        r1_0.updated_at,
        n1_0.settlement_id,
        n1_0.title,
        n1_0.transfer_id,
        n1_0.type 
    from
        notifications n1_0 
    join
        members r1_0 
            on r1_0.id=n1_0.recipient_member_id 
    where
        r1_0.id=? 
    order by
        n1_0.created_at desc
2026-09-13T23:16:59.761+07:00 DEBUG 2616 --- [tea-attendance-api] [nio-8080-exec-9] m.m.a.RequestResponseBodyMethodProcessor : Using 'application/json', given [*/*] and supported [application/json, application/*+json]
2026-09-13T23:16:59.761+07:00 DEBUG 2616 --- [tea-attendance-api] [nio-8080-exec-5] m.m.a.RequestResponseBodyMethodProcessor : Using 'application/json', given [*/*] and supported [application/json, application/*+json]
2026-09-13T23:16:59.761+07:00 DEBUG 2616 --- [tea-attendance-api] [nio-8080-exec-1] m.m.a.RequestResponseBodyMethodProcessor : Using 'application/json', given [*/*] and supported [application/json, application/*+json]
2026-09-13T23:16:59.761+07:00 DEBUG 2616 --- [tea-attendance-api] [nio-8080-exec-5] m.m.a.RequestResponseBodyMethodProcessor : Writing [[DrinkCatalogResponse[id=1, name=Tra da, price=5000, icon=?, active=true], DrinkCatalogResponse[id= (truncated)...]
2026-09-13T23:16:59.761+07:00 DEBUG 2616 --- [tea-attendance-api] [nio-8080-exec-5] o.s.web.servlet.DispatcherServlet        : Completed 200 OK
2026-09-13T23:16:59.761+07:00 DEBUG 2616 --- [tea-attendance-api] [nio-8080-exec-1] m.m.a.RequestResponseBodyMethodProcessor : Writing [[MemberResponse[id=4, displayName=H??ng, email=huong@example.test, bankName=Techcombank, bankBin=970 (truncated)...]
2026-09-13T23:16:59.762+07:00 DEBUG 2616 --- [tea-attendance-api] [nio-8080-exec-9] m.m.a.RequestResponseBodyMethodProcessor : Writing [[ExpenseResponse[id=1, orderDate=2026-09-12, payer=MemberBriefResponse[id=2, displayName=Linh Chi],  (truncated)...]
2026-09-13T23:16:59.762+07:00 DEBUG 2616 --- [tea-attendance-api] [nio-8080-exec-1] o.s.web.servlet.DispatcherServlet        : Completed 200 OK
2026-09-13T23:16:59.762+07:00 DEBUG 2616 --- [tea-attendance-api] [nio-8080-exec-9] o.s.web.servlet.DispatcherServlet        : Completed 200 OK
2026-09-13T23:16:59.767+07:00 DEBUG 2616 --- [tea-attendance-api] [nio-8080-exec-3] org.hibernate.SQL                        : 
    select
        a1_0.message_id,
        a1_0.id,
        a1_0.byte_size,
        a1_0.content_type,
        a1_0.created_at,
        a1_0.original_filename,
        a1_0.storage_key 
    from
        chat_attachments a1_0 
    where
        a1_0.message_id=? 
    order by
        a1_0.id
2026-09-13T23:16:59.773+07:00 DEBUG 2616 --- [tea-attendance-api] [nio-8080-exec-3] org.hibernate.SQL                        : 
    select
        a1_0.message_id,
        a1_0.id,
        a1_0.byte_size,
        a1_0.content_type,
        a1_0.created_at,
        a1_0.original_filename,
        a1_0.storage_key 
    from
        chat_attachments a1_0 
    where
        a1_0.message_id=? 
    order by
        a1_0.id
2026-09-13T23:16:59.778+07:00 DEBUG 2616 --- [tea-attendance-api] [nio-8080-exec-4] m.m.a.RequestResponseBodyMethodProcessor : Using 'application/json', given [*/*] and supported [application/json, application/*+json]
2026-09-13T23:16:59.778+07:00 DEBUG 2616 --- [tea-attendance-api] [nio-8080-exec-4] m.m.a.RequestResponseBodyMethodProcessor : Writing [[]]
2026-09-13T23:16:59.779+07:00 DEBUG 2616 --- [tea-attendance-api] [nio-8080-exec-4] o.s.web.servlet.DispatcherServlet        : Completed 200 OK
2026-09-13T23:16:59.789+07:00 DEBUG 2616 --- [tea-attendance-api] [nio-8080-exec-3] m.m.a.RequestResponseBodyMethodProcessor : Using 'application/json', given [*/*] and supported [application/json, application/*+json]
2026-09-13T23:16:59.789+07:00 DEBUG 2616 --- [tea-attendance-api] [nio-8080-exec-3] m.m.a.RequestResponseBodyMethodProcessor : Writing [[ChatMessageResponse[id=2, sender=MemberBriefResponse[id=1, displayName=Minh Anh], content=alo, atta (truncated)...]
2026-09-13T23:16:59.790+07:00 DEBUG 2616 --- [tea-attendance-api] [nio-8080-exec-3] o.s.web.servlet.DispatcherServlet        : Completed 200 OK
2026-09-13T23:17:24.440+07:00 DEBUG 2616 --- [tea-attendance-api] [nio-8080-exec-6] o.s.web.servlet.DispatcherServlet        : GET "/api/members", parameters={}
2026-09-13T23:17:24.440+07:00 DEBUG 2616 --- [tea-attendance-api] [nio-8080-exec-2] o.s.web.servlet.DispatcherServlet        : GET "/api/drinks?includeInactive=true", parameters={masked}
2026-09-13T23:17:24.440+07:00 DEBUG 2616 --- [tea-attendance-api] [nio-8080-exec-7] o.s.web.servlet.DispatcherServlet        : GET "/api/expenses/range?from=2026-09-07&to=2026-09-13", parameters={masked}
2026-09-13T23:17:24.440+07:00 DEBUG 2616 --- [tea-attendance-api] [nio-8080-exec-7] s.w.s.m.m.a.RequestMappingHandlerMapping : Mapped to com.trasua.api.ExpenseController#range(LocalDate, LocalDate)
2026-09-13T23:17:24.440+07:00 DEBUG 2616 --- [tea-attendance-api] [nio-8080-exec-6] s.w.s.m.m.a.RequestMappingHandlerMapping : Mapped to com.trasua.api.MemberController#list(boolean)
2026-09-13T23:17:24.441+07:00 DEBUG 2616 --- [tea-attendance-api] [nio-8080-exec-2] s.w.s.m.m.a.RequestMappingHandlerMapping : Mapped to com.trasua.api.DrinkCatalogController#list(boolean)
2026-09-13T23:17:24.444+07:00 DEBUG 2616 --- [tea-attendance-api] [nio-8080-exec-8] o.s.web.servlet.DispatcherServlet        : GET "/api/chat/messages", parameters={}
2026-09-13T23:17:24.445+07:00 DEBUG 2616 --- [tea-attendance-api] [io-8080-exec-10] o.s.web.servlet.DispatcherServlet        : GET "/api/notifications?memberId=6", parameters={masked}
2026-09-13T23:17:24.445+07:00 DEBUG 2616 --- [tea-attendance-api] [nio-8080-exec-8] s.w.s.m.m.a.RequestMappingHandlerMapping : Mapped to com.trasua.api.ChatController#list(Instant, int)
2026-09-13T23:17:24.445+07:00 DEBUG 2616 --- [tea-attendance-api] [io-8080-exec-10] s.w.s.m.m.a.RequestMappingHandlerMapping : Mapped to com.trasua.api.NotificationController#list(Long)
2026-09-13T23:17:24.453+07:00 DEBUG 2616 --- [tea-attendance-api] [nio-8080-exec-7] org.hibernate.SQL                        : 
    select
        distinct do1_0.id,
        do1_0.created_at,
        i1_0.order_id,
        i1_0.id,
        i1_0.consumer_member_id,
        c1_0.id,
        c1_0.account_name,
        c1_0.account_number,
        c1_0.active,
        c1_0.bank_bin,
        c1_0.bank_name,
        c1_0.created_at,
        c1_0.display_name,
        c1_0.email,
        c1_0.password_hash,
        c1_0.qr_code_url,
        c1_0.reset_code_expires_at,
        c1_0.reset_code_hash,
        c1_0.role,
        c1_0.updated_at,
        i1_0.drink_name,
        i1_0.line_total,
        i1_0.quantity,
        i1_0.unit_price,
        do1_0.note,
        do1_0.order_date,
        do1_0.payer_member_id,
        p1_0.id,
        p1_0.account_name,
        p1_0.account_number,
        p1_0.active,
        p1_0.bank_bin,
        p1_0.bank_name,
        p1_0.created_at,
        p1_0.display_name,
        p1_0.email,
        p1_0.password_hash,
        p1_0.qr_code_url,
        p1_0.reset_code_expires_at,
        p1_0.reset_code_hash,
        p1_0.role,
        p1_0.updated_at,
        do1_0.total_amount,
        do1_0.updated_at 
    from
        drink_orders do1_0 
    join
        members p1_0 
            on p1_0.id=do1_0.payer_member_id 
    left join
        order_items i1_0 
            on do1_0.id=i1_0.order_id 
    left join
        members c1_0 
            on c1_0.id=i1_0.consumer_member_id 
    where
        do1_0.order_date between ? and ? 
    order by
        do1_0.order_date,
        do1_0.id
2026-09-13T23:17:24.453+07:00 DEBUG 2616 --- [tea-attendance-api] [nio-8080-exec-2] org.hibernate.SQL                        : 
    select
        dci1_0.id,
        dci1_0.active,
        dci1_0.created_at,
        dci1_0.icon,
        dci1_0.name,
        dci1_0.price,
        dci1_0.updated_at 
    from
        drink_catalog dci1_0
2026-09-13T23:17:24.455+07:00 DEBUG 2616 --- [tea-attendance-api] [nio-8080-exec-6] org.hibernate.SQL                        : 
    select
        m1_0.id,
        m1_0.account_name,
        m1_0.account_number,
        m1_0.active,
        m1_0.bank_bin,
        m1_0.bank_name,
        m1_0.created_at,
        m1_0.display_name,
        m1_0.email,
        m1_0.password_hash,
        m1_0.qr_code_url,
        m1_0.reset_code_expires_at,
        m1_0.reset_code_hash,
        m1_0.role,
        m1_0.updated_at 
    from
        members m1_0 
    where
        m1_0.active 
    order by
        m1_0.display_name
2026-09-13T23:17:24.455+07:00 DEBUG 2616 --- [tea-attendance-api] [nio-8080-exec-8] org.hibernate.SQL                        : 
    select
        cm1_0.id,
        cm1_0.content,
        cm1_0.created_at,
        cm1_0.sender_member_id,
        s1_0.id,
        s1_0.account_name,
        s1_0.account_number,
        s1_0.active,
        s1_0.bank_bin,
        s1_0.bank_name,
        s1_0.created_at,
        s1_0.display_name,
        s1_0.email,
        s1_0.password_hash,
        s1_0.qr_code_url,
        s1_0.reset_code_expires_at,
        s1_0.reset_code_hash,
        s1_0.role,
        s1_0.updated_at 
    from
        chat_messages cm1_0 
    join
        members s1_0 
            on s1_0.id=cm1_0.sender_member_id 
    order by
        cm1_0.created_at desc 
    limit
        ?
2026-09-13T23:17:24.455+07:00 DEBUG 2616 --- [tea-attendance-api] [io-8080-exec-10] org.hibernate.SQL                        : 
    select
        n1_0.id,
        n1_0.body,
        n1_0.created_at,
        n1_0.read_at,
        n1_0.recipient_member_id,
        r1_0.id,
        r1_0.account_name,
        r1_0.account_number,
        r1_0.active,
        r1_0.bank_bin,
        r1_0.bank_name,
        r1_0.created_at,
        r1_0.display_name,
        r1_0.email,
        r1_0.password_hash,
        r1_0.qr_code_url,
        r1_0.reset_code_expires_at,
        r1_0.reset_code_hash,
        r1_0.role,
        r1_0.updated_at,
        n1_0.settlement_id,
        n1_0.title,
        n1_0.transfer_id,
        n1_0.type 
    from
        notifications n1_0 
    join
        members r1_0 
            on r1_0.id=n1_0.recipient_member_id 
    where
        r1_0.id=? 
    order by
        n1_0.created_at desc
2026-09-13T23:17:24.465+07:00 DEBUG 2616 --- [tea-attendance-api] [nio-8080-exec-8] org.hibernate.SQL                        : 
    select
        a1_0.message_id,
        a1_0.id,
        a1_0.byte_size,
        a1_0.content_type,
        a1_0.created_at,
        a1_0.original_filename,
        a1_0.storage_key 
    from
        chat_attachments a1_0 
    where
        a1_0.message_id=? 
    order by
        a1_0.id
2026-09-13T23:17:24.467+07:00 DEBUG 2616 --- [tea-attendance-api] [nio-8080-exec-2] m.m.a.RequestResponseBodyMethodProcessor : Using 'application/json', given [*/*] and supported [application/json, application/*+json]
2026-09-13T23:17:24.468+07:00 DEBUG 2616 --- [tea-attendance-api] [nio-8080-exec-2] m.m.a.RequestResponseBodyMethodProcessor : Writing [[DrinkCatalogResponse[id=1, name=Tra da, price=5000, icon=?, active=true], DrinkCatalogResponse[id= (truncated)...]
2026-09-13T23:17:24.469+07:00 DEBUG 2616 --- [tea-attendance-api] [nio-8080-exec-2] o.s.web.servlet.DispatcherServlet        : Completed 200 OK
2026-09-13T23:17:24.469+07:00 DEBUG 2616 --- [tea-attendance-api] [nio-8080-exec-8] org.hibernate.SQL                        : 
    select
        a1_0.message_id,
        a1_0.id,
        a1_0.byte_size,
        a1_0.content_type,
        a1_0.created_at,
        a1_0.original_filename,
        a1_0.storage_key 
    from
        chat_attachments a1_0 
    where
        a1_0.message_id=? 
    order by
        a1_0.id
2026-09-13T23:17:24.470+07:00 DEBUG 2616 --- [tea-attendance-api] [io-8080-exec-10] m.m.a.RequestResponseBodyMethodProcessor : Using 'application/json', given [*/*] and supported [application/json, application/*+json]
2026-09-13T23:17:24.471+07:00 DEBUG 2616 --- [tea-attendance-api] [io-8080-exec-10] m.m.a.RequestResponseBodyMethodProcessor : Writing [[]]
2026-09-13T23:17:24.471+07:00 DEBUG 2616 --- [tea-attendance-api] [nio-8080-exec-6] m.m.a.RequestResponseBodyMethodProcessor : Using 'application/json', given [*/*] and supported [application/json, application/*+json]
2026-09-13T23:17:24.471+07:00 DEBUG 2616 --- [tea-attendance-api] [io-8080-exec-10] o.s.web.servlet.DispatcherServlet        : Completed 200 OK
2026-09-13T23:17:24.473+07:00 DEBUG 2616 --- [tea-attendance-api] [nio-8080-exec-6] m.m.a.RequestResponseBodyMethodProcessor : Writing [[MemberResponse[id=4, displayName=H??ng, email=huong@example.test, bankName=Techcombank, bankBin=970 (truncated)...]
2026-09-13T23:17:24.473+07:00 DEBUG 2616 --- [tea-attendance-api] [nio-8080-exec-7] m.m.a.RequestResponseBodyMethodProcessor : Using 'application/json', given [*/*] and supported [application/json, application/*+json]
2026-09-13T23:17:24.474+07:00 DEBUG 2616 --- [tea-attendance-api] [nio-8080-exec-6] o.s.web.servlet.DispatcherServlet        : Completed 200 OK
2026-09-13T23:17:24.476+07:00 DEBUG 2616 --- [tea-attendance-api] [nio-8080-exec-7] m.m.a.RequestResponseBodyMethodProcessor : Writing [[ExpenseResponse[id=1, orderDate=2026-09-12, payer=MemberBriefResponse[id=2, displayName=Linh Chi],  (truncated)...]
2026-09-13T23:17:24.477+07:00 DEBUG 2616 --- [tea-attendance-api] [nio-8080-exec-7] o.s.web.servlet.DispatcherServlet        : Completed 200 OK
2026-09-13T23:17:24.480+07:00 DEBUG 2616 --- [tea-attendance-api] [nio-8080-exec-5] o.s.web.servlet.DispatcherServlet        : GET "/api/members", parameters={}
2026-09-13T23:17:24.480+07:00 DEBUG 2616 --- [tea-attendance-api] [nio-8080-exec-5] s.w.s.m.m.a.RequestMappingHandlerMapping : Mapped to com.trasua.api.MemberController#list(boolean)
2026-09-13T23:17:24.480+07:00 DEBUG 2616 --- [tea-attendance-api] [nio-8080-exec-1] o.s.web.servlet.DispatcherServlet        : GET "/api/drinks?includeInactive=true", parameters={masked}
2026-09-13T23:17:24.481+07:00 DEBUG 2616 --- [tea-attendance-api] [nio-8080-exec-1] s.w.s.m.m.a.RequestMappingHandlerMapping : Mapped to com.trasua.api.DrinkCatalogController#list(boolean)
2026-09-13T23:17:24.483+07:00 DEBUG 2616 --- [tea-attendance-api] [nio-8080-exec-9] o.s.web.servlet.DispatcherServlet        : GET "/api/expenses/range?from=2026-09-07&to=2026-09-13", parameters={masked}
2026-09-13T23:17:24.483+07:00 DEBUG 2616 --- [tea-attendance-api] [nio-8080-exec-9] s.w.s.m.m.a.RequestMappingHandlerMapping : Mapped to com.trasua.api.ExpenseController#range(LocalDate, LocalDate)
2026-09-13T23:17:24.485+07:00 DEBUG 2616 --- [tea-attendance-api] [nio-8080-exec-8] m.m.a.RequestResponseBodyMethodProcessor : Using 'application/json', given [*/*] and supported [application/json, application/*+json]
2026-09-13T23:17:24.486+07:00 DEBUG 2616 --- [tea-attendance-api] [nio-8080-exec-8] m.m.a.RequestResponseBodyMethodProcessor : Writing [[ChatMessageResponse[id=2, sender=MemberBriefResponse[id=1, displayName=Minh Anh], content=alo, atta (truncated)...]
2026-09-13T23:17:24.487+07:00 DEBUG 2616 --- [tea-attendance-api] [nio-8080-exec-8] o.s.web.servlet.DispatcherServlet        : Completed 200 OK
2026-09-13T23:17:24.488+07:00 DEBUG 2616 --- [tea-attendance-api] [nio-8080-exec-5] org.hibernate.SQL                        : 
    select
        m1_0.id,
        m1_0.account_name,
        m1_0.account_number,
        m1_0.active,
        m1_0.bank_bin,
        m1_0.bank_name,
        m1_0.created_at,
        m1_0.display_name,
        m1_0.email,
        m1_0.password_hash,
        m1_0.qr_code_url,
        m1_0.reset_code_expires_at,
        m1_0.reset_code_hash,
        m1_0.role,
        m1_0.updated_at 
    from
        members m1_0 
    where
        m1_0.active 
    order by
        m1_0.display_name
2026-09-13T23:17:24.489+07:00 DEBUG 2616 --- [tea-attendance-api] [nio-8080-exec-1] org.hibernate.SQL                        : 
    select
        dci1_0.id,
        dci1_0.active,
        dci1_0.created_at,
        dci1_0.icon,
        dci1_0.name,
        dci1_0.price,
        dci1_0.updated_at 
    from
        drink_catalog dci1_0
2026-09-13T23:17:24.492+07:00 DEBUG 2616 --- [tea-attendance-api] [nio-8080-exec-4] o.s.web.servlet.DispatcherServlet        : GET "/api/chat/messages", parameters={}
2026-09-13T23:17:24.492+07:00 DEBUG 2616 --- [tea-attendance-api] [nio-8080-exec-9] org.hibernate.SQL                        : 
    select
        distinct do1_0.id,
        do1_0.created_at,
        i1_0.order_id,
        i1_0.id,
        i1_0.consumer_member_id,
        c1_0.id,
        c1_0.account_name,
        c1_0.account_number,
        c1_0.active,
        c1_0.bank_bin,
        c1_0.bank_name,
        c1_0.created_at,
        c1_0.display_name,
        c1_0.email,
        c1_0.password_hash,
        c1_0.qr_code_url,
        c1_0.reset_code_expires_at,
        c1_0.reset_code_hash,
        c1_0.role,
        c1_0.updated_at,
        i1_0.drink_name,
        i1_0.line_total,
        i1_0.quantity,
        i1_0.unit_price,
        do1_0.note,
        do1_0.order_date,
        do1_0.payer_member_id,
        p1_0.id,
        p1_0.account_name,
        p1_0.account_number,
        p1_0.active,
        p1_0.bank_bin,
        p1_0.bank_name,
        p1_0.created_at,
        p1_0.display_name,
        p1_0.email,
        p1_0.password_hash,
        p1_0.qr_code_url,
        p1_0.reset_code_expires_at,
        p1_0.reset_code_hash,
        p1_0.role,
        p1_0.updated_at,
        do1_0.total_amount,
        do1_0.updated_at 
    from
        drink_orders do1_0 
    join
        members p1_0 
            on p1_0.id=do1_0.payer_member_id 
    left join
        order_items i1_0 
            on do1_0.id=i1_0.order_id 
    left join
        members c1_0 
            on c1_0.id=i1_0.consumer_member_id 
    where
        do1_0.order_date between ? and ? 
    order by
        do1_0.order_date,
        do1_0.id
2026-09-13T23:17:24.492+07:00 DEBUG 2616 --- [tea-attendance-api] [nio-8080-exec-4] s.w.s.m.m.a.RequestMappingHandlerMapping : Mapped to com.trasua.api.ChatController#list(Instant, int)
2026-09-13T23:17:24.501+07:00 DEBUG 2616 --- [tea-attendance-api] [nio-8080-exec-4] org.hibernate.SQL                        : 
    select
        cm1_0.id,
        cm1_0.content,
        cm1_0.created_at,
        cm1_0.sender_member_id,
        s1_0.id,
        s1_0.account_name,
        s1_0.account_number,
        s1_0.active,
        s1_0.bank_bin,
        s1_0.bank_name,
        s1_0.created_at,
        s1_0.display_name,
        s1_0.email,
        s1_0.password_hash,
        s1_0.qr_code_url,
        s1_0.reset_code_expires_at,
        s1_0.reset_code_hash,
        s1_0.role,
        s1_0.updated_at 
    from
        chat_messages cm1_0 
    join
        members s1_0 
            on s1_0.id=cm1_0.sender_member_id 
    order by
        cm1_0.created_at desc 
    limit
        ?
2026-09-13T23:17:24.502+07:00 DEBUG 2616 --- [tea-attendance-api] [nio-8080-exec-3] o.s.web.servlet.DispatcherServlet        : GET "/api/notifications?memberId=6", parameters={masked}
2026-09-13T23:17:24.503+07:00 DEBUG 2616 --- [tea-attendance-api] [nio-8080-exec-3] s.w.s.m.m.a.RequestMappingHandlerMapping : Mapped to com.trasua.api.NotificationController#list(Long)
2026-09-13T23:17:24.503+07:00 DEBUG 2616 --- [tea-attendance-api] [nio-8080-exec-5] m.m.a.RequestResponseBodyMethodProcessor : Using 'application/json', given [*/*] and supported [application/json, application/*+json]
2026-09-13T23:17:24.503+07:00 DEBUG 2616 --- [tea-attendance-api] [nio-8080-exec-1] m.m.a.RequestResponseBodyMethodProcessor : Using 'application/json', given [*/*] and supported [application/json, application/*+json]
2026-09-13T23:17:24.503+07:00 DEBUG 2616 --- [tea-attendance-api] [nio-8080-exec-1] m.m.a.RequestResponseBodyMethodProcessor : Writing [[DrinkCatalogResponse[id=1, name=Tra da, price=5000, icon=?, active=true], DrinkCatalogResponse[id= (truncated)...]
2026-09-13T23:17:24.503+07:00 DEBUG 2616 --- [tea-attendance-api] [nio-8080-exec-5] m.m.a.RequestResponseBodyMethodProcessor : Writing [[MemberResponse[id=4, displayName=H??ng, email=huong@example.test, bankName=Techcombank, bankBin=970 (truncated)...]
2026-09-13T23:17:24.504+07:00 DEBUG 2616 --- [tea-attendance-api] [nio-8080-exec-5] o.s.web.servlet.DispatcherServlet        : Completed 200 OK
2026-09-13T23:17:24.504+07:00 DEBUG 2616 --- [tea-attendance-api] [nio-8080-exec-1] o.s.web.servlet.DispatcherServlet        : Completed 200 OK
2026-09-13T23:17:24.507+07:00 DEBUG 2616 --- [tea-attendance-api] [nio-8080-exec-4] org.hibernate.SQL                        : 
    select
        a1_0.message_id,
        a1_0.id,
        a1_0.byte_size,
        a1_0.content_type,
        a1_0.created_at,
        a1_0.original_filename,
        a1_0.storage_key 
    from
        chat_attachments a1_0 
    where
        a1_0.message_id=? 
    order by
        a1_0.id
2026-09-13T23:17:24.512+07:00 DEBUG 2616 --- [tea-attendance-api] [nio-8080-exec-4] org.hibernate.SQL                        : 
    select
        a1_0.message_id,
        a1_0.id,
        a1_0.byte_size,
        a1_0.content_type,
        a1_0.created_at,
        a1_0.original_filename,
        a1_0.storage_key 
    from
        chat_attachments a1_0 
    where
        a1_0.message_id=? 
    order by
        a1_0.id
2026-09-13T23:17:24.513+07:00 DEBUG 2616 --- [tea-attendance-api] [nio-8080-exec-3] org.hibernate.SQL                        : 
    select
        n1_0.id,
        n1_0.body,
        n1_0.created_at,
        n1_0.read_at,
        n1_0.recipient_member_id,
        r1_0.id,
        r1_0.account_name,
        r1_0.account_number,
        r1_0.active,
        r1_0.bank_bin,
        r1_0.bank_name,
        r1_0.created_at,
        r1_0.display_name,
        r1_0.email,
        r1_0.password_hash,
        r1_0.qr_code_url,
        r1_0.reset_code_expires_at,
        r1_0.reset_code_hash,
        r1_0.role,
        r1_0.updated_at,
        n1_0.settlement_id,
        n1_0.title,
        n1_0.transfer_id,
        n1_0.type 
    from
        notifications n1_0 
    join
        members r1_0 
            on r1_0.id=n1_0.recipient_member_id 
    where
        r1_0.id=? 
    order by
        n1_0.created_at desc
2026-09-13T23:17:24.522+07:00 DEBUG 2616 --- [tea-attendance-api] [nio-8080-exec-4] m.m.a.RequestResponseBodyMethodProcessor : Using 'application/json', given [*/*] and supported [application/json, application/*+json]
2026-09-13T23:17:24.522+07:00 DEBUG 2616 --- [tea-attendance-api] [nio-8080-exec-3] m.m.a.RequestResponseBodyMethodProcessor : Using 'application/json', given [*/*] and supported [application/json, application/*+json]
2026-09-13T23:17:24.522+07:00 DEBUG 2616 --- [tea-attendance-api] [nio-8080-exec-9] m.m.a.RequestResponseBodyMethodProcessor : Using 'application/json', given [*/*] and supported [application/json, application/*+json]
2026-09-13T23:17:24.523+07:00 DEBUG 2616 --- [tea-attendance-api] [nio-8080-exec-3] m.m.a.RequestResponseBodyMethodProcessor : Writing [[]]
2026-09-13T23:17:24.523+07:00 DEBUG 2616 --- [tea-attendance-api] [nio-8080-exec-4] m.m.a.RequestResponseBodyMethodProcessor : Writing [[ChatMessageResponse[id=2, sender=MemberBriefResponse[id=1, displayName=Minh Anh], content=alo, atta (truncated)...]
2026-09-13T23:17:24.523+07:00 DEBUG 2616 --- [tea-attendance-api] [nio-8080-exec-9] m.m.a.RequestResponseBodyMethodProcessor : Writing [[ExpenseResponse[id=1, orderDate=2026-09-12, payer=MemberBriefResponse[id=2, displayName=Linh Chi],  (truncated)...]
2026-09-13T23:17:24.523+07:00 DEBUG 2616 --- [tea-attendance-api] [nio-8080-exec-3] o.s.web.servlet.DispatcherServlet        : Completed 200 OK
2026-09-13T23:17:24.523+07:00 DEBUG 2616 --- [tea-attendance-api] [nio-8080-exec-4] o.s.web.servlet.DispatcherServlet        : Completed 200 OK
2026-09-13T23:17:24.523+07:00 DEBUG 2616 --- [tea-attendance-api] [nio-8080-exec-9] o.s.web.servlet.DispatcherServlet        : Completed 200 OK
2026-09-13T23:18:00.457+07:00 DEBUG 2616 --- [tea-attendance-api] [nio-8080-exec-2] o.s.web.servlet.DispatcherServlet        : GET "/api/members", parameters={}
2026-09-13T23:18:00.458+07:00 DEBUG 2616 --- [tea-attendance-api] [nio-8080-exec-2] s.w.s.m.m.a.RequestMappingHandlerMapping : Mapped to com.trasua.api.MemberController#list(boolean)
2026-09-13T23:18:00.462+07:00 DEBUG 2616 --- [tea-attendance-api] [io-8080-exec-10] o.s.web.servlet.DispatcherServlet        : GET "/api/drinks?includeInactive=true", parameters={masked}
2026-09-13T23:18:00.463+07:00 DEBUG 2616 --- [tea-attendance-api] [io-8080-exec-10] s.w.s.m.m.a.RequestMappingHandlerMapping : Mapped to com.trasua.api.DrinkCatalogController#list(boolean)
2026-09-13T23:18:00.468+07:00 DEBUG 2616 --- [tea-attendance-api] [nio-8080-exec-6] o.s.web.servlet.DispatcherServlet        : GET "/api/expenses/range?from=2026-09-07&to=2026-09-13", parameters={masked}
2026-09-13T23:18:00.468+07:00 DEBUG 2616 --- [tea-attendance-api] [nio-8080-exec-6] s.w.s.m.m.a.RequestMappingHandlerMapping : Mapped to com.trasua.api.ExpenseController#range(LocalDate, LocalDate)
2026-09-13T23:18:00.476+07:00 DEBUG 2616 --- [tea-attendance-api] [nio-8080-exec-7] o.s.web.servlet.DispatcherServlet        : GET "/api/chat/messages", parameters={}
2026-09-13T23:18:00.476+07:00 DEBUG 2616 --- [tea-attendance-api] [nio-8080-exec-7] s.w.s.m.m.a.RequestMappingHandlerMapping : Mapped to com.trasua.api.ChatController#list(Instant, int)
2026-09-13T23:18:00.477+07:00 DEBUG 2616 --- [tea-attendance-api] [io-8080-exec-10] org.hibernate.SQL                        : 
    select
        dci1_0.id,
        dci1_0.active,
        dci1_0.created_at,
        dci1_0.icon,
        dci1_0.name,
        dci1_0.price,
        dci1_0.updated_at 
    from
        drink_catalog dci1_0
2026-09-13T23:18:00.477+07:00 DEBUG 2616 --- [tea-attendance-api] [nio-8080-exec-2] org.hibernate.SQL                        : 
    select
        m1_0.id,
        m1_0.account_name,
        m1_0.account_number,
        m1_0.active,
        m1_0.bank_bin,
        m1_0.bank_name,
        m1_0.created_at,
        m1_0.display_name,
        m1_0.email,
        m1_0.password_hash,
        m1_0.qr_code_url,
        m1_0.reset_code_expires_at,
        m1_0.reset_code_hash,
        m1_0.role,
        m1_0.updated_at 
    from
        members m1_0 
    where
        m1_0.active 
    order by
        m1_0.display_name
2026-09-13T23:18:00.495+07:00 DEBUG 2616 --- [tea-attendance-api] [nio-8080-exec-6] org.hibernate.SQL                        : 
    select
        distinct do1_0.id,
        do1_0.created_at,
        i1_0.order_id,
        i1_0.id,
        i1_0.consumer_member_id,
        c1_0.id,
        c1_0.account_name,
        c1_0.account_number,
        c1_0.active,
        c1_0.bank_bin,
        c1_0.bank_name,
        c1_0.created_at,
        c1_0.display_name,
        c1_0.email,
        c1_0.password_hash,
        c1_0.qr_code_url,
        c1_0.reset_code_expires_at,
        c1_0.reset_code_hash,
        c1_0.role,
        c1_0.updated_at,
        i1_0.drink_name,
        i1_0.line_total,
        i1_0.quantity,
        i1_0.unit_price,
        do1_0.note,
        do1_0.order_date,
        do1_0.payer_member_id,
        p1_0.id,
        p1_0.account_name,
        p1_0.account_number,
        p1_0.active,
        p1_0.bank_bin,
        p1_0.bank_name,
        p1_0.created_at,
        p1_0.display_name,
        p1_0.email,
        p1_0.password_hash,
        p1_0.qr_code_url,
        p1_0.reset_code_expires_at,
        p1_0.reset_code_hash,
        p1_0.role,
        p1_0.updated_at,
        do1_0.total_amount,
        do1_0.updated_at 
    from
        drink_orders do1_0 
    join
        members p1_0 
            on p1_0.id=do1_0.payer_member_id 
    left join
        order_items i1_0 
            on do1_0.id=i1_0.order_id 
    left join
        members c1_0 
            on c1_0.id=i1_0.consumer_member_id 
    where
        do1_0.order_date between ? and ? 
    order by
        do1_0.order_date,
        do1_0.id
2026-09-13T23:18:00.498+07:00 DEBUG 2616 --- [tea-attendance-api] [nio-8080-exec-7] org.hibernate.SQL                        : 
    select
        cm1_0.id,
        cm1_0.content,
        cm1_0.created_at,
        cm1_0.sender_member_id,
        s1_0.id,
        s1_0.account_name,
        s1_0.account_number,
        s1_0.active,
        s1_0.bank_bin,
        s1_0.bank_name,
        s1_0.created_at,
        s1_0.display_name,
        s1_0.email,
        s1_0.password_hash,
        s1_0.qr_code_url,
        s1_0.reset_code_expires_at,
        s1_0.reset_code_hash,
        s1_0.role,
        s1_0.updated_at 
    from
        chat_messages cm1_0 
    join
        members s1_0 
            on s1_0.id=cm1_0.sender_member_id 
    order by
        cm1_0.created_at desc 
    limit
        ?
2026-09-13T23:18:00.512+07:00 DEBUG 2616 --- [tea-attendance-api] [nio-8080-exec-8] o.s.web.servlet.DispatcherServlet        : GET "/api/notifications?memberId=6", parameters={masked}
2026-09-13T23:18:00.512+07:00 DEBUG 2616 --- [tea-attendance-api] [nio-8080-exec-8] s.w.s.m.m.a.RequestMappingHandlerMapping : Mapped to com.trasua.api.NotificationController#list(Long)
2026-09-13T23:18:00.514+07:00 DEBUG 2616 --- [tea-attendance-api] [io-8080-exec-10] m.m.a.RequestResponseBodyMethodProcessor : Using 'application/json', given [*/*] and supported [application/json, application/*+json]
2026-09-13T23:18:00.514+07:00 DEBUG 2616 --- [tea-attendance-api] [io-8080-exec-10] m.m.a.RequestResponseBodyMethodProcessor : Writing [[DrinkCatalogResponse[id=1, name=Tra da, price=5000, icon=?, active=true], DrinkCatalogResponse[id= (truncated)...]
2026-09-13T23:18:00.514+07:00 DEBUG 2616 --- [tea-attendance-api] [nio-8080-exec-2] m.m.a.RequestResponseBodyMethodProcessor : Using 'application/json', given [*/*] and supported [application/json, application/*+json]
2026-09-13T23:18:00.515+07:00 DEBUG 2616 --- [tea-attendance-api] [nio-8080-exec-2] m.m.a.RequestResponseBodyMethodProcessor : Writing [[MemberResponse[id=4, displayName=H??ng, email=huong@example.test, bankName=Techcombank, bankBin=970 (truncated)...]
2026-09-13T23:18:00.515+07:00 DEBUG 2616 --- [tea-attendance-api] [io-8080-exec-10] o.s.web.servlet.DispatcherServlet        : Completed 200 OK
2026-09-13T23:18:00.515+07:00 DEBUG 2616 --- [tea-attendance-api] [nio-8080-exec-2] o.s.web.servlet.DispatcherServlet        : Completed 200 OK
2026-09-13T23:18:00.515+07:00 DEBUG 2616 --- [tea-attendance-api] [nio-8080-exec-7] org.hibernate.SQL                        : 
    select
        a1_0.message_id,
        a1_0.id,
        a1_0.byte_size,
        a1_0.content_type,
        a1_0.created_at,
        a1_0.original_filename,
        a1_0.storage_key 
    from
        chat_attachments a1_0 
    where
        a1_0.message_id=? 
    order by
        a1_0.id
2026-09-13T23:18:00.520+07:00 DEBUG 2616 --- [tea-attendance-api] [nio-8080-exec-7] org.hibernate.SQL                        : 
    select
        a1_0.message_id,
        a1_0.id,
        a1_0.byte_size,
        a1_0.content_type,
        a1_0.created_at,
        a1_0.original_filename,
        a1_0.storage_key 
    from
        chat_attachments a1_0 
    where
        a1_0.message_id=? 
    order by
        a1_0.id
2026-09-13T23:18:00.525+07:00 DEBUG 2616 --- [tea-attendance-api] [nio-8080-exec-1] o.s.web.servlet.DispatcherServlet        : GET "/api/members", parameters={}
2026-09-13T23:18:00.526+07:00 DEBUG 2616 --- [tea-attendance-api] [nio-8080-exec-1] s.w.s.m.m.a.RequestMappingHandlerMapping : Mapped to com.trasua.api.MemberController#list(boolean)
2026-09-13T23:18:00.526+07:00 DEBUG 2616 --- [tea-attendance-api] [nio-8080-exec-5] o.s.web.servlet.DispatcherServlet        : GET "/api/drinks?includeInactive=true", parameters={masked}
2026-09-13T23:18:00.526+07:00 DEBUG 2616 --- [tea-attendance-api] [nio-8080-exec-5] s.w.s.m.m.a.RequestMappingHandlerMapping : Mapped to com.trasua.api.DrinkCatalogController#list(boolean)
2026-09-13T23:18:00.532+07:00 DEBUG 2616 --- [tea-attendance-api] [nio-8080-exec-6] m.m.a.RequestResponseBodyMethodProcessor : Using 'application/json', given [*/*] and supported [application/json, application/*+json]
2026-09-13T23:18:00.532+07:00 DEBUG 2616 --- [tea-attendance-api] [nio-8080-exec-6] m.m.a.RequestResponseBodyMethodProcessor : Writing [[ExpenseResponse[id=1, orderDate=2026-09-12, payer=MemberBriefResponse[id=2, displayName=Linh Chi],  (truncated)...]
2026-09-13T23:18:00.532+07:00 DEBUG 2616 --- [tea-attendance-api] [nio-8080-exec-8] org.hibernate.SQL                        : 
    select
        n1_0.id,
        n1_0.body,
        n1_0.created_at,
        n1_0.read_at,
        n1_0.recipient_member_id,
        r1_0.id,
        r1_0.account_name,
        r1_0.account_number,
        r1_0.active,
        r1_0.bank_bin,
        r1_0.bank_name,
        r1_0.created_at,
        r1_0.display_name,
        r1_0.email,
        r1_0.password_hash,
        r1_0.qr_code_url,
        r1_0.reset_code_expires_at,
        r1_0.reset_code_hash,
        r1_0.role,
        r1_0.updated_at,
        n1_0.settlement_id,
        n1_0.title,
        n1_0.transfer_id,
        n1_0.type 
    from
        notifications n1_0 
    join
        members r1_0 
            on r1_0.id=n1_0.recipient_member_id 
    where
        r1_0.id=? 
    order by
        n1_0.created_at desc
2026-09-13T23:18:00.533+07:00 DEBUG 2616 --- [tea-attendance-api] [nio-8080-exec-6] o.s.web.servlet.DispatcherServlet        : Completed 200 OK
2026-09-13T23:18:00.535+07:00 DEBUG 2616 --- [tea-attendance-api] [nio-8080-exec-4] o.s.web.servlet.DispatcherServlet        : GET "/api/expenses/range?from=2026-09-07&to=2026-09-13", parameters={masked}
2026-09-13T23:18:00.536+07:00 DEBUG 2616 --- [tea-attendance-api] [nio-8080-exec-4] s.w.s.m.m.a.RequestMappingHandlerMapping : Mapped to com.trasua.api.ExpenseController#range(LocalDate, LocalDate)
2026-09-13T23:18:00.537+07:00 DEBUG 2616 --- [tea-attendance-api] [nio-8080-exec-5] org.hibernate.SQL                        : 
    select
        dci1_0.id,
        dci1_0.active,
        dci1_0.created_at,
        dci1_0.icon,
        dci1_0.name,
        dci1_0.price,
        dci1_0.updated_at 
    from
        drink_catalog dci1_0
2026-09-13T23:18:00.537+07:00 DEBUG 2616 --- [tea-attendance-api] [nio-8080-exec-1] org.hibernate.SQL                        : 
    select
        m1_0.id,
        m1_0.account_name,
        m1_0.account_number,
        m1_0.active,
        m1_0.bank_bin,
        m1_0.bank_name,
        m1_0.created_at,
        m1_0.display_name,
        m1_0.email,
        m1_0.password_hash,
        m1_0.qr_code_url,
        m1_0.reset_code_expires_at,
        m1_0.reset_code_hash,
        m1_0.role,
        m1_0.updated_at 
    from
        members m1_0 
    where
        m1_0.active 
    order by
        m1_0.display_name
2026-09-13T23:18:00.549+07:00 DEBUG 2616 --- [tea-attendance-api] [nio-8080-exec-7] m.m.a.RequestResponseBodyMethodProcessor : Using 'application/json', given [*/*] and supported [application/json, application/*+json]
2026-09-13T23:18:00.549+07:00 DEBUG 2616 --- [tea-attendance-api] [nio-8080-exec-7] m.m.a.RequestResponseBodyMethodProcessor : Writing [[ChatMessageResponse[id=2, sender=MemberBriefResponse[id=1, displayName=Minh Anh], content=alo, atta (truncated)...]
2026-09-13T23:18:00.550+07:00 DEBUG 2616 --- [tea-attendance-api] [nio-8080-exec-7] o.s.web.servlet.DispatcherServlet        : Completed 200 OK
2026-09-13T23:18:00.554+07:00 DEBUG 2616 --- [tea-attendance-api] [nio-8080-exec-4] org.hibernate.SQL                        : 
    select
        distinct do1_0.id,
        do1_0.created_at,
        i1_0.order_id,
        i1_0.id,
        i1_0.consumer_member_id,
        c1_0.id,
        c1_0.account_name,
        c1_0.account_number,
        c1_0.active,
        c1_0.bank_bin,
        c1_0.bank_name,
        c1_0.created_at,
        c1_0.display_name,
        c1_0.email,
        c1_0.password_hash,
        c1_0.qr_code_url,
        c1_0.reset_code_expires_at,
        c1_0.reset_code_hash,
        c1_0.role,
        c1_0.updated_at,
        i1_0.drink_name,
        i1_0.line_total,
        i1_0.quantity,
        i1_0.unit_price,
        do1_0.note,
        do1_0.order_date,
        do1_0.payer_member_id,
        p1_0.id,
        p1_0.account_name,
        p1_0.account_number,
        p1_0.active,
        p1_0.bank_bin,
        p1_0.bank_name,
        p1_0.created_at,
        p1_0.display_name,
        p1_0.email,
        p1_0.password_hash,
        p1_0.qr_code_url,
        p1_0.reset_code_expires_at,
        p1_0.reset_code_hash,
        p1_0.role,
        p1_0.updated_at,
        do1_0.total_amount,
        do1_0.updated_at 
    from
        drink_orders do1_0 
    join
        members p1_0 
            on p1_0.id=do1_0.payer_member_id 
    left join
        order_items i1_0 
            on do1_0.id=i1_0.order_id 
    left join
        members c1_0 
            on c1_0.id=i1_0.consumer_member_id 
    where
        do1_0.order_date between ? and ? 
    order by
        do1_0.order_date,
        do1_0.id
2026-09-13T23:18:00.562+07:00 DEBUG 2616 --- [tea-attendance-api] [nio-8080-exec-3] o.s.web.servlet.DispatcherServlet        : GET "/api/chat/messages", parameters={}
2026-09-13T23:18:00.562+07:00 DEBUG 2616 --- [tea-attendance-api] [nio-8080-exec-3] s.w.s.m.m.a.RequestMappingHandlerMapping : Mapped to com.trasua.api.ChatController#list(Instant, int)
2026-09-13T23:18:00.566+07:00 DEBUG 2616 --- [tea-attendance-api] [nio-8080-exec-5] m.m.a.RequestResponseBodyMethodProcessor : Using 'application/json', given [*/*] and supported [application/json, application/*+json]
2026-09-13T23:18:00.566+07:00 DEBUG 2616 --- [tea-attendance-api] [nio-8080-exec-1] m.m.a.RequestResponseBodyMethodProcessor : Using 'application/json', given [*/*] and supported [application/json, application/*+json]
2026-09-13T23:18:00.567+07:00 DEBUG 2616 --- [tea-attendance-api] [nio-8080-exec-5] m.m.a.RequestResponseBodyMethodProcessor : Writing [[DrinkCatalogResponse[id=1, name=Tra da, price=5000, icon=?, active=true], DrinkCatalogResponse[id= (truncated)...]
2026-09-13T23:18:00.567+07:00 DEBUG 2616 --- [tea-attendance-api] [nio-8080-exec-1] m.m.a.RequestResponseBodyMethodProcessor : Writing [[MemberResponse[id=4, displayName=H??ng, email=huong@example.test, bankName=Techcombank, bankBin=970 (truncated)...]
2026-09-13T23:18:00.567+07:00 DEBUG 2616 --- [tea-attendance-api] [nio-8080-exec-5] o.s.web.servlet.DispatcherServlet        : Completed 200 OK
2026-09-13T23:18:00.567+07:00 DEBUG 2616 --- [tea-attendance-api] [nio-8080-exec-1] o.s.web.servlet.DispatcherServlet        : Completed 200 OK
2026-09-13T23:18:00.568+07:00 DEBUG 2616 --- [tea-attendance-api] [nio-8080-exec-8] m.m.a.RequestResponseBodyMethodProcessor : Using 'application/json', given [*/*] and supported [application/json, application/*+json]
2026-09-13T23:18:00.568+07:00 DEBUG 2616 --- [tea-attendance-api] [nio-8080-exec-8] m.m.a.RequestResponseBodyMethodProcessor : Writing [[]]
2026-09-13T23:18:00.569+07:00 DEBUG 2616 --- [tea-attendance-api] [nio-8080-exec-8] o.s.web.servlet.DispatcherServlet        : Completed 200 OK
2026-09-13T23:18:00.575+07:00 DEBUG 2616 --- [tea-attendance-api] [nio-8080-exec-3] org.hibernate.SQL                        : 
    select
        cm1_0.id,
        cm1_0.content,
        cm1_0.created_at,
        cm1_0.sender_member_id,
        s1_0.id,
        s1_0.account_name,
        s1_0.account_number,
        s1_0.active,
        s1_0.bank_bin,
        s1_0.bank_name,
        s1_0.created_at,
        s1_0.display_name,
        s1_0.email,
        s1_0.password_hash,
        s1_0.qr_code_url,
        s1_0.reset_code_expires_at,
        s1_0.reset_code_hash,
        s1_0.role,
        s1_0.updated_at 
    from
        chat_messages cm1_0 
    join
        members s1_0 
            on s1_0.id=cm1_0.sender_member_id 
    order by
        cm1_0.created_at desc 
    limit
        ?
2026-09-13T23:18:00.576+07:00 DEBUG 2616 --- [tea-attendance-api] [nio-8080-exec-9] o.s.web.servlet.DispatcherServlet        : GET "/api/notifications?memberId=6", parameters={masked}
2026-09-13T23:18:00.577+07:00 DEBUG 2616 --- [tea-attendance-api] [nio-8080-exec-9] s.w.s.m.m.a.RequestMappingHandlerMapping : Mapped to com.trasua.api.NotificationController#list(Long)
2026-09-13T23:18:00.580+07:00 DEBUG 2616 --- [tea-attendance-api] [nio-8080-exec-3] org.hibernate.SQL                        : 
    select
        a1_0.message_id,
        a1_0.id,
        a1_0.byte_size,
        a1_0.content_type,
        a1_0.created_at,
        a1_0.original_filename,
        a1_0.storage_key 
    from
        chat_attachments a1_0 
    where
        a1_0.message_id=? 
    order by
        a1_0.id
2026-09-13T23:18:00.582+07:00 DEBUG 2616 --- [tea-attendance-api] [nio-8080-exec-4] m.m.a.RequestResponseBodyMethodProcessor : Using 'application/json', given [*/*] and supported [application/json, application/*+json]
2026-09-13T23:18:00.582+07:00 DEBUG 2616 --- [tea-attendance-api] [nio-8080-exec-4] m.m.a.RequestResponseBodyMethodProcessor : Writing [[ExpenseResponse[id=1, orderDate=2026-09-12, payer=MemberBriefResponse[id=2, displayName=Linh Chi],  (truncated)...]
2026-09-13T23:18:00.583+07:00 DEBUG 2616 --- [tea-attendance-api] [nio-8080-exec-4] o.s.web.servlet.DispatcherServlet        : Completed 200 OK
2026-09-13T23:18:00.590+07:00 DEBUG 2616 --- [tea-attendance-api] [nio-8080-exec-3] org.hibernate.SQL                        : 
    select
        a1_0.message_id,
        a1_0.id,
        a1_0.byte_size,
        a1_0.content_type,
        a1_0.created_at,
        a1_0.original_filename,
        a1_0.storage_key 
    from
        chat_attachments a1_0 
    where
        a1_0.message_id=? 
    order by
        a1_0.id
2026-09-13T23:18:00.590+07:00 DEBUG 2616 --- [tea-attendance-api] [nio-8080-exec-9] org.hibernate.SQL                        : 
    select
        n1_0.id,
        n1_0.body,
        n1_0.created_at,
        n1_0.read_at,
        n1_0.recipient_member_id,
        r1_0.id,
        r1_0.account_name,
        r1_0.account_number,
        r1_0.active,
        r1_0.bank_bin,
        r1_0.bank_name,
        r1_0.created_at,
        r1_0.display_name,
        r1_0.email,
        r1_0.password_hash,
        r1_0.qr_code_url,
        r1_0.reset_code_expires_at,
        r1_0.reset_code_hash,
        r1_0.role,
        r1_0.updated_at,
        n1_0.settlement_id,
        n1_0.title,
        n1_0.transfer_id,
        n1_0.type 
    from
        notifications n1_0 
    join
        members r1_0 
            on r1_0.id=n1_0.recipient_member_id 
    where
        r1_0.id=? 
    order by
        n1_0.created_at desc
2026-09-13T23:18:00.617+07:00 DEBUG 2616 --- [tea-attendance-api] [nio-8080-exec-9] m.m.a.RequestResponseBodyMethodProcessor : Using 'application/json', given [*/*] and supported [application/json, application/*+json]
2026-09-13T23:18:00.617+07:00 DEBUG 2616 --- [tea-attendance-api] [nio-8080-exec-9] m.m.a.RequestResponseBodyMethodProcessor : Writing [[]]
2026-09-13T23:18:00.617+07:00 DEBUG 2616 --- [tea-attendance-api] [nio-8080-exec-9] o.s.web.servlet.DispatcherServlet        : Completed 200 OK
2026-09-13T23:18:00.626+07:00 DEBUG 2616 --- [tea-attendance-api] [nio-8080-exec-3] m.m.a.RequestResponseBodyMethodProcessor : Using 'application/json', given [*/*] and supported [application/json, application/*+json]
2026-09-13T23:18:00.626+07:00 DEBUG 2616 --- [tea-attendance-api] [nio-8080-exec-3] m.m.a.RequestResponseBodyMethodProcessor : Writing [[ChatMessageResponse[id=2, sender=MemberBriefResponse[id=1, displayName=Minh Anh], content=alo, atta (truncated)...]
2026-09-13T23:18:00.627+07:00 DEBUG 2616 --- [tea-attendance-api] [nio-8080-exec-3] o.s.web.servlet.DispatcherServlet        : Completed 200 OK
2026-09-13T23:18:58.508+07:00 DEBUG 2616 --- [tea-attendance-api] [io-8080-exec-10] o.s.web.servlet.DispatcherServlet        : GET "/api/members", parameters={}
2026-09-13T23:18:58.508+07:00 DEBUG 2616 --- [tea-attendance-api] [io-8080-exec-10] s.w.s.m.m.a.RequestMappingHandlerMapping : Mapped to com.trasua.api.MemberController#list(boolean)
2026-09-13T23:18:58.509+07:00 DEBUG 2616 --- [tea-attendance-api] [nio-8080-exec-2] o.s.web.servlet.DispatcherServlet        : GET "/api/drinks?includeInactive=true", parameters={masked}
2026-09-13T23:18:58.510+07:00 DEBUG 2616 --- [tea-attendance-api] [nio-8080-exec-2] s.w.s.m.m.a.RequestMappingHandlerMapping : Mapped to com.trasua.api.DrinkCatalogController#list(boolean)
2026-09-13T23:18:58.524+07:00 DEBUG 2616 --- [tea-attendance-api] [nio-8080-exec-2] org.hibernate.SQL                        : 
    select
        dci1_0.id,
        dci1_0.active,
        dci1_0.created_at,
        dci1_0.icon,
        dci1_0.name,
        dci1_0.price,
        dci1_0.updated_at 
    from
        drink_catalog dci1_0
2026-09-13T23:18:58.524+07:00 DEBUG 2616 --- [tea-attendance-api] [io-8080-exec-10] org.hibernate.SQL                        : 
    select
        m1_0.id,
        m1_0.account_name,
        m1_0.account_number,
        m1_0.active,
        m1_0.bank_bin,
        m1_0.bank_name,
        m1_0.created_at,
        m1_0.display_name,
        m1_0.email,
        m1_0.password_hash,
        m1_0.qr_code_url,
        m1_0.reset_code_expires_at,
        m1_0.reset_code_hash,
        m1_0.role,
        m1_0.updated_at 
    from
        members m1_0 
    where
        m1_0.active 
    order by
        m1_0.display_name
2026-09-13T23:18:58.529+07:00 DEBUG 2616 --- [tea-attendance-api] [nio-8080-exec-6] o.s.web.servlet.DispatcherServlet        : GET "/api/expenses/range?from=2026-09-07&to=2026-09-13", parameters={masked}
2026-09-13T23:18:58.530+07:00 DEBUG 2616 --- [tea-attendance-api] [nio-8080-exec-6] s.w.s.m.m.a.RequestMappingHandlerMapping : Mapped to com.trasua.api.ExpenseController#range(LocalDate, LocalDate)
2026-09-13T23:18:58.534+07:00 DEBUG 2616 --- [tea-attendance-api] [nio-8080-exec-7] o.s.web.servlet.DispatcherServlet        : GET "/api/chat/messages", parameters={}
2026-09-13T23:18:58.534+07:00 DEBUG 2616 --- [tea-attendance-api] [nio-8080-exec-7] s.w.s.m.m.a.RequestMappingHandlerMapping : Mapped to com.trasua.api.ChatController#list(Instant, int)
2026-09-13T23:18:58.538+07:00 DEBUG 2616 --- [tea-attendance-api] [io-8080-exec-10] m.m.a.RequestResponseBodyMethodProcessor : Using 'application/json', given [*/*] and supported [application/json, application/*+json]
2026-09-13T23:18:58.538+07:00 DEBUG 2616 --- [tea-attendance-api] [nio-8080-exec-5] o.s.web.servlet.DispatcherServlet        : GET "/api/notifications?memberId=6", parameters={masked}
2026-09-13T23:18:58.538+07:00 DEBUG 2616 --- [tea-attendance-api] [io-8080-exec-10] m.m.a.RequestResponseBodyMethodProcessor : Writing [[MemberResponse[id=4, displayName=H??ng, email=huong@example.test, bankName=Techcombank, bankBin=970 (truncated)...]
2026-09-13T23:18:58.538+07:00 DEBUG 2616 --- [tea-attendance-api] [nio-8080-exec-5] s.w.s.m.m.a.RequestMappingHandlerMapping : Mapped to com.trasua.api.NotificationController#list(Long)
2026-09-13T23:18:58.538+07:00 DEBUG 2616 --- [tea-attendance-api] [nio-8080-exec-6] org.hibernate.SQL                        : 
    select
        distinct do1_0.id,
        do1_0.created_at,
        i1_0.order_id,
        i1_0.id,
        i1_0.consumer_member_id,
        c1_0.id,
        c1_0.account_name,
        c1_0.account_number,
        c1_0.active,
        c1_0.bank_bin,
        c1_0.bank_name,
        c1_0.created_at,
        c1_0.display_name,
        c1_0.email,
        c1_0.password_hash,
        c1_0.qr_code_url,
        c1_0.reset_code_expires_at,
        c1_0.reset_code_hash,
        c1_0.role,
        c1_0.updated_at,
        i1_0.drink_name,
        i1_0.line_total,
        i1_0.quantity,
        i1_0.unit_price,
        do1_0.note,
        do1_0.order_date,
        do1_0.payer_member_id,
        p1_0.id,
        p1_0.account_name,
        p1_0.account_number,
        p1_0.active,
        p1_0.bank_bin,
        p1_0.bank_name,
        p1_0.created_at,
        p1_0.display_name,
        p1_0.email,
        p1_0.password_hash,
        p1_0.qr_code_url,
        p1_0.reset_code_expires_at,
        p1_0.reset_code_hash,
        p1_0.role,
        p1_0.updated_at,
        do1_0.total_amount,
        do1_0.updated_at 
    from
        drink_orders do1_0 
    join
        members p1_0 
            on p1_0.id=do1_0.payer_member_id 
    left join
        order_items i1_0 
            on do1_0.id=i1_0.order_id 
    left join
        members c1_0 
            on c1_0.id=i1_0.consumer_member_id 
    where
        do1_0.order_date between ? and ? 
    order by
        do1_0.order_date,
        do1_0.id
2026-09-13T23:18:58.538+07:00 DEBUG 2616 --- [tea-attendance-api] [io-8080-exec-10] o.s.web.servlet.DispatcherServlet        : Completed 200 OK
2026-09-13T23:18:58.539+07:00 DEBUG 2616 --- [tea-attendance-api] [nio-8080-exec-2] m.m.a.RequestResponseBodyMethodProcessor : Using 'application/json', given [*/*] and supported [application/json, application/*+json]
2026-09-13T23:18:58.540+07:00 DEBUG 2616 --- [tea-attendance-api] [nio-8080-exec-2] m.m.a.RequestResponseBodyMethodProcessor : Writing [[DrinkCatalogResponse[id=1, name=Tra da, price=5000, icon=?, active=true], DrinkCatalogResponse[id= (truncated)...]
2026-09-13T23:18:58.540+07:00 DEBUG 2616 --- [tea-attendance-api] [nio-8080-exec-2] o.s.web.servlet.DispatcherServlet        : Completed 200 OK
2026-09-13T23:18:58.547+07:00 DEBUG 2616 --- [tea-attendance-api] [nio-8080-exec-7] org.hibernate.SQL                        : 
    select
        cm1_0.id,
        cm1_0.content,
        cm1_0.created_at,
        cm1_0.sender_member_id,
        s1_0.id,
        s1_0.account_name,
        s1_0.account_number,
        s1_0.active,
        s1_0.bank_bin,
        s1_0.bank_name,
        s1_0.created_at,
        s1_0.display_name,
        s1_0.email,
        s1_0.password_hash,
        s1_0.qr_code_url,
        s1_0.reset_code_expires_at,
        s1_0.reset_code_hash,
        s1_0.role,
        s1_0.updated_at 
    from
        chat_messages cm1_0 
    join
        members s1_0 
            on s1_0.id=cm1_0.sender_member_id 
    order by
        cm1_0.created_at desc 
    limit
        ?
2026-09-13T23:18:58.547+07:00 DEBUG 2616 --- [tea-attendance-api] [nio-8080-exec-5] org.hibernate.SQL                        : 
    select
        n1_0.id,
        n1_0.body,
        n1_0.created_at,
        n1_0.read_at,
        n1_0.recipient_member_id,
        r1_0.id,
        r1_0.account_name,
        r1_0.account_number,
        r1_0.active,
        r1_0.bank_bin,
        r1_0.bank_name,
        r1_0.created_at,
        r1_0.display_name,
        r1_0.email,
        r1_0.password_hash,
        r1_0.qr_code_url,
        r1_0.reset_code_expires_at,
        r1_0.reset_code_hash,
        r1_0.role,
        r1_0.updated_at,
        n1_0.settlement_id,
        n1_0.title,
        n1_0.transfer_id,
        n1_0.type 
    from
        notifications n1_0 
    join
        members r1_0 
            on r1_0.id=n1_0.recipient_member_id 
    where
        r1_0.id=? 
    order by
        n1_0.created_at desc
2026-09-13T23:18:58.551+07:00 DEBUG 2616 --- [tea-attendance-api] [nio-8080-exec-7] org.hibernate.SQL                        : 
    select
        a1_0.message_id,
        a1_0.id,
        a1_0.byte_size,
        a1_0.content_type,
        a1_0.created_at,
        a1_0.original_filename,
        a1_0.storage_key 
    from
        chat_attachments a1_0 
    where
        a1_0.message_id=? 
    order by
        a1_0.id
2026-09-13T23:18:58.553+07:00 DEBUG 2616 --- [tea-attendance-api] [nio-8080-exec-1] o.s.web.servlet.DispatcherServlet        : GET "/api/members", parameters={}
2026-09-13T23:18:58.553+07:00 DEBUG 2616 --- [tea-attendance-api] [nio-8080-exec-1] s.w.s.m.m.a.RequestMappingHandlerMapping : Mapped to com.trasua.api.MemberController#list(boolean)
2026-09-13T23:18:58.554+07:00 DEBUG 2616 --- [tea-attendance-api] [nio-8080-exec-6] m.m.a.RequestResponseBodyMethodProcessor : Using 'application/json', given [*/*] and supported [application/json, application/*+json]
2026-09-13T23:18:58.555+07:00 DEBUG 2616 --- [tea-attendance-api] [nio-8080-exec-6] m.m.a.RequestResponseBodyMethodProcessor : Writing [[ExpenseResponse[id=1, orderDate=2026-09-12, payer=MemberBriefResponse[id=2, displayName=Linh Chi],  (truncated)...]
2026-09-13T23:18:58.555+07:00 DEBUG 2616 --- [tea-attendance-api] [nio-8080-exec-6] o.s.web.servlet.DispatcherServlet        : Completed 200 OK
2026-09-13T23:18:58.557+07:00 DEBUG 2616 --- [tea-attendance-api] [nio-8080-exec-7] org.hibernate.SQL                        : 
    select
        a1_0.message_id,
        a1_0.id,
        a1_0.byte_size,
        a1_0.content_type,
        a1_0.created_at,
        a1_0.original_filename,
        a1_0.storage_key 
    from
        chat_attachments a1_0 
    where
        a1_0.message_id=? 
    order by
        a1_0.id
2026-09-13T23:18:58.565+07:00 DEBUG 2616 --- [tea-attendance-api] [nio-8080-exec-5] m.m.a.RequestResponseBodyMethodProcessor : Using 'application/json', given [*/*] and supported [application/json, application/*+json]
2026-09-13T23:18:58.565+07:00 DEBUG 2616 --- [tea-attendance-api] [nio-8080-exec-1] org.hibernate.SQL                        : 
    select
        m1_0.id,
        m1_0.account_name,
        m1_0.account_number,
        m1_0.active,
        m1_0.bank_bin,
        m1_0.bank_name,
        m1_0.created_at,
        m1_0.display_name,
        m1_0.email,
        m1_0.password_hash,
        m1_0.qr_code_url,
        m1_0.reset_code_expires_at,
        m1_0.reset_code_hash,
        m1_0.role,
        m1_0.updated_at 
    from
        members m1_0 
    where
        m1_0.active 
    order by
        m1_0.display_name
2026-09-13T23:18:58.565+07:00 DEBUG 2616 --- [tea-attendance-api] [nio-8080-exec-5] m.m.a.RequestResponseBodyMethodProcessor : Writing [[]]
2026-09-13T23:18:58.566+07:00 DEBUG 2616 --- [tea-attendance-api] [nio-8080-exec-5] o.s.web.servlet.DispatcherServlet        : Completed 200 OK
2026-09-13T23:18:58.567+07:00 DEBUG 2616 --- [tea-attendance-api] [nio-8080-exec-8] o.s.web.servlet.DispatcherServlet        : GET "/api/drinks?includeInactive=true", parameters={masked}
2026-09-13T23:18:58.568+07:00 DEBUG 2616 --- [tea-attendance-api] [nio-8080-exec-8] s.w.s.m.m.a.RequestMappingHandlerMapping : Mapped to com.trasua.api.DrinkCatalogController#list(boolean)
2026-09-13T23:18:58.568+07:00 DEBUG 2616 --- [tea-attendance-api] [nio-8080-exec-4] o.s.web.servlet.DispatcherServlet        : GET "/api/expenses/range?from=2026-09-07&to=2026-09-13", parameters={masked}
2026-09-13T23:18:58.568+07:00 DEBUG 2616 --- [tea-attendance-api] [nio-8080-exec-4] s.w.s.m.m.a.RequestMappingHandlerMapping : Mapped to com.trasua.api.ExpenseController#range(LocalDate, LocalDate)
2026-09-13T23:18:58.575+07:00 DEBUG 2616 --- [tea-attendance-api] [nio-8080-exec-7] m.m.a.RequestResponseBodyMethodProcessor : Using 'application/json', given [*/*] and supported [application/json, application/*+json]
2026-09-13T23:18:58.575+07:00 DEBUG 2616 --- [tea-attendance-api] [nio-8080-exec-7] m.m.a.RequestResponseBodyMethodProcessor : Writing [[ChatMessageResponse[id=2, sender=MemberBriefResponse[id=1, displayName=Minh Anh], content=alo, atta (truncated)...]
2026-09-13T23:18:58.576+07:00 DEBUG 2616 --- [tea-attendance-api] [nio-8080-exec-4] org.hibernate.SQL                        : 
    select
        distinct do1_0.id,
        do1_0.created_at,
        i1_0.order_id,
        i1_0.id,
        i1_0.consumer_member_id,
        c1_0.id,
        c1_0.account_name,
        c1_0.account_number,
        c1_0.active,
        c1_0.bank_bin,
        c1_0.bank_name,
        c1_0.created_at,
        c1_0.display_name,
        c1_0.email,
        c1_0.password_hash,
        c1_0.qr_code_url,
        c1_0.reset_code_expires_at,
        c1_0.reset_code_hash,
        c1_0.role,
        c1_0.updated_at,
        i1_0.drink_name,
        i1_0.line_total,
        i1_0.quantity,
        i1_0.unit_price,
        do1_0.note,
        do1_0.order_date,
        do1_0.payer_member_id,
        p1_0.id,
        p1_0.account_name,
        p1_0.account_number,
        p1_0.active,
        p1_0.bank_bin,
        p1_0.bank_name,
        p1_0.created_at,
        p1_0.display_name,
        p1_0.email,
        p1_0.password_hash,
        p1_0.qr_code_url,
        p1_0.reset_code_expires_at,
        p1_0.reset_code_hash,
        p1_0.role,
        p1_0.updated_at,
        do1_0.total_amount,
        do1_0.updated_at 
    from
        drink_orders do1_0 
    join
        members p1_0 
            on p1_0.id=do1_0.payer_member_id 
    left join
        order_items i1_0 
            on do1_0.id=i1_0.order_id 
    left join
        members c1_0 
            on c1_0.id=i1_0.consumer_member_id 
    where
        do1_0.order_date between ? and ? 
    order by
        do1_0.order_date,
        do1_0.id
2026-09-13T23:18:58.576+07:00 DEBUG 2616 --- [tea-attendance-api] [nio-8080-exec-7] o.s.web.servlet.DispatcherServlet        : Completed 200 OK
2026-09-13T23:18:58.582+07:00 DEBUG 2616 --- [tea-attendance-api] [nio-8080-exec-1] m.m.a.RequestResponseBodyMethodProcessor : Using 'application/json', given [*/*] and supported [application/json, application/*+json]
2026-09-13T23:18:58.583+07:00 DEBUG 2616 --- [tea-attendance-api] [nio-8080-exec-1] m.m.a.RequestResponseBodyMethodProcessor : Writing [[MemberResponse[id=4, displayName=H??ng, email=huong@example.test, bankName=Techcombank, bankBin=970 (truncated)...]
2026-09-13T23:18:58.583+07:00 DEBUG 2616 --- [tea-attendance-api] [nio-8080-exec-1] o.s.web.servlet.DispatcherServlet        : Completed 200 OK
2026-09-13T23:18:58.584+07:00 DEBUG 2616 --- [tea-attendance-api] [nio-8080-exec-8] org.hibernate.SQL                        : 
    select
        dci1_0.id,
        dci1_0.active,
        dci1_0.created_at,
        dci1_0.icon,
        dci1_0.name,
        dci1_0.price,
        dci1_0.updated_at 
    from
        drink_catalog dci1_0
2026-09-13T23:18:58.590+07:00 DEBUG 2616 --- [tea-attendance-api] [nio-8080-exec-9] o.s.web.servlet.DispatcherServlet        : GET "/api/chat/messages", parameters={}
2026-09-13T23:18:58.590+07:00 DEBUG 2616 --- [tea-attendance-api] [nio-8080-exec-9] s.w.s.m.m.a.RequestMappingHandlerMapping : Mapped to com.trasua.api.ChatController#list(Instant, int)
2026-09-13T23:18:58.590+07:00 DEBUG 2616 --- [tea-attendance-api] [nio-8080-exec-3] o.s.web.servlet.DispatcherServlet        : GET "/api/notifications?memberId=6", parameters={masked}
2026-09-13T23:18:58.590+07:00 DEBUG 2616 --- [tea-attendance-api] [nio-8080-exec-3] s.w.s.m.m.a.RequestMappingHandlerMapping : Mapped to com.trasua.api.NotificationController#list(Long)
2026-09-13T23:18:58.606+07:00 DEBUG 2616 --- [tea-attendance-api] [nio-8080-exec-4] m.m.a.RequestResponseBodyMethodProcessor : Using 'application/json', given [*/*] and supported [application/json, application/*+json]
2026-09-13T23:18:58.606+07:00 DEBUG 2616 --- [tea-attendance-api] [nio-8080-exec-9] org.hibernate.SQL                        : 
    select
        cm1_0.id,
        cm1_0.content,
        cm1_0.created_at,
        cm1_0.sender_member_id,
        s1_0.id,
        s1_0.account_name,
        s1_0.account_number,
        s1_0.active,
        s1_0.bank_bin,
        s1_0.bank_name,
        s1_0.created_at,
        s1_0.display_name,
        s1_0.email,
        s1_0.password_hash,
        s1_0.qr_code_url,
        s1_0.reset_code_expires_at,
        s1_0.reset_code_hash,
        s1_0.role,
        s1_0.updated_at 
    from
        chat_messages cm1_0 
    join
        members s1_0 
            on s1_0.id=cm1_0.sender_member_id 
    order by
        cm1_0.created_at desc 
    limit
        ?
2026-09-13T23:18:58.606+07:00 DEBUG 2616 --- [tea-attendance-api] [nio-8080-exec-3] org.hibernate.SQL                        : 
    select
        n1_0.id,
        n1_0.body,
        n1_0.created_at,
        n1_0.read_at,
        n1_0.recipient_member_id,
        r1_0.id,
        r1_0.account_name,
        r1_0.account_number,
        r1_0.active,
        r1_0.bank_bin,
        r1_0.bank_name,
        r1_0.created_at,
        r1_0.display_name,
        r1_0.email,
        r1_0.password_hash,
        r1_0.qr_code_url,
        r1_0.reset_code_expires_at,
        r1_0.reset_code_hash,
        r1_0.role,
        r1_0.updated_at,
        n1_0.settlement_id,
        n1_0.title,
        n1_0.transfer_id,
        n1_0.type 
    from
        notifications n1_0 
    join
        members r1_0 
            on r1_0.id=n1_0.recipient_member_id 
    where
        r1_0.id=? 
    order by
        n1_0.created_at desc
2026-09-13T23:18:58.606+07:00 DEBUG 2616 --- [tea-attendance-api] [nio-8080-exec-4] m.m.a.RequestResponseBodyMethodProcessor : Writing [[ExpenseResponse[id=1, orderDate=2026-09-12, payer=MemberBriefResponse[id=2, displayName=Linh Chi],  (truncated)...]
2026-09-13T23:18:58.606+07:00 DEBUG 2616 --- [tea-attendance-api] [nio-8080-exec-4] o.s.web.servlet.DispatcherServlet        : Completed 200 OK
2026-09-13T23:18:58.610+07:00 DEBUG 2616 --- [tea-attendance-api] [nio-8080-exec-8] m.m.a.RequestResponseBodyMethodProcessor : Using 'application/json', given [*/*] and supported [application/json, application/*+json]
2026-09-13T23:18:58.610+07:00 DEBUG 2616 --- [tea-attendance-api] [nio-8080-exec-8] m.m.a.RequestResponseBodyMethodProcessor : Writing [[DrinkCatalogResponse[id=1, name=Tra da, price=5000, icon=?, active=true], DrinkCatalogResponse[id= (truncated)...]
2026-09-13T23:18:58.611+07:00 DEBUG 2616 --- [tea-attendance-api] [nio-8080-exec-8] o.s.web.servlet.DispatcherServlet        : Completed 200 OK
2026-09-13T23:18:58.613+07:00 DEBUG 2616 --- [tea-attendance-api] [nio-8080-exec-9] org.hibernate.SQL                        : 
    select
        a1_0.message_id,
        a1_0.id,
        a1_0.byte_size,
        a1_0.content_type,
        a1_0.created_at,
        a1_0.original_filename,
        a1_0.storage_key 
    from
        chat_attachments a1_0 
    where
        a1_0.message_id=? 
    order by
        a1_0.id
2026-09-13T23:18:58.621+07:00 DEBUG 2616 --- [tea-attendance-api] [nio-8080-exec-9] org.hibernate.SQL                        : 
    select
        a1_0.message_id,
        a1_0.id,
        a1_0.byte_size,
        a1_0.content_type,
        a1_0.created_at,
        a1_0.original_filename,
        a1_0.storage_key 
    from
        chat_attachments a1_0 
    where
        a1_0.message_id=? 
    order by
        a1_0.id
2026-09-13T23:18:58.643+07:00 DEBUG 2616 --- [tea-attendance-api] [nio-8080-exec-3] m.m.a.RequestResponseBodyMethodProcessor : Using 'application/json', given [*/*] and supported [application/json, application/*+json]
2026-09-13T23:18:58.643+07:00 DEBUG 2616 --- [tea-attendance-api] [nio-8080-exec-3] m.m.a.RequestResponseBodyMethodProcessor : Writing [[]]
2026-09-13T23:18:58.645+07:00 DEBUG 2616 --- [tea-attendance-api] [nio-8080-exec-3] o.s.web.servlet.DispatcherServlet        : Completed 200 OK
2026-09-13T23:18:58.651+07:00 DEBUG 2616 --- [tea-attendance-api] [nio-8080-exec-9] m.m.a.RequestResponseBodyMethodProcessor : Using 'application/json', given [*/*] and supported [application/json, application/*+json]
2026-09-13T23:18:58.652+07:00 DEBUG 2616 --- [tea-attendance-api] [nio-8080-exec-9] m.m.a.RequestResponseBodyMethodProcessor : Writing [[ChatMessageResponse[id=2, sender=MemberBriefResponse[id=1, displayName=Minh Anh], content=alo, atta (truncated)...]
2026-09-13T23:18:58.652+07:00 DEBUG 2616 --- [tea-attendance-api] [nio-8080-exec-9] o.s.web.servlet.DispatcherServlet        : Completed 200 OK
[INFO] ------------------------------------------------------------------------
[INFO] BUILD FAILURE
[INFO] ------------------------------------------------------------------------
[INFO] Total time:  50:13 min
[INFO] Finished at: 2026-09-13T23:19:58+07:00
[INFO] ------------------------------------------------------------------------
[ERROR] Failed to execute goal org.springframework.boot:spring-boot-maven-plugin:3.4.5:run (default-cli) on project tea-attendance-api: Process terminated with exit code: -1 -> [Help 1]
[ERROR] 
[ERROR] To see the full stack trace of the errors, re-run Maven with the -e switch.
[ERROR] Re-run Maven using the -X switch to enable full debug logging.
[ERROR] 
[ERROR] For more information about the errors and possible solutions, please read the following articles:
[ERROR] [Help 1] http://cwiki.apache.org/confluence/display/MAVEN/MojoExecutionException
