
  .   ____          _            __ _ _
 /\\ / ___'_ __ _ _(_)_ __  __ _ \ \ \ \
( ( )\___ | '_ | '_| | '_ \/ _` | \ \ \ \
 \\/  ___)| |_)| | | | | || (_| |  ) ) ) )
  '  |____| .__|_| |_|_| |_\__, | / / / /
 =========|_|==============|___/=/_/_/_/

 :: Spring Boot ::                (v3.4.5)

2026-09-14T00:21:21.717+07:00  INFO 15036 --- [tea-attendance-api] [           main] com.trasua.TeaAttendanceApplication      : Starting TeaAttendanceApplication v0.0.1-SNAPSHOT using Java 17.0.20 with PID 15036 (D:\web_diem_danh_tra_da\backend\target\tea-attendance-api-0.0.1-SNAPSHOT.jar started by Admin in D:\web_diem_danh_tra_da\backend)
2026-09-14T00:21:21.730+07:00  INFO 15036 --- [tea-attendance-api] [           main] com.trasua.TeaAttendanceApplication      : No active profile set, falling back to 1 default profile: "default"
2026-09-14T00:21:21.737+07:00 DEBUG 15036 --- [tea-attendance-api] [           main] o.s.boot.SpringApplication               : Loading source class com.trasua.TeaAttendanceApplication
2026-09-14T00:21:21.921+07:00 DEBUG 15036 --- [tea-attendance-api] [           main] ConfigServletWebServerApplicationContext : Refreshing org.springframework.boot.web.servlet.context.AnnotationConfigServletWebServerApplicationContext@2f1de2d6
2026-09-14T00:21:24.711+07:00  INFO 15036 --- [tea-attendance-api] [           main] .s.d.r.c.RepositoryConfigurationDelegate : Bootstrapping Spring Data JPA repositories in DEFAULT mode.
2026-09-14T00:21:24.757+07:00 DEBUG 15036 --- [tea-attendance-api] [           main] o.s.b.a.AutoConfigurationPackages        : @EnableAutoConfiguration was declared on a class in the package 'com.trasua'. Automatic @Repository and @Entity scanning is enabled.
2026-09-14T00:21:24.925+07:00  INFO 15036 --- [tea-attendance-api] [           main] .s.d.r.c.RepositoryConfigurationDelegate : Finished Spring Data repository scanning in 189 ms. Found 11 JPA repository interfaces.
2026-09-14T00:21:35.199+07:00 DEBUG 15036 --- [tea-attendance-api] [           main] .s.b.w.e.t.TomcatServletWebServerFactory : Code archive: D:\web_diem_danh_tra_da\backend\target\tea-attendance-api-0.0.1-SNAPSHOT.jar
2026-09-14T00:21:35.200+07:00 DEBUG 15036 --- [tea-attendance-api] [           main] .s.b.w.e.t.TomcatServletWebServerFactory : Code archive: D:\web_diem_danh_tra_da\backend\target\tea-attendance-api-0.0.1-SNAPSHOT.jar
2026-09-14T00:21:35.202+07:00 DEBUG 15036 --- [tea-attendance-api] [           main] .s.b.w.e.t.TomcatServletWebServerFactory : None of the document roots [src/main/webapp, public, static] point to a directory and will be ignored.
2026-09-14T00:21:35.265+07:00  INFO 15036 --- [tea-attendance-api] [           main] o.s.b.w.embedded.tomcat.TomcatWebServer  : Tomcat initialized with port 8080 (http)
2026-09-14T00:21:35.291+07:00  INFO 15036 --- [tea-attendance-api] [           main] o.apache.catalina.core.StandardService   : Starting service [Tomcat]
2026-09-14T00:21:35.291+07:00  INFO 15036 --- [tea-attendance-api] [           main] o.apache.catalina.core.StandardEngine    : Starting Servlet engine: [Apache Tomcat/10.1.40]
2026-09-14T00:21:35.362+07:00  INFO 15036 --- [tea-attendance-api] [           main] o.a.c.c.C.[Tomcat].[localhost].[/]       : Initializing Spring embedded WebApplicationContext
2026-09-14T00:21:35.363+07:00 DEBUG 15036 --- [tea-attendance-api] [           main] w.s.c.ServletWebServerApplicationContext : Published root WebApplicationContext as ServletContext attribute with name [org.springframework.web.context.WebApplicationContext.ROOT]
2026-09-14T00:21:35.366+07:00  INFO 15036 --- [tea-attendance-api] [           main] w.s.c.ServletWebServerApplicationContext : Root WebApplicationContext: initialization completed in 13444 ms
2026-09-14T00:21:35.416+07:00 DEBUG 15036 --- [tea-attendance-api] [           main] o.s.b.w.s.ServletContextInitializerBeans : Mapping filters: characterEncodingFilter urls=[/*] order=-2147483648, formContentFilter urls=[/*] order=-9900, requestContextFilter urls=[/*] order=-105
2026-09-14T00:21:35.417+07:00 DEBUG 15036 --- [tea-attendance-api] [           main] o.s.b.w.s.ServletContextInitializerBeans : Mapping servlets: dispatcherServlet urls=[/]
2026-09-14T00:21:35.492+07:00 DEBUG 15036 --- [tea-attendance-api] [           main] o.s.b.w.s.f.OrderedRequestContextFilter  : Filter 'requestContextFilter' configured for use
2026-09-14T00:21:35.504+07:00 DEBUG 15036 --- [tea-attendance-api] [           main] s.b.w.s.f.OrderedCharacterEncodingFilter : Filter 'characterEncodingFilter' configured for use
2026-09-14T00:21:35.505+07:00 DEBUG 15036 --- [tea-attendance-api] [           main] o.s.b.w.s.f.OrderedFormContentFilter     : Filter 'formContentFilter' configured for use
2026-09-14T00:21:36.543+07:00  INFO 15036 --- [tea-attendance-api] [           main] com.zaxxer.hikari.HikariDataSource       : HikariPool-1 - Starting...
2026-09-14T00:21:37.890+07:00  INFO 15036 --- [tea-attendance-api] [           main] com.zaxxer.hikari.pool.HikariPool        : HikariPool-1 - Added connection com.mysql.cj.jdbc.ConnectionImpl@288728e
2026-09-14T00:21:37.895+07:00  INFO 15036 --- [tea-attendance-api] [           main] com.zaxxer.hikari.HikariDataSource       : HikariPool-1 - Start completed.
2026-09-14T00:21:38.081+07:00  INFO 15036 --- [tea-attendance-api] [           main] org.flywaydb.core.FlywayExecutor         : Database: jdbc:mysql://localhost:3307/tea_attendance?createDatabaseIfNotExist=true&useUnicode=true&characterEncoding=utf8&serverTimezone=Asia/Ho_Chi_Minh (MySQL 8.4)
2026-09-14T00:21:38.316+07:00  WARN 15036 --- [tea-attendance-api] [           main] o.f.c.internal.database.base.Database    : Flyway upgrade recommended: MySQL 8.4 is newer than this version of Flyway and support has not been tested. The latest supported version of MySQL is 8.1.
2026-09-14T00:21:38.568+07:00  INFO 15036 --- [tea-attendance-api] [           main] o.f.core.internal.command.DbValidate     : Successfully validated 8 migrations (execution time 00:00.203s)
2026-09-14T00:21:38.694+07:00  INFO 15036 --- [tea-attendance-api] [           main] o.f.core.internal.command.DbMigrate      : Current version of schema `tea_attendance`: 7
2026-09-14T00:21:38.832+07:00  INFO 15036 --- [tea-attendance-api] [           main] o.f.core.internal.command.DbMigrate      : Migrating schema `tea_attendance` to version "8 - store weekly notification time without timezone"
2026-09-14T00:21:39.703+07:00  INFO 15036 --- [tea-attendance-api] [           main] o.f.core.internal.command.DbMigrate      : Successfully applied 1 migration to schema `tea_attendance`, now at version v8 (execution time 00:00.795s)
2026-09-14T00:21:39.988+07:00  INFO 15036 --- [tea-attendance-api] [           main] o.hibernate.jpa.internal.util.LogHelper  : HHH000204: Processing PersistenceUnitInfo [name: default]
2026-09-14T00:21:40.237+07:00  INFO 15036 --- [tea-attendance-api] [           main] org.hibernate.Version                    : HHH000412: Hibernate ORM core version 6.6.13.Final
2026-09-14T00:21:40.397+07:00  INFO 15036 --- [tea-attendance-api] [           main] o.h.c.internal.RegionFactoryInitiator    : HHH000026: Second-level cache disabled
2026-09-14T00:21:41.762+07:00  INFO 15036 --- [tea-attendance-api] [           main] o.s.o.j.p.SpringPersistenceUnitInfo      : No LoadTimeWeaver setup: ignoring JPA class transformer
2026-09-14T00:21:42.051+07:00  INFO 15036 --- [tea-attendance-api] [           main] org.hibernate.orm.connections.pooling    : HHH10001005: Database info:
	Database JDBC URL [Connecting through datasource 'HikariDataSource (HikariPool-1)']
	Database driver: undefined/unknown
	Database version: 8.4.11
	Autocommit mode: undefined/unknown
	Isolation level: undefined/unknown
	Minimum pool size: undefined/unknown
	Maximum pool size: undefined/unknown
2026-09-14T00:21:46.757+07:00  INFO 15036 --- [tea-attendance-api] [           main] o.h.e.t.j.p.i.JtaPlatformInitiator       : HHH000489: No JTA platform available (set 'hibernate.transaction.jta.platform' to enable JTA platform integration)
2026-09-14T00:21:46.930+07:00  INFO 15036 --- [tea-attendance-api] [           main] j.LocalContainerEntityManagerFactoryBean : Initialized JPA EntityManagerFactory for persistence unit 'default'
2026-09-14T00:21:47.888+07:00  INFO 15036 --- [tea-attendance-api] [           main] o.s.d.j.r.query.QueryEnhancerFactory     : Hibernate is in classpath; If applicable, HQL parser will be used.
2026-09-14T00:21:52.528+07:00 DEBUG 15036 --- [tea-attendance-api] [           main] o.s.w.s.s.s.WebSocketHandlerMapping      : Patterns [/ws/**] in 'stompWebSocketHandlerMapping'
2026-09-14T00:21:52.830+07:00 DEBUG 15036 --- [tea-attendance-api] [           main] .WebSocketAnnotationMethodMessageHandler : 
	c.t.a.AttendanceController:
	
2026-09-14T00:21:52.832+07:00 DEBUG 15036 --- [tea-attendance-api] [           main] .WebSocketAnnotationMethodMessageHandler : 
	c.t.a.AuthController:
	
2026-09-14T00:21:52.832+07:00 DEBUG 15036 --- [tea-attendance-api] [           main] .WebSocketAnnotationMethodMessageHandler : 
	c.t.a.ChatController:
	
2026-09-14T00:21:52.832+07:00 DEBUG 15036 --- [tea-attendance-api] [           main] .WebSocketAnnotationMethodMessageHandler : 
	c.t.a.DrinkCatalogController:
	
2026-09-14T00:21:52.832+07:00 DEBUG 15036 --- [tea-attendance-api] [           main] .WebSocketAnnotationMethodMessageHandler : 
	c.t.a.ExpenseController:
	
2026-09-14T00:21:52.839+07:00 DEBUG 15036 --- [tea-attendance-api] [           main] .WebSocketAnnotationMethodMessageHandler : 
	c.t.a.MemberController:
	
2026-09-14T00:21:52.839+07:00 DEBUG 15036 --- [tea-attendance-api] [           main] .WebSocketAnnotationMethodMessageHandler : 
	c.t.a.NotificationController:
	
2026-09-14T00:21:52.843+07:00 DEBUG 15036 --- [tea-attendance-api] [           main] .WebSocketAnnotationMethodMessageHandler : 
	c.t.a.WeeklyNotificationSettingsController:
	
2026-09-14T00:21:52.843+07:00 DEBUG 15036 --- [tea-attendance-api] [           main] .WebSocketAnnotationMethodMessageHandler : 
	c.t.a.WeeklySettlementController:
	
2026-09-14T00:21:52.847+07:00 DEBUG 15036 --- [tea-attendance-api] [           main] .WebSocketAnnotationMethodMessageHandler : 
	o.s.b.a.w.s.e.BasicErrorController:
	
2026-09-14T00:21:53.399+07:00 DEBUG 15036 --- [tea-attendance-api] [           main] s.w.s.m.m.a.RequestMappingHandlerMapping : 41 mappings in 'requestMappingHandlerMapping'
2026-09-14T00:21:53.556+07:00 DEBUG 15036 --- [tea-attendance-api] [           main] o.s.w.s.handler.SimpleUrlHandlerMapping  : Patterns [/webjars/**, /**] in 'resourceHandlerMapping'
2026-09-14T00:21:53.735+07:00 DEBUG 15036 --- [tea-attendance-api] [           main] s.w.s.m.m.a.RequestMappingHandlerAdapter : ControllerAdvice beans: 0 @ModelAttribute, 0 @InitBinder, 1 RequestBodyAdvice, 1 ResponseBodyAdvice
2026-09-14T00:21:53.997+07:00 DEBUG 15036 --- [tea-attendance-api] [           main] .m.m.a.ExceptionHandlerExceptionResolver : ControllerAdvice beans: 1 @ExceptionHandler, 1 ResponseBodyAdvice
2026-09-14T00:21:54.442+07:00 DEBUG 15036 --- [tea-attendance-api] [           main] org.springframework.web.SimpLogging      : clientOutboundChannel added SubProtocolWebSocketHandler[StompSubProtocolHandler[v10.stomp, v11.stomp, v12.stomp]]
2026-09-14T00:21:54.443+07:00 DEBUG 15036 --- [tea-attendance-api] [           main] org.springframework.web.SimpLogging      : clientInboundChannel added WebSocketAnnotationMethodMessageHandler[prefixes=[/app/]]
2026-09-14T00:21:54.446+07:00  INFO 15036 --- [tea-attendance-api] [           main] o.s.m.s.b.SimpleBrokerMessageHandler     : Starting...
2026-09-14T00:21:54.448+07:00 DEBUG 15036 --- [tea-attendance-api] [           main] org.springframework.web.SimpLogging      : clientInboundChannel added SimpleBrokerMessageHandler [org.springframework.messaging.simp.broker.DefaultSubscriptionRegistry@64476bb5]
2026-09-14T00:21:54.449+07:00 DEBUG 15036 --- [tea-attendance-api] [           main] org.springframework.web.SimpLogging      : brokerChannel added SimpleBrokerMessageHandler [org.springframework.messaging.simp.broker.DefaultSubscriptionRegistry@64476bb5]
2026-09-14T00:21:54.449+07:00  INFO 15036 --- [tea-attendance-api] [           main] o.s.m.s.b.SimpleBrokerMessageHandler     : BrokerAvailabilityEvent[available=true, SimpleBrokerMessageHandler [org.springframework.messaging.simp.broker.DefaultSubscriptionRegistry@64476bb5]]
2026-09-14T00:21:54.454+07:00  INFO 15036 --- [tea-attendance-api] [           main] o.s.m.s.b.SimpleBrokerMessageHandler     : Started.
2026-09-14T00:21:54.459+07:00 DEBUG 15036 --- [tea-attendance-api] [           main] org.springframework.web.SimpLogging      : clientInboundChannel added UserDestinationMessageHandler[DefaultUserDestinationResolver[prefix=/user/]]
2026-09-14T00:21:54.460+07:00 DEBUG 15036 --- [tea-attendance-api] [           main] org.springframework.web.SimpLogging      : brokerChannel added UserDestinationMessageHandler[DefaultUserDestinationResolver[prefix=/user/]]
2026-09-14T00:21:54.580+07:00  INFO 15036 --- [tea-attendance-api] [           main] o.s.b.w.embedded.tomcat.TomcatWebServer  : Tomcat started on port 8080 (http) with context path '/'
2026-09-14T00:21:54.630+07:00 DEBUG 15036 --- [tea-attendance-api] [           main] .s.b.a.l.ConditionEvaluationReportLogger : 


============================
CONDITIONS EVALUATION REPORT
============================


Positive matches:
-----------------

   AopAutoConfiguration matched:
      - @ConditionalOnProperty (spring.aop.auto=true) matched (OnPropertyCondition)

   AopAutoConfiguration.AspectJAutoProxyingConfiguration matched:
      - @ConditionalOnClass found required class 'org.aspectj.weaver.Advice' (OnClassCondition)

   AopAutoConfiguration.AspectJAutoProxyingConfiguration.CglibAutoProxyConfiguration matched:
      - @ConditionalOnProperty (spring.aop.proxy-target-class=true) matched (OnPropertyCondition)

   ApplicationAvailabilityAutoConfiguration#applicationAvailability matched:
      - @ConditionalOnMissingBean (types: org.springframework.boot.availability.ApplicationAvailability; SearchStrategy: all) did not find any beans (OnBeanCondition)

   DataSourceAutoConfiguration matched:
      - @ConditionalOnClass found required classes 'javax.sql.DataSource', 'org.springframework.jdbc.datasource.embedded.EmbeddedDatabaseType' (OnClassCondition)
      - @ConditionalOnMissingBean (types: io.r2dbc.spi.ConnectionFactory; SearchStrategy: all) did not find any beans (OnBeanCondition)

   DataSourceAutoConfiguration.PooledDataSourceConfiguration matched:
      - AnyNestedCondition 1 matched 1 did not; NestedCondition on DataSourceAutoConfiguration.PooledDataSourceCondition.PooledDataSourceAvailable PooledDataSource found supported DataSource; NestedCondition on DataSourceAutoConfiguration.PooledDataSourceCondition.ExplicitType @ConditionalOnProperty (spring.datasource.type) did not find property 'type' (DataSourceAutoConfiguration.PooledDataSourceCondition)
      - @ConditionalOnMissingBean (types: javax.sql.DataSource,javax.sql.XADataSource; SearchStrategy: all) did not find any beans (OnBeanCondition)

   DataSourceAutoConfiguration.PooledDataSourceConfiguration#jdbcConnectionDetails matched:
      - @ConditionalOnMissingBean (types: org.springframework.boot.autoconfigure.jdbc.JdbcConnectionDetails; SearchStrategy: all) did not find any beans (OnBeanCondition)

   DataSourceConfiguration.Hikari matched:
      - @ConditionalOnClass found required class 'com.zaxxer.hikari.HikariDataSource' (OnClassCondition)
      - @ConditionalOnProperty (spring.datasource.type=com.zaxxer.hikari.HikariDataSource) matched (OnPropertyCondition)
      - @ConditionalOnMissingBean (types: javax.sql.DataSource; SearchStrategy: all) did not find any beans (OnBeanCondition)

   DataSourceInitializationConfiguration matched:
      - @ConditionalOnClass found required class 'org.springframework.jdbc.datasource.init.DatabasePopulator' (OnClassCondition)
      - @ConditionalOnSingleCandidate (types: javax.sql.DataSource; SearchStrategy: all) found a single bean 'dataSource'; @ConditionalOnMissingBean (types: org.springframework.boot.autoconfigure.sql.init.SqlDataSourceScriptDatabaseInitializer,org.springframework.boot.autoconfigure.sql.init.SqlR2dbcScriptDatabaseInitializer; SearchStrategy: all) did not find any beans (OnBeanCondition)

   DataSourceJmxConfiguration matched:
      - @ConditionalOnProperty (spring.jmx.enabled=true) matched (OnPropertyCondition)

   DataSourceJmxConfiguration.Hikari matched:
      - @ConditionalOnClass found required class 'com.zaxxer.hikari.HikariDataSource' (OnClassCondition)
      - @ConditionalOnSingleCandidate (types: javax.sql.DataSource; SearchStrategy: all) found a single bean 'dataSource' (OnBeanCondition)

   DataSourcePoolMetadataProvidersConfiguration.HikariPoolDataSourceMetadataProviderConfiguration matched:
      - @ConditionalOnClass found required class 'com.zaxxer.hikari.HikariDataSource' (OnClassCondition)

   DataSourceTransactionManagerAutoConfiguration matched:
      - @ConditionalOnClass found required classes 'javax.sql.DataSource', 'org.springframework.jdbc.core.JdbcTemplate', 'org.springframework.transaction.TransactionManager' (OnClassCondition)

   DataSourceTransactionManagerAutoConfiguration.JdbcTransactionManagerConfiguration matched:
      - @ConditionalOnSingleCandidate (types: javax.sql.DataSource; SearchStrategy: all) found a single bean 'dataSource' (OnBeanCondition)

   DispatcherServletAutoConfiguration matched:
      - @ConditionalOnClass found required class 'org.springframework.web.servlet.DispatcherServlet' (OnClassCondition)
      - found 'session' scope (OnWebApplicationCondition)

   DispatcherServletAutoConfiguration.DispatcherServletConfiguration matched:
      - @ConditionalOnClass found required class 'jakarta.servlet.ServletRegistration' (OnClassCondition)
      - Default DispatcherServlet did not find dispatcher servlet beans (DispatcherServletAutoConfiguration.DefaultDispatcherServletCondition)

   DispatcherServletAutoConfiguration.DispatcherServletRegistrationConfiguration matched:
      - @ConditionalOnClass found required class 'jakarta.servlet.ServletRegistration' (OnClassCondition)
      - DispatcherServlet Registration did not find servlet registration bean (DispatcherServletAutoConfiguration.DispatcherServletRegistrationCondition)

   DispatcherServletAutoConfiguration.DispatcherServletRegistrationConfiguration#dispatcherServletRegistration matched:
      - @ConditionalOnBean (names: dispatcherServlet types: org.springframework.web.servlet.DispatcherServlet; SearchStrategy: all) found bean 'dispatcherServlet' (OnBeanCondition)

   EmbeddedWebServerFactoryCustomizerAutoConfiguration matched:
      - @ConditionalOnWebApplication (required) found 'session' scope (OnWebApplicationCondition)
      - @ConditionalOnWarDeployment the application is not deployed as a WAR file. (OnWarDeploymentCondition)

   EmbeddedWebServerFactoryCustomizerAutoConfiguration.TomcatWebServerFactoryCustomizerConfiguration matched:
      - @ConditionalOnClass found required classes 'org.apache.catalina.startup.Tomcat', 'org.apache.coyote.UpgradeProtocol' (OnClassCondition)

   ErrorMvcAutoConfiguration matched:
      - @ConditionalOnClass found required classes 'jakarta.servlet.Servlet', 'org.springframework.web.servlet.DispatcherServlet' (OnClassCondition)
      - found 'session' scope (OnWebApplicationCondition)

   ErrorMvcAutoConfiguration#basicErrorController matched:
      - @ConditionalOnMissingBean (types: org.springframework.boot.web.servlet.error.ErrorController; SearchStrategy: current) did not find any beans (OnBeanCondition)

   ErrorMvcAutoConfiguration#errorAttributes matched:
      - @ConditionalOnMissingBean (types: org.springframework.boot.web.servlet.error.ErrorAttributes; SearchStrategy: current) did not find any beans (OnBeanCondition)

   ErrorMvcAutoConfiguration.DefaultErrorViewResolverConfiguration#conventionErrorViewResolver matched:
      - @ConditionalOnBean (types: org.springframework.web.servlet.DispatcherServlet; SearchStrategy: all) found bean 'dispatcherServlet'; @ConditionalOnMissingBean (types: org.springframework.boot.autoconfigure.web.servlet.error.ErrorViewResolver; SearchStrategy: all) did not find any beans (OnBeanCondition)

   ErrorMvcAutoConfiguration.WhitelabelErrorViewConfiguration matched:
      - @ConditionalOnProperty (server.error.whitelabel.enabled) matched (OnPropertyCondition)
      - ErrorTemplate Missing did not find error template view (ErrorMvcAutoConfiguration.ErrorTemplateMissingCondition)

   ErrorMvcAutoConfiguration.WhitelabelErrorViewConfiguration#beanNameViewResolver matched:
      - @ConditionalOnMissingBean (types: org.springframework.web.servlet.view.BeanNameViewResolver; SearchStrategy: all) did not find any beans (OnBeanCondition)

   ErrorMvcAutoConfiguration.WhitelabelErrorViewConfiguration#defaultErrorView matched:
      - @ConditionalOnMissingBean (names: error; SearchStrategy: all) did not find any beans (OnBeanCondition)

   FlywayAutoConfiguration matched:
      - @ConditionalOnClass found required class 'org.flywaydb.core.Flyway' (OnClassCondition)
      - @ConditionalOnProperty (spring.flyway.enabled) matched (OnPropertyCondition)
      - AnyNestedCondition 2 matched 1 did not; NestedCondition on FlywayAutoConfiguration.FlywayDataSourceCondition.FlywayUrlCondition @ConditionalOnProperty (spring.flyway.url) did not find property 'url'; NestedCondition on FlywayAutoConfiguration.FlywayDataSourceCondition.JdbcConnectionDetailsCondition @ConditionalOnBean (types: org.springframework.boot.autoconfigure.jdbc.JdbcConnectionDetails; SearchStrategy: all) found bean 'jdbcConnectionDetails'; NestedCondition on FlywayAutoConfiguration.FlywayDataSourceCondition.DataSourceBeanCondition @ConditionalOnBean (types: javax.sql.DataSource; SearchStrategy: all) found bean 'dataSource' (FlywayAutoConfiguration.FlywayDataSourceCondition)

   FlywayAutoConfiguration.FlywayConfiguration matched:
      - @ConditionalOnClass found required class 'org.springframework.jdbc.support.JdbcUtils' (OnClassCondition)
      - @ConditionalOnMissingBean (types: org.flywaydb.core.Flyway; SearchStrategy: all) did not find any beans (OnBeanCondition)

   FlywayAutoConfiguration.FlywayConfiguration#flywayConnectionDetails matched:
      - @ConditionalOnMissingBean (types: org.springframework.boot.autoconfigure.flyway.FlywayConnectionDetails; SearchStrategy: all) did not find any beans (OnBeanCondition)

   FlywayAutoConfiguration.FlywayConfiguration#flywayInitializer matched:
      - @ConditionalOnMissingBean (types: org.springframework.boot.autoconfigure.flyway.FlywayMigrationInitializer; SearchStrategy: all) did not find any beans (OnBeanCondition)

   GenericCacheConfiguration matched:
      - Cache org.springframework.boot.autoconfigure.cache.GenericCacheConfiguration automatic cache type (CacheCondition)

   HibernateJpaAutoConfiguration matched:
      - @ConditionalOnClass found required classes 'org.springframework.orm.jpa.LocalContainerEntityManagerFactoryBean', 'jakarta.persistence.EntityManager', 'org.hibernate.engine.spi.SessionImplementor' (OnClassCondition)

   HibernateJpaConfiguration matched:
      - @ConditionalOnSingleCandidate (types: javax.sql.DataSource; SearchStrategy: all) found a single bean 'dataSource' (OnBeanCondition)

   HttpClientAutoConfiguration matched:
      - @ConditionalOnClass found required class 'org.springframework.http.client.ClientHttpRequestFactory' (OnClassCondition)
      - NoneNestedConditions 0 matched 1 did not; NestedCondition on NotReactiveWebApplicationCondition.ReactiveWebApplication did not find reactive web application classes (NotReactiveWebApplicationCondition)

   HttpClientAutoConfiguration#clientHttpRequestFactoryBuilder matched:
      - @ConditionalOnMissingBean (types: org.springframework.boot.http.client.ClientHttpRequestFactoryBuilder; SearchStrategy: all) did not find any beans (OnBeanCondition)

   HttpClientAutoConfiguration#clientHttpRequestFactorySettings matched:
      - @ConditionalOnMissingBean (types: org.springframework.boot.http.client.ClientHttpRequestFactorySettings; SearchStrategy: all) did not find any beans (OnBeanCondition)

   HttpEncodingAutoConfiguration matched:
      - @ConditionalOnClass found required class 'org.springframework.web.filter.CharacterEncodingFilter' (OnClassCondition)
      - found 'session' scope (OnWebApplicationCondition)
      - @ConditionalOnProperty (server.servlet.encoding.enabled) matched (OnPropertyCondition)

   HttpEncodingAutoConfiguration#characterEncodingFilter matched:
      - @ConditionalOnMissingBean (types: org.springframework.web.filter.CharacterEncodingFilter; SearchStrategy: all) did not find any beans (OnBeanCondition)

   HttpMessageConvertersAutoConfiguration matched:
      - @ConditionalOnClass found required class 'org.springframework.http.converter.HttpMessageConverter' (OnClassCondition)
      - NoneNestedConditions 0 matched 1 did not; NestedCondition on HttpMessageConvertersAutoConfiguration.NotReactiveWebApplicationCondition.ReactiveWebApplication did not find reactive web application classes (HttpMessageConvertersAutoConfiguration.NotReactiveWebApplicationCondition)

   HttpMessageConvertersAutoConfiguration#messageConverters matched:
      - @ConditionalOnMissingBean (types: org.springframework.boot.autoconfigure.http.HttpMessageConverters; SearchStrategy: all) did not find any beans (OnBeanCondition)

   HttpMessageConvertersAutoConfiguration.StringHttpMessageConverterConfiguration matched:
      - @ConditionalOnClass found required class 'org.springframework.http.converter.StringHttpMessageConverter' (OnClassCondition)

   HttpMessageConvertersAutoConfiguration.StringHttpMessageConverterConfiguration#stringHttpMessageConverter matched:
      - @ConditionalOnMissingBean (types: org.springframework.http.converter.StringHttpMessageConverter; SearchStrategy: all) did not find any beans (OnBeanCondition)

   JacksonAutoConfiguration matched:
      - @ConditionalOnClass found required class 'com.fasterxml.jackson.databind.ObjectMapper' (OnClassCondition)

   JacksonAutoConfiguration.Jackson2ObjectMapperBuilderCustomizerConfiguration matched:
      - @ConditionalOnClass found required class 'org.springframework.http.converter.json.Jackson2ObjectMapperBuilder' (OnClassCondition)

   JacksonAutoConfiguration.JacksonObjectMapperBuilderConfiguration matched:
      - @ConditionalOnClass found required class 'org.springframework.http.converter.json.Jackson2ObjectMapperBuilder' (OnClassCondition)

   JacksonAutoConfiguration.JacksonObjectMapperBuilderConfiguration#jacksonObjectMapperBuilder matched:
      - @ConditionalOnMissingBean (types: org.springframework.http.converter.json.Jackson2ObjectMapperBuilder; SearchStrategy: all) did not find any beans (OnBeanCondition)

   JacksonAutoConfiguration.JacksonObjectMapperConfiguration matched:
      - @ConditionalOnClass found required class 'org.springframework.http.converter.json.Jackson2ObjectMapperBuilder' (OnClassCondition)

   JacksonAutoConfiguration.JacksonObjectMapperConfiguration#jacksonObjectMapper matched:
      - @ConditionalOnMissingBean (types: com.fasterxml.jackson.databind.ObjectMapper; SearchStrategy: all) did not find any beans (OnBeanCondition)

   JacksonAutoConfiguration.ParameterNamesModuleConfiguration matched:
      - @ConditionalOnClass found required class 'com.fasterxml.jackson.module.paramnames.ParameterNamesModule' (OnClassCondition)

   JacksonAutoConfiguration.ParameterNamesModuleConfiguration#parameterNamesModule matched:
      - @ConditionalOnMissingBean (types: com.fasterxml.jackson.module.paramnames.ParameterNamesModule; SearchStrategy: all) did not find any beans (OnBeanCondition)

   JacksonHttpMessageConvertersConfiguration.MappingJackson2HttpMessageConverterConfiguration matched:
      - @ConditionalOnClass found required class 'com.fasterxml.jackson.databind.ObjectMapper' (OnClassCondition)
      - @ConditionalOnProperty (spring.mvc.converters.preferred-json-mapper=jackson) matched (OnPropertyCondition)
      - @ConditionalOnBean (types: com.fasterxml.jackson.databind.ObjectMapper; SearchStrategy: all) found bean 'jacksonObjectMapper' (OnBeanCondition)

   JacksonHttpMessageConvertersConfiguration.MappingJackson2HttpMessageConverterConfiguration#mappingJackson2HttpMessageConverter matched:
      - @ConditionalOnMissingBean (types: org.springframework.http.converter.json.MappingJackson2HttpMessageConverter ignored: org.springframework.hateoas.server.mvc.TypeConstrainedMappingJackson2HttpMessageConverter,org.springframework.data.rest.webmvc.alps.AlpsJsonHttpMessageConverter; SearchStrategy: all) did not find any beans (OnBeanCondition)

   JdbcClientAutoConfiguration matched:
      - @ConditionalOnSingleCandidate (types: org.springframework.jdbc.core.namedparam.NamedParameterJdbcTemplate; SearchStrategy: all) found a single bean 'namedParameterJdbcTemplate'; @ConditionalOnMissingBean (types: org.springframework.jdbc.core.simple.JdbcClient; SearchStrategy: all) did not find any beans (OnBeanCondition)

   JdbcTemplateAutoConfiguration matched:
      - @ConditionalOnClass found required classes 'javax.sql.DataSource', 'org.springframework.jdbc.core.JdbcTemplate' (OnClassCondition)
      - @ConditionalOnSingleCandidate (types: javax.sql.DataSource; SearchStrategy: all) found a single bean 'dataSource' (OnBeanCondition)

   JdbcTemplateConfiguration matched:
      - @ConditionalOnMissingBean (types: org.springframework.jdbc.core.JdbcOperations; SearchStrategy: all) did not find any beans (OnBeanCondition)

   JpaBaseConfiguration#entityManagerFactory matched:
      - @ConditionalOnMissingBean (types: org.springframework.orm.jpa.LocalContainerEntityManagerFactoryBean,jakarta.persistence.EntityManagerFactory; SearchStrategy: all) did not find any beans (OnBeanCondition)

   JpaBaseConfiguration#entityManagerFactoryBuilder matched:
      - @ConditionalOnMissingBean (types: org.springframework.boot.orm.jpa.EntityManagerFactoryBuilder; SearchStrategy: all) did not find any beans (OnBeanCondition)

   JpaBaseConfiguration#jpaVendorAdapter matched:
      - @ConditionalOnMissingBean (types: org.springframework.orm.jpa.JpaVendorAdapter; SearchStrategy: all) did not find any beans (OnBeanCondition)

   JpaBaseConfiguration#transactionManager matched:
      - @ConditionalOnMissingBean (types: org.springframework.transaction.TransactionManager; SearchStrategy: all) did not find any beans (OnBeanCondition)

   JpaBaseConfiguration.PersistenceManagedTypesConfiguration matched:
      - @ConditionalOnMissingBean (types: org.springframework.orm.jpa.LocalContainerEntityManagerFactoryBean,jakarta.persistence.EntityManagerFactory; SearchStrategy: all) did not find any beans (OnBeanCondition)

   JpaBaseConfiguration.PersistenceManagedTypesConfiguration#persistenceManagedTypes matched:
      - @ConditionalOnMissingBean (types: org.springframework.orm.jpa.persistenceunit.PersistenceManagedTypes; SearchStrategy: all) did not find any beans (OnBeanCondition)

   JpaRepositoriesAutoConfiguration matched:
      - @ConditionalOnClass found required class 'org.springframework.data.jpa.repository.JpaRepository' (OnClassCondition)
      - @ConditionalOnProperty (spring.data.jpa.repositories.enabled=true) matched (OnPropertyCondition)
      - @ConditionalOnBean (types: javax.sql.DataSource; SearchStrategy: all) found bean 'dataSource'; @ConditionalOnMissingBean (types: org.springframework.data.jpa.repository.support.JpaRepositoryFactoryBean,org.springframework.data.jpa.repository.config.JpaRepositoryConfigExtension; SearchStrategy: all) did not find any beans (OnBeanCondition)

   JtaAutoConfiguration matched:
      - @ConditionalOnClass found required class 'jakarta.transaction.Transaction' (OnClassCondition)
      - @ConditionalOnProperty (spring.jta.enabled) matched (OnPropertyCondition)

   LifecycleAutoConfiguration#defaultLifecycleProcessor matched:
      - @ConditionalOnMissingBean (names: lifecycleProcessor; SearchStrategy: current) did not find any beans (OnBeanCondition)

   MultipartAutoConfiguration matched:
      - @ConditionalOnClass found required classes 'jakarta.servlet.Servlet', 'org.springframework.web.multipart.support.StandardServletMultipartResolver', 'jakarta.servlet.MultipartConfigElement' (OnClassCondition)
      - found 'session' scope (OnWebApplicationCondition)
      - @ConditionalOnProperty (spring.servlet.multipart.enabled) matched (OnPropertyCondition)

   MultipartAutoConfiguration#multipartConfigElement matched:
      - @ConditionalOnMissingBean (types: jakarta.servlet.MultipartConfigElement; SearchStrategy: all) did not find any beans (OnBeanCondition)

   MultipartAutoConfiguration#multipartResolver matched:
      - @ConditionalOnMissingBean (types: org.springframework.web.multipart.MultipartResolver; SearchStrategy: all) did not find any beans (OnBeanCondition)

   NamedParameterJdbcTemplateConfiguration matched:
      - @ConditionalOnSingleCandidate (types: org.springframework.jdbc.core.JdbcTemplate; SearchStrategy: all) found a single bean 'jdbcTemplate'; @ConditionalOnMissingBean (types: org.springframework.jdbc.core.namedparam.NamedParameterJdbcOperations; SearchStrategy: all) did not find any beans (OnBeanCondition)

   NoOpCacheConfiguration matched:
      - Cache org.springframework.boot.autoconfigure.cache.NoOpCacheConfiguration automatic cache type (CacheCondition)

   PersistenceExceptionTranslationAutoConfiguration matched:
      - @ConditionalOnClass found required class 'org.springframework.dao.annotation.PersistenceExceptionTranslationPostProcessor' (OnClassCondition)

   PersistenceExceptionTranslationAutoConfiguration#persistenceExceptionTranslationPostProcessor matched:
      - @ConditionalOnProperty (spring.dao.exceptiontranslation.enabled) matched (OnPropertyCondition)
      - @ConditionalOnMissingBean (types: org.springframework.dao.annotation.PersistenceExceptionTranslationPostProcessor; SearchStrategy: all) did not find any beans (OnBeanCondition)

   PropertyPlaceholderAutoConfiguration#propertySourcesPlaceholderConfigurer matched:
      - @ConditionalOnMissingBean (types: org.springframework.context.support.PropertySourcesPlaceholderConfigurer; SearchStrategy: current) did not find any beans (OnBeanCondition)

   RestClientAutoConfiguration matched:
      - @ConditionalOnClass found required class 'org.springframework.web.client.RestClient' (OnClassCondition)
      - NoneNestedConditions 0 matched 1 did not; NestedCondition on NotReactiveWebApplicationCondition.ReactiveWebApplication did not find reactive web application classes (NotReactiveWebApplicationCondition)

   RestClientAutoConfiguration#httpMessageConvertersRestClientCustomizer matched:
      - @ConditionalOnMissingBean (types: org.springframework.boot.autoconfigure.web.client.HttpMessageConvertersRestClientCustomizer; SearchStrategy: all) did not find any beans (OnBeanCondition)

   RestClientAutoConfiguration#restClientBuilder matched:
      - @ConditionalOnMissingBean (types: org.springframework.web.client.RestClient$Builder; SearchStrategy: all) did not find any beans (OnBeanCondition)

   RestClientAutoConfiguration#restClientBuilderConfigurer matched:
      - @ConditionalOnMissingBean (types: org.springframework.boot.autoconfigure.web.client.RestClientBuilderConfigurer; SearchStrategy: all) did not find any beans (OnBeanCondition)

   RestClientAutoConfiguration#restClientSsl matched:
      - @ConditionalOnBean (types: org.springframework.boot.ssl.SslBundles; SearchStrategy: all) found bean 'sslBundleRegistry'; @ConditionalOnMissingBean (types: org.springframework.boot.autoconfigure.web.client.RestClientSsl; SearchStrategy: all) did not find any beans (OnBeanCondition)

   RestTemplateAutoConfiguration matched:
      - @ConditionalOnClass found required class 'org.springframework.web.client.RestTemplate' (OnClassCondition)
      - NoneNestedConditions 0 matched 1 did not; NestedCondition on NotReactiveWebApplicationCondition.ReactiveWebApplication did not find reactive web application classes (NotReactiveWebApplicationCondition)

   RestTemplateAutoConfiguration#restTemplateBuilder matched:
      - @ConditionalOnMissingBean (types: org.springframework.boot.web.client.RestTemplateBuilder; SearchStrategy: all) did not find any beans (OnBeanCondition)

   SampleDataConfig#sampleTeaData matched:
      - @ConditionalOnProperty (app.seed.enabled=true) matched (OnPropertyCondition)

   ServletWebServerFactoryAutoConfiguration matched:
      - @ConditionalOnClass found required class 'jakarta.servlet.ServletRequest' (OnClassCondition)
      - found 'session' scope (OnWebApplicationCondition)

   ServletWebServerFactoryAutoConfiguration#tomcatServletWebServerFactoryCustomizer matched:
      - @ConditionalOnClass found required class 'org.apache.catalina.startup.Tomcat' (OnClassCondition)

   ServletWebServerFactoryConfiguration.EmbeddedTomcat matched:
      - @ConditionalOnClass found required classes 'jakarta.servlet.Servlet', 'org.apache.catalina.startup.Tomcat', 'org.apache.coyote.UpgradeProtocol' (OnClassCondition)
      - @ConditionalOnMissingBean (types: org.springframework.boot.web.servlet.server.ServletWebServerFactory; SearchStrategy: current) did not find any beans (OnBeanCondition)

   SimpleCacheConfiguration matched:
      - Cache org.springframework.boot.autoconfigure.cache.SimpleCacheConfiguration automatic cache type (CacheCondition)

   SpringDataWebAutoConfiguration matched:
      - @ConditionalOnClass found required classes 'org.springframework.data.web.PageableHandlerMethodArgumentResolver', 'org.springframework.web.servlet.config.annotation.WebMvcConfigurer' (OnClassCondition)
      - found 'session' scope (OnWebApplicationCondition)
      - @ConditionalOnMissingBean (types: org.springframework.data.web.PageableHandlerMethodArgumentResolver; SearchStrategy: all) did not find any beans (OnBeanCondition)

   SpringDataWebAutoConfiguration#pageableCustomizer matched:
      - @ConditionalOnMissingBean (types: org.springframework.data.web.config.PageableHandlerMethodArgumentResolverCustomizer; SearchStrategy: all) did not find any beans (OnBeanCondition)

   SpringDataWebAutoConfiguration#sortCustomizer matched:
      - @ConditionalOnMissingBean (types: org.springframework.data.web.config.SortHandlerMethodArgumentResolverCustomizer; SearchStrategy: all) did not find any beans (OnBeanCondition)

   SpringDataWebAutoConfiguration#springDataWebSettings matched:
      - @ConditionalOnMissingBean (types: org.springframework.data.web.config.SpringDataWebSettings; SearchStrategy: all) did not find any beans (OnBeanCondition)

   SqlInitializationAutoConfiguration matched:
      - @ConditionalOnProperty (spring.sql.init.enabled) matched (OnPropertyCondition)
      - NoneNestedConditions 0 matched 1 did not; NestedCondition on SqlInitializationAutoConfiguration.SqlInitializationModeCondition.ModeIsNever @ConditionalOnProperty (spring.sql.init.mode=never) did not find property 'mode' (SqlInitializationAutoConfiguration.SqlInitializationModeCondition)

   SslAutoConfiguration#sslBundleRegistry matched:
      - @ConditionalOnMissingBean (types: org.springframework.boot.ssl.SslBundleRegistry,org.springframework.boot.ssl.SslBundles; SearchStrategy: all) did not find any beans (OnBeanCondition)

   TaskExecutionAutoConfiguration matched:
      - @ConditionalOnClass found required class 'org.springframework.scheduling.concurrent.ThreadPoolTaskExecutor' (OnClassCondition)

   TaskExecutorConfigurations.SimpleAsyncTaskExecutorBuilderConfiguration#simpleAsyncTaskExecutorBuilder matched:
      - @ConditionalOnMissingBean (types: org.springframework.boot.task.SimpleAsyncTaskExecutorBuilder; SearchStrategy: all) did not find any beans (OnBeanCondition)
      - @ConditionalOnThreading found PLATFORM (OnThreadingCondition)

   TaskExecutorConfigurations.ThreadPoolTaskExecutorBuilderConfiguration#threadPoolTaskExecutorBuilder matched:
      - @ConditionalOnMissingBean (types: org.springframework.boot.task.ThreadPoolTaskExecutorBuilder; SearchStrategy: all) did not find any beans (OnBeanCondition)

   TaskSchedulingAutoConfiguration matched:
      - @ConditionalOnClass found required class 'org.springframework.scheduling.concurrent.ThreadPoolTaskScheduler' (OnClassCondition)

   TaskSchedulingAutoConfiguration#scheduledBeanLazyInitializationExcludeFilter matched:
      - @ConditionalOnBean (names: org.springframework.context.annotation.internalScheduledAnnotationProcessor; SearchStrategy: all) found bean 'org.springframework.context.annotation.internalScheduledAnnotationProcessor' (OnBeanCondition)

   TaskSchedulingConfigurations.SimpleAsyncTaskSchedulerBuilderConfiguration#simpleAsyncTaskSchedulerBuilder matched:
      - @ConditionalOnMissingBean (types: org.springframework.boot.task.SimpleAsyncTaskSchedulerBuilder; SearchStrategy: all) did not find any beans (OnBeanCondition)
      - @ConditionalOnThreading found PLATFORM (OnThreadingCondition)

   TaskSchedulingConfigurations.ThreadPoolTaskSchedulerBuilderConfiguration#threadPoolTaskSchedulerBuilder matched:
      - @ConditionalOnMissingBean (types: org.springframework.boot.task.ThreadPoolTaskSchedulerBuilder; SearchStrategy: all) did not find any beans (OnBeanCondition)

   TransactionAutoConfiguration matched:
      - @ConditionalOnClass found required class 'org.springframework.transaction.PlatformTransactionManager' (OnClassCondition)

   TransactionAutoConfiguration.EnableTransactionManagementConfiguration matched:
      - @ConditionalOnBean (types: org.springframework.transaction.TransactionManager; SearchStrategy: all) found bean 'transactionManager'; @ConditionalOnMissingBean (types: org.springframework.transaction.annotation.AbstractTransactionManagementConfiguration; SearchStrategy: all) did not find any beans (OnBeanCondition)

   TransactionAutoConfiguration.EnableTransactionManagementConfiguration.CglibAutoProxyConfiguration matched:
      - @ConditionalOnProperty (spring.aop.proxy-target-class=true) matched (OnPropertyCondition)

   TransactionAutoConfiguration.TransactionTemplateConfiguration matched:
      - @ConditionalOnSingleCandidate (types: org.springframework.transaction.PlatformTransactionManager; SearchStrategy: all) found a single bean 'transactionManager' (OnBeanCondition)

   TransactionAutoConfiguration.TransactionTemplateConfiguration#transactionTemplate matched:
      - @ConditionalOnMissingBean (types: org.springframework.transaction.support.TransactionOperations; SearchStrategy: all) did not find any beans (OnBeanCondition)

   TransactionManagerCustomizationAutoConfiguration matched:
      - @ConditionalOnClass found required class 'org.springframework.transaction.PlatformTransactionManager' (OnClassCondition)

   TransactionManagerCustomizationAutoConfiguration#platformTransactionManagerCustomizers matched:
      - @ConditionalOnMissingBean (types: org.springframework.boot.autoconfigure.transaction.TransactionManagerCustomizers; SearchStrategy: all) did not find any beans (OnBeanCondition)

   ValidationAutoConfiguration matched:
      - @ConditionalOnClass found required class 'jakarta.validation.executable.ExecutableValidator' (OnClassCondition)
      - @ConditionalOnResource found location classpath:META-INF/services/jakarta.validation.spi.ValidationProvider (OnResourceCondition)

   ValidationAutoConfiguration#defaultValidator matched:
      - @ConditionalOnMissingBean (types: jakarta.validation.Validator; SearchStrategy: all) did not find any beans (OnBeanCondition)

   ValidationAutoConfiguration#methodValidationPostProcessor matched:
      - @ConditionalOnMissingBean (types: org.springframework.validation.beanvalidation.MethodValidationPostProcessor; SearchStrategy: current) did not find any beans (OnBeanCondition)

   WebMvcAutoConfiguration matched:
      - @ConditionalOnClass found required classes 'jakarta.servlet.Servlet', 'org.springframework.web.servlet.DispatcherServlet', 'org.springframework.web.servlet.config.annotation.WebMvcConfigurer' (OnClassCondition)
      - found 'session' scope (OnWebApplicationCondition)
      - @ConditionalOnMissingBean (types: org.springframework.web.servlet.config.annotation.WebMvcConfigurationSupport; SearchStrategy: all) did not find any beans (OnBeanCondition)

   WebMvcAutoConfiguration#formContentFilter matched:
      - @ConditionalOnProperty (spring.mvc.formcontent.filter.enabled) matched (OnPropertyCondition)
      - @ConditionalOnMissingBean (types: org.springframework.web.filter.FormContentFilter; SearchStrategy: all) did not find any beans (OnBeanCondition)

   WebMvcAutoConfiguration.EnableWebMvcConfiguration#flashMapManager matched:
      - @ConditionalOnMissingBean (names: flashMapManager; SearchStrategy: all) did not find any beans (OnBeanCondition)

   WebMvcAutoConfiguration.EnableWebMvcConfiguration#localeResolver matched:
      - @ConditionalOnMissingBean (names: localeResolver; SearchStrategy: all) did not find any beans (OnBeanCondition)

   WebMvcAutoConfiguration.EnableWebMvcConfiguration#themeResolver matched:
      - @ConditionalOnMissingBean (names: themeResolver; SearchStrategy: all) did not find any beans (OnBeanCondition)

   WebMvcAutoConfiguration.EnableWebMvcConfiguration#viewNameTranslator matched:
      - @ConditionalOnMissingBean (names: viewNameTranslator; SearchStrategy: all) did not find any beans (OnBeanCondition)

   WebMvcAutoConfiguration.WebMvcAutoConfigurationAdapter#defaultViewResolver matched:
      - @ConditionalOnMissingBean (types: org.springframework.web.servlet.view.InternalResourceViewResolver; SearchStrategy: all) did not find any beans (OnBeanCondition)

   WebMvcAutoConfiguration.WebMvcAutoConfigurationAdapter#requestContextFilter matched:
      - @ConditionalOnMissingBean (types: org.springframework.web.context.request.RequestContextListener,org.springframework.web.filter.RequestContextFilter; SearchStrategy: all) did not find any beans (OnBeanCondition)

   WebMvcAutoConfiguration.WebMvcAutoConfigurationAdapter#viewResolver matched:
      - @ConditionalOnBean (types: org.springframework.web.servlet.ViewResolver; SearchStrategy: all) found beans 'defaultViewResolver', 'beanNameViewResolver', 'mvcViewResolver'; @ConditionalOnMissingBean (names: viewResolver types: org.springframework.web.servlet.view.ContentNegotiatingViewResolver; SearchStrategy: all) did not find any beans (OnBeanCondition)

   WebSocketMessagingAutoConfiguration matched:
      - @ConditionalOnClass found required class 'org.springframework.web.socket.config.annotation.WebSocketMessageBrokerConfigurer' (OnClassCondition)
      - found 'session' scope (OnWebApplicationCondition)

   WebSocketMessagingAutoConfiguration.WebSocketMessageConverterConfiguration matched:
      - @ConditionalOnClass found required classes 'com.fasterxml.jackson.databind.ObjectMapper', 'org.springframework.messaging.simp.config.AbstractMessageBrokerConfiguration' (OnClassCondition)
      - @ConditionalOnBean (types: org.springframework.web.socket.config.annotation.DelegatingWebSocketMessageBrokerConfiguration,com.fasterxml.jackson.databind.ObjectMapper; SearchStrategy: all) found beans 'jacksonObjectMapper', 'org.springframework.web.socket.config.annotation.DelegatingWebSocketMessageBrokerConfiguration' (OnBeanCondition)

   WebSocketServletAutoConfiguration matched:
      - @ConditionalOnClass found required classes 'jakarta.servlet.Servlet', 'jakarta.websocket.server.ServerContainer' (OnClassCondition)
      - found 'session' scope (OnWebApplicationCondition)

   WebSocketServletAutoConfiguration.TomcatWebSocketConfiguration matched:
      - @ConditionalOnClass found required classes 'org.apache.catalina.startup.Tomcat', 'org.apache.tomcat.websocket.server.WsSci' (OnClassCondition)

   WebSocketServletAutoConfiguration.TomcatWebSocketConfiguration#websocketServletWebServerCustomizer matched:
      - @ConditionalOnMissingBean (names: websocketServletWebServerCustomizer; SearchStrategy: all) did not find any beans (OnBeanCondition)

   WeeklySettlementScheduler matched:
      - @ConditionalOnProperty (app.scheduler.enabled=true) matched (OnPropertyCondition)


Negative matches:
-----------------

   ActiveMQAutoConfiguration:
      Did not match:
         - @ConditionalOnClass did not find required class 'jakarta.jms.ConnectionFactory' (OnClassCondition)

   AopAutoConfiguration.AspectJAutoProxyingConfiguration.JdkDynamicAutoProxyConfiguration:
      Did not match:
         - @ConditionalOnProperty (spring.aop.proxy-target-class=false) did not find property 'proxy-target-class' (OnPropertyCondition)

   AopAutoConfiguration.ClassProxyingConfiguration:
      Did not match:
         - @ConditionalOnMissingClass found unwanted class 'org.aspectj.weaver.Advice' (OnClassCondition)

   ArtemisAutoConfiguration:
      Did not match:
         - @ConditionalOnClass did not find required class 'jakarta.jms.ConnectionFactory' (OnClassCondition)

   BatchAutoConfiguration:
      Did not match:
         - @ConditionalOnClass did not find required class 'org.springframework.batch.core.launch.JobLauncher' (OnClassCondition)

   Cache2kCacheConfiguration:
      Did not match:
         - @ConditionalOnClass did not find required class 'org.cache2k.Cache2kBuilder' (OnClassCondition)

   CacheAutoConfiguration:
      Did not match:
         - @ConditionalOnBean (types: org.springframework.cache.interceptor.CacheAspectSupport; SearchStrategy: all) did not find any beans of type org.springframework.cache.interceptor.CacheAspectSupport (OnBeanCondition)
      Matched:
         - @ConditionalOnClass found required class 'org.springframework.cache.CacheManager' (OnClassCondition)

   CacheAutoConfiguration.CacheManagerEntityManagerFactoryDependsOnPostProcessor:
      Did not match:
         - Ancestor org.springframework.boot.autoconfigure.cache.CacheAutoConfiguration did not match (ConditionEvaluationReport.AncestorsMatchedCondition)
      Matched:
         - @ConditionalOnClass found required class 'org.springframework.orm.jpa.LocalContainerEntityManagerFactoryBean' (OnClassCondition)

   CaffeineCacheConfiguration:
      Did not match:
         - @ConditionalOnClass did not find required class 'com.github.benmanes.caffeine.cache.Caffeine' (OnClassCondition)

   CassandraAutoConfiguration:
      Did not match:
         - @ConditionalOnClass did not find required class 'com.datastax.oss.driver.api.core.CqlSession' (OnClassCondition)

   CassandraDataAutoConfiguration:
      Did not match:
         - @ConditionalOnClass did not find required class 'com.datastax.oss.driver.api.core.CqlSession' (OnClassCondition)

   CassandraReactiveDataAutoConfiguration:
      Did not match:
         - @ConditionalOnClass did not find required class 'com.datastax.oss.driver.api.core.CqlSession' (OnClassCondition)

   CassandraReactiveRepositoriesAutoConfiguration:
      Did not match:
         - @ConditionalOnClass did not find required class 'org.springframework.data.cassandra.ReactiveSession' (OnClassCondition)

   CassandraRepositoriesAutoConfiguration:
      Did not match:
         - @ConditionalOnClass did not find required class 'com.datastax.oss.driver.api.core.CqlSession' (OnClassCondition)

   ClientHttpConnectorAutoConfiguration:
      Did not match:
         - @ConditionalOnClass did not find required class 'org.springframework.web.reactive.function.client.WebClient' (OnClassCondition)

   CodecsAutoConfiguration:
      Did not match:
         - @ConditionalOnClass did not find required class 'org.springframework.web.reactive.function.client.WebClient' (OnClassCondition)

   CouchbaseAutoConfiguration:
      Did not match:
         - @ConditionalOnClass did not find required class 'com.couchbase.client.java.Cluster' (OnClassCondition)

   CouchbaseCacheConfiguration:
      Did not match:
         - @ConditionalOnClass did not find required class 'com.couchbase.client.java.Cluster' (OnClassCondition)

   CouchbaseDataAutoConfiguration:
      Did not match:
         - @ConditionalOnClass did not find required class 'com.couchbase.client.java.Bucket' (OnClassCondition)

   CouchbaseReactiveDataAutoConfiguration:
      Did not match:
         - @ConditionalOnClass did not find required class 'com.couchbase.client.java.Cluster' (OnClassCondition)

   CouchbaseReactiveRepositoriesAutoConfiguration:
      Did not match:
         - @ConditionalOnClass did not find required class 'com.couchbase.client.java.Cluster' (OnClassCondition)

   CouchbaseRepositoriesAutoConfiguration:
      Did not match:
         - @ConditionalOnClass did not find required class 'com.couchbase.client.java.Bucket' (OnClassCondition)

   DataSourceAutoConfiguration.EmbeddedDatabaseConfiguration:
      Did not match:
         - EmbeddedDataSource spring.datasource.url is set (DataSourceAutoConfiguration.EmbeddedDatabaseCondition)

   DataSourceCheckpointRestoreConfiguration:
      Did not match:
         - @ConditionalOnClass did not find required class 'org.crac.Resource' (OnClassCondition)

   DataSourceConfiguration.Dbcp2:
      Did not match:
         - @ConditionalOnClass did not find required class 'org.apache.commons.dbcp2.BasicDataSource' (OnClassCondition)

   DataSourceConfiguration.Generic:
      Did not match:
         - @ConditionalOnProperty (spring.datasource.type) did not find property 'spring.datasource.type' (OnPropertyCondition)

   DataSourceConfiguration.OracleUcp:
      Did not match:
         - @ConditionalOnClass did not find required classes 'oracle.ucp.jdbc.PoolDataSourceImpl', 'oracle.jdbc.OracleConnection' (OnClassCondition)

   DataSourceConfiguration.Tomcat:
      Did not match:
         - @ConditionalOnClass did not find required class 'org.apache.tomcat.jdbc.pool.DataSource' (OnClassCondition)

   DataSourceJmxConfiguration.TomcatDataSourceJmxConfiguration:
      Did not match:
         - @ConditionalOnClass did not find required class 'org.apache.tomcat.jdbc.pool.DataSourceProxy' (OnClassCondition)

   DataSourcePoolMetadataProvidersConfiguration.CommonsDbcp2PoolDataSourceMetadataProviderConfiguration:
      Did not match:
         - @ConditionalOnClass did not find required class 'org.apache.commons.dbcp2.BasicDataSource' (OnClassCondition)

   DataSourcePoolMetadataProvidersConfiguration.OracleUcpPoolDataSourceMetadataProviderConfiguration:
      Did not match:
         - @ConditionalOnClass did not find required classes 'oracle.ucp.jdbc.PoolDataSource', 'oracle.jdbc.OracleConnection' (OnClassCondition)

   DataSourcePoolMetadataProvidersConfiguration.TomcatDataSourcePoolMetadataProviderConfiguration:
      Did not match:
         - @ConditionalOnClass did not find required class 'org.apache.tomcat.jdbc.pool.DataSource' (OnClassCondition)

   DataSourceTransactionManagerAutoConfiguration.JdbcTransactionManagerConfiguration#transactionManager:
      Did not match:
         - @ConditionalOnMissingBean (types: org.springframework.transaction.TransactionManager; SearchStrategy: all) found beans of type 'org.springframework.transaction.TransactionManager' transactionManager (OnBeanCondition)

   DispatcherServletAutoConfiguration.DispatcherServletConfiguration#multipartResolver:
      Did not match:
         - @ConditionalOnBean (types: org.springframework.web.multipart.MultipartResolver; SearchStrategy: all) did not find any beans of type org.springframework.web.multipart.MultipartResolver (OnBeanCondition)

   ElasticsearchClientAutoConfiguration:
      Did not match:
         - @ConditionalOnClass did not find required class 'co.elastic.clients.elasticsearch.ElasticsearchClient' (OnClassCondition)

   ElasticsearchDataAutoConfiguration:
      Did not match:
         - @ConditionalOnClass did not find required class 'org.springframework.data.elasticsearch.client.elc.ElasticsearchTemplate' (OnClassCondition)

   ElasticsearchRepositoriesAutoConfiguration:
      Did not match:
         - @ConditionalOnClass did not find required class 'org.springframework.data.elasticsearch.repository.ElasticsearchRepository' (OnClassCondition)

   ElasticsearchRestClientAutoConfiguration:
      Did not match:
         - @ConditionalOnClass did not find required class 'org.elasticsearch.client.RestClientBuilder' (OnClassCondition)

   EmbeddedLdapAutoConfiguration:
      Did not match:
         - @ConditionalOnClass did not find required class 'com.unboundid.ldap.listener.InMemoryDirectoryServer' (OnClassCondition)

   EmbeddedWebServerFactoryCustomizerAutoConfiguration.JettyWebServerFactoryCustomizerConfiguration:
      Did not match:
         - @ConditionalOnClass did not find required classes 'org.eclipse.jetty.server.Server', 'org.eclipse.jetty.util.Loader', 'org.eclipse.jetty.ee10.webapp.WebAppContext' (OnClassCondition)

   EmbeddedWebServerFactoryCustomizerAutoConfiguration.NettyWebServerFactoryCustomizerConfiguration:
      Did not match:
         - @ConditionalOnClass did not find required class 'reactor.netty.http.server.HttpServer' (OnClassCondition)

   EmbeddedWebServerFactoryCustomizerAutoConfiguration.TomcatWebServerFactoryCustomizerConfiguration#tomcatVirtualThreadsProtocolHandlerCustomizer:
      Did not match:
         - @ConditionalOnThreading did not find VIRTUAL (OnThreadingCondition)

   EmbeddedWebServerFactoryCustomizerAutoConfiguration.UndertowWebServerFactoryCustomizerConfiguration:
      Did not match:
         - @ConditionalOnClass did not find required classes 'io.undertow.Undertow', 'org.xnio.SslClientAuthMode' (OnClassCondition)

   ErrorWebFluxAutoConfiguration:
      Did not match:
         - @ConditionalOnClass did not find required class 'org.springframework.web.reactive.config.WebFluxConfigurer' (OnClassCondition)

   FlywayAutoConfiguration.FlywayConfiguration#oracleFlywayConfigurationCustomizer:
      Did not match:
         - @ConditionalOnClass did not find required class 'org.flywaydb.database.oracle.OracleConfigurationExtension' (OnClassCondition)

   FlywayAutoConfiguration.FlywayConfiguration#postgresqlFlywayConfigurationCustomizer:
      Did not match:
         - @ConditionalOnClass did not find required class 'org.flywaydb.database.postgresql.PostgreSQLConfigurationExtension' (OnClassCondition)

   FlywayAutoConfiguration.FlywayConfiguration#sqlServerFlywayConfigurationCustomizer:
      Did not match:
         - @ConditionalOnClass did not find required class 'org.flywaydb.database.sqlserver.SQLServerConfigurationExtension' (OnClassCondition)

   FreeMarkerAutoConfiguration:
      Did not match:
         - @ConditionalOnClass did not find required class 'freemarker.template.Configuration' (OnClassCondition)

   GraphQlAutoConfiguration:
      Did not match:
         - @ConditionalOnClass did not find required class 'graphql.GraphQL' (OnClassCondition)

   GraphQlQueryByExampleAutoConfiguration:
      Did not match:
         - @ConditionalOnClass did not find required class 'graphql.GraphQL' (OnClassCondition)

   GraphQlQuerydslAutoConfiguration:
      Did not match:
         - @ConditionalOnClass did not find required class 'com.querydsl.core.Query' (OnClassCondition)

   GraphQlRSocketAutoConfiguration:
      Did not match:
         - @ConditionalOnClass did not find required class 'graphql.GraphQL' (OnClassCondition)

   GraphQlReactiveQueryByExampleAutoConfiguration:
      Did not match:
         - @ConditionalOnClass did not find required class 'graphql.GraphQL' (OnClassCondition)

   GraphQlReactiveQuerydslAutoConfiguration:
      Did not match:
         - @ConditionalOnClass did not find required class 'com.querydsl.core.Query' (OnClassCondition)

   GraphQlWebFluxAutoConfiguration:
      Did not match:
         - @ConditionalOnClass did not find required class 'graphql.GraphQL' (OnClassCondition)

   GraphQlWebFluxSecurityAutoConfiguration:
      Did not match:
         - @ConditionalOnClass did not find required class 'graphql.GraphQL' (OnClassCondition)

   GraphQlWebMvcAutoConfiguration:
      Did not match:
         - @ConditionalOnClass did not find required class 'graphql.GraphQL' (OnClassCondition)

   GraphQlWebMvcSecurityAutoConfiguration:
      Did not match:
         - @ConditionalOnClass did not find required class 'graphql.GraphQL' (OnClassCondition)

   GroovyTemplateAutoConfiguration:
      Did not match:
         - @ConditionalOnClass did not find required class 'groovy.text.markup.MarkupTemplateEngine' (OnClassCondition)

   GsonAutoConfiguration:
      Did not match:
         - @ConditionalOnClass did not find required class 'com.google.gson.Gson' (OnClassCondition)

   GsonHttpMessageConvertersConfiguration:
      Did not match:
         - @ConditionalOnClass did not find required class 'com.google.gson.Gson' (OnClassCondition)

   H2ConsoleAutoConfiguration:
      Did not match:
         - @ConditionalOnClass did not find required class 'org.h2.server.web.JakartaWebServlet' (OnClassCondition)

   HazelcastAutoConfiguration:
      Did not match:
         - @ConditionalOnClass did not find required class 'com.hazelcast.core.HazelcastInstance' (OnClassCondition)

   HazelcastCacheConfiguration:
      Did not match:
         - @ConditionalOnClass did not find required class 'com.hazelcast.core.HazelcastInstance' (OnClassCondition)

   HazelcastJpaDependencyAutoConfiguration:
      Did not match:
         - @ConditionalOnClass did not find required class 'com.hazelcast.core.HazelcastInstance' (OnClassCondition)

   HttpHandlerAutoConfiguration:
      Did not match:
         - @ConditionalOnClass did not find required class 'org.springframework.web.reactive.DispatcherHandler' (OnClassCondition)

   HypermediaAutoConfiguration:
      Did not match:
         - @ConditionalOnClass did not find required class 'org.springframework.hateoas.EntityModel' (OnClassCondition)

   InfinispanCacheConfiguration:
      Did not match:
         - @ConditionalOnClass did not find required class 'org.infinispan.spring.embedded.provider.SpringEmbeddedCacheManager' (OnClassCondition)

   IntegrationAutoConfiguration:
      Did not match:
         - @ConditionalOnClass did not find required class 'org.springframework.integration.config.EnableIntegration' (OnClassCondition)

   JCacheCacheConfiguration:
      Did not match:
         - @ConditionalOnClass did not find required class 'javax.cache.Caching' (OnClassCondition)

   JacksonHttpMessageConvertersConfiguration.MappingJackson2XmlHttpMessageConverterConfiguration:
      Did not match:
         - @ConditionalOnClass did not find required class 'com.fasterxml.jackson.dataformat.xml.XmlMapper' (OnClassCondition)

   JdbcRepositoriesAutoConfiguration:
      Did not match:
         - @ConditionalOnClass did not find required class 'org.springframework.data.jdbc.repository.config.AbstractJdbcConfiguration' (OnClassCondition)

   JerseyAutoConfiguration:
      Did not match:
         - @ConditionalOnClass did not find required class 'org.glassfish.jersey.server.spring.SpringComponentProvider' (OnClassCondition)

   JmsAutoConfiguration:
      Did not match:
         - @ConditionalOnClass did not find required class 'jakarta.jms.Message' (OnClassCondition)

   JmxAutoConfiguration:
      Did not match:
         - @ConditionalOnProperty (spring.jmx.enabled=true) did not find property 'enabled' (OnPropertyCondition)
      Matched:
         - @ConditionalOnClass found required class 'org.springframework.jmx.export.MBeanExporter' (OnClassCondition)

   JndiConnectionFactoryAutoConfiguration:
      Did not match:
         - @ConditionalOnClass did not find required class 'org.springframework.jms.core.JmsTemplate' (OnClassCondition)

   JndiDataSourceAutoConfiguration:
      Did not match:
         - @ConditionalOnProperty (spring.datasource.jndi-name) did not find property 'jndi-name' (OnPropertyCondition)
      Matched:
         - @ConditionalOnClass found required classes 'javax.sql.DataSource', 'org.springframework.jdbc.datasource.embedded.EmbeddedDatabaseType' (OnClassCondition)

   JndiJtaConfiguration:
      Did not match:
         - @ConditionalOnJndi JNDI environment is not available (OnJndiCondition)
      Matched:
         - @ConditionalOnClass found required class 'org.springframework.transaction.jta.JtaTransactionManager' (OnClassCondition)

   JooqAutoConfiguration:
      Did not match:
         - @ConditionalOnClass did not find required class 'org.jooq.DSLContext' (OnClassCondition)

   JpaBaseConfiguration.JpaWebConfiguration:
      Did not match:
         - @ConditionalOnProperty (spring.jpa.open-in-view=true) found different value in property 'open-in-view' (OnPropertyCondition)
      Matched:
         - @ConditionalOnClass found required class 'org.springframework.web.servlet.config.annotation.WebMvcConfigurer' (OnClassCondition)
         - found 'session' scope (OnWebApplicationCondition)

   JpaRepositoriesAutoConfiguration#entityManagerFactoryBootstrapExecutorCustomizer:
      Did not match:
         - AnyNestedCondition 0 matched 2 did not; NestedCondition on JpaRepositoriesAutoConfiguration.BootstrapExecutorCondition.LazyBootstrapMode @ConditionalOnProperty (spring.data.jpa.repositories.bootstrap-mode=lazy) did not find property 'bootstrap-mode'; NestedCondition on JpaRepositoriesAutoConfiguration.BootstrapExecutorCondition.DeferredBootstrapMode @ConditionalOnProperty (spring.data.jpa.repositories.bootstrap-mode=deferred) did not find property 'bootstrap-mode' (JpaRepositoriesAutoConfiguration.BootstrapExecutorCondition)

   JsonbAutoConfiguration:
      Did not match:
         - @ConditionalOnClass did not find required class 'jakarta.json.bind.Jsonb' (OnClassCondition)

   JsonbHttpMessageConvertersConfiguration:
      Did not match:
         - @ConditionalOnClass did not find required class 'jakarta.json.bind.Jsonb' (OnClassCondition)

   KafkaAutoConfiguration:
      Did not match:
         - @ConditionalOnClass did not find required class 'org.springframework.kafka.core.KafkaTemplate' (OnClassCondition)

   LdapAutoConfiguration:
      Did not match:
         - @ConditionalOnClass did not find required class 'org.springframework.ldap.core.ContextSource' (OnClassCondition)

   LdapRepositoriesAutoConfiguration:
      Did not match:
         - @ConditionalOnClass did not find required class 'org.springframework.data.ldap.repository.LdapRepository' (OnClassCondition)

   LiquibaseAutoConfiguration:
      Did not match:
         - @ConditionalOnClass did not find required class 'liquibase.change.DatabaseChange' (OnClassCondition)

   MailSenderAutoConfiguration:
      Did not match:
         - @ConditionalOnClass did not find required class 'jakarta.mail.internet.MimeMessage' (OnClassCondition)

   MailSenderValidatorAutoConfiguration:
      Did not match:
         - @ConditionalOnSingleCandidate did not find required type 'org.springframework.mail.javamail.JavaMailSenderImpl' (OnBeanCondition)

   MessageSourceAutoConfiguration:
      Did not match:
         - ResourceBundle did not find bundle with basename messages (MessageSourceAutoConfiguration.ResourceBundleCondition)

   MongoAutoConfiguration:
      Did not match:
         - @ConditionalOnClass did not find required class 'com.mongodb.client.MongoClient' (OnClassCondition)

   MongoDataAutoConfiguration:
      Did not match:
         - @ConditionalOnClass did not find required class 'com.mongodb.client.MongoClient' (OnClassCondition)

   MongoReactiveAutoConfiguration:
      Did not match:
         - @ConditionalOnClass did not find required class 'com.mongodb.reactivestreams.client.MongoClient' (OnClassCondition)

   MongoReactiveDataAutoConfiguration:
      Did not match:
         - @ConditionalOnClass did not find required class 'com.mongodb.reactivestreams.client.MongoClient' (OnClassCondition)

   MongoReactiveRepositoriesAutoConfiguration:
      Did not match:
         - @ConditionalOnClass did not find required class 'com.mongodb.reactivestreams.client.MongoClient' (OnClassCondition)

   MongoRepositoriesAutoConfiguration:
      Did not match:
         - @ConditionalOnClass did not find required class 'com.mongodb.client.MongoClient' (OnClassCondition)

   MustacheAutoConfiguration:
      Did not match:
         - @ConditionalOnClass did not find required class 'com.samskivert.mustache.Mustache' (OnClassCondition)

   Neo4jAutoConfiguration:
      Did not match:
         - @ConditionalOnClass did not find required class 'org.neo4j.driver.Driver' (OnClassCondition)

   Neo4jDataAutoConfiguration:
      Did not match:
         - @ConditionalOnClass did not find required class 'org.neo4j.driver.Driver' (OnClassCondition)

   Neo4jReactiveDataAutoConfiguration:
      Did not match:
         - @ConditionalOnClass did not find required class 'org.neo4j.driver.Driver' (OnClassCondition)

   Neo4jReactiveRepositoriesAutoConfiguration:
      Did not match:
         - @ConditionalOnClass did not find required class 'org.neo4j.driver.Driver' (OnClassCondition)

   Neo4jRepositoriesAutoConfiguration:
      Did not match:
         - @ConditionalOnClass did not find required class 'org.neo4j.driver.Driver' (OnClassCondition)

   NettyAutoConfiguration:
      Did not match:
         - @ConditionalOnClass did not find required class 'io.netty.util.NettyRuntime' (OnClassCondition)

   OAuth2AuthorizationServerAutoConfiguration:
      Did not match:
         - @ConditionalOnClass did not find required class 'org.springframework.security.oauth2.server.authorization.OAuth2Authorization' (OnClassCondition)

   OAuth2AuthorizationServerJwtAutoConfiguration:
      Did not match:
         - @ConditionalOnClass did not find required class 'com.nimbusds.jose.jwk.source.JWKSource' (OnClassCondition)

   OAuth2ClientAutoConfiguration:
      Did not match:
         - @ConditionalOnClass did not find required class 'org.springframework.security.config.annotation.web.configuration.EnableWebSecurity' (OnClassCondition)

   OAuth2ResourceServerAutoConfiguration:
      Did not match:
         - @ConditionalOnClass did not find required class 'org.springframework.security.oauth2.server.resource.authentication.BearerTokenAuthenticationToken' (OnClassCondition)

   ProjectInfoAutoConfiguration#buildProperties:
      Did not match:
         - @ConditionalOnResource did not find resource '${spring.info.build.location:classpath:META-INF/build-info.properties}' (OnResourceCondition)

   ProjectInfoAutoConfiguration#gitProperties:
      Did not match:
         - GitResource did not find git info at classpath:git.properties (ProjectInfoAutoConfiguration.GitResourceAvailableCondition)

   PulsarAutoConfiguration:
      Did not match:
         - @ConditionalOnClass did not find required class 'org.apache.pulsar.client.api.PulsarClient' (OnClassCondition)

   PulsarReactiveAutoConfiguration:
      Did not match:
         - @ConditionalOnClass did not find required class 'org.apache.pulsar.client.api.PulsarClient' (OnClassCondition)

   QuartzAutoConfiguration:
      Did not match:
         - @ConditionalOnClass did not find required class 'org.quartz.Scheduler' (OnClassCondition)

   R2dbcAutoConfiguration:
      Did not match:
         - @ConditionalOnClass did not find required class 'io.r2dbc.spi.ConnectionFactory' (OnClassCondition)

   R2dbcDataAutoConfiguration:
      Did not match:
         - @ConditionalOnClass did not find required class 'org.springframework.data.r2dbc.core.R2dbcEntityTemplate' (OnClassCondition)

   R2dbcInitializationConfiguration:
      Did not match:
         - @ConditionalOnClass did not find required classes 'io.r2dbc.spi.ConnectionFactory', 'org.springframework.r2dbc.connection.init.DatabasePopulator' (OnClassCondition)

   R2dbcProxyAutoConfiguration:
      Did not match:
         - @ConditionalOnClass did not find required class 'io.r2dbc.proxy.ProxyConnectionFactory' (OnClassCondition)

   R2dbcRepositoriesAutoConfiguration:
      Did not match:
         - @ConditionalOnClass did not find required class 'io.r2dbc.spi.ConnectionFactory' (OnClassCondition)

   R2dbcTransactionManagerAutoConfiguration:
      Did not match:
         - @ConditionalOnClass did not find required class 'org.springframework.r2dbc.connection.R2dbcTransactionManager' (OnClassCondition)

   RSocketGraphQlClientAutoConfiguration:
      Did not match:
         - @ConditionalOnClass did not find required class 'graphql.GraphQL' (OnClassCondition)

   RSocketMessagingAutoConfiguration:
      Did not match:
         - @ConditionalOnClass did not find required class 'io.rsocket.RSocket' (OnClassCondition)

   RSocketRequesterAutoConfiguration:
      Did not match:
         - @ConditionalOnClass did not find required class 'io.rsocket.RSocket' (OnClassCondition)

   RSocketSecurityAutoConfiguration:
      Did not match:
         - @ConditionalOnClass did not find required class 'org.springframework.security.rsocket.core.SecuritySocketAcceptorInterceptor' (OnClassCondition)

   RSocketServerAutoConfiguration:
      Did not match:
         - @ConditionalOnClass did not find required class 'io.rsocket.core.RSocketServer' (OnClassCondition)

   RSocketStrategiesAutoConfiguration:
      Did not match:
         - @ConditionalOnClass did not find required class 'io.netty.buffer.PooledByteBufAllocator' (OnClassCondition)

   RabbitAutoConfiguration:
      Did not match:
         - @ConditionalOnClass did not find required class 'com.rabbitmq.client.Channel' (OnClassCondition)

   ReactiveElasticsearchClientAutoConfiguration:
      Did not match:
         - @ConditionalOnClass did not find required class 'co.elastic.clients.transport.ElasticsearchTransport' (OnClassCondition)

   ReactiveElasticsearchRepositoriesAutoConfiguration:
      Did not match:
         - @ConditionalOnClass did not find required class 'reactor.core.publisher.Mono' (OnClassCondition)

   ReactiveMultipartAutoConfiguration:
      Did not match:
         - @ConditionalOnClass did not find required class 'org.springframework.web.reactive.config.WebFluxConfigurer' (OnClassCondition)

   ReactiveOAuth2ClientAutoConfiguration:
      Did not match:
         - @ConditionalOnClass did not find required class 'reactor.core.publisher.Flux' (OnClassCondition)

   ReactiveOAuth2ResourceServerAutoConfiguration:
      Did not match:
         - @ConditionalOnClass did not find required class 'org.springframework.security.config.annotation.web.reactive.EnableWebFluxSecurity' (OnClassCondition)

   ReactiveSecurityAutoConfiguration:
      Did not match:
         - @ConditionalOnClass did not find required class 'reactor.core.publisher.Flux' (OnClassCondition)

   ReactiveUserDetailsServiceAutoConfiguration:
      Did not match:
         - @ConditionalOnClass did not find required class 'org.springframework.security.authentication.ReactiveAuthenticationManager' (OnClassCondition)

   ReactiveWebServerFactoryAutoConfiguration:
      Did not match:
         - @ConditionalOnWebApplication did not find reactive web application classes (OnWebApplicationCondition)

   ReactorAutoConfiguration:
      Did not match:
         - @ConditionalOnClass did not find required class 'reactor.core.publisher.Hooks' (OnClassCondition)

   RedisAutoConfiguration:
      Did not match:
         - @ConditionalOnClass did not find required class 'org.springframework.data.redis.core.RedisOperations' (OnClassCondition)

   RedisCacheConfiguration:
      Did not match:
         - @ConditionalOnClass did not find required class 'org.springframework.data.redis.connection.RedisConnectionFactory' (OnClassCondition)

   RedisReactiveAutoConfiguration:
      Did not match:
         - @ConditionalOnClass did not find required class 'reactor.core.publisher.Flux' (OnClassCondition)

   RedisRepositoriesAutoConfiguration:
      Did not match:
         - @ConditionalOnClass did not find required class 'org.springframework.data.redis.repository.configuration.EnableRedisRepositories' (OnClassCondition)

   RepositoryRestMvcAutoConfiguration:
      Did not match:
         - @ConditionalOnClass did not find required class 'org.springframework.data.rest.webmvc.config.RepositoryRestMvcConfiguration' (OnClassCondition)

   Saml2RelyingPartyAutoConfiguration:
      Did not match:
         - @ConditionalOnClass did not find required class 'org.springframework.security.saml2.provider.service.registration.RelyingPartyRegistrationRepository' (OnClassCondition)

   SecurityAutoConfiguration:
      Did not match:
         - @ConditionalOnClass did not find required class 'org.springframework.security.authentication.DefaultAuthenticationEventPublisher' (OnClassCondition)

   SecurityFilterAutoConfiguration:
      Did not match:
         - @ConditionalOnClass did not find required class 'org.springframework.security.config.http.SessionCreationPolicy' (OnClassCondition)

   SendGridAutoConfiguration:
      Did not match:
         - @ConditionalOnClass did not find required class 'com.sendgrid.SendGrid' (OnClassCondition)

   ServletWebServerFactoryAutoConfiguration.ForwardedHeaderFilterConfiguration:
      Did not match:
         - @ConditionalOnProperty (server.forward-headers-strategy=framework) did not find property 'server.forward-headers-strategy' (OnPropertyCondition)

   ServletWebServerFactoryConfiguration.EmbeddedJetty:
      Did not match:
         - @ConditionalOnClass did not find required classes 'org.eclipse.jetty.server.Server', 'org.eclipse.jetty.util.Loader', 'org.eclipse.jetty.ee10.webapp.WebAppContext' (OnClassCondition)

   ServletWebServerFactoryConfiguration.EmbeddedUndertow:
      Did not match:
         - @ConditionalOnClass did not find required classes 'io.undertow.Undertow', 'org.xnio.SslClientAuthMode' (OnClassCondition)

   SessionAutoConfiguration:
      Did not match:
         - @ConditionalOnClass did not find required class 'org.springframework.session.Session' (OnClassCondition)

   SpringApplicationAdminJmxAutoConfiguration:
      Did not match:
         - @ConditionalOnProperty (spring.application.admin.enabled=true) did not find property 'enabled' (OnPropertyCondition)

   TaskExecutorConfigurations.SimpleAsyncTaskExecutorBuilderConfiguration#simpleAsyncTaskExecutorBuilderVirtualThreads:
      Did not match:
         - @ConditionalOnMissingBean (types: org.springframework.boot.task.SimpleAsyncTaskExecutorBuilder; SearchStrategy: all) found beans of type 'org.springframework.boot.task.SimpleAsyncTaskExecutorBuilder' simpleAsyncTaskExecutorBuilder (OnBeanCondition)

   TaskExecutorConfigurations.TaskExecutorConfiguration:
      Did not match:
         - @ConditionalOnMissingBean (types: java.util.concurrent.Executor; SearchStrategy: all) found beans of type 'java.util.concurrent.Executor' clientInboundChannelExecutor, clientOutboundChannelExecutor, brokerChannelExecutor (OnBeanCondition)

   TaskSchedulingConfigurations.SimpleAsyncTaskSchedulerBuilderConfiguration#simpleAsyncTaskSchedulerBuilderVirtualThreads:
      Did not match:
         - @ConditionalOnMissingBean (types: org.springframework.boot.task.SimpleAsyncTaskSchedulerBuilder; SearchStrategy: all) found beans of type 'org.springframework.boot.task.SimpleAsyncTaskSchedulerBuilder' simpleAsyncTaskSchedulerBuilder (OnBeanCondition)

   TaskSchedulingConfigurations.TaskSchedulerConfiguration:
      Did not match:
         - @ConditionalOnMissingBean (types: org.springframework.scheduling.TaskScheduler,java.util.concurrent.ScheduledExecutorService; SearchStrategy: all) found beans of type 'org.springframework.scheduling.TaskScheduler' messageBrokerTaskScheduler (OnBeanCondition)

   ThymeleafAutoConfiguration:
      Did not match:
         - @ConditionalOnClass did not find required class 'org.thymeleaf.spring6.SpringTemplateEngine' (OnClassCondition)

   TransactionAutoConfiguration#transactionalOperator:
      Did not match:
         - @ConditionalOnSingleCandidate (types: org.springframework.transaction.ReactiveTransactionManager; SearchStrategy: all) did not find any beans (OnBeanCondition)

   TransactionAutoConfiguration.AspectJTransactionManagementConfiguration:
      Did not match:
         - @ConditionalOnBean (types: org.springframework.transaction.aspectj.AbstractTransactionAspect; SearchStrategy: all) did not find any beans of type org.springframework.transaction.aspectj.AbstractTransactionAspect (OnBeanCondition)

   TransactionAutoConfiguration.EnableTransactionManagementConfiguration.JdkDynamicAutoProxyConfiguration:
      Did not match:
         - @ConditionalOnProperty (spring.aop.proxy-target-class=false) did not find property 'proxy-target-class' (OnPropertyCondition)

   UserDetailsServiceAutoConfiguration:
      Did not match:
         - @ConditionalOnClass did not find required class 'org.springframework.security.authentication.AuthenticationManager' (OnClassCondition)

   WebClientAutoConfiguration:
      Did not match:
         - @ConditionalOnClass did not find required class 'org.springframework.web.reactive.function.client.WebClient' (OnClassCondition)

   WebFluxAutoConfiguration:
      Did not match:
         - @ConditionalOnClass did not find required class 'org.springframework.web.reactive.config.WebFluxConfigurer' (OnClassCondition)

   WebMvcAutoConfiguration#hiddenHttpMethodFilter:
      Did not match:
         - @ConditionalOnProperty (spring.mvc.hiddenmethod.filter.enabled) did not find property 'enabled' (OnPropertyCondition)

   WebMvcAutoConfiguration.ProblemDetailsErrorHandlingConfiguration:
      Did not match:
         - @ConditionalOnProperty (spring.mvc.problemdetails.enabled=true) did not find property 'enabled' (OnPropertyCondition)

   WebMvcAutoConfiguration.ResourceChainCustomizerConfiguration:
      Did not match:
         - @ConditionalOnEnabledResourceChain did not find class org.webjars.WebJarVersionLocator (OnEnabledResourceChainCondition)

   WebMvcAutoConfiguration.WebMvcAutoConfigurationAdapter#beanNameViewResolver:
      Did not match:
         - @ConditionalOnMissingBean (types: org.springframework.web.servlet.view.BeanNameViewResolver; SearchStrategy: all) found beans of type 'org.springframework.web.servlet.view.BeanNameViewResolver' beanNameViewResolver (OnBeanCondition)

   WebServiceTemplateAutoConfiguration:
      Did not match:
         - @ConditionalOnClass did not find required class 'org.springframework.oxm.Marshaller' (OnClassCondition)

   WebServicesAutoConfiguration:
      Did not match:
         - @ConditionalOnClass did not find required class 'org.springframework.ws.transport.http.MessageDispatcherServlet' (OnClassCondition)

   WebSessionIdResolverAutoConfiguration:
      Did not match:
         - @ConditionalOnClass did not find required class 'reactor.core.publisher.Mono' (OnClassCondition)

   WebSocketReactiveAutoConfiguration:
      Did not match:
         - @ConditionalOnWebApplication did not find reactive web application classes (OnWebApplicationCondition)

   WebSocketServletAutoConfiguration.JettyWebSocketConfiguration:
      Did not match:
         - @ConditionalOnClass did not find required class 'org.eclipse.jetty.ee10.websocket.jakarta.server.config.JakartaWebSocketServletContainerInitializer' (OnClassCondition)

   WebSocketServletAutoConfiguration.UndertowWebSocketConfiguration:
      Did not match:
         - @ConditionalOnClass did not find required class 'io.undertow.websockets.jsr.Bootstrap' (OnClassCondition)

   XADataSourceAutoConfiguration:
      Did not match:
         - @ConditionalOnBean (types: org.springframework.boot.jdbc.XADataSourceWrapper; SearchStrategy: all) did not find any beans of type org.springframework.boot.jdbc.XADataSourceWrapper (OnBeanCondition)
      Matched:
         - @ConditionalOnClass found required classes 'javax.sql.DataSource', 'jakarta.transaction.TransactionManager', 'org.springframework.jdbc.datasource.embedded.EmbeddedDatabaseType' (OnClassCondition)


Exclusions:
-----------

    None


Unconditional classes:
----------------------

    org.springframework.boot.autoconfigure.context.ConfigurationPropertiesAutoConfiguration

    org.springframework.boot.autoconfigure.ssl.SslAutoConfiguration

    org.springframework.boot.autoconfigure.context.LifecycleAutoConfiguration

    org.springframework.boot.autoconfigure.context.PropertyPlaceholderAutoConfiguration

    org.springframework.boot.autoconfigure.availability.ApplicationAvailabilityAutoConfiguration

    org.springframework.boot.autoconfigure.info.ProjectInfoAutoConfiguration



2026-09-14T00:21:54.692+07:00  INFO 15036 --- [tea-attendance-api] [           main] com.trasua.TeaAttendanceApplication      : Started TeaAttendanceApplication in 35.259 seconds (process running for 37.253)
2026-09-14T00:21:54.698+07:00 DEBUG 15036 --- [tea-attendance-api] [           main] o.s.b.a.ApplicationAvailabilityBean      : Application availability state LivenessState changed to CORRECT
2026-09-14T00:21:55.250+07:00 DEBUG 15036 --- [tea-attendance-api] [           main] org.hibernate.SQL                        : 
    select
        count(*) 
    from
        members m1_0
2026-09-14T00:21:55.419+07:00 DEBUG 15036 --- [tea-attendance-api] [           main] o.s.b.a.ApplicationAvailabilityBean      : Application availability state ReadinessState changed to ACCEPTING_TRAFFIC
2026-09-14T00:21:58.128+07:00  INFO 15036 --- [tea-attendance-api] [nio-8080-exec-1] o.a.c.c.C.[Tomcat].[localhost].[/]       : Initializing Spring DispatcherServlet 'dispatcherServlet'
2026-09-14T00:21:58.129+07:00  INFO 15036 --- [tea-attendance-api] [nio-8080-exec-1] o.s.web.servlet.DispatcherServlet        : Initializing Servlet 'dispatcherServlet'
2026-09-14T00:21:58.131+07:00 DEBUG 15036 --- [tea-attendance-api] [nio-8080-exec-1] o.s.web.servlet.DispatcherServlet        : Detected StandardServletMultipartResolver
2026-09-14T00:21:58.132+07:00 DEBUG 15036 --- [tea-attendance-api] [nio-8080-exec-1] o.s.web.servlet.DispatcherServlet        : Detected AcceptHeaderLocaleResolver
2026-09-14T00:21:58.135+07:00 DEBUG 15036 --- [tea-attendance-api] [nio-8080-exec-1] o.s.web.servlet.DispatcherServlet        : Detected FixedThemeResolver
2026-09-14T00:21:58.139+07:00 DEBUG 15036 --- [tea-attendance-api] [nio-8080-exec-1] o.s.web.servlet.DispatcherServlet        : Detected org.springframework.web.servlet.view.DefaultRequestToViewNameTranslator@32c29f7b
2026-09-14T00:21:58.142+07:00 DEBUG 15036 --- [tea-attendance-api] [nio-8080-exec-1] o.s.web.servlet.DispatcherServlet        : Detected org.springframework.web.servlet.support.SessionFlashMapManager@1c0697c9
2026-09-14T00:21:58.143+07:00 DEBUG 15036 --- [tea-attendance-api] [nio-8080-exec-1] o.s.web.servlet.DispatcherServlet        : enableLoggingRequestDetails='false': request parameters and headers will be masked to prevent unsafe logging of potentially sensitive data
2026-09-14T00:21:58.144+07:00  INFO 15036 --- [tea-attendance-api] [nio-8080-exec-1] o.s.web.servlet.DispatcherServlet        : Completed initialization in 14 ms
2026-09-14T00:21:58.186+07:00 DEBUG 15036 --- [tea-attendance-api] [nio-8080-exec-1] o.s.web.servlet.DispatcherServlet        : GET "/api/drinks", parameters={}
2026-09-14T00:21:58.247+07:00 DEBUG 15036 --- [tea-attendance-api] [nio-8080-exec-1] s.w.s.m.m.a.RequestMappingHandlerMapping : Mapped to com.trasua.api.DrinkCatalogController#list(boolean)
2026-09-14T00:21:58.436+07:00 DEBUG 15036 --- [tea-attendance-api] [nio-8080-exec-1] org.hibernate.SQL                        : 
    select
        dci1_0.id,
        dci1_0.active,
        dci1_0.created_at,
        dci1_0.icon,
        dci1_0.name,
        dci1_0.price,
        dci1_0.updated_at 
    from
        drink_catalog dci1_0 
    where
        dci1_0.active 
    order by
        dci1_0.name
2026-09-14T00:21:58.621+07:00 DEBUG 15036 --- [tea-attendance-api] [nio-8080-exec-1] m.m.a.RequestResponseBodyMethodProcessor : Using 'application/json', given [*/*] and supported [application/json, application/*+json]
2026-09-14T00:21:58.654+07:00 DEBUG 15036 --- [tea-attendance-api] [nio-8080-exec-1] m.m.a.RequestResponseBodyMethodProcessor : Writing [[DrinkCatalogResponse[id=5, name=Bac xiu, price=22000, icon=?, active=true], DrinkCatalogResponse[i (truncated)...]
2026-09-14T00:21:58.716+07:00 DEBUG 15036 --- [tea-attendance-api] [nio-8080-exec-1] o.s.web.servlet.DispatcherServlet        : Completed 200 OK
2026-09-14T00:22:00.082+07:00 DEBUG 15036 --- [tea-attendance-api] [MessageBroker-1] org.hibernate.SQL                        : 
    select
        wns1_0.id,
        wns1_0.creditor_body,
        wns1_0.creditor_title,
        wns1_0.debtor_body,
        wns1_0.debtor_title,
        wns1_0.send_day,
        wns1_0.send_time,
        wns1_0.updated_at 
    from
        weekly_notification_settings wns1_0 
    where
        wns1_0.id=?
2026-09-14T00:22:16.003+07:00 DEBUG 15036 --- [tea-attendance-api] [nio-8080-exec-6] o.s.web.servlet.DispatcherServlet        : POST "/api/auth/login", parameters={}
2026-09-14T00:22:16.005+07:00 DEBUG 15036 --- [tea-attendance-api] [nio-8080-exec-6] s.w.s.m.m.a.RequestMappingHandlerMapping : Mapped to com.trasua.api.AuthController#login(Login)
2026-09-14T00:22:16.079+07:00 DEBUG 15036 --- [tea-attendance-api] [nio-8080-exec-6] m.m.a.RequestResponseBodyMethodProcessor : Read "application/json;charset=UTF-8" to [Login[email=anh64004@gmail.com, password=123456789]]
2026-09-14T00:22:16.411+07:00 DEBUG 15036 --- [tea-attendance-api] [nio-8080-exec-6] org.hibernate.SQL                        : 
    select
        m1_0.id,
        m1_0.account_name,
        m1_0.account_number,
        m1_0.active,
        m1_0.avatar_url,
        m1_0.bank_bin,
        m1_0.bank_name,
        m1_0.created_at,
        m1_0.display_name,
        m1_0.email,
        m1_0.password_hash,
        m1_0.qr_code_url,
        m1_0.reset_code_expires_at,
        m1_0.reset_code_hash,
        m1_0.role,
        m1_0.updated_at 
    from
        members m1_0 
    where
        upper(m1_0.email)=upper(?)
2026-09-14T00:22:16.881+07:00 DEBUG 15036 --- [tea-attendance-api] [nio-8080-exec-6] org.hibernate.SQL                        : 
    insert 
    into
        auth_sessions
        (created_at, expires_at, member_id, token_hash) 
    values
        (?, ?, ?, ?)
2026-09-14T00:22:17.314+07:00 DEBUG 15036 --- [tea-attendance-api] [nio-8080-exec-6] m.m.a.RequestResponseBodyMethodProcessor : Using 'application/json', given [*/*] and supported [application/json, application/*+json]
2026-09-14T00:22:17.352+07:00 DEBUG 15036 --- [tea-attendance-api] [nio-8080-exec-6] m.m.a.RequestResponseBodyMethodProcessor : Writing [AuthResponse[token=9DNvG2_rCDNnwYexgHVnyX2Xx5jkwruMFNqjqjMyN1U, member=MemberResponse[id=6, displayN (truncated)...]
2026-09-14T00:22:17.355+07:00 DEBUG 15036 --- [tea-attendance-api] [nio-8080-exec-6] o.s.web.servlet.DispatcherServlet        : Completed 200 OK
2026-09-14T00:22:17.629+07:00 DEBUG 15036 --- [tea-attendance-api] [nio-8080-exec-3] o.s.web.servlet.DispatcherServlet        : GET "/api/admin/weekly-notification-settings", parameters={}
2026-09-14T00:22:17.630+07:00 DEBUG 15036 --- [tea-attendance-api] [nio-8080-exec-3] s.w.s.m.m.a.RequestMappingHandlerMapping : Mapped to com.trasua.api.WeeklyNotificationSettingsController#get(String)
2026-09-14T00:22:17.665+07:00 DEBUG 15036 --- [tea-attendance-api] [nio-8080-exec-3] org.hibernate.SQL                        : 
    select
        as1_0.id,
        as1_0.created_at,
        as1_0.expires_at,
        as1_0.member_id,
        as1_0.token_hash 
    from
        auth_sessions as1_0 
    where
        as1_0.token_hash=?
2026-09-14T00:22:17.691+07:00 DEBUG 15036 --- [tea-attendance-api] [nio-8080-exec-3] org.hibernate.SQL                        : 
    select
        m1_0.id,
        m1_0.account_name,
        m1_0.account_number,
        m1_0.active,
        m1_0.avatar_url,
        m1_0.bank_bin,
        m1_0.bank_name,
        m1_0.created_at,
        m1_0.display_name,
        m1_0.email,
        m1_0.password_hash,
        m1_0.qr_code_url,
        m1_0.reset_code_expires_at,
        m1_0.reset_code_hash,
        m1_0.role,
        m1_0.updated_at 
    from
        members m1_0 
    where
        m1_0.id=?
2026-09-14T00:22:17.721+07:00 DEBUG 15036 --- [tea-attendance-api] [nio-8080-exec-3] org.hibernate.SQL                        : 
    select
        wns1_0.id,
        wns1_0.creditor_body,
        wns1_0.creditor_title,
        wns1_0.debtor_body,
        wns1_0.debtor_title,
        wns1_0.send_day,
        wns1_0.send_time,
        wns1_0.updated_at 
    from
        weekly_notification_settings wns1_0 
    where
        wns1_0.id=?
2026-09-14T00:22:17.744+07:00 DEBUG 15036 --- [tea-attendance-api] [nio-8080-exec-3] m.m.a.RequestResponseBodyMethodProcessor : Using 'application/json', given [*/*] and supported [application/json, application/*+json]
2026-09-14T00:22:17.754+07:00 DEBUG 15036 --- [tea-attendance-api] [nio-8080-exec-3] m.m.a.RequestResponseBodyMethodProcessor : Writing [WeeklyNotificationSettingsResponse[sendDay=6, sendTime=15:00, debtorTitle=Den luot thanh toan tra da (truncated)...]
2026-09-14T00:22:17.757+07:00 DEBUG 15036 --- [tea-attendance-api] [nio-8080-exec-3] o.s.web.servlet.DispatcherServlet        : Completed 200 OK
2026-09-14T00:22:17.764+07:00 DEBUG 15036 --- [tea-attendance-api] [nio-8080-exec-4] o.s.web.servlet.DispatcherServlet        : GET "/api/chat/messages", parameters={}
2026-09-14T00:22:17.766+07:00 DEBUG 15036 --- [tea-attendance-api] [nio-8080-exec-4] s.w.s.m.m.a.RequestMappingHandlerMapping : Mapped to com.trasua.api.ChatController#list(Instant, int)
2026-09-14T00:22:17.822+07:00 DEBUG 15036 --- [tea-attendance-api] [nio-8080-exec-4] org.hibernate.SQL                        : 
    select
        distinct cm1_0.id,
        cm1_0.content,
        cm1_0.created_at,
        cm1_0.deleted_at,
        rt1_0.id,
        rt1_0.content,
        rt1_0.created_at,
        rt1_0.deleted_at,
        rt1_0.reply_to_message_id,
        rt1_0.sender_member_id,
        s2_0.id,
        s2_0.account_name,
        s2_0.account_number,
        s2_0.active,
        s2_0.avatar_url,
        s2_0.bank_bin,
        s2_0.bank_name,
        s2_0.created_at,
        s2_0.display_name,
        s2_0.email,
        s2_0.password_hash,
        s2_0.qr_code_url,
        s2_0.reset_code_expires_at,
        s2_0.reset_code_hash,
        s2_0.role,
        s2_0.updated_at,
        cm1_0.sender_member_id,
        s1_0.id,
        s1_0.account_name,
        s1_0.account_number,
        s1_0.active,
        s1_0.avatar_url,
        s1_0.bank_bin,
        s1_0.bank_name,
        s1_0.created_at,
        s1_0.display_name,
        s1_0.email,
        s1_0.password_hash,
        s1_0.qr_code_url,
        s1_0.reset_code_expires_at,
        s1_0.reset_code_hash,
        s1_0.role,
        s1_0.updated_at 
    from
        chat_messages cm1_0 
    join
        members s1_0 
            on s1_0.id=cm1_0.sender_member_id 
    left join
        chat_messages rt1_0 
            on rt1_0.id=cm1_0.reply_to_message_id 
    left join
        members s2_0 
            on s2_0.id=rt1_0.sender_member_id 
    order by
        cm1_0.created_at desc 
    limit
        ?
2026-09-14T00:22:17.897+07:00 DEBUG 15036 --- [tea-attendance-api] [nio-8080-exec-4] org.hibernate.SQL                        : 
    select
        a1_0.message_id,
        a1_0.id,
        a1_0.byte_size,
        a1_0.content_type,
        a1_0.created_at,
        a1_0.original_filename,
        a1_0.storage_key 
    from
        chat_attachments a1_0 
    where
        a1_0.message_id=? 
    order by
        a1_0.id
2026-09-14T00:22:17.916+07:00 DEBUG 15036 --- [tea-attendance-api] [nio-8080-exec-4] org.hibernate.SQL                        : 
    select
        a1_0.message_id,
        a1_0.id,
        a1_0.byte_size,
        a1_0.content_type,
        a1_0.created_at,
        a1_0.original_filename,
        a1_0.storage_key 
    from
        chat_attachments a1_0 
    where
        a1_0.message_id=? 
    order by
        a1_0.id
2026-09-14T00:22:17.927+07:00 DEBUG 15036 --- [tea-attendance-api] [nio-8080-exec-4] org.hibernate.SQL                        : 
    select
        a1_0.message_id,
        a1_0.id,
        a1_0.byte_size,
        a1_0.content_type,
        a1_0.created_at,
        a1_0.original_filename,
        a1_0.storage_key 
    from
        chat_attachments a1_0 
    where
        a1_0.message_id=? 
    order by
        a1_0.id
2026-09-14T00:22:17.933+07:00 DEBUG 15036 --- [tea-attendance-api] [nio-8080-exec-4] org.hibernate.SQL                        : 
    select
        a1_0.message_id,
        a1_0.id,
        a1_0.byte_size,
        a1_0.content_type,
        a1_0.created_at,
        a1_0.original_filename,
        a1_0.storage_key 
    from
        chat_attachments a1_0 
    where
        a1_0.message_id=? 
    order by
        a1_0.id
2026-09-14T00:22:17.941+07:00 DEBUG 15036 --- [tea-attendance-api] [nio-8080-exec-4] org.hibernate.SQL                        : 
    select
        a1_0.message_id,
        a1_0.id,
        a1_0.byte_size,
        a1_0.content_type,
        a1_0.created_at,
        a1_0.original_filename,
        a1_0.storage_key 
    from
        chat_attachments a1_0 
    where
        a1_0.message_id=? 
    order by
        a1_0.id
2026-09-14T00:22:17.951+07:00 DEBUG 15036 --- [tea-attendance-api] [nio-8080-exec-4] org.hibernate.SQL                        : 
    select
        a1_0.message_id,
        a1_0.id,
        a1_0.byte_size,
        a1_0.content_type,
        a1_0.created_at,
        a1_0.original_filename,
        a1_0.storage_key 
    from
        chat_attachments a1_0 
    where
        a1_0.message_id=? 
    order by
        a1_0.id
2026-09-14T00:22:17.979+07:00 DEBUG 15036 --- [tea-attendance-api] [nio-8080-exec-4] m.m.a.RequestResponseBodyMethodProcessor : Using 'application/json', given [*/*] and supported [application/json, application/*+json]
2026-09-14T00:22:17.990+07:00 DEBUG 15036 --- [tea-attendance-api] [nio-8080-exec-4] m.m.a.RequestResponseBodyMethodProcessor : Writing [[ChatMessageResponse[id=2, sender=MemberBriefResponse[id=1, displayName=Minh Anh, avatarUrl=null], c (truncated)...]
2026-09-14T00:22:18.016+07:00 DEBUG 15036 --- [tea-attendance-api] [nio-8080-exec-4] o.s.web.servlet.DispatcherServlet        : Completed 200 OK
2026-09-14T00:22:54.433+07:00  INFO 15036 --- [tea-attendance-api] [MessageBroker-2] o.s.w.s.c.WebSocketMessageBrokerStats    : WebSocketSession[0 current WS(0)-HttpStream(0)-HttpPoll(0), 0 total, 0 closed abnormally (0 connect failure, 0 send limit, 0 transport error)], stompSubProtocol[processed CONNECT(0)-CONNECTED(0)-DISCONNECT(0)], stompBrokerRelay[null], inboundChannel[pool size = 0, active threads = 0, queued tasks = 0, completed tasks = 0], outboundChannel[pool size = 0, active threads = 0, queued tasks = 0, completed tasks = 0], sockJsScheduler[pool size = 3, active threads = 1, queued tasks = 1, completed tasks = 1]
2026-09-14T00:23:00.012+07:00 DEBUG 15036 --- [tea-attendance-api] [MessageBroker-1] org.hibernate.SQL                        : 
    select
        wns1_0.id,
        wns1_0.creditor_body,
        wns1_0.creditor_title,
        wns1_0.debtor_body,
        wns1_0.debtor_title,
        wns1_0.send_day,
        wns1_0.send_time,
        wns1_0.updated_at 
    from
        weekly_notification_settings wns1_0 
    where
        wns1_0.id=?
2026-09-14T00:24:00.056+07:00 DEBUG 15036 --- [tea-attendance-api] [MessageBroker-1] org.hibernate.SQL                        : 
    select
        wns1_0.id,
        wns1_0.creditor_body,
        wns1_0.creditor_title,
        wns1_0.debtor_body,
        wns1_0.debtor_title,
        wns1_0.send_day,
        wns1_0.send_time,
        wns1_0.updated_at 
    from
        weekly_notification_settings wns1_0 
    where
        wns1_0.id=?
2026-09-14T00:24:33.040+07:00 DEBUG 15036 --- [tea-attendance-api] [nio-8080-exec-9] o.s.web.servlet.DispatcherServlet        : POST "/api/auth/login", parameters={}
2026-09-14T00:24:33.041+07:00 DEBUG 15036 --- [tea-attendance-api] [nio-8080-exec-9] s.w.s.m.m.a.RequestMappingHandlerMapping : Mapped to com.trasua.api.AuthController#login(Login)
2026-09-14T00:24:33.046+07:00 DEBUG 15036 --- [tea-attendance-api] [nio-8080-exec-9] m.m.a.RequestResponseBodyMethodProcessor : Read "application/json;charset=UTF-8" to [Login[email=anh64004@gmail.com, password=123456789]]
2026-09-14T00:24:33.069+07:00 DEBUG 15036 --- [tea-attendance-api] [nio-8080-exec-9] org.hibernate.SQL                        : 
    select
        m1_0.id,
        m1_0.account_name,
        m1_0.account_number,
        m1_0.active,
        m1_0.avatar_url,
        m1_0.bank_bin,
        m1_0.bank_name,
        m1_0.created_at,
        m1_0.display_name,
        m1_0.email,
        m1_0.password_hash,
        m1_0.qr_code_url,
        m1_0.reset_code_expires_at,
        m1_0.reset_code_hash,
        m1_0.role,
        m1_0.updated_at 
    from
        members m1_0 
    where
        upper(m1_0.email)=upper(?)
2026-09-14T00:24:33.218+07:00 DEBUG 15036 --- [tea-attendance-api] [nio-8080-exec-9] org.hibernate.SQL                        : 
    insert 
    into
        auth_sessions
        (created_at, expires_at, member_id, token_hash) 
    values
        (?, ?, ?, ?)
2026-09-14T00:24:33.242+07:00 DEBUG 15036 --- [tea-attendance-api] [nio-8080-exec-9] m.m.a.RequestResponseBodyMethodProcessor : Using 'application/json', given [*/*] and supported [application/json, application/*+json]
2026-09-14T00:24:33.243+07:00 DEBUG 15036 --- [tea-attendance-api] [nio-8080-exec-9] m.m.a.RequestResponseBodyMethodProcessor : Writing [AuthResponse[token=LL7syAwKdQlmdok2KaZCe05tq-QLnY8vWXNH0XDQvMo, member=MemberResponse[id=6, displayN (truncated)...]
2026-09-14T00:24:33.246+07:00 DEBUG 15036 --- [tea-attendance-api] [nio-8080-exec-9] o.s.web.servlet.DispatcherServlet        : Completed 200 OK
2026-09-14T00:24:33.502+07:00 DEBUG 15036 --- [tea-attendance-api] [nio-8080-exec-8] o.s.web.servlet.DispatcherServlet        : GET "/api/admin/weekly-notification-settings", parameters={}
2026-09-14T00:24:33.503+07:00 DEBUG 15036 --- [tea-attendance-api] [nio-8080-exec-8] s.w.s.m.m.a.RequestMappingHandlerMapping : Mapped to com.trasua.api.WeeklyNotificationSettingsController#get(String)
2026-09-14T00:24:33.517+07:00 DEBUG 15036 --- [tea-attendance-api] [nio-8080-exec-8] org.hibernate.SQL                        : 
    select
        as1_0.id,
        as1_0.created_at,
        as1_0.expires_at,
        as1_0.member_id,
        as1_0.token_hash 
    from
        auth_sessions as1_0 
    where
        as1_0.token_hash=?
2026-09-14T00:24:33.523+07:00 DEBUG 15036 --- [tea-attendance-api] [nio-8080-exec-8] org.hibernate.SQL                        : 
    select
        m1_0.id,
        m1_0.account_name,
        m1_0.account_number,
        m1_0.active,
        m1_0.avatar_url,
        m1_0.bank_bin,
        m1_0.bank_name,
        m1_0.created_at,
        m1_0.display_name,
        m1_0.email,
        m1_0.password_hash,
        m1_0.qr_code_url,
        m1_0.reset_code_expires_at,
        m1_0.reset_code_hash,
        m1_0.role,
        m1_0.updated_at 
    from
        members m1_0 
    where
        m1_0.id=?
2026-09-14T00:24:33.540+07:00 DEBUG 15036 --- [tea-attendance-api] [nio-8080-exec-8] org.hibernate.SQL                        : 
    select
        wns1_0.id,
        wns1_0.creditor_body,
        wns1_0.creditor_title,
        wns1_0.debtor_body,
        wns1_0.debtor_title,
        wns1_0.send_day,
        wns1_0.send_time,
        wns1_0.updated_at 
    from
        weekly_notification_settings wns1_0 
    where
        wns1_0.id=?
2026-09-14T00:24:33.552+07:00 DEBUG 15036 --- [tea-attendance-api] [nio-8080-exec-8] m.m.a.RequestResponseBodyMethodProcessor : Using 'application/json', given [*/*] and supported [application/json, application/*+json]
2026-09-14T00:24:33.553+07:00 DEBUG 15036 --- [tea-attendance-api] [nio-8080-exec-8] m.m.a.RequestResponseBodyMethodProcessor : Writing [WeeklyNotificationSettingsResponse[sendDay=6, sendTime=15:00, debtorTitle=Den luot thanh toan tra da (truncated)...]
2026-09-14T00:24:33.555+07:00 DEBUG 15036 --- [tea-attendance-api] [nio-8080-exec-8] o.s.web.servlet.DispatcherServlet        : Completed 200 OK
2026-09-14T00:24:33.584+07:00 DEBUG 15036 --- [tea-attendance-api] [io-8080-exec-10] o.s.web.servlet.DispatcherServlet        : PUT "/api/admin/weekly-notification-settings", parameters={}
2026-09-14T00:24:33.585+07:00 DEBUG 15036 --- [tea-attendance-api] [io-8080-exec-10] s.w.s.m.m.a.RequestMappingHandlerMapping : Mapped to com.trasua.api.WeeklyNotificationSettingsController#update(String, WeeklyNotificationSettingsRequest)
2026-09-14T00:24:33.606+07:00 DEBUG 15036 --- [tea-attendance-api] [io-8080-exec-10] m.m.a.RequestResponseBodyMethodProcessor : Read "application/json;charset=UTF-8" to [WeeklyNotificationSettingsRequest[sendDay=6, sendTime=15:00, debtorTitle=Den luot thanh toan tra da, (truncated)...]
2026-09-14T00:24:33.646+07:00 DEBUG 15036 --- [tea-attendance-api] [io-8080-exec-10] org.hibernate.SQL                        : 
    select
        as1_0.id,
        as1_0.created_at,
        as1_0.expires_at,
        as1_0.member_id,
        as1_0.token_hash 
    from
        auth_sessions as1_0 
    where
        as1_0.token_hash=?
2026-09-14T00:24:33.650+07:00 DEBUG 15036 --- [tea-attendance-api] [io-8080-exec-10] org.hibernate.SQL                        : 
    select
        m1_0.id,
        m1_0.account_name,
        m1_0.account_number,
        m1_0.active,
        m1_0.avatar_url,
        m1_0.bank_bin,
        m1_0.bank_name,
        m1_0.created_at,
        m1_0.display_name,
        m1_0.email,
        m1_0.password_hash,
        m1_0.qr_code_url,
        m1_0.reset_code_expires_at,
        m1_0.reset_code_hash,
        m1_0.role,
        m1_0.updated_at 
    from
        members m1_0 
    where
        m1_0.id=?
2026-09-14T00:24:33.665+07:00 DEBUG 15036 --- [tea-attendance-api] [io-8080-exec-10] org.hibernate.SQL                        : 
    select
        wns1_0.id,
        wns1_0.creditor_body,
        wns1_0.creditor_title,
        wns1_0.debtor_body,
        wns1_0.debtor_title,
        wns1_0.send_day,
        wns1_0.send_time,
        wns1_0.updated_at 
    from
        weekly_notification_settings wns1_0 
    where
        wns1_0.id=?
2026-09-14T00:24:33.682+07:00 DEBUG 15036 --- [tea-attendance-api] [io-8080-exec-10] m.m.a.RequestResponseBodyMethodProcessor : Using 'application/json', given [*/*] and supported [application/json, application/*+json]
2026-09-14T00:24:33.683+07:00 DEBUG 15036 --- [tea-attendance-api] [io-8080-exec-10] m.m.a.RequestResponseBodyMethodProcessor : Writing [WeeklyNotificationSettingsResponse[sendDay=6, sendTime=15:00, debtorTitle=Den luot thanh toan tra da (truncated)...]
2026-09-14T00:24:33.684+07:00 DEBUG 15036 --- [tea-attendance-api] [io-8080-exec-10] o.s.web.servlet.DispatcherServlet        : Completed 200 OK
2026-09-14T00:24:33.832+07:00 DEBUG 15036 --- [tea-attendance-api] [nio-8080-exec-5] o.s.web.servlet.DispatcherServlet        : GET "/api/drinks", parameters={}
2026-09-14T00:24:33.833+07:00 DEBUG 15036 --- [tea-attendance-api] [nio-8080-exec-5] s.w.s.m.m.a.RequestMappingHandlerMapping : Mapped to com.trasua.api.DrinkCatalogController#list(boolean)
2026-09-14T00:24:33.843+07:00 DEBUG 15036 --- [tea-attendance-api] [nio-8080-exec-5] org.hibernate.SQL                        : 
    select
        dci1_0.id,
        dci1_0.active,
        dci1_0.created_at,
        dci1_0.icon,
        dci1_0.name,
        dci1_0.price,
        dci1_0.updated_at 
    from
        drink_catalog dci1_0 
    where
        dci1_0.active 
    order by
        dci1_0.name
2026-09-14T00:24:33.857+07:00 DEBUG 15036 --- [tea-attendance-api] [nio-8080-exec-5] m.m.a.RequestResponseBodyMethodProcessor : Using 'application/json', given [*/*] and supported [application/json, application/*+json]
2026-09-14T00:24:33.857+07:00 DEBUG 15036 --- [tea-attendance-api] [nio-8080-exec-5] m.m.a.RequestResponseBodyMethodProcessor : Writing [[DrinkCatalogResponse[id=5, name=Bac xiu, price=22000, icon=?, active=true], DrinkCatalogResponse[i (truncated)...]
2026-09-14T00:24:33.859+07:00 DEBUG 15036 --- [tea-attendance-api] [nio-8080-exec-5] o.s.web.servlet.DispatcherServlet        : Completed 200 OK
2026-09-14T00:25:00.024+07:00 DEBUG 15036 --- [tea-attendance-api] [MessageBroker-3] org.hibernate.SQL                        : 
    select
        wns1_0.id,
        wns1_0.creditor_body,
        wns1_0.creditor_title,
        wns1_0.debtor_body,
        wns1_0.debtor_title,
        wns1_0.send_day,
        wns1_0.send_time,
        wns1_0.updated_at 
    from
        weekly_notification_settings wns1_0 
    where
        wns1_0.id=?
2026-09-14T00:25:56.408+07:00 DEBUG 15036 --- [tea-attendance-api] [nio-8080-exec-9] o.s.web.servlet.DispatcherServlet        : GET "/api/chat/messages", parameters={}
2026-09-14T00:25:56.409+07:00 DEBUG 15036 --- [tea-attendance-api] [nio-8080-exec-6] o.s.web.servlet.DispatcherServlet        : GET "/api/members?includeInactive=true", parameters={masked}
2026-09-14T00:25:56.409+07:00 DEBUG 15036 --- [tea-attendance-api] [nio-8080-exec-7] o.s.web.servlet.DispatcherServlet        : GET "/api/expenses/range?from=2026-09-14&to=2026-09-20", parameters={masked}
2026-09-14T00:25:56.409+07:00 DEBUG 15036 --- [tea-attendance-api] [nio-8080-exec-3] o.s.web.servlet.DispatcherServlet        : GET "/api/drinks?includeInactive=true", parameters={masked}
2026-09-14T00:25:56.409+07:00 DEBUG 15036 --- [tea-attendance-api] [nio-8080-exec-4] o.s.web.servlet.DispatcherServlet        : GET "/api/notifications?memberId=6", parameters={masked}
2026-09-14T00:25:56.410+07:00 DEBUG 15036 --- [tea-attendance-api] [nio-8080-exec-9] s.w.s.m.m.a.RequestMappingHandlerMapping : Mapped to com.trasua.api.ChatController#list(Instant, int)
2026-09-14T00:25:56.411+07:00 DEBUG 15036 --- [tea-attendance-api] [nio-8080-exec-6] s.w.s.m.m.a.RequestMappingHandlerMapping : Mapped to com.trasua.api.MemberController#list(boolean)
2026-09-14T00:25:56.414+07:00 DEBUG 15036 --- [tea-attendance-api] [nio-8080-exec-7] s.w.s.m.m.a.RequestMappingHandlerMapping : Mapped to com.trasua.api.ExpenseController#range(LocalDate, LocalDate)
2026-09-14T00:25:56.416+07:00 DEBUG 15036 --- [tea-attendance-api] [nio-8080-exec-3] s.w.s.m.m.a.RequestMappingHandlerMapping : Mapped to com.trasua.api.DrinkCatalogController#list(boolean)
2026-09-14T00:25:56.418+07:00 DEBUG 15036 --- [tea-attendance-api] [nio-8080-exec-4] s.w.s.m.m.a.RequestMappingHandlerMapping : Mapped to com.trasua.api.NotificationController#list(Long)
2026-09-14T00:25:56.551+07:00 DEBUG 15036 --- [tea-attendance-api] [nio-8080-exec-9] org.hibernate.SQL                        : 
    select
        distinct cm1_0.id,
        cm1_0.content,
        cm1_0.created_at,
        cm1_0.deleted_at,
        rt1_0.id,
        rt1_0.content,
        rt1_0.created_at,
        rt1_0.deleted_at,
        rt1_0.reply_to_message_id,
        rt1_0.sender_member_id,
        s2_0.id,
        s2_0.account_name,
        s2_0.account_number,
        s2_0.active,
        s2_0.avatar_url,
        s2_0.bank_bin,
        s2_0.bank_name,
        s2_0.created_at,
        s2_0.display_name,
        s2_0.email,
        s2_0.password_hash,
        s2_0.qr_code_url,
        s2_0.reset_code_expires_at,
        s2_0.reset_code_hash,
        s2_0.role,
        s2_0.updated_at,
        cm1_0.sender_member_id,
        s1_0.id,
        s1_0.account_name,
        s1_0.account_number,
        s1_0.active,
        s1_0.avatar_url,
        s1_0.bank_bin,
        s1_0.bank_name,
        s1_0.created_at,
        s1_0.display_name,
        s1_0.email,
        s1_0.password_hash,
        s1_0.qr_code_url,
        s1_0.reset_code_expires_at,
        s1_0.reset_code_hash,
        s1_0.role,
        s1_0.updated_at 
    from
        chat_messages cm1_0 
    join
        members s1_0 
            on s1_0.id=cm1_0.sender_member_id 
    left join
        chat_messages rt1_0 
            on rt1_0.id=cm1_0.reply_to_message_id 
    left join
        members s2_0 
            on s2_0.id=rt1_0.sender_member_id 
    order by
        cm1_0.created_at desc 
    limit
        ?
2026-09-14T00:25:56.556+07:00 DEBUG 15036 --- [tea-attendance-api] [nio-8080-exec-3] org.hibernate.SQL                        : 
    select
        dci1_0.id,
        dci1_0.active,
        dci1_0.created_at,
        dci1_0.icon,
        dci1_0.name,
        dci1_0.price,
        dci1_0.updated_at 
    from
        drink_catalog dci1_0
2026-09-14T00:25:56.558+07:00 DEBUG 15036 --- [tea-attendance-api] [nio-8080-exec-6] org.hibernate.SQL                        : 
    select
        m1_0.id,
        m1_0.account_name,
        m1_0.account_number,
        m1_0.active,
        m1_0.avatar_url,
        m1_0.bank_bin,
        m1_0.bank_name,
        m1_0.created_at,
        m1_0.display_name,
        m1_0.email,
        m1_0.password_hash,
        m1_0.qr_code_url,
        m1_0.reset_code_expires_at,
        m1_0.reset_code_hash,
        m1_0.role,
        m1_0.updated_at 
    from
        members m1_0
2026-09-14T00:25:56.567+07:00 DEBUG 15036 --- [tea-attendance-api] [nio-8080-exec-4] org.hibernate.SQL                        : 
    select
        n1_0.id,
        n1_0.body,
        n1_0.created_at,
        n1_0.read_at,
        n1_0.recipient_member_id,
        r1_0.id,
        r1_0.account_name,
        r1_0.account_number,
        r1_0.active,
        r1_0.avatar_url,
        r1_0.bank_bin,
        r1_0.bank_name,
        r1_0.created_at,
        r1_0.display_name,
        r1_0.email,
        r1_0.password_hash,
        r1_0.qr_code_url,
        r1_0.reset_code_expires_at,
        r1_0.reset_code_hash,
        r1_0.role,
        r1_0.updated_at,
        n1_0.settlement_id,
        n1_0.title,
        n1_0.transfer_id,
        n1_0.type 
    from
        notifications n1_0 
    join
        members r1_0 
            on r1_0.id=n1_0.recipient_member_id 
    where
        r1_0.id=? 
    order by
        n1_0.created_at desc
2026-09-14T00:25:56.604+07:00 DEBUG 15036 --- [tea-attendance-api] [nio-8080-exec-7] org.hibernate.SQL                        : 
    select
        distinct do1_0.id,
        do1_0.created_at,
        i1_0.order_id,
        i1_0.id,
        i1_0.consumer_member_id,
        c1_0.id,
        c1_0.account_name,
        c1_0.account_number,
        c1_0.active,
        c1_0.avatar_url,
        c1_0.bank_bin,
        c1_0.bank_name,
        c1_0.created_at,
        c1_0.display_name,
        c1_0.email,
        c1_0.password_hash,
        c1_0.qr_code_url,
        c1_0.reset_code_expires_at,
        c1_0.reset_code_hash,
        c1_0.role,
        c1_0.updated_at,
        i1_0.drink_name,
        i1_0.line_total,
        i1_0.quantity,
        i1_0.unit_price,
        do1_0.note,
        do1_0.order_date,
        do1_0.payer_member_id,
        p1_0.id,
        p1_0.account_name,
        p1_0.account_number,
        p1_0.active,
        p1_0.avatar_url,
        p1_0.bank_bin,
        p1_0.bank_name,
        p1_0.created_at,
        p1_0.display_name,
        p1_0.email,
        p1_0.password_hash,
        p1_0.qr_code_url,
        p1_0.reset_code_expires_at,
        p1_0.reset_code_hash,
        p1_0.role,
        p1_0.updated_at,
        do1_0.total_amount,
        do1_0.updated_at 
    from
        drink_orders do1_0 
    join
        members p1_0 
            on p1_0.id=do1_0.payer_member_id 
    left join
        order_items i1_0 
            on do1_0.id=i1_0.order_id 
    left join
        members c1_0 
            on c1_0.id=i1_0.consumer_member_id 
    where
        do1_0.order_date between ? and ? 
    order by
        do1_0.order_date,
        do1_0.id
2026-09-14T00:25:56.643+07:00 DEBUG 15036 --- [tea-attendance-api] [nio-8080-exec-9] org.hibernate.SQL                        : 
    select
        a1_0.message_id,
        a1_0.id,
        a1_0.byte_size,
        a1_0.content_type,
        a1_0.created_at,
        a1_0.original_filename,
        a1_0.storage_key 
    from
        chat_attachments a1_0 
    where
        a1_0.message_id=? 
    order by
        a1_0.id
2026-09-14T00:25:56.729+07:00 DEBUG 15036 --- [tea-attendance-api] [nio-8080-exec-9] org.hibernate.SQL                        : 
    select
        a1_0.message_id,
        a1_0.id,
        a1_0.byte_size,
        a1_0.content_type,
        a1_0.created_at,
        a1_0.original_filename,
        a1_0.storage_key 
    from
        chat_attachments a1_0 
    where
        a1_0.message_id=? 
    order by
        a1_0.id
2026-09-14T00:25:56.759+07:00 DEBUG 15036 --- [tea-attendance-api] [nio-8080-exec-3] m.m.a.RequestResponseBodyMethodProcessor : Using 'application/json', given [*/*] and supported [application/json, application/*+json]
2026-09-14T00:25:56.759+07:00 DEBUG 15036 --- [tea-attendance-api] [nio-8080-exec-9] org.hibernate.SQL                        : 
    select
        a1_0.message_id,
        a1_0.id,
        a1_0.byte_size,
        a1_0.content_type,
        a1_0.created_at,
        a1_0.original_filename,
        a1_0.storage_key 
    from
        chat_attachments a1_0 
    where
        a1_0.message_id=? 
    order by
        a1_0.id
2026-09-14T00:25:56.761+07:00 DEBUG 15036 --- [tea-attendance-api] [nio-8080-exec-3] m.m.a.RequestResponseBodyMethodProcessor : Writing [[DrinkCatalogResponse[id=1, name=Tra da, price=5000, icon=?, active=true], DrinkCatalogResponse[id= (truncated)...]
2026-09-14T00:25:56.764+07:00 DEBUG 15036 --- [tea-attendance-api] [nio-8080-exec-3] o.s.web.servlet.DispatcherServlet        : Completed 200 OK
2026-09-14T00:25:56.843+07:00 DEBUG 15036 --- [tea-attendance-api] [nio-8080-exec-9] org.hibernate.SQL                        : 
    select
        a1_0.message_id,
        a1_0.id,
        a1_0.byte_size,
        a1_0.content_type,
        a1_0.created_at,
        a1_0.original_filename,
        a1_0.storage_key 
    from
        chat_attachments a1_0 
    where
        a1_0.message_id=? 
    order by
        a1_0.id
2026-09-14T00:25:56.905+07:00 DEBUG 15036 --- [tea-attendance-api] [nio-8080-exec-8] o.s.web.servlet.DispatcherServlet        : GET "/api/drinks?includeInactive=true", parameters={masked}
2026-09-14T00:25:56.906+07:00 DEBUG 15036 --- [tea-attendance-api] [nio-8080-exec-8] s.w.s.m.m.a.RequestMappingHandlerMapping : Mapped to com.trasua.api.DrinkCatalogController#list(boolean)
2026-09-14T00:25:56.906+07:00 DEBUG 15036 --- [tea-attendance-api] [nio-8080-exec-9] org.hibernate.SQL                        : 
    select
        a1_0.message_id,
        a1_0.id,
        a1_0.byte_size,
        a1_0.content_type,
        a1_0.created_at,
        a1_0.original_filename,
        a1_0.storage_key 
    from
        chat_attachments a1_0 
    where
        a1_0.message_id=? 
    order by
        a1_0.id
2026-09-14T00:25:56.923+07:00 DEBUG 15036 --- [tea-attendance-api] [nio-8080-exec-9] org.hibernate.SQL                        : 
    select
        a1_0.message_id,
        a1_0.id,
        a1_0.byte_size,
        a1_0.content_type,
        a1_0.created_at,
        a1_0.original_filename,
        a1_0.storage_key 
    from
        chat_attachments a1_0 
    where
        a1_0.message_id=? 
    order by
        a1_0.id
2026-09-14T00:25:56.924+07:00 DEBUG 15036 --- [tea-attendance-api] [nio-8080-exec-6] m.m.a.RequestResponseBodyMethodProcessor : Using 'application/json', given [*/*] and supported [application/json, application/*+json]
2026-09-14T00:25:56.927+07:00 DEBUG 15036 --- [tea-attendance-api] [nio-8080-exec-6] m.m.a.RequestResponseBodyMethodProcessor : Writing [[MemberResponse[id=1, displayName=Minh Anh, email=minh.anh@example.test, bankName=MB Bank, bankBin=9 (truncated)...]
2026-09-14T00:25:56.932+07:00 DEBUG 15036 --- [tea-attendance-api] [nio-8080-exec-6] o.s.web.servlet.DispatcherServlet        : Completed 200 OK
2026-09-14T00:25:56.953+07:00 DEBUG 15036 --- [tea-attendance-api] [nio-8080-exec-8] org.hibernate.SQL                        : 
    select
        dci1_0.id,
        dci1_0.active,
        dci1_0.created_at,
        dci1_0.icon,
        dci1_0.name,
        dci1_0.price,
        dci1_0.updated_at 
    from
        drink_catalog dci1_0
2026-09-14T00:25:56.960+07:00 DEBUG 15036 --- [tea-attendance-api] [nio-8080-exec-4] m.m.a.RequestResponseBodyMethodProcessor : Using 'application/json', given [*/*] and supported [application/json, application/*+json]
2026-09-14T00:25:56.961+07:00 DEBUG 15036 --- [tea-attendance-api] [nio-8080-exec-4] m.m.a.RequestResponseBodyMethodProcessor : Writing [[]]
2026-09-14T00:25:56.974+07:00 DEBUG 15036 --- [tea-attendance-api] [nio-8080-exec-4] o.s.web.servlet.DispatcherServlet        : Completed 200 OK
2026-09-14T00:25:56.975+07:00 DEBUG 15036 --- [tea-attendance-api] [io-8080-exec-10] o.s.web.servlet.DispatcherServlet        : GET "/api/members?includeInactive=true", parameters={masked}
2026-09-14T00:25:56.977+07:00 DEBUG 15036 --- [tea-attendance-api] [io-8080-exec-10] s.w.s.m.m.a.RequestMappingHandlerMapping : Mapped to com.trasua.api.MemberController#list(boolean)
2026-09-14T00:25:56.981+07:00 DEBUG 15036 --- [tea-attendance-api] [nio-8080-exec-5] o.s.web.servlet.DispatcherServlet        : GET "/api/notifications?memberId=6", parameters={masked}
2026-09-14T00:25:56.983+07:00 DEBUG 15036 --- [tea-attendance-api] [nio-8080-exec-5] s.w.s.m.m.a.RequestMappingHandlerMapping : Mapped to com.trasua.api.NotificationController#list(Long)
2026-09-14T00:25:57.064+07:00 DEBUG 15036 --- [tea-attendance-api] [nio-8080-exec-9] m.m.a.RequestResponseBodyMethodProcessor : Using 'application/json', given [*/*] and supported [application/json, application/*+json]
2026-09-14T00:25:57.065+07:00 DEBUG 15036 --- [tea-attendance-api] [nio-8080-exec-5] org.hibernate.SQL                        : 
    select
        n1_0.id,
        n1_0.body,
        n1_0.created_at,
        n1_0.read_at,
        n1_0.recipient_member_id,
        r1_0.id,
        r1_0.account_name,
        r1_0.account_number,
        r1_0.active,
        r1_0.avatar_url,
        r1_0.bank_bin,
        r1_0.bank_name,
        r1_0.created_at,
        r1_0.display_name,
        r1_0.email,
        r1_0.password_hash,
        r1_0.qr_code_url,
        r1_0.reset_code_expires_at,
        r1_0.reset_code_hash,
        r1_0.role,
        r1_0.updated_at,
        n1_0.settlement_id,
        n1_0.title,
        n1_0.transfer_id,
        n1_0.type 
    from
        notifications n1_0 
    join
        members r1_0 
            on r1_0.id=n1_0.recipient_member_id 
    where
        r1_0.id=? 
    order by
        n1_0.created_at desc
2026-09-14T00:25:57.066+07:00 DEBUG 15036 --- [tea-attendance-api] [nio-8080-exec-9] m.m.a.RequestResponseBodyMethodProcessor : Writing [[ChatMessageResponse[id=2, sender=MemberBriefResponse[id=1, displayName=Minh Anh, avatarUrl=null], c (truncated)...]
2026-09-14T00:25:57.067+07:00 DEBUG 15036 --- [tea-attendance-api] [io-8080-exec-10] org.hibernate.SQL                        : 
    select
        m1_0.id,
        m1_0.account_name,
        m1_0.account_number,
        m1_0.active,
        m1_0.avatar_url,
        m1_0.bank_bin,
        m1_0.bank_name,
        m1_0.created_at,
        m1_0.display_name,
        m1_0.email,
        m1_0.password_hash,
        m1_0.qr_code_url,
        m1_0.reset_code_expires_at,
        m1_0.reset_code_hash,
        m1_0.role,
        m1_0.updated_at 
    from
        members m1_0
2026-09-14T00:25:57.072+07:00 DEBUG 15036 --- [tea-attendance-api] [nio-8080-exec-9] o.s.web.servlet.DispatcherServlet        : Completed 200 OK
2026-09-14T00:25:57.079+07:00 DEBUG 15036 --- [tea-attendance-api] [nio-8080-exec-8] m.m.a.RequestResponseBodyMethodProcessor : Using 'application/json', given [*/*] and supported [application/json, application/*+json]
2026-09-14T00:25:57.080+07:00 DEBUG 15036 --- [tea-attendance-api] [nio-8080-exec-8] m.m.a.RequestResponseBodyMethodProcessor : Writing [[DrinkCatalogResponse[id=1, name=Tra da, price=5000, icon=?, active=true], DrinkCatalogResponse[id= (truncated)...]
2026-09-14T00:25:57.085+07:00 DEBUG 15036 --- [tea-attendance-api] [nio-8080-exec-8] o.s.web.servlet.DispatcherServlet        : Completed 200 OK
2026-09-14T00:25:57.111+07:00 DEBUG 15036 --- [tea-attendance-api] [nio-8080-exec-5] m.m.a.RequestResponseBodyMethodProcessor : Using 'application/json', given [*/*] and supported [application/json, application/*+json]
2026-09-14T00:25:57.111+07:00 DEBUG 15036 --- [tea-attendance-api] [io-8080-exec-10] m.m.a.RequestResponseBodyMethodProcessor : Using 'application/json', given [*/*] and supported [application/json, application/*+json]
2026-09-14T00:25:57.112+07:00 DEBUG 15036 --- [tea-attendance-api] [nio-8080-exec-5] m.m.a.RequestResponseBodyMethodProcessor : Writing [[]]
2026-09-14T00:25:57.114+07:00 DEBUG 15036 --- [tea-attendance-api] [io-8080-exec-10] m.m.a.RequestResponseBodyMethodProcessor : Writing [[MemberResponse[id=1, displayName=Minh Anh, email=minh.anh@example.test, bankName=MB Bank, bankBin=9 (truncated)...]
2026-09-14T00:25:57.115+07:00 DEBUG 15036 --- [tea-attendance-api] [nio-8080-exec-5] o.s.web.servlet.DispatcherServlet        : Completed 200 OK
2026-09-14T00:25:57.117+07:00 DEBUG 15036 --- [tea-attendance-api] [nio-8080-exec-1] o.s.web.servlet.DispatcherServlet        : GET "/api/chat/messages", parameters={}
2026-09-14T00:25:57.118+07:00 DEBUG 15036 --- [tea-attendance-api] [io-8080-exec-10] o.s.web.servlet.DispatcherServlet        : Completed 200 OK
2026-09-14T00:25:57.119+07:00 DEBUG 15036 --- [tea-attendance-api] [nio-8080-exec-1] s.w.s.m.m.a.RequestMappingHandlerMapping : Mapped to com.trasua.api.ChatController#list(Instant, int)
2026-09-14T00:25:57.131+07:00 DEBUG 15036 --- [tea-attendance-api] [nio-8080-exec-1] org.hibernate.SQL                        : 
    select
        distinct cm1_0.id,
        cm1_0.content,
        cm1_0.created_at,
        cm1_0.deleted_at,
        rt1_0.id,
        rt1_0.content,
        rt1_0.created_at,
        rt1_0.deleted_at,
        rt1_0.reply_to_message_id,
        rt1_0.sender_member_id,
        s2_0.id,
        s2_0.account_name,
        s2_0.account_number,
        s2_0.active,
        s2_0.avatar_url,
        s2_0.bank_bin,
        s2_0.bank_name,
        s2_0.created_at,
        s2_0.display_name,
        s2_0.email,
        s2_0.password_hash,
        s2_0.qr_code_url,
        s2_0.reset_code_expires_at,
        s2_0.reset_code_hash,
        s2_0.role,
        s2_0.updated_at,
        cm1_0.sender_member_id,
        s1_0.id,
        s1_0.account_name,
        s1_0.account_number,
        s1_0.active,
        s1_0.avatar_url,
        s1_0.bank_bin,
        s1_0.bank_name,
        s1_0.created_at,
        s1_0.display_name,
        s1_0.email,
        s1_0.password_hash,
        s1_0.qr_code_url,
        s1_0.reset_code_expires_at,
        s1_0.reset_code_hash,
        s1_0.role,
        s1_0.updated_at 
    from
        chat_messages cm1_0 
    join
        members s1_0 
            on s1_0.id=cm1_0.sender_member_id 
    left join
        chat_messages rt1_0 
            on rt1_0.id=cm1_0.reply_to_message_id 
    left join
        members s2_0 
            on s2_0.id=rt1_0.sender_member_id 
    order by
        cm1_0.created_at desc 
    limit
        ?
2026-09-14T00:25:57.145+07:00 DEBUG 15036 --- [tea-attendance-api] [nio-8080-exec-1] org.hibernate.SQL                        : 
    select
        a1_0.message_id,
        a1_0.id,
        a1_0.byte_size,
        a1_0.content_type,
        a1_0.created_at,
        a1_0.original_filename,
        a1_0.storage_key 
    from
        chat_attachments a1_0 
    where
        a1_0.message_id=? 
    order by
        a1_0.id
2026-09-14T00:25:57.152+07:00 DEBUG 15036 --- [tea-attendance-api] [nio-8080-exec-1] org.hibernate.SQL                        : 
    select
        a1_0.message_id,
        a1_0.id,
        a1_0.byte_size,
        a1_0.content_type,
        a1_0.created_at,
        a1_0.original_filename,
        a1_0.storage_key 
    from
        chat_attachments a1_0 
    where
        a1_0.message_id=? 
    order by
        a1_0.id
2026-09-14T00:25:57.159+07:00 DEBUG 15036 --- [tea-attendance-api] [nio-8080-exec-1] org.hibernate.SQL                        : 
    select
        a1_0.message_id,
        a1_0.id,
        a1_0.byte_size,
        a1_0.content_type,
        a1_0.created_at,
        a1_0.original_filename,
        a1_0.storage_key 
    from
        chat_attachments a1_0 
    where
        a1_0.message_id=? 
    order by
        a1_0.id
2026-09-14T00:25:57.174+07:00 DEBUG 15036 --- [tea-attendance-api] [nio-8080-exec-1] org.hibernate.SQL                        : 
    select
        a1_0.message_id,
        a1_0.id,
        a1_0.byte_size,
        a1_0.content_type,
        a1_0.created_at,
        a1_0.original_filename,
        a1_0.storage_key 
    from
        chat_attachments a1_0 
    where
        a1_0.message_id=? 
    order by
        a1_0.id
2026-09-14T00:25:57.180+07:00 DEBUG 15036 --- [tea-attendance-api] [nio-8080-exec-1] org.hibernate.SQL                        : 
    select
        a1_0.message_id,
        a1_0.id,
        a1_0.byte_size,
        a1_0.content_type,
        a1_0.created_at,
        a1_0.original_filename,
        a1_0.storage_key 
    from
        chat_attachments a1_0 
    where
        a1_0.message_id=? 
    order by
        a1_0.id
2026-09-14T00:25:57.189+07:00 DEBUG 15036 --- [tea-attendance-api] [nio-8080-exec-1] org.hibernate.SQL                        : 
    select
        a1_0.message_id,
        a1_0.id,
        a1_0.byte_size,
        a1_0.content_type,
        a1_0.created_at,
        a1_0.original_filename,
        a1_0.storage_key 
    from
        chat_attachments a1_0 
    where
        a1_0.message_id=? 
    order by
        a1_0.id
2026-09-14T00:25:57.257+07:00 DEBUG 15036 --- [tea-attendance-api] [nio-8080-exec-1] m.m.a.RequestResponseBodyMethodProcessor : Using 'application/json', given [*/*] and supported [application/json, application/*+json]
2026-09-14T00:25:57.258+07:00 DEBUG 15036 --- [tea-attendance-api] [nio-8080-exec-1] m.m.a.RequestResponseBodyMethodProcessor : Writing [[ChatMessageResponse[id=2, sender=MemberBriefResponse[id=1, displayName=Minh Anh, avatarUrl=null], c (truncated)...]
2026-09-14T00:25:57.265+07:00 DEBUG 15036 --- [tea-attendance-api] [nio-8080-exec-1] o.s.web.servlet.DispatcherServlet        : Completed 200 OK
2026-09-14T00:25:57.316+07:00 DEBUG 15036 --- [tea-attendance-api] [nio-8080-exec-7] m.m.a.RequestResponseBodyMethodProcessor : Using 'application/json', given [*/*] and supported [application/json, application/*+json]
2026-09-14T00:25:57.318+07:00 DEBUG 15036 --- [tea-attendance-api] [nio-8080-exec-7] m.m.a.RequestResponseBodyMethodProcessor : Writing [[]]
2026-09-14T00:25:57.325+07:00 DEBUG 15036 --- [tea-attendance-api] [nio-8080-exec-7] o.s.web.servlet.DispatcherServlet        : Completed 200 OK
2026-09-14T00:25:57.342+07:00 DEBUG 15036 --- [tea-attendance-api] [nio-8080-exec-2] o.s.web.servlet.DispatcherServlet        : GET "/api/expenses/range?from=2026-09-14&to=2026-09-20", parameters={masked}
2026-09-14T00:25:57.345+07:00 DEBUG 15036 --- [tea-attendance-api] [nio-8080-exec-2] s.w.s.m.m.a.RequestMappingHandlerMapping : Mapped to com.trasua.api.ExpenseController#range(LocalDate, LocalDate)
2026-09-14T00:25:57.354+07:00 DEBUG 15036 --- [tea-attendance-api] [nio-8080-exec-2] org.hibernate.SQL                        : 
    select
        distinct do1_0.id,
        do1_0.created_at,
        i1_0.order_id,
        i1_0.id,
        i1_0.consumer_member_id,
        c1_0.id,
        c1_0.account_name,
        c1_0.account_number,
        c1_0.active,
        c1_0.avatar_url,
        c1_0.bank_bin,
        c1_0.bank_name,
        c1_0.created_at,
        c1_0.display_name,
        c1_0.email,
        c1_0.password_hash,
        c1_0.qr_code_url,
        c1_0.reset_code_expires_at,
        c1_0.reset_code_hash,
        c1_0.role,
        c1_0.updated_at,
        i1_0.drink_name,
        i1_0.line_total,
        i1_0.quantity,
        i1_0.unit_price,
        do1_0.note,
        do1_0.order_date,
        do1_0.payer_member_id,
        p1_0.id,
        p1_0.account_name,
        p1_0.account_number,
        p1_0.active,
        p1_0.avatar_url,
        p1_0.bank_bin,
        p1_0.bank_name,
        p1_0.created_at,
        p1_0.display_name,
        p1_0.email,
        p1_0.password_hash,
        p1_0.qr_code_url,
        p1_0.reset_code_expires_at,
        p1_0.reset_code_hash,
        p1_0.role,
        p1_0.updated_at,
        do1_0.total_amount,
        do1_0.updated_at 
    from
        drink_orders do1_0 
    join
        members p1_0 
            on p1_0.id=do1_0.payer_member_id 
    left join
        order_items i1_0 
            on do1_0.id=i1_0.order_id 
    left join
        members c1_0 
            on c1_0.id=i1_0.consumer_member_id 
    where
        do1_0.order_date between ? and ? 
    order by
        do1_0.order_date,
        do1_0.id
2026-09-14T00:25:57.370+07:00 DEBUG 15036 --- [tea-attendance-api] [nio-8080-exec-2] m.m.a.RequestResponseBodyMethodProcessor : Using 'application/json', given [*/*] and supported [application/json, application/*+json]
2026-09-14T00:25:57.372+07:00 DEBUG 15036 --- [tea-attendance-api] [nio-8080-exec-2] m.m.a.RequestResponseBodyMethodProcessor : Writing [[]]
2026-09-14T00:25:57.373+07:00 DEBUG 15036 --- [tea-attendance-api] [nio-8080-exec-2] o.s.web.servlet.DispatcherServlet        : Completed 200 OK
2026-09-14T00:26:00.012+07:00 DEBUG 15036 --- [tea-attendance-api] [MessageBroker-5] org.hibernate.SQL                        : 
    select
        wns1_0.id,
        wns1_0.creditor_body,
        wns1_0.creditor_title,
        wns1_0.debtor_body,
        wns1_0.debtor_title,
        wns1_0.send_day,
        wns1_0.send_time,
        wns1_0.updated_at 
    from
        weekly_notification_settings wns1_0 
    where
        wns1_0.id=?
2026-09-14T00:26:25.636+07:00 DEBUG 15036 --- [tea-attendance-api] [nio-8080-exec-3] o.s.web.servlet.DispatcherServlet        : OPTIONS "/api/admin/weekly-notification-settings", parameters={}
2026-09-14T00:26:25.636+07:00 DEBUG 15036 --- [tea-attendance-api] [nio-8080-exec-6] o.s.web.servlet.DispatcherServlet        : OPTIONS "/api/admin/weekly-notification-settings", parameters={}
2026-09-14T00:26:25.638+07:00 DEBUG 15036 --- [tea-attendance-api] [nio-8080-exec-3] s.w.s.m.m.a.RequestMappingHandlerMapping : Mapped to com.trasua.api.WeeklyNotificationSettingsController#get(String)
2026-09-14T00:26:25.638+07:00 DEBUG 15036 --- [tea-attendance-api] [nio-8080-exec-6] s.w.s.m.m.a.RequestMappingHandlerMapping : Mapped to com.trasua.api.WeeklyNotificationSettingsController#get(String)
2026-09-14T00:26:25.646+07:00 DEBUG 15036 --- [tea-attendance-api] [nio-8080-exec-6] o.s.web.servlet.DispatcherServlet        : Completed 200 OK
2026-09-14T00:26:25.646+07:00 DEBUG 15036 --- [tea-attendance-api] [nio-8080-exec-3] o.s.web.servlet.DispatcherServlet        : Completed 200 OK
2026-09-14T00:26:25.663+07:00 DEBUG 15036 --- [tea-attendance-api] [nio-8080-exec-4] o.s.web.servlet.DispatcherServlet        : GET "/api/admin/weekly-notification-settings", parameters={}
2026-09-14T00:26:25.665+07:00 DEBUG 15036 --- [tea-attendance-api] [nio-8080-exec-4] s.w.s.m.m.a.RequestMappingHandlerMapping : Mapped to com.trasua.api.WeeklyNotificationSettingsController#get(String)
2026-09-14T00:26:25.686+07:00 DEBUG 15036 --- [tea-attendance-api] [nio-8080-exec-4] org.hibernate.SQL                        : 
    select
        as1_0.id,
        as1_0.created_at,
        as1_0.expires_at,
        as1_0.member_id,
        as1_0.token_hash 
    from
        auth_sessions as1_0 
    where
        as1_0.token_hash=?
2026-09-14T00:26:25.695+07:00 DEBUG 15036 --- [tea-attendance-api] [nio-8080-exec-4] org.hibernate.SQL                        : 
    select
        m1_0.id,
        m1_0.account_name,
        m1_0.account_number,
        m1_0.active,
        m1_0.avatar_url,
        m1_0.bank_bin,
        m1_0.bank_name,
        m1_0.created_at,
        m1_0.display_name,
        m1_0.email,
        m1_0.password_hash,
        m1_0.qr_code_url,
        m1_0.reset_code_expires_at,
        m1_0.reset_code_hash,
        m1_0.role,
        m1_0.updated_at 
    from
        members m1_0 
    where
        m1_0.id=?
2026-09-14T00:26:25.728+07:00 DEBUG 15036 --- [tea-attendance-api] [nio-8080-exec-4] org.hibernate.SQL                        : 
    select
        wns1_0.id,
        wns1_0.creditor_body,
        wns1_0.creditor_title,
        wns1_0.debtor_body,
        wns1_0.debtor_title,
        wns1_0.send_day,
        wns1_0.send_time,
        wns1_0.updated_at 
    from
        weekly_notification_settings wns1_0 
    where
        wns1_0.id=?
2026-09-14T00:26:25.759+07:00 DEBUG 15036 --- [tea-attendance-api] [nio-8080-exec-4] m.m.a.RequestResponseBodyMethodProcessor : Using 'application/json', given [*/*] and supported [application/json, application/*+json]
2026-09-14T00:26:25.760+07:00 DEBUG 15036 --- [tea-attendance-api] [nio-8080-exec-4] m.m.a.RequestResponseBodyMethodProcessor : Writing [WeeklyNotificationSettingsResponse[sendDay=6, sendTime=15:00, debtorTitle=Den luot thanh toan tra da (truncated)...]
2026-09-14T00:26:25.762+07:00 DEBUG 15036 --- [tea-attendance-api] [nio-8080-exec-4] o.s.web.servlet.DispatcherServlet        : Completed 200 OK
2026-09-14T00:26:25.767+07:00 DEBUG 15036 --- [tea-attendance-api] [nio-8080-exec-9] o.s.web.servlet.DispatcherServlet        : GET "/api/admin/weekly-notification-settings", parameters={}
2026-09-14T00:26:25.769+07:00 DEBUG 15036 --- [tea-attendance-api] [nio-8080-exec-9] s.w.s.m.m.a.RequestMappingHandlerMapping : Mapped to com.trasua.api.WeeklyNotificationSettingsController#get(String)
2026-09-14T00:26:25.785+07:00 DEBUG 15036 --- [tea-attendance-api] [nio-8080-exec-9] org.hibernate.SQL                        : 
    select
        as1_0.id,
        as1_0.created_at,
        as1_0.expires_at,
        as1_0.member_id,
        as1_0.token_hash 
    from
        auth_sessions as1_0 
    where
        as1_0.token_hash=?
2026-09-14T00:26:25.796+07:00 DEBUG 15036 --- [tea-attendance-api] [nio-8080-exec-9] org.hibernate.SQL                        : 
    select
        m1_0.id,
        m1_0.account_name,
        m1_0.account_number,
        m1_0.active,
        m1_0.avatar_url,
        m1_0.bank_bin,
        m1_0.bank_name,
        m1_0.created_at,
        m1_0.display_name,
        m1_0.email,
        m1_0.password_hash,
        m1_0.qr_code_url,
        m1_0.reset_code_expires_at,
        m1_0.reset_code_hash,
        m1_0.role,
        m1_0.updated_at 
    from
        members m1_0 
    where
        m1_0.id=?
2026-09-14T00:26:25.852+07:00 DEBUG 15036 --- [tea-attendance-api] [nio-8080-exec-9] org.hibernate.SQL                        : 
    select
        wns1_0.id,
        wns1_0.creditor_body,
        wns1_0.creditor_title,
        wns1_0.debtor_body,
        wns1_0.debtor_title,
        wns1_0.send_day,
        wns1_0.send_time,
        wns1_0.updated_at 
    from
        weekly_notification_settings wns1_0 
    where
        wns1_0.id=?
2026-09-14T00:26:25.882+07:00 DEBUG 15036 --- [tea-attendance-api] [nio-8080-exec-9] m.m.a.RequestResponseBodyMethodProcessor : Using 'application/json', given [*/*] and supported [application/json, application/*+json]
2026-09-14T00:26:25.883+07:00 DEBUG 15036 --- [tea-attendance-api] [nio-8080-exec-9] m.m.a.RequestResponseBodyMethodProcessor : Writing [WeeklyNotificationSettingsResponse[sendDay=6, sendTime=15:00, debtorTitle=Den luot thanh toan tra da (truncated)...]
2026-09-14T00:26:25.886+07:00 DEBUG 15036 --- [tea-attendance-api] [nio-8080-exec-9] o.s.web.servlet.DispatcherServlet        : Completed 200 OK
2026-09-14T00:26:58.391+07:00 DEBUG 15036 --- [tea-attendance-api] [nio-8080-exec-1] o.s.web.servlet.DispatcherServlet        : GET "/api/members?includeInactive=true", parameters={masked}
2026-09-14T00:26:58.391+07:00 DEBUG 15036 --- [tea-attendance-api] [nio-8080-exec-7] o.s.web.servlet.DispatcherServlet        : GET "/api/drinks?includeInactive=true", parameters={masked}
2026-09-14T00:26:58.392+07:00 DEBUG 15036 --- [tea-attendance-api] [nio-8080-exec-2] o.s.web.servlet.DispatcherServlet        : GET "/api/expenses/range?from=2026-09-14&to=2026-09-20", parameters={masked}
2026-09-14T00:26:58.392+07:00 DEBUG 15036 --- [tea-attendance-api] [nio-8080-exec-1] s.w.s.m.m.a.RequestMappingHandlerMapping : Mapped to com.trasua.api.MemberController#list(boolean)
2026-09-14T00:26:58.393+07:00 DEBUG 15036 --- [tea-attendance-api] [nio-8080-exec-2] s.w.s.m.m.a.RequestMappingHandlerMapping : Mapped to com.trasua.api.ExpenseController#range(LocalDate, LocalDate)
2026-09-14T00:26:58.393+07:00 DEBUG 15036 --- [tea-attendance-api] [nio-8080-exec-3] o.s.web.servlet.DispatcherServlet        : GET "/api/notifications?memberId=6", parameters={masked}
2026-09-14T00:26:58.394+07:00 DEBUG 15036 --- [tea-attendance-api] [nio-8080-exec-3] s.w.s.m.m.a.RequestMappingHandlerMapping : Mapped to com.trasua.api.NotificationController#list(Long)
2026-09-14T00:26:58.392+07:00 DEBUG 15036 --- [tea-attendance-api] [nio-8080-exec-7] s.w.s.m.m.a.RequestMappingHandlerMapping : Mapped to com.trasua.api.DrinkCatalogController#list(boolean)
2026-09-14T00:26:58.393+07:00 DEBUG 15036 --- [tea-attendance-api] [nio-8080-exec-6] o.s.web.servlet.DispatcherServlet        : GET "/api/chat/messages", parameters={}
2026-09-14T00:26:58.397+07:00 DEBUG 15036 --- [tea-attendance-api] [nio-8080-exec-6] s.w.s.m.m.a.RequestMappingHandlerMapping : Mapped to com.trasua.api.ChatController#list(Instant, int)
2026-09-14T00:26:58.405+07:00 DEBUG 15036 --- [tea-attendance-api] [nio-8080-exec-2] org.hibernate.SQL                        : 
    select
        distinct do1_0.id,
        do1_0.created_at,
        i1_0.order_id,
        i1_0.id,
        i1_0.consumer_member_id,
        c1_0.id,
        c1_0.account_name,
        c1_0.account_number,
        c1_0.active,
        c1_0.avatar_url,
        c1_0.bank_bin,
        c1_0.bank_name,
        c1_0.created_at,
        c1_0.display_name,
        c1_0.email,
        c1_0.password_hash,
        c1_0.qr_code_url,
        c1_0.reset_code_expires_at,
        c1_0.reset_code_hash,
        c1_0.role,
        c1_0.updated_at,
        i1_0.drink_name,
        i1_0.line_total,
        i1_0.quantity,
        i1_0.unit_price,
        do1_0.note,
        do1_0.order_date,
        do1_0.payer_member_id,
        p1_0.id,
        p1_0.account_name,
        p1_0.account_number,
        p1_0.active,
        p1_0.avatar_url,
        p1_0.bank_bin,
        p1_0.bank_name,
        p1_0.created_at,
        p1_0.display_name,
        p1_0.email,
        p1_0.password_hash,
        p1_0.qr_code_url,
        p1_0.reset_code_expires_at,
        p1_0.reset_code_hash,
        p1_0.role,
        p1_0.updated_at,
        do1_0.total_amount,
        do1_0.updated_at 
    from
        drink_orders do1_0 
    join
        members p1_0 
            on p1_0.id=do1_0.payer_member_id 
    left join
        order_items i1_0 
            on do1_0.id=i1_0.order_id 
    left join
        members c1_0 
            on c1_0.id=i1_0.consumer_member_id 
    where
        do1_0.order_date between ? and ? 
    order by
        do1_0.order_date,
        do1_0.id
2026-09-14T00:26:58.406+07:00 DEBUG 15036 --- [tea-attendance-api] [nio-8080-exec-1] org.hibernate.SQL                        : 
    select
        m1_0.id,
        m1_0.account_name,
        m1_0.account_number,
        m1_0.active,
        m1_0.avatar_url,
        m1_0.bank_bin,
        m1_0.bank_name,
        m1_0.created_at,
        m1_0.display_name,
        m1_0.email,
        m1_0.password_hash,
        m1_0.qr_code_url,
        m1_0.reset_code_expires_at,
        m1_0.reset_code_hash,
        m1_0.role,
        m1_0.updated_at 
    from
        members m1_0
2026-09-14T00:26:58.406+07:00 DEBUG 15036 --- [tea-attendance-api] [nio-8080-exec-3] org.hibernate.SQL                        : 
    select
        n1_0.id,
        n1_0.body,
        n1_0.created_at,
        n1_0.read_at,
        n1_0.recipient_member_id,
        r1_0.id,
        r1_0.account_name,
        r1_0.account_number,
        r1_0.active,
        r1_0.avatar_url,
        r1_0.bank_bin,
        r1_0.bank_name,
        r1_0.created_at,
        r1_0.display_name,
        r1_0.email,
        r1_0.password_hash,
        r1_0.qr_code_url,
        r1_0.reset_code_expires_at,
        r1_0.reset_code_hash,
        r1_0.role,
        r1_0.updated_at,
        n1_0.settlement_id,
        n1_0.title,
        n1_0.transfer_id,
        n1_0.type 
    from
        notifications n1_0 
    join
        members r1_0 
            on r1_0.id=n1_0.recipient_member_id 
    where
        r1_0.id=? 
    order by
        n1_0.created_at desc
2026-09-14T00:26:58.409+07:00 DEBUG 15036 --- [tea-attendance-api] [nio-8080-exec-7] org.hibernate.SQL                        : 
    select
        dci1_0.id,
        dci1_0.active,
        dci1_0.created_at,
        dci1_0.icon,
        dci1_0.name,
        dci1_0.price,
        dci1_0.updated_at 
    from
        drink_catalog dci1_0
2026-09-14T00:26:58.411+07:00 DEBUG 15036 --- [tea-attendance-api] [nio-8080-exec-6] org.hibernate.SQL                        : 
    select
        distinct cm1_0.id,
        cm1_0.content,
        cm1_0.created_at,
        cm1_0.deleted_at,
        rt1_0.id,
        rt1_0.content,
        rt1_0.created_at,
        rt1_0.deleted_at,
        rt1_0.reply_to_message_id,
        rt1_0.sender_member_id,
        s2_0.id,
        s2_0.account_name,
        s2_0.account_number,
        s2_0.active,
        s2_0.avatar_url,
        s2_0.bank_bin,
        s2_0.bank_name,
        s2_0.created_at,
        s2_0.display_name,
        s2_0.email,
        s2_0.password_hash,
        s2_0.qr_code_url,
        s2_0.reset_code_expires_at,
        s2_0.reset_code_hash,
        s2_0.role,
        s2_0.updated_at,
        cm1_0.sender_member_id,
        s1_0.id,
        s1_0.account_name,
        s1_0.account_number,
        s1_0.active,
        s1_0.avatar_url,
        s1_0.bank_bin,
        s1_0.bank_name,
        s1_0.created_at,
        s1_0.display_name,
        s1_0.email,
        s1_0.password_hash,
        s1_0.qr_code_url,
        s1_0.reset_code_expires_at,
        s1_0.reset_code_hash,
        s1_0.role,
        s1_0.updated_at 
    from
        chat_messages cm1_0 
    join
        members s1_0 
            on s1_0.id=cm1_0.sender_member_id 
    left join
        chat_messages rt1_0 
            on rt1_0.id=cm1_0.reply_to_message_id 
    left join
        members s2_0 
            on s2_0.id=rt1_0.sender_member_id 
    order by
        cm1_0.created_at desc 
    limit
        ?
2026-09-14T00:26:58.422+07:00 DEBUG 15036 --- [tea-attendance-api] [nio-8080-exec-7] m.m.a.RequestResponseBodyMethodProcessor : Using 'application/json', given [*/*] and supported [application/json, application/*+json]
2026-09-14T00:26:58.423+07:00 DEBUG 15036 --- [tea-attendance-api] [nio-8080-exec-7] m.m.a.RequestResponseBodyMethodProcessor : Writing [[DrinkCatalogResponse[id=1, name=Tra da, price=5000, icon=?, active=true], DrinkCatalogResponse[id= (truncated)...]
2026-09-14T00:26:58.424+07:00 DEBUG 15036 --- [tea-attendance-api] [nio-8080-exec-3] m.m.a.RequestResponseBodyMethodProcessor : Using 'application/json', given [*/*] and supported [application/json, application/*+json]
2026-09-14T00:26:58.424+07:00 DEBUG 15036 --- [tea-attendance-api] [nio-8080-exec-1] m.m.a.RequestResponseBodyMethodProcessor : Using 'application/json', given [*/*] and supported [application/json, application/*+json]
2026-09-14T00:26:58.424+07:00 DEBUG 15036 --- [tea-attendance-api] [nio-8080-exec-3] m.m.a.RequestResponseBodyMethodProcessor : Writing [[]]
2026-09-14T00:26:58.425+07:00 DEBUG 15036 --- [tea-attendance-api] [nio-8080-exec-7] o.s.web.servlet.DispatcherServlet        : Completed 200 OK
2026-09-14T00:26:58.426+07:00 DEBUG 15036 --- [tea-attendance-api] [nio-8080-exec-1] m.m.a.RequestResponseBodyMethodProcessor : Writing [[MemberResponse[id=1, displayName=Minh Anh, email=minh.anh@example.test, bankName=MB Bank, bankBin=9 (truncated)...]
2026-09-14T00:26:58.426+07:00 DEBUG 15036 --- [tea-attendance-api] [nio-8080-exec-3] o.s.web.servlet.DispatcherServlet        : Completed 200 OK
2026-09-14T00:26:58.428+07:00 DEBUG 15036 --- [tea-attendance-api] [nio-8080-exec-2] m.m.a.RequestResponseBodyMethodProcessor : Using 'application/json', given [*/*] and supported [application/json, application/*+json]
2026-09-14T00:26:58.429+07:00 DEBUG 15036 --- [tea-attendance-api] [nio-8080-exec-2] m.m.a.RequestResponseBodyMethodProcessor : Writing [[]]
2026-09-14T00:26:58.429+07:00 DEBUG 15036 --- [tea-attendance-api] [nio-8080-exec-2] o.s.web.servlet.DispatcherServlet        : Completed 200 OK
2026-09-14T00:26:58.430+07:00 DEBUG 15036 --- [tea-attendance-api] [nio-8080-exec-6] org.hibernate.SQL                        : 
    select
        a1_0.message_id,
        a1_0.id,
        a1_0.byte_size,
        a1_0.content_type,
        a1_0.created_at,
        a1_0.original_filename,
        a1_0.storage_key 
    from
        chat_attachments a1_0 
    where
        a1_0.message_id=? 
    order by
        a1_0.id
2026-09-14T00:26:58.433+07:00 DEBUG 15036 --- [tea-attendance-api] [nio-8080-exec-1] o.s.web.servlet.DispatcherServlet        : Completed 200 OK
2026-09-14T00:26:58.436+07:00 DEBUG 15036 --- [tea-attendance-api] [nio-8080-exec-6] org.hibernate.SQL                        : 
    select
        a1_0.message_id,
        a1_0.id,
        a1_0.byte_size,
        a1_0.content_type,
        a1_0.created_at,
        a1_0.original_filename,
        a1_0.storage_key 
    from
        chat_attachments a1_0 
    where
        a1_0.message_id=? 
    order by
        a1_0.id
2026-09-14T00:26:58.440+07:00 DEBUG 15036 --- [tea-attendance-api] [nio-8080-exec-6] org.hibernate.SQL                        : 
    select
        a1_0.message_id,
        a1_0.id,
        a1_0.byte_size,
        a1_0.content_type,
        a1_0.created_at,
        a1_0.original_filename,
        a1_0.storage_key 
    from
        chat_attachments a1_0 
    where
        a1_0.message_id=? 
    order by
        a1_0.id
2026-09-14T00:26:58.445+07:00 DEBUG 15036 --- [tea-attendance-api] [nio-8080-exec-6] org.hibernate.SQL                        : 
    select
        a1_0.message_id,
        a1_0.id,
        a1_0.byte_size,
        a1_0.content_type,
        a1_0.created_at,
        a1_0.original_filename,
        a1_0.storage_key 
    from
        chat_attachments a1_0 
    where
        a1_0.message_id=? 
    order by
        a1_0.id
2026-09-14T00:26:58.449+07:00 DEBUG 15036 --- [tea-attendance-api] [nio-8080-exec-6] org.hibernate.SQL                        : 
    select
        a1_0.message_id,
        a1_0.id,
        a1_0.byte_size,
        a1_0.content_type,
        a1_0.created_at,
        a1_0.original_filename,
        a1_0.storage_key 
    from
        chat_attachments a1_0 
    where
        a1_0.message_id=? 
    order by
        a1_0.id
2026-09-14T00:26:58.453+07:00 DEBUG 15036 --- [tea-attendance-api] [nio-8080-exec-6] org.hibernate.SQL                        : 
    select
        a1_0.message_id,
        a1_0.id,
        a1_0.byte_size,
        a1_0.content_type,
        a1_0.created_at,
        a1_0.original_filename,
        a1_0.storage_key 
    from
        chat_attachments a1_0 
    where
        a1_0.message_id=? 
    order by
        a1_0.id
2026-09-14T00:26:58.463+07:00 DEBUG 15036 --- [tea-attendance-api] [nio-8080-exec-6] m.m.a.RequestResponseBodyMethodProcessor : Using 'application/json', given [*/*] and supported [application/json, application/*+json]
2026-09-14T00:26:58.464+07:00 DEBUG 15036 --- [tea-attendance-api] [nio-8080-exec-6] m.m.a.RequestResponseBodyMethodProcessor : Writing [[ChatMessageResponse[id=2, sender=MemberBriefResponse[id=1, displayName=Minh Anh, avatarUrl=null], c (truncated)...]
2026-09-14T00:26:58.466+07:00 DEBUG 15036 --- [tea-attendance-api] [nio-8080-exec-6] o.s.web.servlet.DispatcherServlet        : Completed 200 OK
2026-09-14T00:27:00.014+07:00 DEBUG 15036 --- [tea-attendance-api] [MessageBroker-1] org.hibernate.SQL                        : 
    select
        wns1_0.id,
        wns1_0.creditor_body,
        wns1_0.creditor_title,
        wns1_0.debtor_body,
        wns1_0.debtor_title,
        wns1_0.send_day,
        wns1_0.send_time,
        wns1_0.updated_at 
    from
        weekly_notification_settings wns1_0 
    where
        wns1_0.id=?
2026-09-14T00:27:10.900+07:00 DEBUG 15036 --- [tea-attendance-api] [io-8080-exec-10] o.s.web.servlet.DispatcherServlet        : GET "/api/chat/messages", parameters={}
2026-09-14T00:27:10.900+07:00 DEBUG 15036 --- [tea-attendance-api] [nio-8080-exec-9] o.s.web.servlet.DispatcherServlet        : GET "/api/drinks?includeInactive=true", parameters={masked}
2026-09-14T00:27:10.902+07:00 DEBUG 15036 --- [tea-attendance-api] [nio-8080-exec-9] s.w.s.m.m.a.RequestMappingHandlerMapping : Mapped to com.trasua.api.DrinkCatalogController#list(boolean)
2026-09-14T00:27:10.900+07:00 DEBUG 15036 --- [tea-attendance-api] [nio-8080-exec-4] o.s.web.servlet.DispatcherServlet        : GET "/api/members?includeInactive=true", parameters={masked}
2026-09-14T00:27:10.901+07:00 DEBUG 15036 --- [tea-attendance-api] [io-8080-exec-10] s.w.s.m.m.a.RequestMappingHandlerMapping : Mapped to com.trasua.api.ChatController#list(Instant, int)
2026-09-14T00:27:10.903+07:00 DEBUG 15036 --- [tea-attendance-api] [nio-8080-exec-5] o.s.web.servlet.DispatcherServlet        : GET "/api/notifications?memberId=6", parameters={masked}
2026-09-14T00:27:10.907+07:00 DEBUG 15036 --- [tea-attendance-api] [nio-8080-exec-8] o.s.web.servlet.DispatcherServlet        : GET "/api/expenses/range?from=2026-09-14&to=2026-09-20", parameters={masked}
2026-09-14T00:27:10.908+07:00 DEBUG 15036 --- [tea-attendance-api] [nio-8080-exec-4] s.w.s.m.m.a.RequestMappingHandlerMapping : Mapped to com.trasua.api.MemberController#list(boolean)
2026-09-14T00:27:10.915+07:00 DEBUG 15036 --- [tea-attendance-api] [nio-8080-exec-5] s.w.s.m.m.a.RequestMappingHandlerMapping : Mapped to com.trasua.api.NotificationController#list(Long)
2026-09-14T00:27:10.916+07:00 DEBUG 15036 --- [tea-attendance-api] [nio-8080-exec-8] s.w.s.m.m.a.RequestMappingHandlerMapping : Mapped to com.trasua.api.ExpenseController#range(LocalDate, LocalDate)
2026-09-14T00:27:10.937+07:00 DEBUG 15036 --- [tea-attendance-api] [nio-8080-exec-9] org.hibernate.SQL                        : 
    select
        dci1_0.id,
        dci1_0.active,
        dci1_0.created_at,
        dci1_0.icon,
        dci1_0.name,
        dci1_0.price,
        dci1_0.updated_at 
    from
        drink_catalog dci1_0
2026-09-14T00:27:10.938+07:00 DEBUG 15036 --- [tea-attendance-api] [io-8080-exec-10] org.hibernate.SQL                        : 
    select
        distinct cm1_0.id,
        cm1_0.content,
        cm1_0.created_at,
        cm1_0.deleted_at,
        rt1_0.id,
        rt1_0.content,
        rt1_0.created_at,
        rt1_0.deleted_at,
        rt1_0.reply_to_message_id,
        rt1_0.sender_member_id,
        s2_0.id,
        s2_0.account_name,
        s2_0.account_number,
        s2_0.active,
        s2_0.avatar_url,
        s2_0.bank_bin,
        s2_0.bank_name,
        s2_0.created_at,
        s2_0.display_name,
        s2_0.email,
        s2_0.password_hash,
        s2_0.qr_code_url,
        s2_0.reset_code_expires_at,
        s2_0.reset_code_hash,
        s2_0.role,
        s2_0.updated_at,
        cm1_0.sender_member_id,
        s1_0.id,
        s1_0.account_name,
        s1_0.account_number,
        s1_0.active,
        s1_0.avatar_url,
        s1_0.bank_bin,
        s1_0.bank_name,
        s1_0.created_at,
        s1_0.display_name,
        s1_0.email,
        s1_0.password_hash,
        s1_0.qr_code_url,
        s1_0.reset_code_expires_at,
        s1_0.reset_code_hash,
        s1_0.role,
        s1_0.updated_at 
    from
        chat_messages cm1_0 
    join
        members s1_0 
            on s1_0.id=cm1_0.sender_member_id 
    left join
        chat_messages rt1_0 
            on rt1_0.id=cm1_0.reply_to_message_id 
    left join
        members s2_0 
            on s2_0.id=rt1_0.sender_member_id 
    order by
        cm1_0.created_at desc 
    limit
        ?
2026-09-14T00:27:10.940+07:00 DEBUG 15036 --- [tea-attendance-api] [nio-8080-exec-5] org.hibernate.SQL                        : 
    select
        n1_0.id,
        n1_0.body,
        n1_0.created_at,
        n1_0.read_at,
        n1_0.recipient_member_id,
        r1_0.id,
        r1_0.account_name,
        r1_0.account_number,
        r1_0.active,
        r1_0.avatar_url,
        r1_0.bank_bin,
        r1_0.bank_name,
        r1_0.created_at,
        r1_0.display_name,
        r1_0.email,
        r1_0.password_hash,
        r1_0.qr_code_url,
        r1_0.reset_code_expires_at,
        r1_0.reset_code_hash,
        r1_0.role,
        r1_0.updated_at,
        n1_0.settlement_id,
        n1_0.title,
        n1_0.transfer_id,
        n1_0.type 
    from
        notifications n1_0 
    join
        members r1_0 
            on r1_0.id=n1_0.recipient_member_id 
    where
        r1_0.id=? 
    order by
        n1_0.created_at desc
2026-09-14T00:27:10.946+07:00 DEBUG 15036 --- [tea-attendance-api] [nio-8080-exec-8] org.hibernate.SQL                        : 
    select
        distinct do1_0.id,
        do1_0.created_at,
        i1_0.order_id,
        i1_0.id,
        i1_0.consumer_member_id,
        c1_0.id,
        c1_0.account_name,
        c1_0.account_number,
        c1_0.active,
        c1_0.avatar_url,
        c1_0.bank_bin,
        c1_0.bank_name,
        c1_0.created_at,
        c1_0.display_name,
        c1_0.email,
        c1_0.password_hash,
        c1_0.qr_code_url,
        c1_0.reset_code_expires_at,
        c1_0.reset_code_hash,
        c1_0.role,
        c1_0.updated_at,
        i1_0.drink_name,
        i1_0.line_total,
        i1_0.quantity,
        i1_0.unit_price,
        do1_0.note,
        do1_0.order_date,
        do1_0.payer_member_id,
        p1_0.id,
        p1_0.account_name,
        p1_0.account_number,
        p1_0.active,
        p1_0.avatar_url,
        p1_0.bank_bin,
        p1_0.bank_name,
        p1_0.created_at,
        p1_0.display_name,
        p1_0.email,
        p1_0.password_hash,
        p1_0.qr_code_url,
        p1_0.reset_code_expires_at,
        p1_0.reset_code_hash,
        p1_0.role,
        p1_0.updated_at,
        do1_0.total_amount,
        do1_0.updated_at 
    from
        drink_orders do1_0 
    join
        members p1_0 
            on p1_0.id=do1_0.payer_member_id 
    left join
        order_items i1_0 
            on do1_0.id=i1_0.order_id 
    left join
        members c1_0 
            on c1_0.id=i1_0.consumer_member_id 
    where
        do1_0.order_date between ? and ? 
    order by
        do1_0.order_date,
        do1_0.id
2026-09-14T00:27:10.948+07:00 DEBUG 15036 --- [tea-attendance-api] [nio-8080-exec-4] org.hibernate.SQL                        : 
    select
        m1_0.id,
        m1_0.account_name,
        m1_0.account_number,
        m1_0.active,
        m1_0.avatar_url,
        m1_0.bank_bin,
        m1_0.bank_name,
        m1_0.created_at,
        m1_0.display_name,
        m1_0.email,
        m1_0.password_hash,
        m1_0.qr_code_url,
        m1_0.reset_code_expires_at,
        m1_0.reset_code_hash,
        m1_0.role,
        m1_0.updated_at 
    from
        members m1_0
2026-09-14T00:27:10.963+07:00 DEBUG 15036 --- [tea-attendance-api] [io-8080-exec-10] org.hibernate.SQL                        : 
    select
        a1_0.message_id,
        a1_0.id,
        a1_0.byte_size,
        a1_0.content_type,
        a1_0.created_at,
        a1_0.original_filename,
        a1_0.storage_key 
    from
        chat_attachments a1_0 
    where
        a1_0.message_id=? 
    order by
        a1_0.id
2026-09-14T00:27:10.976+07:00 DEBUG 15036 --- [tea-attendance-api] [nio-8080-exec-5] m.m.a.RequestResponseBodyMethodProcessor : Using 'application/json', given [*/*] and supported [application/json, application/*+json]
2026-09-14T00:27:10.978+07:00 DEBUG 15036 --- [tea-attendance-api] [nio-8080-exec-5] m.m.a.RequestResponseBodyMethodProcessor : Writing [[]]
2026-09-14T00:27:10.980+07:00 DEBUG 15036 --- [tea-attendance-api] [nio-8080-exec-5] o.s.web.servlet.DispatcherServlet        : Completed 200 OK
2026-09-14T00:27:10.983+07:00 DEBUG 15036 --- [tea-attendance-api] [io-8080-exec-10] org.hibernate.SQL                        : 
    select
        a1_0.message_id,
        a1_0.id,
        a1_0.byte_size,
        a1_0.content_type,
        a1_0.created_at,
        a1_0.original_filename,
        a1_0.storage_key 
    from
        chat_attachments a1_0 
    where
        a1_0.message_id=? 
    order by
        a1_0.id
2026-09-14T00:27:10.993+07:00 DEBUG 15036 --- [tea-attendance-api] [io-8080-exec-10] org.hibernate.SQL                        : 
    select
        a1_0.message_id,
        a1_0.id,
        a1_0.byte_size,
        a1_0.content_type,
        a1_0.created_at,
        a1_0.original_filename,
        a1_0.storage_key 
    from
        chat_attachments a1_0 
    where
        a1_0.message_id=? 
    order by
        a1_0.id
2026-09-14T00:27:10.998+07:00 DEBUG 15036 --- [tea-attendance-api] [nio-8080-exec-4] m.m.a.RequestResponseBodyMethodProcessor : Using 'application/json', given [*/*] and supported [application/json, application/*+json]
2026-09-14T00:27:10.998+07:00 DEBUG 15036 --- [tea-attendance-api] [nio-8080-exec-9] m.m.a.RequestResponseBodyMethodProcessor : Using 'application/json', given [*/*] and supported [application/json, application/*+json]
2026-09-14T00:27:11.000+07:00 DEBUG 15036 --- [tea-attendance-api] [nio-8080-exec-4] m.m.a.RequestResponseBodyMethodProcessor : Writing [[MemberResponse[id=1, displayName=Minh Anh, email=minh.anh@example.test, bankName=MB Bank, bankBin=9 (truncated)...]
2026-09-14T00:27:11.000+07:00 DEBUG 15036 --- [tea-attendance-api] [nio-8080-exec-9] m.m.a.RequestResponseBodyMethodProcessor : Writing [[DrinkCatalogResponse[id=1, name=Tra da, price=5000, icon=?, active=true], DrinkCatalogResponse[id= (truncated)...]
2026-09-14T00:27:11.002+07:00 DEBUG 15036 --- [tea-attendance-api] [nio-8080-exec-9] o.s.web.servlet.DispatcherServlet        : Completed 200 OK
2026-09-14T00:27:11.004+07:00 DEBUG 15036 --- [tea-attendance-api] [nio-8080-exec-4] o.s.web.servlet.DispatcherServlet        : Completed 200 OK
2026-09-14T00:27:11.027+07:00 DEBUG 15036 --- [tea-attendance-api] [io-8080-exec-10] org.hibernate.SQL                        : 
    select
        a1_0.message_id,
        a1_0.id,
        a1_0.byte_size,
        a1_0.content_type,
        a1_0.created_at,
        a1_0.original_filename,
        a1_0.storage_key 
    from
        chat_attachments a1_0 
    where
        a1_0.message_id=? 
    order by
        a1_0.id
2026-09-14T00:27:11.028+07:00 DEBUG 15036 --- [tea-attendance-api] [nio-8080-exec-8] m.m.a.RequestResponseBodyMethodProcessor : Using 'application/json', given [*/*] and supported [application/json, application/*+json]
2026-09-14T00:27:11.029+07:00 DEBUG 15036 --- [tea-attendance-api] [nio-8080-exec-8] m.m.a.RequestResponseBodyMethodProcessor : Writing [[]]
2026-09-14T00:27:11.031+07:00 DEBUG 15036 --- [tea-attendance-api] [nio-8080-exec-8] o.s.web.servlet.DispatcherServlet        : Completed 200 OK
2026-09-14T00:27:11.046+07:00 DEBUG 15036 --- [tea-attendance-api] [io-8080-exec-10] org.hibernate.SQL                        : 
    select
        a1_0.message_id,
        a1_0.id,
        a1_0.byte_size,
        a1_0.content_type,
        a1_0.created_at,
        a1_0.original_filename,
        a1_0.storage_key 
    from
        chat_attachments a1_0 
    where
        a1_0.message_id=? 
    order by
        a1_0.id
2026-09-14T00:27:11.063+07:00 DEBUG 15036 --- [tea-attendance-api] [io-8080-exec-10] org.hibernate.SQL                        : 
    select
        a1_0.message_id,
        a1_0.id,
        a1_0.byte_size,
        a1_0.content_type,
        a1_0.created_at,
        a1_0.original_filename,
        a1_0.storage_key 
    from
        chat_attachments a1_0 
    where
        a1_0.message_id=? 
    order by
        a1_0.id
2026-09-14T00:27:11.096+07:00 DEBUG 15036 --- [tea-attendance-api] [io-8080-exec-10] m.m.a.RequestResponseBodyMethodProcessor : Using 'application/json', given [*/*] and supported [application/json, application/*+json]
2026-09-14T00:27:11.098+07:00 DEBUG 15036 --- [tea-attendance-api] [io-8080-exec-10] m.m.a.RequestResponseBodyMethodProcessor : Writing [[ChatMessageResponse[id=2, sender=MemberBriefResponse[id=1, displayName=Minh Anh, avatarUrl=null], c (truncated)...]
2026-09-14T00:27:11.101+07:00 DEBUG 15036 --- [tea-attendance-api] [io-8080-exec-10] o.s.web.servlet.DispatcherServlet        : Completed 200 OK
2026-09-14T00:27:13.955+07:00 DEBUG 15036 --- [tea-attendance-api] [nio-8080-exec-7] o.s.web.servlet.DispatcherServlet        : OPTIONS "/api/chat/messages/2", parameters={}
2026-09-14T00:27:13.958+07:00 DEBUG 15036 --- [tea-attendance-api] [nio-8080-exec-7] s.w.s.m.m.a.RequestMappingHandlerMapping : Mapped to com.trasua.api.ChatController#delete(String, Long)
2026-09-14T00:27:13.960+07:00 DEBUG 15036 --- [tea-attendance-api] [nio-8080-exec-7] o.s.web.servlet.DispatcherServlet        : Completed 200 OK
2026-09-14T00:27:13.964+07:00 DEBUG 15036 --- [tea-attendance-api] [nio-8080-exec-3] o.s.web.servlet.DispatcherServlet        : DELETE "/api/chat/messages/2", parameters={}
2026-09-14T00:27:13.966+07:00 DEBUG 15036 --- [tea-attendance-api] [nio-8080-exec-3] s.w.s.m.m.a.RequestMappingHandlerMapping : Mapped to com.trasua.api.ChatController#delete(String, Long)
2026-09-14T00:27:13.984+07:00 DEBUG 15036 --- [tea-attendance-api] [nio-8080-exec-3] org.hibernate.SQL                        : 
    select
        as1_0.id,
        as1_0.created_at,
        as1_0.expires_at,
        as1_0.member_id,
        as1_0.token_hash 
    from
        auth_sessions as1_0 
    where
        as1_0.token_hash=?
2026-09-14T00:27:13.988+07:00 DEBUG 15036 --- [tea-attendance-api] [nio-8080-exec-3] org.hibernate.SQL                        : 
    select
        m1_0.id,
        m1_0.account_name,
        m1_0.account_number,
        m1_0.active,
        m1_0.avatar_url,
        m1_0.bank_bin,
        m1_0.bank_name,
        m1_0.created_at,
        m1_0.display_name,
        m1_0.email,
        m1_0.password_hash,
        m1_0.qr_code_url,
        m1_0.reset_code_expires_at,
        m1_0.reset_code_hash,
        m1_0.role,
        m1_0.updated_at 
    from
        members m1_0 
    where
        m1_0.id=?
2026-09-14T00:27:14.009+07:00 DEBUG 15036 --- [tea-attendance-api] [nio-8080-exec-3] org.hibernate.SQL                        : 
    select
        cm1_0.id,
        cm1_0.content,
        cm1_0.created_at,
        cm1_0.deleted_at,
        cm1_0.reply_to_message_id,
        cm1_0.sender_member_id 
    from
        chat_messages cm1_0 
    where
        cm1_0.id=?
2026-09-14T00:27:14.020+07:00 DEBUG 15036 --- [tea-attendance-api] [nio-8080-exec-3] org.hibernate.SQL                        : 
    select
        a1_0.message_id,
        a1_0.id,
        a1_0.byte_size,
        a1_0.content_type,
        a1_0.created_at,
        a1_0.original_filename,
        a1_0.storage_key 
    from
        chat_attachments a1_0 
    where
        a1_0.message_id=? 
    order by
        a1_0.id
2026-09-14T00:27:14.069+07:00 DEBUG 15036 --- [tea-attendance-api] [nio-8080-exec-3] org.hibernate.SQL                        : 
    update
        chat_messages 
    set
        content=?,
        deleted_at=?,
        reply_to_message_id=?,
        sender_member_id=? 
    where
        id=?
2026-09-14T00:27:14.086+07:00 DEBUG 15036 --- [tea-attendance-api] [nio-8080-exec-3] org.hibernate.SQL                        : 
    select
        m1_0.id,
        m1_0.account_name,
        m1_0.account_number,
        m1_0.active,
        m1_0.avatar_url,
        m1_0.bank_bin,
        m1_0.bank_name,
        m1_0.created_at,
        m1_0.display_name,
        m1_0.email,
        m1_0.password_hash,
        m1_0.qr_code_url,
        m1_0.reset_code_expires_at,
        m1_0.reset_code_hash,
        m1_0.role,
        m1_0.updated_at 
    from
        members m1_0 
    where
        m1_0.id=?
2026-09-14T00:27:14.124+07:00 DEBUG 15036 --- [tea-attendance-api] [nio-8080-exec-3] org.springframework.web.SimpLogging      : Processing MESSAGE destination=/topic/chat session=null payload={"id":2,"sender":{"id":1,"displayName":"Minh Anh","avatarUrl":null},"content":""...(truncated)
2026-09-14T00:27:14.244+07:00 DEBUG 15036 --- [tea-attendance-api] [nio-8080-exec-3] m.m.a.RequestResponseBodyMethodProcessor : Using 'application/json', given [*/*] and supported [application/json, application/*+json]
2026-09-14T00:27:14.245+07:00 DEBUG 15036 --- [tea-attendance-api] [nio-8080-exec-3] m.m.a.RequestResponseBodyMethodProcessor : Writing [ChatMessageResponse[id=2, sender=MemberBriefResponse[id=1, displayName=Minh Anh, avatarUrl=null], co (truncated)...]
2026-09-14T00:27:14.247+07:00 DEBUG 15036 --- [tea-attendance-api] [nio-8080-exec-3] o.s.web.servlet.DispatcherServlet        : Completed 200 OK
2026-09-14T00:27:14.252+07:00 DEBUG 15036 --- [tea-attendance-api] [nio-8080-exec-2] o.s.web.servlet.DispatcherServlet        : GET "/api/members?includeInactive=true", parameters={masked}
2026-09-14T00:27:14.253+07:00 DEBUG 15036 --- [tea-attendance-api] [nio-8080-exec-1] o.s.web.servlet.DispatcherServlet        : GET "/api/drinks?includeInactive=true", parameters={masked}
2026-09-14T00:27:14.253+07:00 DEBUG 15036 --- [tea-attendance-api] [nio-8080-exec-6] o.s.web.servlet.DispatcherServlet        : GET "/api/expenses/range?from=2026-09-14&to=2026-09-20", parameters={masked}
2026-09-14T00:27:14.253+07:00 DEBUG 15036 --- [tea-attendance-api] [nio-8080-exec-5] o.s.web.servlet.DispatcherServlet        : GET "/api/chat/messages", parameters={}
2026-09-14T00:27:14.253+07:00 DEBUG 15036 --- [tea-attendance-api] [nio-8080-exec-2] s.w.s.m.m.a.RequestMappingHandlerMapping : Mapped to com.trasua.api.MemberController#list(boolean)
2026-09-14T00:27:14.254+07:00 DEBUG 15036 --- [tea-attendance-api] [nio-8080-exec-1] s.w.s.m.m.a.RequestMappingHandlerMapping : Mapped to com.trasua.api.DrinkCatalogController#list(boolean)
2026-09-14T00:27:14.254+07:00 DEBUG 15036 --- [tea-attendance-api] [nio-8080-exec-9] o.s.web.servlet.DispatcherServlet        : GET "/api/notifications?memberId=6", parameters={masked}
2026-09-14T00:27:14.256+07:00 DEBUG 15036 --- [tea-attendance-api] [nio-8080-exec-9] s.w.s.m.m.a.RequestMappingHandlerMapping : Mapped to com.trasua.api.NotificationController#list(Long)
2026-09-14T00:27:14.254+07:00 DEBUG 15036 --- [tea-attendance-api] [nio-8080-exec-6] s.w.s.m.m.a.RequestMappingHandlerMapping : Mapped to com.trasua.api.ExpenseController#range(LocalDate, LocalDate)
2026-09-14T00:27:14.255+07:00 DEBUG 15036 --- [tea-attendance-api] [nio-8080-exec-5] s.w.s.m.m.a.RequestMappingHandlerMapping : Mapped to com.trasua.api.ChatController#list(Instant, int)
2026-09-14T00:27:14.266+07:00 DEBUG 15036 --- [tea-attendance-api] [nio-8080-exec-9] org.hibernate.SQL                        : 
    select
        n1_0.id,
        n1_0.body,
        n1_0.created_at,
        n1_0.read_at,
        n1_0.recipient_member_id,
        r1_0.id,
        r1_0.account_name,
        r1_0.account_number,
        r1_0.active,
        r1_0.avatar_url,
        r1_0.bank_bin,
        r1_0.bank_name,
        r1_0.created_at,
        r1_0.display_name,
        r1_0.email,
        r1_0.password_hash,
        r1_0.qr_code_url,
        r1_0.reset_code_expires_at,
        r1_0.reset_code_hash,
        r1_0.role,
        r1_0.updated_at,
        n1_0.settlement_id,
        n1_0.title,
        n1_0.transfer_id,
        n1_0.type 
    from
        notifications n1_0 
    join
        members r1_0 
            on r1_0.id=n1_0.recipient_member_id 
    where
        r1_0.id=? 
    order by
        n1_0.created_at desc
2026-09-14T00:27:14.267+07:00 DEBUG 15036 --- [tea-attendance-api] [nio-8080-exec-1] org.hibernate.SQL                        : 
    select
        dci1_0.id,
        dci1_0.active,
        dci1_0.created_at,
        dci1_0.icon,
        dci1_0.name,
        dci1_0.price,
        dci1_0.updated_at 
    from
        drink_catalog dci1_0
2026-09-14T00:27:14.267+07:00 DEBUG 15036 --- [tea-attendance-api] [nio-8080-exec-2] org.hibernate.SQL                        : 
    select
        m1_0.id,
        m1_0.account_name,
        m1_0.account_number,
        m1_0.active,
        m1_0.avatar_url,
        m1_0.bank_bin,
        m1_0.bank_name,
        m1_0.created_at,
        m1_0.display_name,
        m1_0.email,
        m1_0.password_hash,
        m1_0.qr_code_url,
        m1_0.reset_code_expires_at,
        m1_0.reset_code_hash,
        m1_0.role,
        m1_0.updated_at 
    from
        members m1_0
2026-09-14T00:27:14.271+07:00 DEBUG 15036 --- [tea-attendance-api] [nio-8080-exec-5] org.hibernate.SQL                        : 
    select
        distinct cm1_0.id,
        cm1_0.content,
        cm1_0.created_at,
        cm1_0.deleted_at,
        rt1_0.id,
        rt1_0.content,
        rt1_0.created_at,
        rt1_0.deleted_at,
        rt1_0.reply_to_message_id,
        rt1_0.sender_member_id,
        s2_0.id,
        s2_0.account_name,
        s2_0.account_number,
        s2_0.active,
        s2_0.avatar_url,
        s2_0.bank_bin,
        s2_0.bank_name,
        s2_0.created_at,
        s2_0.display_name,
        s2_0.email,
        s2_0.password_hash,
        s2_0.qr_code_url,
        s2_0.reset_code_expires_at,
        s2_0.reset_code_hash,
        s2_0.role,
        s2_0.updated_at,
        cm1_0.sender_member_id,
        s1_0.id,
        s1_0.account_name,
        s1_0.account_number,
        s1_0.active,
        s1_0.avatar_url,
        s1_0.bank_bin,
        s1_0.bank_name,
        s1_0.created_at,
        s1_0.display_name,
        s1_0.email,
        s1_0.password_hash,
        s1_0.qr_code_url,
        s1_0.reset_code_expires_at,
        s1_0.reset_code_hash,
        s1_0.role,
        s1_0.updated_at 
    from
        chat_messages cm1_0 
    join
        members s1_0 
            on s1_0.id=cm1_0.sender_member_id 
    left join
        chat_messages rt1_0 
            on rt1_0.id=cm1_0.reply_to_message_id 
    left join
        members s2_0 
            on s2_0.id=rt1_0.sender_member_id 
    order by
        cm1_0.created_at desc 
    limit
        ?
2026-09-14T00:27:14.271+07:00 DEBUG 15036 --- [tea-attendance-api] [nio-8080-exec-6] org.hibernate.SQL                        : 
    select
        distinct do1_0.id,
        do1_0.created_at,
        i1_0.order_id,
        i1_0.id,
        i1_0.consumer_member_id,
        c1_0.id,
        c1_0.account_name,
        c1_0.account_number,
        c1_0.active,
        c1_0.avatar_url,
        c1_0.bank_bin,
        c1_0.bank_name,
        c1_0.created_at,
        c1_0.display_name,
        c1_0.email,
        c1_0.password_hash,
        c1_0.qr_code_url,
        c1_0.reset_code_expires_at,
        c1_0.reset_code_hash,
        c1_0.role,
        c1_0.updated_at,
        i1_0.drink_name,
        i1_0.line_total,
        i1_0.quantity,
        i1_0.unit_price,
        do1_0.note,
        do1_0.order_date,
        do1_0.payer_member_id,
        p1_0.id,
        p1_0.account_name,
        p1_0.account_number,
        p1_0.active,
        p1_0.avatar_url,
        p1_0.bank_bin,
        p1_0.bank_name,
        p1_0.created_at,
        p1_0.display_name,
        p1_0.email,
        p1_0.password_hash,
        p1_0.qr_code_url,
        p1_0.reset_code_expires_at,
        p1_0.reset_code_hash,
        p1_0.role,
        p1_0.updated_at,
        do1_0.total_amount,
        do1_0.updated_at 
    from
        drink_orders do1_0 
    join
        members p1_0 
            on p1_0.id=do1_0.payer_member_id 
    left join
        order_items i1_0 
            on do1_0.id=i1_0.order_id 
    left join
        members c1_0 
            on c1_0.id=i1_0.consumer_member_id 
    where
        do1_0.order_date between ? and ? 
    order by
        do1_0.order_date,
        do1_0.id
2026-09-14T00:27:14.282+07:00 DEBUG 15036 --- [tea-attendance-api] [nio-8080-exec-9] m.m.a.RequestResponseBodyMethodProcessor : Using 'application/json', given [*/*] and supported [application/json, application/*+json]
2026-09-14T00:27:14.283+07:00 DEBUG 15036 --- [tea-attendance-api] [nio-8080-exec-9] m.m.a.RequestResponseBodyMethodProcessor : Writing [[]]
2026-09-14T00:27:14.286+07:00 DEBUG 15036 --- [tea-attendance-api] [nio-8080-exec-9] o.s.web.servlet.DispatcherServlet        : Completed 200 OK
2026-09-14T00:27:14.286+07:00 DEBUG 15036 --- [tea-attendance-api] [nio-8080-exec-5] org.hibernate.SQL                        : 
    select
        a1_0.message_id,
        a1_0.id,
        a1_0.byte_size,
        a1_0.content_type,
        a1_0.created_at,
        a1_0.original_filename,
        a1_0.storage_key 
    from
        chat_attachments a1_0 
    where
        a1_0.message_id=? 
    order by
        a1_0.id
2026-09-14T00:27:14.292+07:00 DEBUG 15036 --- [tea-attendance-api] [nio-8080-exec-5] org.hibernate.SQL                        : 
    select
        a1_0.message_id,
        a1_0.id,
        a1_0.byte_size,
        a1_0.content_type,
        a1_0.created_at,
        a1_0.original_filename,
        a1_0.storage_key 
    from
        chat_attachments a1_0 
    where
        a1_0.message_id=? 
    order by
        a1_0.id
2026-09-14T00:27:14.292+07:00 DEBUG 15036 --- [tea-attendance-api] [nio-8080-exec-1] m.m.a.RequestResponseBodyMethodProcessor : Using 'application/json', given [*/*] and supported [application/json, application/*+json]
2026-09-14T00:27:14.292+07:00 DEBUG 15036 --- [tea-attendance-api] [nio-8080-exec-2] m.m.a.RequestResponseBodyMethodProcessor : Using 'application/json', given [*/*] and supported [application/json, application/*+json]
2026-09-14T00:27:14.294+07:00 DEBUG 15036 --- [tea-attendance-api] [nio-8080-exec-1] m.m.a.RequestResponseBodyMethodProcessor : Writing [[DrinkCatalogResponse[id=1, name=Tra da, price=5000, icon=?, active=true], DrinkCatalogResponse[id= (truncated)...]
2026-09-14T00:27:14.294+07:00 DEBUG 15036 --- [tea-attendance-api] [nio-8080-exec-2] m.m.a.RequestResponseBodyMethodProcessor : Writing [[MemberResponse[id=1, displayName=Minh Anh, email=minh.anh@example.test, bankName=MB Bank, bankBin=9 (truncated)...]
2026-09-14T00:27:14.296+07:00 DEBUG 15036 --- [tea-attendance-api] [nio-8080-exec-1] o.s.web.servlet.DispatcherServlet        : Completed 200 OK
2026-09-14T00:27:14.297+07:00 DEBUG 15036 --- [tea-attendance-api] [nio-8080-exec-2] o.s.web.servlet.DispatcherServlet        : Completed 200 OK
2026-09-14T00:27:14.300+07:00 DEBUG 15036 --- [tea-attendance-api] [nio-8080-exec-5] org.hibernate.SQL                        : 
    select
        a1_0.message_id,
        a1_0.id,
        a1_0.byte_size,
        a1_0.content_type,
        a1_0.created_at,
        a1_0.original_filename,
        a1_0.storage_key 
    from
        chat_attachments a1_0 
    where
        a1_0.message_id=? 
    order by
        a1_0.id
2026-09-14T00:27:14.305+07:00 DEBUG 15036 --- [tea-attendance-api] [nio-8080-exec-5] org.hibernate.SQL                        : 
    select
        a1_0.message_id,
        a1_0.id,
        a1_0.byte_size,
        a1_0.content_type,
        a1_0.created_at,
        a1_0.original_filename,
        a1_0.storage_key 
    from
        chat_attachments a1_0 
    where
        a1_0.message_id=? 
    order by
        a1_0.id
2026-09-14T00:27:14.309+07:00 DEBUG 15036 --- [tea-attendance-api] [nio-8080-exec-5] org.hibernate.SQL                        : 
    select
        a1_0.message_id,
        a1_0.id,
        a1_0.byte_size,
        a1_0.content_type,
        a1_0.created_at,
        a1_0.original_filename,
        a1_0.storage_key 
    from
        chat_attachments a1_0 
    where
        a1_0.message_id=? 
    order by
        a1_0.id
2026-09-14T00:27:14.316+07:00 DEBUG 15036 --- [tea-attendance-api] [nio-8080-exec-6] m.m.a.RequestResponseBodyMethodProcessor : Using 'application/json', given [*/*] and supported [application/json, application/*+json]
2026-09-14T00:27:14.317+07:00 DEBUG 15036 --- [tea-attendance-api] [nio-8080-exec-6] m.m.a.RequestResponseBodyMethodProcessor : Writing [[]]
2026-09-14T00:27:14.319+07:00 DEBUG 15036 --- [tea-attendance-api] [nio-8080-exec-6] o.s.web.servlet.DispatcherServlet        : Completed 200 OK
2026-09-14T00:27:14.322+07:00 DEBUG 15036 --- [tea-attendance-api] [nio-8080-exec-5] m.m.a.RequestResponseBodyMethodProcessor : Using 'application/json', given [*/*] and supported [application/json, application/*+json]
2026-09-14T00:27:14.323+07:00 DEBUG 15036 --- [tea-attendance-api] [nio-8080-exec-5] m.m.a.RequestResponseBodyMethodProcessor : Writing [[ChatMessageResponse[id=2, sender=MemberBriefResponse[id=1, displayName=Minh Anh, avatarUrl=null], c (truncated)...]
2026-09-14T00:27:14.325+07:00 DEBUG 15036 --- [tea-attendance-api] [nio-8080-exec-5] o.s.web.servlet.DispatcherServlet        : Completed 200 OK
2026-09-14T00:27:18.882+07:00 DEBUG 15036 --- [tea-attendance-api] [nio-8080-exec-4] o.s.web.servlet.DispatcherServlet        : GET "/api/members?includeInactive=true", parameters={masked}
2026-09-14T00:27:18.882+07:00 DEBUG 15036 --- [tea-attendance-api] [io-8080-exec-10] o.s.web.servlet.DispatcherServlet        : GET "/api/expenses/range?from=2026-09-14&to=2026-09-20", parameters={masked}
2026-09-14T00:27:18.883+07:00 DEBUG 15036 --- [tea-attendance-api] [nio-8080-exec-3] o.s.web.servlet.DispatcherServlet        : GET "/api/notifications?memberId=6", parameters={masked}
2026-09-14T00:27:18.882+07:00 DEBUG 15036 --- [tea-attendance-api] [nio-8080-exec-8] o.s.web.servlet.DispatcherServlet        : GET "/api/drinks?includeInactive=true", parameters={masked}
2026-09-14T00:27:18.883+07:00 DEBUG 15036 --- [tea-attendance-api] [nio-8080-exec-4] s.w.s.m.m.a.RequestMappingHandlerMapping : Mapped to com.trasua.api.MemberController#list(boolean)
2026-09-14T00:27:18.883+07:00 DEBUG 15036 --- [tea-attendance-api] [nio-8080-exec-7] o.s.web.servlet.DispatcherServlet        : GET "/api/chat/messages", parameters={}
2026-09-14T00:27:18.883+07:00 DEBUG 15036 --- [tea-attendance-api] [io-8080-exec-10] s.w.s.m.m.a.RequestMappingHandlerMapping : Mapped to com.trasua.api.ExpenseController#range(LocalDate, LocalDate)
2026-09-14T00:27:18.883+07:00 DEBUG 15036 --- [tea-attendance-api] [nio-8080-exec-3] s.w.s.m.m.a.RequestMappingHandlerMapping : Mapped to com.trasua.api.NotificationController#list(Long)
2026-09-14T00:27:18.884+07:00 DEBUG 15036 --- [tea-attendance-api] [nio-8080-exec-8] s.w.s.m.m.a.RequestMappingHandlerMapping : Mapped to com.trasua.api.DrinkCatalogController#list(boolean)
2026-09-14T00:27:18.884+07:00 DEBUG 15036 --- [tea-attendance-api] [nio-8080-exec-7] s.w.s.m.m.a.RequestMappingHandlerMapping : Mapped to com.trasua.api.ChatController#list(Instant, int)
2026-09-14T00:27:18.893+07:00 DEBUG 15036 --- [tea-attendance-api] [nio-8080-exec-7] org.hibernate.SQL                        : 
    select
        distinct cm1_0.id,
        cm1_0.content,
        cm1_0.created_at,
        cm1_0.deleted_at,
        rt1_0.id,
        rt1_0.content,
        rt1_0.created_at,
        rt1_0.deleted_at,
        rt1_0.reply_to_message_id,
        rt1_0.sender_member_id,
        s2_0.id,
        s2_0.account_name,
        s2_0.account_number,
        s2_0.active,
        s2_0.avatar_url,
        s2_0.bank_bin,
        s2_0.bank_name,
        s2_0.created_at,
        s2_0.display_name,
        s2_0.email,
        s2_0.password_hash,
        s2_0.qr_code_url,
        s2_0.reset_code_expires_at,
        s2_0.reset_code_hash,
        s2_0.role,
        s2_0.updated_at,
        cm1_0.sender_member_id,
        s1_0.id,
        s1_0.account_name,
        s1_0.account_number,
        s1_0.active,
        s1_0.avatar_url,
        s1_0.bank_bin,
        s1_0.bank_name,
        s1_0.created_at,
        s1_0.display_name,
        s1_0.email,
        s1_0.password_hash,
        s1_0.qr_code_url,
        s1_0.reset_code_expires_at,
        s1_0.reset_code_hash,
        s1_0.role,
        s1_0.updated_at 
    from
        chat_messages cm1_0 
    join
        members s1_0 
            on s1_0.id=cm1_0.sender_member_id 
    left join
        chat_messages rt1_0 
            on rt1_0.id=cm1_0.reply_to_message_id 
    left join
        members s2_0 
            on s2_0.id=rt1_0.sender_member_id 
    order by
        cm1_0.created_at desc 
    limit
        ?
2026-09-14T00:27:18.894+07:00 DEBUG 15036 --- [tea-attendance-api] [nio-8080-exec-4] org.hibernate.SQL                        : 
    select
        m1_0.id,
        m1_0.account_name,
        m1_0.account_number,
        m1_0.active,
        m1_0.avatar_url,
        m1_0.bank_bin,
        m1_0.bank_name,
        m1_0.created_at,
        m1_0.display_name,
        m1_0.email,
        m1_0.password_hash,
        m1_0.qr_code_url,
        m1_0.reset_code_expires_at,
        m1_0.reset_code_hash,
        m1_0.role,
        m1_0.updated_at 
    from
        members m1_0
2026-09-14T00:27:18.893+07:00 DEBUG 15036 --- [tea-attendance-api] [nio-8080-exec-3] org.hibernate.SQL                        : 
    select
        n1_0.id,
        n1_0.body,
        n1_0.created_at,
        n1_0.read_at,
        n1_0.recipient_member_id,
        r1_0.id,
        r1_0.account_name,
        r1_0.account_number,
        r1_0.active,
        r1_0.avatar_url,
        r1_0.bank_bin,
        r1_0.bank_name,
        r1_0.created_at,
        r1_0.display_name,
        r1_0.email,
        r1_0.password_hash,
        r1_0.qr_code_url,
        r1_0.reset_code_expires_at,
        r1_0.reset_code_hash,
        r1_0.role,
        r1_0.updated_at,
        n1_0.settlement_id,
        n1_0.title,
        n1_0.transfer_id,
        n1_0.type 
    from
        notifications n1_0 
    join
        members r1_0 
            on r1_0.id=n1_0.recipient_member_id 
    where
        r1_0.id=? 
    order by
        n1_0.created_at desc
2026-09-14T00:27:18.893+07:00 DEBUG 15036 --- [tea-attendance-api] [io-8080-exec-10] org.hibernate.SQL                        : 
    select
        distinct do1_0.id,
        do1_0.created_at,
        i1_0.order_id,
        i1_0.id,
        i1_0.consumer_member_id,
        c1_0.id,
        c1_0.account_name,
        c1_0.account_number,
        c1_0.active,
        c1_0.avatar_url,
        c1_0.bank_bin,
        c1_0.bank_name,
        c1_0.created_at,
        c1_0.display_name,
        c1_0.email,
        c1_0.password_hash,
        c1_0.qr_code_url,
        c1_0.reset_code_expires_at,
        c1_0.reset_code_hash,
        c1_0.role,
        c1_0.updated_at,
        i1_0.drink_name,
        i1_0.line_total,
        i1_0.quantity,
        i1_0.unit_price,
        do1_0.note,
        do1_0.order_date,
        do1_0.payer_member_id,
        p1_0.id,
        p1_0.account_name,
        p1_0.account_number,
        p1_0.active,
        p1_0.avatar_url,
        p1_0.bank_bin,
        p1_0.bank_name,
        p1_0.created_at,
        p1_0.display_name,
        p1_0.email,
        p1_0.password_hash,
        p1_0.qr_code_url,
        p1_0.reset_code_expires_at,
        p1_0.reset_code_hash,
        p1_0.role,
        p1_0.updated_at,
        do1_0.total_amount,
        do1_0.updated_at 
    from
        drink_orders do1_0 
    join
        members p1_0 
            on p1_0.id=do1_0.payer_member_id 
    left join
        order_items i1_0 
            on do1_0.id=i1_0.order_id 
    left join
        members c1_0 
            on c1_0.id=i1_0.consumer_member_id 
    where
        do1_0.order_date between ? and ? 
    order by
        do1_0.order_date,
        do1_0.id
2026-09-14T00:27:18.899+07:00 DEBUG 15036 --- [tea-attendance-api] [nio-8080-exec-8] org.hibernate.SQL                        : 
    select
        dci1_0.id,
        dci1_0.active,
        dci1_0.created_at,
        dci1_0.icon,
        dci1_0.name,
        dci1_0.price,
        dci1_0.updated_at 
    from
        drink_catalog dci1_0
2026-09-14T00:27:18.902+07:00 DEBUG 15036 --- [tea-attendance-api] [nio-8080-exec-7] org.hibernate.SQL                        : 
    select
        a1_0.message_id,
        a1_0.id,
        a1_0.byte_size,
        a1_0.content_type,
        a1_0.created_at,
        a1_0.original_filename,
        a1_0.storage_key 
    from
        chat_attachments a1_0 
    where
        a1_0.message_id=? 
    order by
        a1_0.id
2026-09-14T00:27:18.911+07:00 DEBUG 15036 --- [tea-attendance-api] [nio-8080-exec-7] org.hibernate.SQL                        : 
    select
        a1_0.message_id,
        a1_0.id,
        a1_0.byte_size,
        a1_0.content_type,
        a1_0.created_at,
        a1_0.original_filename,
        a1_0.storage_key 
    from
        chat_attachments a1_0 
    where
        a1_0.message_id=? 
    order by
        a1_0.id
2026-09-14T00:27:18.924+07:00 DEBUG 15036 --- [tea-attendance-api] [io-8080-exec-10] m.m.a.RequestResponseBodyMethodProcessor : Using 'application/json', given [*/*] and supported [application/json, application/*+json]
2026-09-14T00:27:18.924+07:00 DEBUG 15036 --- [tea-attendance-api] [nio-8080-exec-3] m.m.a.RequestResponseBodyMethodProcessor : Using 'application/json', given [*/*] and supported [application/json, application/*+json]
2026-09-14T00:27:18.925+07:00 DEBUG 15036 --- [tea-attendance-api] [nio-8080-exec-7] org.hibernate.SQL                        : 
    select
        a1_0.message_id,
        a1_0.id,
        a1_0.byte_size,
        a1_0.content_type,
        a1_0.created_at,
        a1_0.original_filename,
        a1_0.storage_key 
    from
        chat_attachments a1_0 
    where
        a1_0.message_id=? 
    order by
        a1_0.id
2026-09-14T00:27:18.924+07:00 DEBUG 15036 --- [tea-attendance-api] [nio-8080-exec-4] m.m.a.RequestResponseBodyMethodProcessor : Using 'application/json', given [*/*] and supported [application/json, application/*+json]
2026-09-14T00:27:18.925+07:00 DEBUG 15036 --- [tea-attendance-api] [io-8080-exec-10] m.m.a.RequestResponseBodyMethodProcessor : Writing [[]]
2026-09-14T00:27:18.925+07:00 DEBUG 15036 --- [tea-attendance-api] [nio-8080-exec-3] m.m.a.RequestResponseBodyMethodProcessor : Writing [[]]
2026-09-14T00:27:18.926+07:00 DEBUG 15036 --- [tea-attendance-api] [nio-8080-exec-4] m.m.a.RequestResponseBodyMethodProcessor : Writing [[MemberResponse[id=1, displayName=Minh Anh, email=minh.anh@example.test, bankName=MB Bank, bankBin=9 (truncated)...]
2026-09-14T00:27:18.927+07:00 DEBUG 15036 --- [tea-attendance-api] [io-8080-exec-10] o.s.web.servlet.DispatcherServlet        : Completed 200 OK
2026-09-14T00:27:18.927+07:00 DEBUG 15036 --- [tea-attendance-api] [nio-8080-exec-3] o.s.web.servlet.DispatcherServlet        : Completed 200 OK
2026-09-14T00:27:18.928+07:00 DEBUG 15036 --- [tea-attendance-api] [nio-8080-exec-4] o.s.web.servlet.DispatcherServlet        : Completed 200 OK
2026-09-14T00:27:18.932+07:00 DEBUG 15036 --- [tea-attendance-api] [nio-8080-exec-7] org.hibernate.SQL                        : 
    select
        a1_0.message_id,
        a1_0.id,
        a1_0.byte_size,
        a1_0.content_type,
        a1_0.created_at,
        a1_0.original_filename,
        a1_0.storage_key 
    from
        chat_attachments a1_0 
    where
        a1_0.message_id=? 
    order by
        a1_0.id
2026-09-14T00:27:18.935+07:00 DEBUG 15036 --- [tea-attendance-api] [nio-8080-exec-8] m.m.a.RequestResponseBodyMethodProcessor : Using 'application/json', given [*/*] and supported [application/json, application/*+json]
2026-09-14T00:27:18.936+07:00 DEBUG 15036 --- [tea-attendance-api] [nio-8080-exec-8] m.m.a.RequestResponseBodyMethodProcessor : Writing [[DrinkCatalogResponse[id=1, name=Tra da, price=5000, icon=?, active=true], DrinkCatalogResponse[id= (truncated)...]
2026-09-14T00:27:18.937+07:00 DEBUG 15036 --- [tea-attendance-api] [nio-8080-exec-7] org.hibernate.SQL                        : 
    select
        a1_0.message_id,
        a1_0.id,
        a1_0.byte_size,
        a1_0.content_type,
        a1_0.created_at,
        a1_0.original_filename,
        a1_0.storage_key 
    from
        chat_attachments a1_0 
    where
        a1_0.message_id=? 
    order by
        a1_0.id
2026-09-14T00:27:18.937+07:00 DEBUG 15036 --- [tea-attendance-api] [nio-8080-exec-8] o.s.web.servlet.DispatcherServlet        : Completed 200 OK
2026-09-14T00:27:18.950+07:00 DEBUG 15036 --- [tea-attendance-api] [nio-8080-exec-7] m.m.a.RequestResponseBodyMethodProcessor : Using 'application/json', given [*/*] and supported [application/json, application/*+json]
2026-09-14T00:27:18.951+07:00 DEBUG 15036 --- [tea-attendance-api] [nio-8080-exec-7] m.m.a.RequestResponseBodyMethodProcessor : Writing [[ChatMessageResponse[id=2, sender=MemberBriefResponse[id=1, displayName=Minh Anh, avatarUrl=null], c (truncated)...]
2026-09-14T00:27:18.953+07:00 DEBUG 15036 --- [tea-attendance-api] [nio-8080-exec-7] o.s.web.servlet.DispatcherServlet        : Completed 200 OK
2026-09-14T00:27:31.570+07:00 DEBUG 15036 --- [tea-attendance-api] [nio-8080-exec-9] o.s.web.servlet.DispatcherServlet        : OPTIONS "/api/members/me", parameters={}
2026-09-14T00:27:31.580+07:00 DEBUG 15036 --- [tea-attendance-api] [nio-8080-exec-9] s.w.s.m.m.a.RequestMappingHandlerMapping : Mapped to com.trasua.api.MemberController#updateMe(String, MemberRequest)
2026-09-14T00:27:31.582+07:00 DEBUG 15036 --- [tea-attendance-api] [nio-8080-exec-9] o.s.web.servlet.DispatcherServlet        : Completed 200 OK
2026-09-14T00:27:31.590+07:00 DEBUG 15036 --- [tea-attendance-api] [nio-8080-exec-1] o.s.web.servlet.DispatcherServlet        : PUT "/api/members/me", parameters={}
2026-09-14T00:27:31.592+07:00 DEBUG 15036 --- [tea-attendance-api] [nio-8080-exec-1] s.w.s.m.m.a.RequestMappingHandlerMapping : Mapped to com.trasua.api.MemberController#updateMe(String, MemberRequest)
2026-09-14T00:27:31.627+07:00 DEBUG 15036 --- [tea-attendance-api] [nio-8080-exec-1] m.m.a.RequestResponseBodyMethodProcessor : Read "application/json;charset=UTF-8" to [MemberRequest[displayName=Ph?m ??c Anh, email=anh64004@gmail.com, bankName=, bankBin=, accountNumber (truncated)...]
2026-09-14T00:27:31.720+07:00 DEBUG 15036 --- [tea-attendance-api] [nio-8080-exec-1] org.hibernate.SQL                        : 
    select
        as1_0.id,
        as1_0.created_at,
        as1_0.expires_at,
        as1_0.member_id,
        as1_0.token_hash 
    from
        auth_sessions as1_0 
    where
        as1_0.token_hash=?
2026-09-14T00:27:31.728+07:00 DEBUG 15036 --- [tea-attendance-api] [nio-8080-exec-1] org.hibernate.SQL                        : 
    select
        m1_0.id,
        m1_0.account_name,
        m1_0.account_number,
        m1_0.active,
        m1_0.avatar_url,
        m1_0.bank_bin,
        m1_0.bank_name,
        m1_0.created_at,
        m1_0.display_name,
        m1_0.email,
        m1_0.password_hash,
        m1_0.qr_code_url,
        m1_0.reset_code_expires_at,
        m1_0.reset_code_hash,
        m1_0.role,
        m1_0.updated_at 
    from
        members m1_0 
    where
        m1_0.id=?
2026-09-14T00:27:31.765+07:00 DEBUG 15036 --- [tea-attendance-api] [nio-8080-exec-1] org.hibernate.SQL                        : 
    select
        m1_0.id,
        m1_0.account_name,
        m1_0.account_number,
        m1_0.active,
        m1_0.avatar_url,
        m1_0.bank_bin,
        m1_0.bank_name,
        m1_0.created_at,
        m1_0.display_name,
        m1_0.email,
        m1_0.password_hash,
        m1_0.qr_code_url,
        m1_0.reset_code_expires_at,
        m1_0.reset_code_hash,
        m1_0.role,
        m1_0.updated_at 
    from
        members m1_0 
    where
        m1_0.id=?
2026-09-14T00:27:31.796+07:00 DEBUG 15036 --- [tea-attendance-api] [nio-8080-exec-1] org.hibernate.SQL                        : 
    select
        m1_0.id 
    from
        members m1_0 
    where
        upper(m1_0.email)=upper(?) 
        and m1_0.id<>? 
    limit
        ?
2026-09-14T00:27:31.954+07:00 DEBUG 15036 --- [tea-attendance-api] [nio-8080-exec-1] m.m.a.RequestResponseBodyMethodProcessor : Using 'application/json', given [*/*] and supported [application/json, application/*+json]
2026-09-14T00:27:31.956+07:00 DEBUG 15036 --- [tea-attendance-api] [nio-8080-exec-1] m.m.a.RequestResponseBodyMethodProcessor : Writing [MemberResponse[id=6, displayName=Ph?m ??c Anh, email=anh64004@gmail.com, bankName=null, bankBin=null (truncated)...]
2026-09-14T00:27:31.959+07:00 DEBUG 15036 --- [tea-attendance-api] [nio-8080-exec-1] o.s.web.servlet.DispatcherServlet        : Completed 200 OK
2026-09-14T00:27:31.998+07:00 DEBUG 15036 --- [tea-attendance-api] [nio-8080-exec-2] o.s.web.servlet.DispatcherServlet        : OPTIONS "/api/members/me/avatar", parameters={}
2026-09-14T00:27:32.000+07:00 DEBUG 15036 --- [tea-attendance-api] [nio-8080-exec-2] s.w.s.m.m.a.RequestMappingHandlerMapping : Mapped to com.trasua.api.MemberController#uploadAvatar(String, MultipartFile)
2026-09-14T00:27:32.001+07:00 DEBUG 15036 --- [tea-attendance-api] [nio-8080-exec-2] o.s.web.servlet.DispatcherServlet        : Completed 200 OK
2026-09-14T00:27:32.014+07:00 DEBUG 15036 --- [tea-attendance-api] [nio-8080-exec-6] o.s.web.servlet.DispatcherServlet        : POST "/api/members/me/avatar", parameters={multipart}
2026-09-14T00:27:32.139+07:00 DEBUG 15036 --- [tea-attendance-api] [nio-8080-exec-6] s.w.s.m.m.a.RequestMappingHandlerMapping : Mapped to com.trasua.api.MemberController#uploadAvatar(String, MultipartFile)
2026-09-14T00:27:32.180+07:00 DEBUG 15036 --- [tea-attendance-api] [nio-8080-exec-6] org.hibernate.SQL                        : 
    select
        as1_0.id,
        as1_0.created_at,
        as1_0.expires_at,
        as1_0.member_id,
        as1_0.token_hash 
    from
        auth_sessions as1_0 
    where
        as1_0.token_hash=?
2026-09-14T00:27:32.196+07:00 DEBUG 15036 --- [tea-attendance-api] [nio-8080-exec-6] org.hibernate.SQL                        : 
    select
        m1_0.id,
        m1_0.account_name,
        m1_0.account_number,
        m1_0.active,
        m1_0.avatar_url,
        m1_0.bank_bin,
        m1_0.bank_name,
        m1_0.created_at,
        m1_0.display_name,
        m1_0.email,
        m1_0.password_hash,
        m1_0.qr_code_url,
        m1_0.reset_code_expires_at,
        m1_0.reset_code_hash,
        m1_0.role,
        m1_0.updated_at 
    from
        members m1_0 
    where
        m1_0.id=?
2026-09-14T00:27:32.567+07:00 DEBUG 15036 --- [tea-attendance-api] [nio-8080-exec-6] org.hibernate.SQL                        : 
    select
        m1_0.id,
        m1_0.account_name,
        m1_0.account_number,
        m1_0.active,
        m1_0.avatar_url,
        m1_0.bank_bin,
        m1_0.bank_name,
        m1_0.created_at,
        m1_0.display_name,
        m1_0.email,
        m1_0.password_hash,
        m1_0.qr_code_url,
        m1_0.reset_code_expires_at,
        m1_0.reset_code_hash,
        m1_0.role,
        m1_0.updated_at 
    from
        members m1_0 
    where
        m1_0.id=?
2026-09-14T00:27:32.576+07:00 DEBUG 15036 --- [tea-attendance-api] [nio-8080-exec-6] org.hibernate.SQL                        : 
    update
        members 
    set
        account_name=?,
        account_number=?,
        active=?,
        avatar_url=?,
        bank_bin=?,
        bank_name=?,
        display_name=?,
        email=?,
        password_hash=?,
        qr_code_url=?,
        reset_code_expires_at=?,
        reset_code_hash=?,
        role=?,
        updated_at=? 
    where
        id=?
2026-09-14T00:27:32.784+07:00 DEBUG 15036 --- [tea-attendance-api] [nio-8080-exec-6] m.m.a.RequestResponseBodyMethodProcessor : Using 'application/json', given [*/*] and supported [application/json, application/*+json]
2026-09-14T00:27:32.786+07:00 DEBUG 15036 --- [tea-attendance-api] [nio-8080-exec-6] m.m.a.RequestResponseBodyMethodProcessor : Writing [MemberResponse[id=6, displayName=Ph?m ??c Anh, email=anh64004@gmail.com, bankName=null, bankBin=null (truncated)...]
2026-09-14T00:27:32.790+07:00 DEBUG 15036 --- [tea-attendance-api] [nio-8080-exec-6] o.s.web.servlet.DispatcherServlet        : Completed 200 OK
2026-09-14T00:27:32.816+07:00 DEBUG 15036 --- [tea-attendance-api] [nio-8080-exec-5] o.s.web.servlet.DispatcherServlet        : GET "/api/members?includeInactive=true", parameters={masked}
2026-09-14T00:27:32.817+07:00 DEBUG 15036 --- [tea-attendance-api] [io-8080-exec-10] o.s.web.servlet.DispatcherServlet        : GET "/api/drinks?includeInactive=true", parameters={masked}
2026-09-14T00:27:32.818+07:00 DEBUG 15036 --- [tea-attendance-api] [nio-8080-exec-5] s.w.s.m.m.a.RequestMappingHandlerMapping : Mapped to com.trasua.api.MemberController#list(boolean)
2026-09-14T00:27:32.833+07:00 DEBUG 15036 --- [tea-attendance-api] [nio-8080-exec-8] o.s.web.servlet.DispatcherServlet        : GET "/api/notifications?memberId=6", parameters={masked}
2026-09-14T00:27:32.823+07:00 DEBUG 15036 --- [tea-attendance-api] [nio-8080-exec-3] o.s.web.servlet.DispatcherServlet        : GET "/api/expenses/range?from=2026-09-14&to=2026-09-20", parameters={masked}
2026-09-14T00:27:32.829+07:00 DEBUG 15036 --- [tea-attendance-api] [io-8080-exec-10] s.w.s.m.m.a.RequestMappingHandlerMapping : Mapped to com.trasua.api.DrinkCatalogController#list(boolean)
2026-09-14T00:27:32.830+07:00 DEBUG 15036 --- [tea-attendance-api] [nio-8080-exec-4] o.s.web.servlet.DispatcherServlet        : GET "/api/chat/messages", parameters={}
2026-09-14T00:27:32.840+07:00 DEBUG 15036 --- [tea-attendance-api] [nio-8080-exec-8] s.w.s.m.m.a.RequestMappingHandlerMapping : Mapped to com.trasua.api.NotificationController#list(Long)
2026-09-14T00:27:32.845+07:00 DEBUG 15036 --- [tea-attendance-api] [nio-8080-exec-4] s.w.s.m.m.a.RequestMappingHandlerMapping : Mapped to com.trasua.api.ChatController#list(Instant, int)
2026-09-14T00:27:32.842+07:00 DEBUG 15036 --- [tea-attendance-api] [nio-8080-exec-7] o.s.web.servlet.DispatcherServlet        : GET "/api/members/avatar/804f70eb-3f82-4311-a406-7e4da6c3d178.jpg", parameters={}
2026-09-14T00:27:32.842+07:00 DEBUG 15036 --- [tea-attendance-api] [nio-8080-exec-3] s.w.s.m.m.a.RequestMappingHandlerMapping : Mapped to com.trasua.api.ExpenseController#range(LocalDate, LocalDate)
2026-09-14T00:27:32.852+07:00 DEBUG 15036 --- [tea-attendance-api] [nio-8080-exec-7] s.w.s.m.m.a.RequestMappingHandlerMapping : Mapped to com.trasua.api.MemberController#avatar(String)
2026-09-14T00:27:32.886+07:00 DEBUG 15036 --- [tea-attendance-api] [nio-8080-exec-3] org.hibernate.SQL                        : 
    select
        distinct do1_0.id,
        do1_0.created_at,
        i1_0.order_id,
        i1_0.id,
        i1_0.consumer_member_id,
        c1_0.id,
        c1_0.account_name,
        c1_0.account_number,
        c1_0.active,
        c1_0.avatar_url,
        c1_0.bank_bin,
        c1_0.bank_name,
        c1_0.created_at,
        c1_0.display_name,
        c1_0.email,
        c1_0.password_hash,
        c1_0.qr_code_url,
        c1_0.reset_code_expires_at,
        c1_0.reset_code_hash,
        c1_0.role,
        c1_0.updated_at,
        i1_0.drink_name,
        i1_0.line_total,
        i1_0.quantity,
        i1_0.unit_price,
        do1_0.note,
        do1_0.order_date,
        do1_0.payer_member_id,
        p1_0.id,
        p1_0.account_name,
        p1_0.account_number,
        p1_0.active,
        p1_0.avatar_url,
        p1_0.bank_bin,
        p1_0.bank_name,
        p1_0.created_at,
        p1_0.display_name,
        p1_0.email,
        p1_0.password_hash,
        p1_0.qr_code_url,
        p1_0.reset_code_expires_at,
        p1_0.reset_code_hash,
        p1_0.role,
        p1_0.updated_at,
        do1_0.total_amount,
        do1_0.updated_at 
    from
        drink_orders do1_0 
    join
        members p1_0 
            on p1_0.id=do1_0.payer_member_id 
    left join
        order_items i1_0 
            on do1_0.id=i1_0.order_id 
    left join
        members c1_0 
            on c1_0.id=i1_0.consumer_member_id 
    where
        do1_0.order_date between ? and ? 
    order by
        do1_0.order_date,
        do1_0.id
2026-09-14T00:27:32.887+07:00 DEBUG 15036 --- [tea-attendance-api] [nio-8080-exec-5] org.hibernate.SQL                        : 
    select
        m1_0.id,
        m1_0.account_name,
        m1_0.account_number,
        m1_0.active,
        m1_0.avatar_url,
        m1_0.bank_bin,
        m1_0.bank_name,
        m1_0.created_at,
        m1_0.display_name,
        m1_0.email,
        m1_0.password_hash,
        m1_0.qr_code_url,
        m1_0.reset_code_expires_at,
        m1_0.reset_code_hash,
        m1_0.role,
        m1_0.updated_at 
    from
        members m1_0
2026-09-14T00:27:32.900+07:00 DEBUG 15036 --- [tea-attendance-api] [nio-8080-exec-7] o.s.w.s.m.m.a.HttpEntityMethodProcessor  : Found 'Content-Type:image/jpeg' in response
2026-09-14T00:27:32.902+07:00 DEBUG 15036 --- [tea-attendance-api] [nio-8080-exec-7] o.s.w.s.m.m.a.HttpEntityMethodProcessor  : Writing [file [D:\web_diem_danh_tra_da\backend\uploads\chat\804f70eb-3f82-4311-a406-7e4da6c3d178.jpg]]
2026-09-14T00:27:32.905+07:00 DEBUG 15036 --- [tea-attendance-api] [nio-8080-exec-4] org.hibernate.SQL                        : 
    select
        distinct cm1_0.id,
        cm1_0.content,
        cm1_0.created_at,
        cm1_0.deleted_at,
        rt1_0.id,
        rt1_0.content,
        rt1_0.created_at,
        rt1_0.deleted_at,
        rt1_0.reply_to_message_id,
        rt1_0.sender_member_id,
        s2_0.id,
        s2_0.account_name,
        s2_0.account_number,
        s2_0.active,
        s2_0.avatar_url,
        s2_0.bank_bin,
        s2_0.bank_name,
        s2_0.created_at,
        s2_0.display_name,
        s2_0.email,
        s2_0.password_hash,
        s2_0.qr_code_url,
        s2_0.reset_code_expires_at,
        s2_0.reset_code_hash,
        s2_0.role,
        s2_0.updated_at,
        cm1_0.sender_member_id,
        s1_0.id,
        s1_0.account_name,
        s1_0.account_number,
        s1_0.active,
        s1_0.avatar_url,
        s1_0.bank_bin,
        s1_0.bank_name,
        s1_0.created_at,
        s1_0.display_name,
        s1_0.email,
        s1_0.password_hash,
        s1_0.qr_code_url,
        s1_0.reset_code_expires_at,
        s1_0.reset_code_hash,
        s1_0.role,
        s1_0.updated_at 
    from
        chat_messages cm1_0 
    join
        members s1_0 
            on s1_0.id=cm1_0.sender_member_id 
    left join
        chat_messages rt1_0 
            on rt1_0.id=cm1_0.reply_to_message_id 
    left join
        members s2_0 
            on s2_0.id=rt1_0.sender_member_id 
    order by
        cm1_0.created_at desc 
    limit
        ?
2026-09-14T00:27:32.905+07:00 DEBUG 15036 --- [tea-attendance-api] [io-8080-exec-10] org.hibernate.SQL                        : 
    select
        dci1_0.id,
        dci1_0.active,
        dci1_0.created_at,
        dci1_0.icon,
        dci1_0.name,
        dci1_0.price,
        dci1_0.updated_at 
    from
        drink_catalog dci1_0
2026-09-14T00:27:32.906+07:00 DEBUG 15036 --- [tea-attendance-api] [nio-8080-exec-8] org.hibernate.SQL                        : 
    select
        n1_0.id,
        n1_0.body,
        n1_0.created_at,
        n1_0.read_at,
        n1_0.recipient_member_id,
        r1_0.id,
        r1_0.account_name,
        r1_0.account_number,
        r1_0.active,
        r1_0.avatar_url,
        r1_0.bank_bin,
        r1_0.bank_name,
        r1_0.created_at,
        r1_0.display_name,
        r1_0.email,
        r1_0.password_hash,
        r1_0.qr_code_url,
        r1_0.reset_code_expires_at,
        r1_0.reset_code_hash,
        r1_0.role,
        r1_0.updated_at,
        n1_0.settlement_id,
        n1_0.title,
        n1_0.transfer_id,
        n1_0.type 
    from
        notifications n1_0 
    join
        members r1_0 
            on r1_0.id=n1_0.recipient_member_id 
    where
        r1_0.id=? 
    order by
        n1_0.created_at desc
2026-09-14T00:27:32.947+07:00 DEBUG 15036 --- [tea-attendance-api] [nio-8080-exec-4] org.hibernate.SQL                        : 
    select
        a1_0.message_id,
        a1_0.id,
        a1_0.byte_size,
        a1_0.content_type,
        a1_0.created_at,
        a1_0.original_filename,
        a1_0.storage_key 
    from
        chat_attachments a1_0 
    where
        a1_0.message_id=? 
    order by
        a1_0.id
2026-09-14T00:27:32.956+07:00 DEBUG 15036 --- [tea-attendance-api] [nio-8080-exec-3] m.m.a.RequestResponseBodyMethodProcessor : Using 'application/json', given [*/*] and supported [application/json, application/*+json]
2026-09-14T00:27:32.957+07:00 DEBUG 15036 --- [tea-attendance-api] [nio-8080-exec-5] m.m.a.RequestResponseBodyMethodProcessor : Using 'application/json', given [*/*] and supported [application/json, application/*+json]
2026-09-14T00:27:32.957+07:00 DEBUG 15036 --- [tea-attendance-api] [nio-8080-exec-3] m.m.a.RequestResponseBodyMethodProcessor : Writing [[]]
2026-09-14T00:27:32.958+07:00 DEBUG 15036 --- [tea-attendance-api] [nio-8080-exec-4] org.hibernate.SQL                        : 
    select
        a1_0.message_id,
        a1_0.id,
        a1_0.byte_size,
        a1_0.content_type,
        a1_0.created_at,
        a1_0.original_filename,
        a1_0.storage_key 
    from
        chat_attachments a1_0 
    where
        a1_0.message_id=? 
    order by
        a1_0.id
2026-09-14T00:27:32.958+07:00 DEBUG 15036 --- [tea-attendance-api] [nio-8080-exec-5] m.m.a.RequestResponseBodyMethodProcessor : Writing [[MemberResponse[id=1, displayName=Minh Anh, email=minh.anh@example.test, bankName=MB Bank, bankBin=9 (truncated)...]
2026-09-14T00:27:32.961+07:00 DEBUG 15036 --- [tea-attendance-api] [nio-8080-exec-3] o.s.web.servlet.DispatcherServlet        : Completed 200 OK
2026-09-14T00:27:32.961+07:00 DEBUG 15036 --- [tea-attendance-api] [nio-8080-exec-5] o.s.web.servlet.DispatcherServlet        : Completed 200 OK
2026-09-14T00:27:32.967+07:00 DEBUG 15036 --- [tea-attendance-api] [io-8080-exec-10] m.m.a.RequestResponseBodyMethodProcessor : Using 'application/json', given [*/*] and supported [application/json, application/*+json]
2026-09-14T00:27:32.967+07:00 DEBUG 15036 --- [tea-attendance-api] [nio-8080-exec-8] m.m.a.RequestResponseBodyMethodProcessor : Using 'application/json', given [*/*] and supported [application/json, application/*+json]
2026-09-14T00:27:32.968+07:00 DEBUG 15036 --- [tea-attendance-api] [nio-8080-exec-4] org.hibernate.SQL                        : 
    select
        a1_0.message_id,
        a1_0.id,
        a1_0.byte_size,
        a1_0.content_type,
        a1_0.created_at,
        a1_0.original_filename,
        a1_0.storage_key 
    from
        chat_attachments a1_0 
    where
        a1_0.message_id=? 
    order by
        a1_0.id
2026-09-14T00:27:32.969+07:00 DEBUG 15036 --- [tea-attendance-api] [io-8080-exec-10] m.m.a.RequestResponseBodyMethodProcessor : Writing [[DrinkCatalogResponse[id=1, name=Tra da, price=5000, icon=?, active=true], DrinkCatalogResponse[id= (truncated)...]
2026-09-14T00:27:32.969+07:00 DEBUG 15036 --- [tea-attendance-api] [nio-8080-exec-8] m.m.a.RequestResponseBodyMethodProcessor : Writing [[]]
2026-09-14T00:27:32.971+07:00 DEBUG 15036 --- [tea-attendance-api] [io-8080-exec-10] o.s.web.servlet.DispatcherServlet        : Completed 200 OK
2026-09-14T00:27:32.973+07:00 DEBUG 15036 --- [tea-attendance-api] [nio-8080-exec-8] o.s.web.servlet.DispatcherServlet        : Completed 200 OK
2026-09-14T00:27:32.977+07:00 DEBUG 15036 --- [tea-attendance-api] [nio-8080-exec-4] org.hibernate.SQL                        : 
    select
        a1_0.message_id,
        a1_0.id,
        a1_0.byte_size,
        a1_0.content_type,
        a1_0.created_at,
        a1_0.original_filename,
        a1_0.storage_key 
    from
        chat_attachments a1_0 
    where
        a1_0.message_id=? 
    order by
        a1_0.id
2026-09-14T00:27:32.985+07:00 DEBUG 15036 --- [tea-attendance-api] [nio-8080-exec-4] org.hibernate.SQL                        : 
    select
        a1_0.message_id,
        a1_0.id,
        a1_0.byte_size,
        a1_0.content_type,
        a1_0.created_at,
        a1_0.original_filename,
        a1_0.storage_key 
    from
        chat_attachments a1_0 
    where
        a1_0.message_id=? 
    order by
        a1_0.id
2026-09-14T00:27:33.002+07:00 DEBUG 15036 --- [tea-attendance-api] [nio-8080-exec-7] o.s.web.servlet.DispatcherServlet        : Completed 200 OK
2026-09-14T00:27:33.013+07:00 DEBUG 15036 --- [tea-attendance-api] [nio-8080-exec-4] m.m.a.RequestResponseBodyMethodProcessor : Using 'application/json', given [*/*] and supported [application/json, application/*+json]
2026-09-14T00:27:33.015+07:00 DEBUG 15036 --- [tea-attendance-api] [nio-8080-exec-4] m.m.a.RequestResponseBodyMethodProcessor : Writing [[ChatMessageResponse[id=2, sender=MemberBriefResponse[id=1, displayName=Minh Anh, avatarUrl=null], c (truncated)...]
2026-09-14T00:27:33.018+07:00 DEBUG 15036 --- [tea-attendance-api] [nio-8080-exec-4] o.s.web.servlet.DispatcherServlet        : Completed 200 OK
2026-09-14T00:27:42.661+07:00 DEBUG 15036 --- [tea-attendance-api] [nio-8080-exec-9] o.s.web.servlet.DispatcherServlet        : GET "/api/members?includeInactive=true", parameters={masked}
2026-09-14T00:27:42.661+07:00 DEBUG 15036 --- [tea-attendance-api] [nio-8080-exec-1] o.s.web.servlet.DispatcherServlet        : GET "/api/drinks?includeInactive=true", parameters={masked}
2026-09-14T00:27:42.662+07:00 DEBUG 15036 --- [tea-attendance-api] [nio-8080-exec-2] o.s.web.servlet.DispatcherServlet        : GET "/api/expenses/range?from=2026-09-14&to=2026-09-20", parameters={masked}
2026-09-14T00:27:42.662+07:00 DEBUG 15036 --- [tea-attendance-api] [nio-8080-exec-9] s.w.s.m.m.a.RequestMappingHandlerMapping : Mapped to com.trasua.api.MemberController#list(boolean)
2026-09-14T00:27:42.662+07:00 DEBUG 15036 --- [tea-attendance-api] [nio-8080-exec-1] s.w.s.m.m.a.RequestMappingHandlerMapping : Mapped to com.trasua.api.DrinkCatalogController#list(boolean)
2026-09-14T00:27:42.664+07:00 DEBUG 15036 --- [tea-attendance-api] [nio-8080-exec-6] o.s.web.servlet.DispatcherServlet        : GET "/api/chat/messages", parameters={}
2026-09-14T00:27:42.665+07:00 DEBUG 15036 --- [tea-attendance-api] [nio-8080-exec-6] s.w.s.m.m.a.RequestMappingHandlerMapping : Mapped to com.trasua.api.ChatController#list(Instant, int)
2026-09-14T00:27:42.663+07:00 DEBUG 15036 --- [tea-attendance-api] [nio-8080-exec-2] s.w.s.m.m.a.RequestMappingHandlerMapping : Mapped to com.trasua.api.ExpenseController#range(LocalDate, LocalDate)
2026-09-14T00:27:42.664+07:00 DEBUG 15036 --- [tea-attendance-api] [nio-8080-exec-3] o.s.web.servlet.DispatcherServlet        : GET "/api/notifications?memberId=6", parameters={masked}
2026-09-14T00:27:42.668+07:00 DEBUG 15036 --- [tea-attendance-api] [nio-8080-exec-3] s.w.s.m.m.a.RequestMappingHandlerMapping : Mapped to com.trasua.api.NotificationController#list(Long)
2026-09-14T00:27:42.679+07:00 DEBUG 15036 --- [tea-attendance-api] [nio-8080-exec-1] org.hibernate.SQL                        : 
    select
        dci1_0.id,
        dci1_0.active,
        dci1_0.created_at,
        dci1_0.icon,
        dci1_0.name,
        dci1_0.price,
        dci1_0.updated_at 
    from
        drink_catalog dci1_0
2026-09-14T00:27:42.680+07:00 DEBUG 15036 --- [tea-attendance-api] [nio-8080-exec-9] org.hibernate.SQL                        : 
    select
        m1_0.id,
        m1_0.account_name,
        m1_0.account_number,
        m1_0.active,
        m1_0.avatar_url,
        m1_0.bank_bin,
        m1_0.bank_name,
        m1_0.created_at,
        m1_0.display_name,
        m1_0.email,
        m1_0.password_hash,
        m1_0.qr_code_url,
        m1_0.reset_code_expires_at,
        m1_0.reset_code_hash,
        m1_0.role,
        m1_0.updated_at 
    from
        members m1_0
2026-09-14T00:27:42.682+07:00 DEBUG 15036 --- [tea-attendance-api] [nio-8080-exec-6] org.hibernate.SQL                        : 
    select
        distinct cm1_0.id,
        cm1_0.content,
        cm1_0.created_at,
        cm1_0.deleted_at,
        rt1_0.id,
        rt1_0.content,
        rt1_0.created_at,
        rt1_0.deleted_at,
        rt1_0.reply_to_message_id,
        rt1_0.sender_member_id,
        s2_0.id,
        s2_0.account_name,
        s2_0.account_number,
        s2_0.active,
        s2_0.avatar_url,
        s2_0.bank_bin,
        s2_0.bank_name,
        s2_0.created_at,
        s2_0.display_name,
        s2_0.email,
        s2_0.password_hash,
        s2_0.qr_code_url,
        s2_0.reset_code_expires_at,
        s2_0.reset_code_hash,
        s2_0.role,
        s2_0.updated_at,
        cm1_0.sender_member_id,
        s1_0.id,
        s1_0.account_name,
        s1_0.account_number,
        s1_0.active,
        s1_0.avatar_url,
        s1_0.bank_bin,
        s1_0.bank_name,
        s1_0.created_at,
        s1_0.display_name,
        s1_0.email,
        s1_0.password_hash,
        s1_0.qr_code_url,
        s1_0.reset_code_expires_at,
        s1_0.reset_code_hash,
        s1_0.role,
        s1_0.updated_at 
    from
        chat_messages cm1_0 
    join
        members s1_0 
            on s1_0.id=cm1_0.sender_member_id 
    left join
        chat_messages rt1_0 
            on rt1_0.id=cm1_0.reply_to_message_id 
    left join
        members s2_0 
            on s2_0.id=rt1_0.sender_member_id 
    order by
        cm1_0.created_at desc 
    limit
        ?
2026-09-14T00:27:42.682+07:00 DEBUG 15036 --- [tea-attendance-api] [nio-8080-exec-2] org.hibernate.SQL                        : 
    select
        distinct do1_0.id,
        do1_0.created_at,
        i1_0.order_id,
        i1_0.id,
        i1_0.consumer_member_id,
        c1_0.id,
        c1_0.account_name,
        c1_0.account_number,
        c1_0.active,
        c1_0.avatar_url,
        c1_0.bank_bin,
        c1_0.bank_name,
        c1_0.created_at,
        c1_0.display_name,
        c1_0.email,
        c1_0.password_hash,
        c1_0.qr_code_url,
        c1_0.reset_code_expires_at,
        c1_0.reset_code_hash,
        c1_0.role,
        c1_0.updated_at,
        i1_0.drink_name,
        i1_0.line_total,
        i1_0.quantity,
        i1_0.unit_price,
        do1_0.note,
        do1_0.order_date,
        do1_0.payer_member_id,
        p1_0.id,
        p1_0.account_name,
        p1_0.account_number,
        p1_0.active,
        p1_0.avatar_url,
        p1_0.bank_bin,
        p1_0.bank_name,
        p1_0.created_at,
        p1_0.display_name,
        p1_0.email,
        p1_0.password_hash,
        p1_0.qr_code_url,
        p1_0.reset_code_expires_at,
        p1_0.reset_code_hash,
        p1_0.role,
        p1_0.updated_at,
        do1_0.total_amount,
        do1_0.updated_at 
    from
        drink_orders do1_0 
    join
        members p1_0 
            on p1_0.id=do1_0.payer_member_id 
    left join
        order_items i1_0 
            on do1_0.id=i1_0.order_id 
    left join
        members c1_0 
            on c1_0.id=i1_0.consumer_member_id 
    where
        do1_0.order_date between ? and ? 
    order by
        do1_0.order_date,
        do1_0.id
2026-09-14T00:27:42.684+07:00 DEBUG 15036 --- [tea-attendance-api] [nio-8080-exec-3] org.hibernate.SQL                        : 
    select
        n1_0.id,
        n1_0.body,
        n1_0.created_at,
        n1_0.read_at,
        n1_0.recipient_member_id,
        r1_0.id,
        r1_0.account_name,
        r1_0.account_number,
        r1_0.active,
        r1_0.avatar_url,
        r1_0.bank_bin,
        r1_0.bank_name,
        r1_0.created_at,
        r1_0.display_name,
        r1_0.email,
        r1_0.password_hash,
        r1_0.qr_code_url,
        r1_0.reset_code_expires_at,
        r1_0.reset_code_hash,
        r1_0.role,
        r1_0.updated_at,
        n1_0.settlement_id,
        n1_0.title,
        n1_0.transfer_id,
        n1_0.type 
    from
        notifications n1_0 
    join
        members r1_0 
            on r1_0.id=n1_0.recipient_member_id 
    where
        r1_0.id=? 
    order by
        n1_0.created_at desc
2026-09-14T00:27:42.693+07:00 DEBUG 15036 --- [tea-attendance-api] [nio-8080-exec-6] org.hibernate.SQL                        : 
    select
        a1_0.message_id,
        a1_0.id,
        a1_0.byte_size,
        a1_0.content_type,
        a1_0.created_at,
        a1_0.original_filename,
        a1_0.storage_key 
    from
        chat_attachments a1_0 
    where
        a1_0.message_id=? 
    order by
        a1_0.id
2026-09-14T00:27:42.701+07:00 DEBUG 15036 --- [tea-attendance-api] [nio-8080-exec-6] org.hibernate.SQL                        : 
    select
        a1_0.message_id,
        a1_0.id,
        a1_0.byte_size,
        a1_0.content_type,
        a1_0.created_at,
        a1_0.original_filename,
        a1_0.storage_key 
    from
        chat_attachments a1_0 
    where
        a1_0.message_id=? 
    order by
        a1_0.id
2026-09-14T00:27:42.703+07:00 DEBUG 15036 --- [tea-attendance-api] [nio-8080-exec-1] m.m.a.RequestResponseBodyMethodProcessor : Using 'application/json', given [*/*] and supported [application/json, application/*+json]
2026-09-14T00:27:42.703+07:00 DEBUG 15036 --- [tea-attendance-api] [nio-8080-exec-2] m.m.a.RequestResponseBodyMethodProcessor : Using 'application/json', given [*/*] and supported [application/json, application/*+json]
2026-09-14T00:27:42.705+07:00 DEBUG 15036 --- [tea-attendance-api] [nio-8080-exec-2] m.m.a.RequestResponseBodyMethodProcessor : Writing [[]]
2026-09-14T00:27:42.705+07:00 DEBUG 15036 --- [tea-attendance-api] [nio-8080-exec-1] m.m.a.RequestResponseBodyMethodProcessor : Writing [[DrinkCatalogResponse[id=1, name=Tra da, price=5000, icon=?, active=true], DrinkCatalogResponse[id= (truncated)...]
2026-09-14T00:27:42.706+07:00 DEBUG 15036 --- [tea-attendance-api] [nio-8080-exec-9] m.m.a.RequestResponseBodyMethodProcessor : Using 'application/json', given [*/*] and supported [application/json, application/*+json]
2026-09-14T00:27:42.706+07:00 DEBUG 15036 --- [tea-attendance-api] [nio-8080-exec-3] m.m.a.RequestResponseBodyMethodProcessor : Using 'application/json', given [*/*] and supported [application/json, application/*+json]
2026-09-14T00:27:42.707+07:00 DEBUG 15036 --- [tea-attendance-api] [nio-8080-exec-1] o.s.web.servlet.DispatcherServlet        : Completed 200 OK
2026-09-14T00:27:42.707+07:00 DEBUG 15036 --- [tea-attendance-api] [nio-8080-exec-2] o.s.web.servlet.DispatcherServlet        : Completed 200 OK
2026-09-14T00:27:42.708+07:00 DEBUG 15036 --- [tea-attendance-api] [nio-8080-exec-9] m.m.a.RequestResponseBodyMethodProcessor : Writing [[MemberResponse[id=1, displayName=Minh Anh, email=minh.anh@example.test, bankName=MB Bank, bankBin=9 (truncated)...]
2026-09-14T00:27:42.708+07:00 DEBUG 15036 --- [tea-attendance-api] [nio-8080-exec-3] m.m.a.RequestResponseBodyMethodProcessor : Writing [[]]
2026-09-14T00:27:42.710+07:00 DEBUG 15036 --- [tea-attendance-api] [nio-8080-exec-6] org.hibernate.SQL                        : 
    select
        a1_0.message_id,
        a1_0.id,
        a1_0.byte_size,
        a1_0.content_type,
        a1_0.created_at,
        a1_0.original_filename,
        a1_0.storage_key 
    from
        chat_attachments a1_0 
    where
        a1_0.message_id=? 
    order by
        a1_0.id
2026-09-14T00:27:42.712+07:00 DEBUG 15036 --- [tea-attendance-api] [nio-8080-exec-3] o.s.web.servlet.DispatcherServlet        : Completed 200 OK
2026-09-14T00:27:42.712+07:00 DEBUG 15036 --- [tea-attendance-api] [nio-8080-exec-9] o.s.web.servlet.DispatcherServlet        : Completed 200 OK
2026-09-14T00:27:42.718+07:00 DEBUG 15036 --- [tea-attendance-api] [nio-8080-exec-6] org.hibernate.SQL                        : 
    select
        a1_0.message_id,
        a1_0.id,
        a1_0.byte_size,
        a1_0.content_type,
        a1_0.created_at,
        a1_0.original_filename,
        a1_0.storage_key 
    from
        chat_attachments a1_0 
    where
        a1_0.message_id=? 
    order by
        a1_0.id
2026-09-14T00:27:42.723+07:00 DEBUG 15036 --- [tea-attendance-api] [nio-8080-exec-6] org.hibernate.SQL                        : 
    select
        a1_0.message_id,
        a1_0.id,
        a1_0.byte_size,
        a1_0.content_type,
        a1_0.created_at,
        a1_0.original_filename,
        a1_0.storage_key 
    from
        chat_attachments a1_0 
    where
        a1_0.message_id=? 
    order by
        a1_0.id
2026-09-14T00:27:42.736+07:00 DEBUG 15036 --- [tea-attendance-api] [nio-8080-exec-6] m.m.a.RequestResponseBodyMethodProcessor : Using 'application/json', given [*/*] and supported [application/json, application/*+json]
2026-09-14T00:27:42.738+07:00 DEBUG 15036 --- [tea-attendance-api] [nio-8080-exec-6] m.m.a.RequestResponseBodyMethodProcessor : Writing [[ChatMessageResponse[id=2, sender=MemberBriefResponse[id=1, displayName=Minh Anh, avatarUrl=null], c (truncated)...]
2026-09-14T00:27:42.740+07:00 DEBUG 15036 --- [tea-attendance-api] [nio-8080-exec-6] o.s.web.servlet.DispatcherServlet        : Completed 200 OK
2026-09-14T00:27:58.930+07:00 DEBUG 15036 --- [tea-attendance-api] [nio-8080-exec-5] o.s.web.servlet.DispatcherServlet        : OPTIONS "/api/auth/login", parameters={}
2026-09-14T00:27:58.931+07:00 DEBUG 15036 --- [tea-attendance-api] [nio-8080-exec-5] s.w.s.m.m.a.RequestMappingHandlerMapping : Mapped to com.trasua.api.AuthController#login(Login)
2026-09-14T00:27:58.935+07:00 DEBUG 15036 --- [tea-attendance-api] [nio-8080-exec-5] o.s.web.servlet.DispatcherServlet        : Completed 200 OK
2026-09-14T00:27:58.940+07:00 DEBUG 15036 --- [tea-attendance-api] [io-8080-exec-10] o.s.web.servlet.DispatcherServlet        : POST "/api/auth/login", parameters={}
2026-09-14T00:27:58.941+07:00 DEBUG 15036 --- [tea-attendance-api] [io-8080-exec-10] s.w.s.m.m.a.RequestMappingHandlerMapping : Mapped to com.trasua.api.AuthController#login(Login)
2026-09-14T00:27:58.942+07:00 DEBUG 15036 --- [tea-attendance-api] [io-8080-exec-10] m.m.a.RequestResponseBodyMethodProcessor : Read "application/json;charset=UTF-8" to [Login[email=minh.anh@example.test, password=123456789]]
2026-09-14T00:27:58.953+07:00 DEBUG 15036 --- [tea-attendance-api] [io-8080-exec-10] org.hibernate.SQL                        : 
    select
        m1_0.id,
        m1_0.account_name,
        m1_0.account_number,
        m1_0.active,
        m1_0.avatar_url,
        m1_0.bank_bin,
        m1_0.bank_name,
        m1_0.created_at,
        m1_0.display_name,
        m1_0.email,
        m1_0.password_hash,
        m1_0.qr_code_url,
        m1_0.reset_code_expires_at,
        m1_0.reset_code_hash,
        m1_0.role,
        m1_0.updated_at 
    from
        members m1_0 
    where
        upper(m1_0.email)=upper(?)
2026-09-14T00:27:59.161+07:00 DEBUG 15036 --- [tea-attendance-api] [io-8080-exec-10] org.hibernate.SQL                        : 
    insert 
    into
        auth_sessions
        (created_at, expires_at, member_id, token_hash) 
    values
        (?, ?, ?, ?)
2026-09-14T00:27:59.189+07:00 DEBUG 15036 --- [tea-attendance-api] [io-8080-exec-10] m.m.a.RequestResponseBodyMethodProcessor : Using 'application/json', given [*/*] and supported [application/json, application/*+json]
2026-09-14T00:27:59.190+07:00 DEBUG 15036 --- [tea-attendance-api] [io-8080-exec-10] m.m.a.RequestResponseBodyMethodProcessor : Writing [AuthResponse[token=AlYD7mtjF_meok6b4ho5zxJzOvNkEFYErMITUvJgFgU, member=MemberResponse[id=1, displayN (truncated)...]
2026-09-14T00:27:59.192+07:00 DEBUG 15036 --- [tea-attendance-api] [io-8080-exec-10] o.s.web.servlet.DispatcherServlet        : Completed 200 OK
2026-09-14T00:27:59.204+07:00 DEBUG 15036 --- [tea-attendance-api] [nio-8080-exec-8] o.s.web.servlet.DispatcherServlet        : OPTIONS "/api/drinks", parameters={}
2026-09-14T00:27:59.206+07:00 DEBUG 15036 --- [tea-attendance-api] [nio-8080-exec-7] o.s.web.servlet.DispatcherServlet        : OPTIONS "/api/notifications?memberId=1", parameters={masked}
2026-09-14T00:27:59.206+07:00 DEBUG 15036 --- [tea-attendance-api] [nio-8080-exec-4] o.s.web.servlet.DispatcherServlet        : OPTIONS "/api/drinks", parameters={}
2026-09-14T00:27:59.206+07:00 DEBUG 15036 --- [tea-attendance-api] [nio-8080-exec-1] o.s.web.servlet.DispatcherServlet        : OPTIONS "/api/notifications?memberId=1", parameters={masked}
2026-09-14T00:27:59.214+07:00 DEBUG 15036 --- [tea-attendance-api] [nio-8080-exec-1] s.w.s.m.m.a.RequestMappingHandlerMapping : Mapped to com.trasua.api.NotificationController#list(Long)
2026-09-14T00:27:59.209+07:00 DEBUG 15036 --- [tea-attendance-api] [nio-8080-exec-8] s.w.s.m.m.a.RequestMappingHandlerMapping : Mapped to com.trasua.api.DrinkCatalogController#list(boolean)
2026-09-14T00:27:59.211+07:00 DEBUG 15036 --- [tea-attendance-api] [nio-8080-exec-7] s.w.s.m.m.a.RequestMappingHandlerMapping : Mapped to com.trasua.api.NotificationController#list(Long)
2026-09-14T00:27:59.213+07:00 DEBUG 15036 --- [tea-attendance-api] [nio-8080-exec-4] s.w.s.m.m.a.RequestMappingHandlerMapping : Mapped to com.trasua.api.DrinkCatalogController#list(boolean)
2026-09-14T00:27:59.216+07:00 DEBUG 15036 --- [tea-attendance-api] [nio-8080-exec-1] o.s.web.servlet.DispatcherServlet        : Completed 200 OK
2026-09-14T00:27:59.218+07:00 DEBUG 15036 --- [tea-attendance-api] [nio-8080-exec-2] o.s.web.servlet.DispatcherServlet        : GET "/api/members", parameters={}
2026-09-14T00:27:59.218+07:00 DEBUG 15036 --- [tea-attendance-api] [nio-8080-exec-8] o.s.web.servlet.DispatcherServlet        : Completed 200 OK
2026-09-14T00:27:59.220+07:00 DEBUG 15036 --- [tea-attendance-api] [nio-8080-exec-7] o.s.web.servlet.DispatcherServlet        : Completed 200 OK
2026-09-14T00:27:59.222+07:00 DEBUG 15036 --- [tea-attendance-api] [nio-8080-exec-3] o.s.web.servlet.DispatcherServlet        : GET "/api/expenses/range?from=2026-09-14&to=2026-09-20", parameters={masked}
2026-09-14T00:27:59.229+07:00 DEBUG 15036 --- [tea-attendance-api] [nio-8080-exec-3] s.w.s.m.m.a.RequestMappingHandlerMapping : Mapped to com.trasua.api.ExpenseController#range(LocalDate, LocalDate)
2026-09-14T00:27:59.222+07:00 DEBUG 15036 --- [tea-attendance-api] [nio-8080-exec-4] o.s.web.servlet.DispatcherServlet        : Completed 200 OK
2026-09-14T00:27:59.224+07:00 DEBUG 15036 --- [tea-attendance-api] [nio-8080-exec-2] s.w.s.m.m.a.RequestMappingHandlerMapping : Mapped to com.trasua.api.MemberController#list(boolean)
2026-09-14T00:27:59.228+07:00 DEBUG 15036 --- [tea-attendance-api] [nio-8080-exec-9] o.s.web.servlet.DispatcherServlet        : GET "/api/chat/messages", parameters={}
2026-09-14T00:27:59.235+07:00 DEBUG 15036 --- [tea-attendance-api] [nio-8080-exec-9] s.w.s.m.m.a.RequestMappingHandlerMapping : Mapped to com.trasua.api.ChatController#list(Instant, int)
2026-09-14T00:27:59.264+07:00 DEBUG 15036 --- [tea-attendance-api] [nio-8080-exec-5] o.s.web.servlet.DispatcherServlet        : GET "/api/notifications?memberId=1", parameters={masked}
2026-09-14T00:27:59.265+07:00 DEBUG 15036 --- [tea-attendance-api] [nio-8080-exec-6] o.s.web.servlet.DispatcherServlet        : GET "/api/drinks", parameters={}
2026-09-14T00:27:59.265+07:00 DEBUG 15036 --- [tea-attendance-api] [nio-8080-exec-5] s.w.s.m.m.a.RequestMappingHandlerMapping : Mapped to com.trasua.api.NotificationController#list(Long)
2026-09-14T00:27:59.266+07:00 DEBUG 15036 --- [tea-attendance-api] [nio-8080-exec-6] s.w.s.m.m.a.RequestMappingHandlerMapping : Mapped to com.trasua.api.DrinkCatalogController#list(boolean)
2026-09-14T00:27:59.272+07:00 DEBUG 15036 --- [tea-attendance-api] [nio-8080-exec-2] org.hibernate.SQL                        : 
    select
        m1_0.id,
        m1_0.account_name,
        m1_0.account_number,
        m1_0.active,
        m1_0.avatar_url,
        m1_0.bank_bin,
        m1_0.bank_name,
        m1_0.created_at,
        m1_0.display_name,
        m1_0.email,
        m1_0.password_hash,
        m1_0.qr_code_url,
        m1_0.reset_code_expires_at,
        m1_0.reset_code_hash,
        m1_0.role,
        m1_0.updated_at 
    from
        members m1_0 
    where
        m1_0.active 
    order by
        m1_0.display_name
2026-09-14T00:27:59.276+07:00 DEBUG 15036 --- [tea-attendance-api] [nio-8080-exec-9] org.hibernate.SQL                        : 
    select
        distinct cm1_0.id,
        cm1_0.content,
        cm1_0.created_at,
        cm1_0.deleted_at,
        rt1_0.id,
        rt1_0.content,
        rt1_0.created_at,
        rt1_0.deleted_at,
        rt1_0.reply_to_message_id,
        rt1_0.sender_member_id,
        s2_0.id,
        s2_0.account_name,
        s2_0.account_number,
        s2_0.active,
        s2_0.avatar_url,
        s2_0.bank_bin,
        s2_0.bank_name,
        s2_0.created_at,
        s2_0.display_name,
        s2_0.email,
        s2_0.password_hash,
        s2_0.qr_code_url,
        s2_0.reset_code_expires_at,
        s2_0.reset_code_hash,
        s2_0.role,
        s2_0.updated_at,
        cm1_0.sender_member_id,
        s1_0.id,
        s1_0.account_name,
        s1_0.account_number,
        s1_0.active,
        s1_0.avatar_url,
        s1_0.bank_bin,
        s1_0.bank_name,
        s1_0.created_at,
        s1_0.display_name,
        s1_0.email,
        s1_0.password_hash,
        s1_0.qr_code_url,
        s1_0.reset_code_expires_at,
        s1_0.reset_code_hash,
        s1_0.role,
        s1_0.updated_at 
    from
        chat_messages cm1_0 
    join
        members s1_0 
            on s1_0.id=cm1_0.sender_member_id 
    left join
        chat_messages rt1_0 
            on rt1_0.id=cm1_0.reply_to_message_id 
    left join
        members s2_0 
            on s2_0.id=rt1_0.sender_member_id 
    order by
        cm1_0.created_at desc 
    limit
        ?
2026-09-14T00:27:59.278+07:00 DEBUG 15036 --- [tea-attendance-api] [nio-8080-exec-3] org.hibernate.SQL                        : 
    select
        distinct do1_0.id,
        do1_0.created_at,
        i1_0.order_id,
        i1_0.id,
        i1_0.consumer_member_id,
        c1_0.id,
        c1_0.account_name,
        c1_0.account_number,
        c1_0.active,
        c1_0.avatar_url,
        c1_0.bank_bin,
        c1_0.bank_name,
        c1_0.created_at,
        c1_0.display_name,
        c1_0.email,
        c1_0.password_hash,
        c1_0.qr_code_url,
        c1_0.reset_code_expires_at,
        c1_0.reset_code_hash,
        c1_0.role,
        c1_0.updated_at,
        i1_0.drink_name,
        i1_0.line_total,
        i1_0.quantity,
        i1_0.unit_price,
        do1_0.note,
        do1_0.order_date,
        do1_0.payer_member_id,
        p1_0.id,
        p1_0.account_name,
        p1_0.account_number,
        p1_0.active,
        p1_0.avatar_url,
        p1_0.bank_bin,
        p1_0.bank_name,
        p1_0.created_at,
        p1_0.display_name,
        p1_0.email,
        p1_0.password_hash,
        p1_0.qr_code_url,
        p1_0.reset_code_expires_at,
        p1_0.reset_code_hash,
        p1_0.role,
        p1_0.updated_at,
        do1_0.total_amount,
        do1_0.updated_at 
    from
        drink_orders do1_0 
    join
        members p1_0 
            on p1_0.id=do1_0.payer_member_id 
    left join
        order_items i1_0 
            on do1_0.id=i1_0.order_id 
    left join
        members c1_0 
            on c1_0.id=i1_0.consumer_member_id 
    where
        do1_0.order_date between ? and ? 
    order by
        do1_0.order_date,
        do1_0.id
2026-09-14T00:27:59.291+07:00 DEBUG 15036 --- [tea-attendance-api] [nio-8080-exec-9] org.hibernate.SQL                        : 
    select
        a1_0.message_id,
        a1_0.id,
        a1_0.byte_size,
        a1_0.content_type,
        a1_0.created_at,
        a1_0.original_filename,
        a1_0.storage_key 
    from
        chat_attachments a1_0 
    where
        a1_0.message_id=? 
    order by
        a1_0.id
2026-09-14T00:27:59.313+07:00 DEBUG 15036 --- [tea-attendance-api] [nio-8080-exec-5] org.hibernate.SQL                        : 
    select
        n1_0.id,
        n1_0.body,
        n1_0.created_at,
        n1_0.read_at,
        n1_0.recipient_member_id,
        r1_0.id,
        r1_0.account_name,
        r1_0.account_number,
        r1_0.active,
        r1_0.avatar_url,
        r1_0.bank_bin,
        r1_0.bank_name,
        r1_0.created_at,
        r1_0.display_name,
        r1_0.email,
        r1_0.password_hash,
        r1_0.qr_code_url,
        r1_0.reset_code_expires_at,
        r1_0.reset_code_hash,
        r1_0.role,
        r1_0.updated_at,
        n1_0.settlement_id,
        n1_0.title,
        n1_0.transfer_id,
        n1_0.type 
    from
        notifications n1_0 
    join
        members r1_0 
            on r1_0.id=n1_0.recipient_member_id 
    where
        r1_0.id=? 
    order by
        n1_0.created_at desc
2026-09-14T00:27:59.314+07:00 DEBUG 15036 --- [tea-attendance-api] [nio-8080-exec-6] org.hibernate.SQL                        : 
    select
        dci1_0.id,
        dci1_0.active,
        dci1_0.created_at,
        dci1_0.icon,
        dci1_0.name,
        dci1_0.price,
        dci1_0.updated_at 
    from
        drink_catalog dci1_0 
    where
        dci1_0.active 
    order by
        dci1_0.name
2026-09-14T00:27:59.314+07:00 DEBUG 15036 --- [tea-attendance-api] [nio-8080-exec-9] org.hibernate.SQL                        : 
    select
        a1_0.message_id,
        a1_0.id,
        a1_0.byte_size,
        a1_0.content_type,
        a1_0.created_at,
        a1_0.original_filename,
        a1_0.storage_key 
    from
        chat_attachments a1_0 
    where
        a1_0.message_id=? 
    order by
        a1_0.id
2026-09-14T00:27:59.326+07:00 DEBUG 15036 --- [tea-attendance-api] [nio-8080-exec-9] org.hibernate.SQL                        : 
    select
        a1_0.message_id,
        a1_0.id,
        a1_0.byte_size,
        a1_0.content_type,
        a1_0.created_at,
        a1_0.original_filename,
        a1_0.storage_key 
    from
        chat_attachments a1_0 
    where
        a1_0.message_id=? 
    order by
        a1_0.id
2026-09-14T00:27:59.372+07:00 DEBUG 15036 --- [tea-attendance-api] [nio-8080-exec-9] org.hibernate.SQL                        : 
    select
        a1_0.message_id,
        a1_0.id,
        a1_0.byte_size,
        a1_0.content_type,
        a1_0.created_at,
        a1_0.original_filename,
        a1_0.storage_key 
    from
        chat_attachments a1_0 
    where
        a1_0.message_id=? 
    order by
        a1_0.id
2026-09-14T00:27:59.373+07:00 DEBUG 15036 --- [tea-attendance-api] [nio-8080-exec-3] m.m.a.RequestResponseBodyMethodProcessor : Using 'application/json', given [*/*] and supported [application/json, application/*+json]
2026-09-14T00:27:59.373+07:00 DEBUG 15036 --- [tea-attendance-api] [nio-8080-exec-2] m.m.a.RequestResponseBodyMethodProcessor : Using 'application/json', given [*/*] and supported [application/json, application/*+json]
2026-09-14T00:27:59.375+07:00 DEBUG 15036 --- [tea-attendance-api] [nio-8080-exec-3] m.m.a.RequestResponseBodyMethodProcessor : Writing [[]]
2026-09-14T00:27:59.376+07:00 DEBUG 15036 --- [tea-attendance-api] [nio-8080-exec-2] m.m.a.RequestResponseBodyMethodProcessor : Writing [[MemberResponse[id=4, displayName=H??ng, email=huong@example.test, bankName=Techcombank, bankBin=970 (truncated)...]
2026-09-14T00:27:59.377+07:00 DEBUG 15036 --- [tea-attendance-api] [nio-8080-exec-3] o.s.web.servlet.DispatcherServlet        : Completed 200 OK
2026-09-14T00:27:59.381+07:00 DEBUG 15036 --- [tea-attendance-api] [nio-8080-exec-2] o.s.web.servlet.DispatcherServlet        : Completed 200 OK
2026-09-14T00:27:59.390+07:00 DEBUG 15036 --- [tea-attendance-api] [nio-8080-exec-6] m.m.a.RequestResponseBodyMethodProcessor : Using 'application/json', given [*/*] and supported [application/json, application/*+json]
2026-09-14T00:27:59.390+07:00 DEBUG 15036 --- [tea-attendance-api] [nio-8080-exec-5] m.m.a.RequestResponseBodyMethodProcessor : Using 'application/json', given [*/*] and supported [application/json, application/*+json]
2026-09-14T00:27:59.390+07:00 DEBUG 15036 --- [tea-attendance-api] [nio-8080-exec-9] org.hibernate.SQL                        : 
    select
        a1_0.message_id,
        a1_0.id,
        a1_0.byte_size,
        a1_0.content_type,
        a1_0.created_at,
        a1_0.original_filename,
        a1_0.storage_key 
    from
        chat_attachments a1_0 
    where
        a1_0.message_id=? 
    order by
        a1_0.id
2026-09-14T00:27:59.391+07:00 DEBUG 15036 --- [tea-attendance-api] [nio-8080-exec-5] m.m.a.RequestResponseBodyMethodProcessor : Writing [[]]
2026-09-14T00:27:59.391+07:00 DEBUG 15036 --- [tea-attendance-api] [nio-8080-exec-6] m.m.a.RequestResponseBodyMethodProcessor : Writing [[DrinkCatalogResponse[id=5, name=Bac xiu, price=22000, icon=?, active=true], DrinkCatalogResponse[i (truncated)...]
2026-09-14T00:27:59.394+07:00 DEBUG 15036 --- [tea-attendance-api] [nio-8080-exec-5] o.s.web.servlet.DispatcherServlet        : Completed 200 OK
2026-09-14T00:27:59.396+07:00 DEBUG 15036 --- [tea-attendance-api] [nio-8080-exec-6] o.s.web.servlet.DispatcherServlet        : Completed 200 OK
2026-09-14T00:27:59.399+07:00 DEBUG 15036 --- [tea-attendance-api] [io-8080-exec-10] o.s.web.servlet.DispatcherServlet        : GET "/api/expenses/range?from=2026-09-14&to=2026-09-20", parameters={masked}
2026-09-14T00:27:59.401+07:00 DEBUG 15036 --- [tea-attendance-api] [io-8080-exec-10] s.w.s.m.m.a.RequestMappingHandlerMapping : Mapped to com.trasua.api.ExpenseController#range(LocalDate, LocalDate)
2026-09-14T00:27:59.402+07:00 DEBUG 15036 --- [tea-attendance-api] [nio-8080-exec-1] o.s.web.servlet.DispatcherServlet        : GET "/api/members", parameters={}
2026-09-14T00:27:59.403+07:00 DEBUG 15036 --- [tea-attendance-api] [nio-8080-exec-1] s.w.s.m.m.a.RequestMappingHandlerMapping : Mapped to com.trasua.api.MemberController#list(boolean)
2026-09-14T00:27:59.431+07:00 DEBUG 15036 --- [tea-attendance-api] [io-8080-exec-10] org.hibernate.SQL                        : 
    select
        distinct do1_0.id,
        do1_0.created_at,
        i1_0.order_id,
        i1_0.id,
        i1_0.consumer_member_id,
        c1_0.id,
        c1_0.account_name,
        c1_0.account_number,
        c1_0.active,
        c1_0.avatar_url,
        c1_0.bank_bin,
        c1_0.bank_name,
        c1_0.created_at,
        c1_0.display_name,
        c1_0.email,
        c1_0.password_hash,
        c1_0.qr_code_url,
        c1_0.reset_code_expires_at,
        c1_0.reset_code_hash,
        c1_0.role,
        c1_0.updated_at,
        i1_0.drink_name,
        i1_0.line_total,
        i1_0.quantity,
        i1_0.unit_price,
        do1_0.note,
        do1_0.order_date,
        do1_0.payer_member_id,
        p1_0.id,
        p1_0.account_name,
        p1_0.account_number,
        p1_0.active,
        p1_0.avatar_url,
        p1_0.bank_bin,
        p1_0.bank_name,
        p1_0.created_at,
        p1_0.display_name,
        p1_0.email,
        p1_0.password_hash,
        p1_0.qr_code_url,
        p1_0.reset_code_expires_at,
        p1_0.reset_code_hash,
        p1_0.role,
        p1_0.updated_at,
        do1_0.total_amount,
        do1_0.updated_at 
    from
        drink_orders do1_0 
    join
        members p1_0 
            on p1_0.id=do1_0.payer_member_id 
    left join
        order_items i1_0 
            on do1_0.id=i1_0.order_id 
    left join
        members c1_0 
            on c1_0.id=i1_0.consumer_member_id 
    where
        do1_0.order_date between ? and ? 
    order by
        do1_0.order_date,
        do1_0.id
2026-09-14T00:27:59.438+07:00 DEBUG 15036 --- [tea-attendance-api] [nio-8080-exec-1] org.hibernate.SQL                        : 
    select
        m1_0.id,
        m1_0.account_name,
        m1_0.account_number,
        m1_0.active,
        m1_0.avatar_url,
        m1_0.bank_bin,
        m1_0.bank_name,
        m1_0.created_at,
        m1_0.display_name,
        m1_0.email,
        m1_0.password_hash,
        m1_0.qr_code_url,
        m1_0.reset_code_expires_at,
        m1_0.reset_code_hash,
        m1_0.role,
        m1_0.updated_at 
    from
        members m1_0 
    where
        m1_0.active 
    order by
        m1_0.display_name
2026-09-14T00:27:59.469+07:00 DEBUG 15036 --- [tea-attendance-api] [nio-8080-exec-8] o.s.web.servlet.DispatcherServlet        : GET "/api/notifications?memberId=1", parameters={masked}
2026-09-14T00:27:59.469+07:00 DEBUG 15036 --- [tea-attendance-api] [nio-8080-exec-7] o.s.web.servlet.DispatcherServlet        : GET "/api/drinks", parameters={}
2026-09-14T00:27:59.477+07:00 DEBUG 15036 --- [tea-attendance-api] [nio-8080-exec-8] s.w.s.m.m.a.RequestMappingHandlerMapping : Mapped to com.trasua.api.NotificationController#list(Long)
2026-09-14T00:27:59.478+07:00 DEBUG 15036 --- [tea-attendance-api] [nio-8080-exec-7] s.w.s.m.m.a.RequestMappingHandlerMapping : Mapped to com.trasua.api.DrinkCatalogController#list(boolean)
2026-09-14T00:27:59.496+07:00 DEBUG 15036 --- [tea-attendance-api] [nio-8080-exec-9] m.m.a.RequestResponseBodyMethodProcessor : Using 'application/json', given [*/*] and supported [application/json, application/*+json]
2026-09-14T00:27:59.499+07:00 DEBUG 15036 --- [tea-attendance-api] [nio-8080-exec-9] m.m.a.RequestResponseBodyMethodProcessor : Writing [[ChatMessageResponse[id=2, sender=MemberBriefResponse[id=1, displayName=Minh Anh, avatarUrl=null], c (truncated)...]
2026-09-14T00:27:59.503+07:00 DEBUG 15036 --- [tea-attendance-api] [nio-8080-exec-9] o.s.web.servlet.DispatcherServlet        : Completed 200 OK
2026-09-14T00:27:59.523+07:00 DEBUG 15036 --- [tea-attendance-api] [nio-8080-exec-8] org.hibernate.SQL                        : 
    select
        n1_0.id,
        n1_0.body,
        n1_0.created_at,
        n1_0.read_at,
        n1_0.recipient_member_id,
        r1_0.id,
        r1_0.account_name,
        r1_0.account_number,
        r1_0.active,
        r1_0.avatar_url,
        r1_0.bank_bin,
        r1_0.bank_name,
        r1_0.created_at,
        r1_0.display_name,
        r1_0.email,
        r1_0.password_hash,
        r1_0.qr_code_url,
        r1_0.reset_code_expires_at,
        r1_0.reset_code_hash,
        r1_0.role,
        r1_0.updated_at,
        n1_0.settlement_id,
        n1_0.title,
        n1_0.transfer_id,
        n1_0.type 
    from
        notifications n1_0 
    join
        members r1_0 
            on r1_0.id=n1_0.recipient_member_id 
    where
        r1_0.id=? 
    order by
        n1_0.created_at desc
2026-09-14T00:27:59.524+07:00 DEBUG 15036 --- [tea-attendance-api] [nio-8080-exec-4] o.s.web.servlet.DispatcherServlet        : GET "/api/chat/messages", parameters={}
2026-09-14T00:27:59.529+07:00 DEBUG 15036 --- [tea-attendance-api] [nio-8080-exec-7] org.hibernate.SQL                        : 
    select
        dci1_0.id,
        dci1_0.active,
        dci1_0.created_at,
        dci1_0.icon,
        dci1_0.name,
        dci1_0.price,
        dci1_0.updated_at 
    from
        drink_catalog dci1_0 
    where
        dci1_0.active 
    order by
        dci1_0.name
2026-09-14T00:27:59.529+07:00 DEBUG 15036 --- [tea-attendance-api] [io-8080-exec-10] m.m.a.RequestResponseBodyMethodProcessor : Using 'application/json', given [*/*] and supported [application/json, application/*+json]
2026-09-14T00:27:59.529+07:00 DEBUG 15036 --- [tea-attendance-api] [nio-8080-exec-4] s.w.s.m.m.a.RequestMappingHandlerMapping : Mapped to com.trasua.api.ChatController#list(Instant, int)
2026-09-14T00:27:59.532+07:00 DEBUG 15036 --- [tea-attendance-api] [io-8080-exec-10] m.m.a.RequestResponseBodyMethodProcessor : Writing [[]]
2026-09-14T00:27:59.531+07:00 DEBUG 15036 --- [tea-attendance-api] [nio-8080-exec-1] m.m.a.RequestResponseBodyMethodProcessor : Using 'application/json', given [*/*] and supported [application/json, application/*+json]
2026-09-14T00:27:59.540+07:00 DEBUG 15036 --- [tea-attendance-api] [nio-8080-exec-1] m.m.a.RequestResponseBodyMethodProcessor : Writing [[MemberResponse[id=4, displayName=H??ng, email=huong@example.test, bankName=Techcombank, bankBin=970 (truncated)...]
2026-09-14T00:27:59.540+07:00 DEBUG 15036 --- [tea-attendance-api] [io-8080-exec-10] o.s.web.servlet.DispatcherServlet        : Completed 200 OK
2026-09-14T00:27:59.545+07:00 DEBUG 15036 --- [tea-attendance-api] [nio-8080-exec-1] o.s.web.servlet.DispatcherServlet        : Completed 200 OK
2026-09-14T00:27:59.561+07:00 DEBUG 15036 --- [tea-attendance-api] [nio-8080-exec-4] org.hibernate.SQL                        : 
    select
        distinct cm1_0.id,
        cm1_0.content,
        cm1_0.created_at,
        cm1_0.deleted_at,
        rt1_0.id,
        rt1_0.content,
        rt1_0.created_at,
        rt1_0.deleted_at,
        rt1_0.reply_to_message_id,
        rt1_0.sender_member_id,
        s2_0.id,
        s2_0.account_name,
        s2_0.account_number,
        s2_0.active,
        s2_0.avatar_url,
        s2_0.bank_bin,
        s2_0.bank_name,
        s2_0.created_at,
        s2_0.display_name,
        s2_0.email,
        s2_0.password_hash,
        s2_0.qr_code_url,
        s2_0.reset_code_expires_at,
        s2_0.reset_code_hash,
        s2_0.role,
        s2_0.updated_at,
        cm1_0.sender_member_id,
        s1_0.id,
        s1_0.account_name,
        s1_0.account_number,
        s1_0.active,
        s1_0.avatar_url,
        s1_0.bank_bin,
        s1_0.bank_name,
        s1_0.created_at,
        s1_0.display_name,
        s1_0.email,
        s1_0.password_hash,
        s1_0.qr_code_url,
        s1_0.reset_code_expires_at,
        s1_0.reset_code_hash,
        s1_0.role,
        s1_0.updated_at 
    from
        chat_messages cm1_0 
    join
        members s1_0 
            on s1_0.id=cm1_0.sender_member_id 
    left join
        chat_messages rt1_0 
            on rt1_0.id=cm1_0.reply_to_message_id 
    left join
        members s2_0 
            on s2_0.id=rt1_0.sender_member_id 
    order by
        cm1_0.created_at desc 
    limit
        ?
2026-09-14T00:27:59.579+07:00 DEBUG 15036 --- [tea-attendance-api] [nio-8080-exec-8] m.m.a.RequestResponseBodyMethodProcessor : Using 'application/json', given [*/*] and supported [application/json, application/*+json]
2026-09-14T00:27:59.583+07:00 DEBUG 15036 --- [tea-attendance-api] [nio-8080-exec-8] m.m.a.RequestResponseBodyMethodProcessor : Writing [[]]
2026-09-14T00:27:59.585+07:00 DEBUG 15036 --- [tea-attendance-api] [nio-8080-exec-4] org.hibernate.SQL                        : 
    select
        a1_0.message_id,
        a1_0.id,
        a1_0.byte_size,
        a1_0.content_type,
        a1_0.created_at,
        a1_0.original_filename,
        a1_0.storage_key 
    from
        chat_attachments a1_0 
    where
        a1_0.message_id=? 
    order by
        a1_0.id
2026-09-14T00:27:59.586+07:00 DEBUG 15036 --- [tea-attendance-api] [nio-8080-exec-8] o.s.web.servlet.DispatcherServlet        : Completed 200 OK
2026-09-14T00:27:59.589+07:00 DEBUG 15036 --- [tea-attendance-api] [nio-8080-exec-7] m.m.a.RequestResponseBodyMethodProcessor : Using 'application/json', given [*/*] and supported [application/json, application/*+json]
2026-09-14T00:27:59.591+07:00 DEBUG 15036 --- [tea-attendance-api] [nio-8080-exec-7] m.m.a.RequestResponseBodyMethodProcessor : Writing [[DrinkCatalogResponse[id=5, name=Bac xiu, price=22000, icon=?, active=true], DrinkCatalogResponse[i (truncated)...]
2026-09-14T00:27:59.592+07:00 DEBUG 15036 --- [tea-attendance-api] [nio-8080-exec-4] org.hibernate.SQL                        : 
    select
        a1_0.message_id,
        a1_0.id,
        a1_0.byte_size,
        a1_0.content_type,
        a1_0.created_at,
        a1_0.original_filename,
        a1_0.storage_key 
    from
        chat_attachments a1_0 
    where
        a1_0.message_id=? 
    order by
        a1_0.id
2026-09-14T00:27:59.593+07:00 DEBUG 15036 --- [tea-attendance-api] [nio-8080-exec-7] o.s.web.servlet.DispatcherServlet        : Completed 200 OK
2026-09-14T00:27:59.627+07:00 DEBUG 15036 --- [tea-attendance-api] [nio-8080-exec-4] org.hibernate.SQL                        : 
    select
        a1_0.message_id,
        a1_0.id,
        a1_0.byte_size,
        a1_0.content_type,
        a1_0.created_at,
        a1_0.original_filename,
        a1_0.storage_key 
    from
        chat_attachments a1_0 
    where
        a1_0.message_id=? 
    order by
        a1_0.id
2026-09-14T00:27:59.678+07:00 DEBUG 15036 --- [tea-attendance-api] [nio-8080-exec-4] org.hibernate.SQL                        : 
    select
        a1_0.message_id,
        a1_0.id,
        a1_0.byte_size,
        a1_0.content_type,
        a1_0.created_at,
        a1_0.original_filename,
        a1_0.storage_key 
    from
        chat_attachments a1_0 
    where
        a1_0.message_id=? 
    order by
        a1_0.id
2026-09-14T00:27:59.686+07:00 DEBUG 15036 --- [tea-attendance-api] [nio-8080-exec-4] org.hibernate.SQL                        : 
    select
        a1_0.message_id,
        a1_0.id,
        a1_0.byte_size,
        a1_0.content_type,
        a1_0.created_at,
        a1_0.original_filename,
        a1_0.storage_key 
    from
        chat_attachments a1_0 
    where
        a1_0.message_id=? 
    order by
        a1_0.id
2026-09-14T00:27:59.720+07:00 DEBUG 15036 --- [tea-attendance-api] [nio-8080-exec-4] m.m.a.RequestResponseBodyMethodProcessor : Using 'application/json', given [*/*] and supported [application/json, application/*+json]
2026-09-14T00:27:59.722+07:00 DEBUG 15036 --- [tea-attendance-api] [nio-8080-exec-4] m.m.a.RequestResponseBodyMethodProcessor : Writing [[ChatMessageResponse[id=2, sender=MemberBriefResponse[id=1, displayName=Minh Anh, avatarUrl=null], c (truncated)...]
2026-09-14T00:27:59.725+07:00 DEBUG 15036 --- [tea-attendance-api] [nio-8080-exec-4] o.s.web.servlet.DispatcherServlet        : Completed 200 OK
2026-09-14T00:28:00.018+07:00 DEBUG 15036 --- [tea-attendance-api] [MessageBroker-1] org.hibernate.SQL                        : 
    select
        wns1_0.id,
        wns1_0.creditor_body,
        wns1_0.creditor_title,
        wns1_0.debtor_body,
        wns1_0.debtor_title,
        wns1_0.send_day,
        wns1_0.send_time,
        wns1_0.updated_at 
    from
        weekly_notification_settings wns1_0 
    where
        wns1_0.id=?
2026-09-14T00:28:13.902+07:00 DEBUG 15036 --- [tea-attendance-api] [nio-8080-exec-2] o.s.web.servlet.DispatcherServlet        : GET "/api/drinks", parameters={}
2026-09-14T00:28:13.902+07:00 DEBUG 15036 --- [tea-attendance-api] [nio-8080-exec-3] o.s.web.servlet.DispatcherServlet        : GET "/api/members", parameters={}
2026-09-14T00:28:13.903+07:00 DEBUG 15036 --- [tea-attendance-api] [nio-8080-exec-5] o.s.web.servlet.DispatcherServlet        : GET "/api/expenses/range?from=2026-09-14&to=2026-09-20", parameters={masked}
2026-09-14T00:28:13.903+07:00 DEBUG 15036 --- [tea-attendance-api] [nio-8080-exec-6] o.s.web.servlet.DispatcherServlet        : GET "/api/chat/messages", parameters={}
2026-09-14T00:28:13.903+07:00 DEBUG 15036 --- [tea-attendance-api] [nio-8080-exec-9] o.s.web.servlet.DispatcherServlet        : GET "/api/notifications?memberId=1", parameters={masked}
2026-09-14T00:28:13.903+07:00 DEBUG 15036 --- [tea-attendance-api] [nio-8080-exec-2] s.w.s.m.m.a.RequestMappingHandlerMapping : Mapped to com.trasua.api.DrinkCatalogController#list(boolean)
2026-09-14T00:28:13.904+07:00 DEBUG 15036 --- [tea-attendance-api] [nio-8080-exec-3] s.w.s.m.m.a.RequestMappingHandlerMapping : Mapped to com.trasua.api.MemberController#list(boolean)
2026-09-14T00:28:13.904+07:00 DEBUG 15036 --- [tea-attendance-api] [nio-8080-exec-5] s.w.s.m.m.a.RequestMappingHandlerMapping : Mapped to com.trasua.api.ExpenseController#range(LocalDate, LocalDate)
2026-09-14T00:28:13.904+07:00 DEBUG 15036 --- [tea-attendance-api] [nio-8080-exec-6] s.w.s.m.m.a.RequestMappingHandlerMapping : Mapped to com.trasua.api.ChatController#list(Instant, int)
2026-09-14T00:28:13.905+07:00 DEBUG 15036 --- [tea-attendance-api] [nio-8080-exec-9] s.w.s.m.m.a.RequestMappingHandlerMapping : Mapped to com.trasua.api.NotificationController#list(Long)
2026-09-14T00:28:13.916+07:00 DEBUG 15036 --- [tea-attendance-api] [nio-8080-exec-6] org.hibernate.SQL                        : 
    select
        distinct cm1_0.id,
        cm1_0.content,
        cm1_0.created_at,
        cm1_0.deleted_at,
        rt1_0.id,
        rt1_0.content,
        rt1_0.created_at,
        rt1_0.deleted_at,
        rt1_0.reply_to_message_id,
        rt1_0.sender_member_id,
        s2_0.id,
        s2_0.account_name,
        s2_0.account_number,
        s2_0.active,
        s2_0.avatar_url,
        s2_0.bank_bin,
        s2_0.bank_name,
        s2_0.created_at,
        s2_0.display_name,
        s2_0.email,
        s2_0.password_hash,
        s2_0.qr_code_url,
        s2_0.reset_code_expires_at,
        s2_0.reset_code_hash,
        s2_0.role,
        s2_0.updated_at,
        cm1_0.sender_member_id,
        s1_0.id,
        s1_0.account_name,
        s1_0.account_number,
        s1_0.active,
        s1_0.avatar_url,
        s1_0.bank_bin,
        s1_0.bank_name,
        s1_0.created_at,
        s1_0.display_name,
        s1_0.email,
        s1_0.password_hash,
        s1_0.qr_code_url,
        s1_0.reset_code_expires_at,
        s1_0.reset_code_hash,
        s1_0.role,
        s1_0.updated_at 
    from
        chat_messages cm1_0 
    join
        members s1_0 
            on s1_0.id=cm1_0.sender_member_id 
    left join
        chat_messages rt1_0 
            on rt1_0.id=cm1_0.reply_to_message_id 
    left join
        members s2_0 
            on s2_0.id=rt1_0.sender_member_id 
    order by
        cm1_0.created_at desc 
    limit
        ?
2026-09-14T00:28:13.916+07:00 DEBUG 15036 --- [tea-attendance-api] [nio-8080-exec-2] org.hibernate.SQL                        : 
    select
        dci1_0.id,
        dci1_0.active,
        dci1_0.created_at,
        dci1_0.icon,
        dci1_0.name,
        dci1_0.price,
        dci1_0.updated_at 
    from
        drink_catalog dci1_0 
    where
        dci1_0.active 
    order by
        dci1_0.name
2026-09-14T00:28:13.917+07:00 DEBUG 15036 --- [tea-attendance-api] [nio-8080-exec-3] org.hibernate.SQL                        : 
    select
        m1_0.id,
        m1_0.account_name,
        m1_0.account_number,
        m1_0.active,
        m1_0.avatar_url,
        m1_0.bank_bin,
        m1_0.bank_name,
        m1_0.created_at,
        m1_0.display_name,
        m1_0.email,
        m1_0.password_hash,
        m1_0.qr_code_url,
        m1_0.reset_code_expires_at,
        m1_0.reset_code_hash,
        m1_0.role,
        m1_0.updated_at 
    from
        members m1_0 
    where
        m1_0.active 
    order by
        m1_0.display_name
2026-09-14T00:28:13.919+07:00 DEBUG 15036 --- [tea-attendance-api] [nio-8080-exec-9] org.hibernate.SQL                        : 
    select
        n1_0.id,
        n1_0.body,
        n1_0.created_at,
        n1_0.read_at,
        n1_0.recipient_member_id,
        r1_0.id,
        r1_0.account_name,
        r1_0.account_number,
        r1_0.active,
        r1_0.avatar_url,
        r1_0.bank_bin,
        r1_0.bank_name,
        r1_0.created_at,
        r1_0.display_name,
        r1_0.email,
        r1_0.password_hash,
        r1_0.qr_code_url,
        r1_0.reset_code_expires_at,
        r1_0.reset_code_hash,
        r1_0.role,
        r1_0.updated_at,
        n1_0.settlement_id,
        n1_0.title,
        n1_0.transfer_id,
        n1_0.type 
    from
        notifications n1_0 
    join
        members r1_0 
            on r1_0.id=n1_0.recipient_member_id 
    where
        r1_0.id=? 
    order by
        n1_0.created_at desc
2026-09-14T00:28:13.919+07:00 DEBUG 15036 --- [tea-attendance-api] [nio-8080-exec-5] org.hibernate.SQL                        : 
    select
        distinct do1_0.id,
        do1_0.created_at,
        i1_0.order_id,
        i1_0.id,
        i1_0.consumer_member_id,
        c1_0.id,
        c1_0.account_name,
        c1_0.account_number,
        c1_0.active,
        c1_0.avatar_url,
        c1_0.bank_bin,
        c1_0.bank_name,
        c1_0.created_at,
        c1_0.display_name,
        c1_0.email,
        c1_0.password_hash,
        c1_0.qr_code_url,
        c1_0.reset_code_expires_at,
        c1_0.reset_code_hash,
        c1_0.role,
        c1_0.updated_at,
        i1_0.drink_name,
        i1_0.line_total,
        i1_0.quantity,
        i1_0.unit_price,
        do1_0.note,
        do1_0.order_date,
        do1_0.payer_member_id,
        p1_0.id,
        p1_0.account_name,
        p1_0.account_number,
        p1_0.active,
        p1_0.avatar_url,
        p1_0.bank_bin,
        p1_0.bank_name,
        p1_0.created_at,
        p1_0.display_name,
        p1_0.email,
        p1_0.password_hash,
        p1_0.qr_code_url,
        p1_0.reset_code_expires_at,
        p1_0.reset_code_hash,
        p1_0.role,
        p1_0.updated_at,
        do1_0.total_amount,
        do1_0.updated_at 
    from
        drink_orders do1_0 
    join
        members p1_0 
            on p1_0.id=do1_0.payer_member_id 
    left join
        order_items i1_0 
            on do1_0.id=i1_0.order_id 
    left join
        members c1_0 
            on c1_0.id=i1_0.consumer_member_id 
    where
        do1_0.order_date between ? and ? 
    order by
        do1_0.order_date,
        do1_0.id
2026-09-14T00:28:13.923+07:00 DEBUG 15036 --- [tea-attendance-api] [nio-8080-exec-6] org.hibernate.SQL                        : 
    select
        a1_0.message_id,
        a1_0.id,
        a1_0.byte_size,
        a1_0.content_type,
        a1_0.created_at,
        a1_0.original_filename,
        a1_0.storage_key 
    from
        chat_attachments a1_0 
    where
        a1_0.message_id=? 
    order by
        a1_0.id
2026-09-14T00:28:13.928+07:00 DEBUG 15036 --- [tea-attendance-api] [nio-8080-exec-6] org.hibernate.SQL                        : 
    select
        a1_0.message_id,
        a1_0.id,
        a1_0.byte_size,
        a1_0.content_type,
        a1_0.created_at,
        a1_0.original_filename,
        a1_0.storage_key 
    from
        chat_attachments a1_0 
    where
        a1_0.message_id=? 
    order by
        a1_0.id
2026-09-14T00:28:13.931+07:00 DEBUG 15036 --- [tea-attendance-api] [nio-8080-exec-2] m.m.a.RequestResponseBodyMethodProcessor : Using 'application/json', given [*/*] and supported [application/json, application/*+json]
2026-09-14T00:28:13.931+07:00 DEBUG 15036 --- [tea-attendance-api] [nio-8080-exec-9] m.m.a.RequestResponseBodyMethodProcessor : Using 'application/json', given [*/*] and supported [application/json, application/*+json]
2026-09-14T00:28:13.932+07:00 DEBUG 15036 --- [tea-attendance-api] [nio-8080-exec-9] m.m.a.RequestResponseBodyMethodProcessor : Writing [[]]
2026-09-14T00:28:13.933+07:00 DEBUG 15036 --- [tea-attendance-api] [nio-8080-exec-6] org.hibernate.SQL                        : 
    select
        a1_0.message_id,
        a1_0.id,
        a1_0.byte_size,
        a1_0.content_type,
        a1_0.created_at,
        a1_0.original_filename,
        a1_0.storage_key 
    from
        chat_attachments a1_0 
    where
        a1_0.message_id=? 
    order by
        a1_0.id
2026-09-14T00:28:13.932+07:00 DEBUG 15036 --- [tea-attendance-api] [nio-8080-exec-2] m.m.a.RequestResponseBodyMethodProcessor : Writing [[DrinkCatalogResponse[id=5, name=Bac xiu, price=22000, icon=?, active=true], DrinkCatalogResponse[i (truncated)...]
2026-09-14T00:28:13.934+07:00 DEBUG 15036 --- [tea-attendance-api] [nio-8080-exec-9] o.s.web.servlet.DispatcherServlet        : Completed 200 OK
2026-09-14T00:28:13.934+07:00 DEBUG 15036 --- [tea-attendance-api] [nio-8080-exec-5] m.m.a.RequestResponseBodyMethodProcessor : Using 'application/json', given [*/*] and supported [application/json, application/*+json]
2026-09-14T00:28:13.934+07:00 DEBUG 15036 --- [tea-attendance-api] [nio-8080-exec-3] m.m.a.RequestResponseBodyMethodProcessor : Using 'application/json', given [*/*] and supported [application/json, application/*+json]
2026-09-14T00:28:13.935+07:00 DEBUG 15036 --- [tea-attendance-api] [nio-8080-exec-2] o.s.web.servlet.DispatcherServlet        : Completed 200 OK
2026-09-14T00:28:13.935+07:00 DEBUG 15036 --- [tea-attendance-api] [nio-8080-exec-5] m.m.a.RequestResponseBodyMethodProcessor : Writing [[]]
2026-09-14T00:28:13.937+07:00 DEBUG 15036 --- [tea-attendance-api] [nio-8080-exec-3] m.m.a.RequestResponseBodyMethodProcessor : Writing [[MemberResponse[id=4, displayName=H??ng, email=huong@example.test, bankName=Techcombank, bankBin=970 (truncated)...]
2026-09-14T00:28:13.937+07:00 DEBUG 15036 --- [tea-attendance-api] [nio-8080-exec-5] o.s.web.servlet.DispatcherServlet        : Completed 200 OK
2026-09-14T00:28:13.938+07:00 DEBUG 15036 --- [tea-attendance-api] [nio-8080-exec-6] org.hibernate.SQL                        : 
    select
        a1_0.message_id,
        a1_0.id,
        a1_0.byte_size,
        a1_0.content_type,
        a1_0.created_at,
        a1_0.original_filename,
        a1_0.storage_key 
    from
        chat_attachments a1_0 
    where
        a1_0.message_id=? 
    order by
        a1_0.id
2026-09-14T00:28:13.939+07:00 DEBUG 15036 --- [tea-attendance-api] [nio-8080-exec-3] o.s.web.servlet.DispatcherServlet        : Completed 200 OK
2026-09-14T00:28:13.943+07:00 DEBUG 15036 --- [tea-attendance-api] [nio-8080-exec-6] org.hibernate.SQL                        : 
    select
        a1_0.message_id,
        a1_0.id,
        a1_0.byte_size,
        a1_0.content_type,
        a1_0.created_at,
        a1_0.original_filename,
        a1_0.storage_key 
    from
        chat_attachments a1_0 
    where
        a1_0.message_id=? 
    order by
        a1_0.id
2026-09-14T00:28:13.952+07:00 DEBUG 15036 --- [tea-attendance-api] [nio-8080-exec-6] m.m.a.RequestResponseBodyMethodProcessor : Using 'application/json', given [*/*] and supported [application/json, application/*+json]
2026-09-14T00:28:13.953+07:00 DEBUG 15036 --- [tea-attendance-api] [nio-8080-exec-6] m.m.a.RequestResponseBodyMethodProcessor : Writing [[ChatMessageResponse[id=2, sender=MemberBriefResponse[id=1, displayName=Minh Anh, avatarUrl=null], c (truncated)...]
2026-09-14T00:28:13.955+07:00 DEBUG 15036 --- [tea-attendance-api] [nio-8080-exec-6] o.s.web.servlet.DispatcherServlet        : Completed 200 OK
2026-09-14T00:28:14.193+07:00 DEBUG 15036 --- [tea-attendance-api] [nio-8080-exec-1] o.s.web.servlet.DispatcherServlet        : GET "/api/drinks", parameters={}
2026-09-14T00:28:14.194+07:00 DEBUG 15036 --- [tea-attendance-api] [nio-8080-exec-4] o.s.web.servlet.DispatcherServlet        : GET "/api/notifications?memberId=1", parameters={masked}
2026-09-14T00:28:14.194+07:00 DEBUG 15036 --- [tea-attendance-api] [nio-8080-exec-1] s.w.s.m.m.a.RequestMappingHandlerMapping : Mapped to com.trasua.api.DrinkCatalogController#list(boolean)
2026-09-14T00:28:14.193+07:00 DEBUG 15036 --- [tea-attendance-api] [io-8080-exec-10] o.s.web.servlet.DispatcherServlet        : GET "/api/members", parameters={}
2026-09-14T00:28:14.194+07:00 DEBUG 15036 --- [tea-attendance-api] [nio-8080-exec-8] o.s.web.servlet.DispatcherServlet        : GET "/api/expenses/range?from=2026-09-14&to=2026-09-20", parameters={masked}
2026-09-14T00:28:14.194+07:00 DEBUG 15036 --- [tea-attendance-api] [nio-8080-exec-7] o.s.web.servlet.DispatcherServlet        : GET "/api/chat/messages", parameters={}
2026-09-14T00:28:14.196+07:00 DEBUG 15036 --- [tea-attendance-api] [nio-8080-exec-8] s.w.s.m.m.a.RequestMappingHandlerMapping : Mapped to com.trasua.api.ExpenseController#range(LocalDate, LocalDate)
2026-09-14T00:28:14.195+07:00 DEBUG 15036 --- [tea-attendance-api] [nio-8080-exec-4] s.w.s.m.m.a.RequestMappingHandlerMapping : Mapped to com.trasua.api.NotificationController#list(Long)
2026-09-14T00:28:14.195+07:00 DEBUG 15036 --- [tea-attendance-api] [io-8080-exec-10] s.w.s.m.m.a.RequestMappingHandlerMapping : Mapped to com.trasua.api.MemberController#list(boolean)
2026-09-14T00:28:14.196+07:00 DEBUG 15036 --- [tea-attendance-api] [nio-8080-exec-7] s.w.s.m.m.a.RequestMappingHandlerMapping : Mapped to com.trasua.api.ChatController#list(Instant, int)
2026-09-14T00:28:14.202+07:00 DEBUG 15036 --- [tea-attendance-api] [nio-8080-exec-1] org.hibernate.SQL                        : 
    select
        dci1_0.id,
        dci1_0.active,
        dci1_0.created_at,
        dci1_0.icon,
        dci1_0.name,
        dci1_0.price,
        dci1_0.updated_at 
    from
        drink_catalog dci1_0 
    where
        dci1_0.active 
    order by
        dci1_0.name
2026-09-14T00:28:14.203+07:00 DEBUG 15036 --- [tea-attendance-api] [nio-8080-exec-4] org.hibernate.SQL                        : 
    select
        n1_0.id,
        n1_0.body,
        n1_0.created_at,
        n1_0.read_at,
        n1_0.recipient_member_id,
        r1_0.id,
        r1_0.account_name,
        r1_0.account_number,
        r1_0.active,
        r1_0.avatar_url,
        r1_0.bank_bin,
        r1_0.bank_name,
        r1_0.created_at,
        r1_0.display_name,
        r1_0.email,
        r1_0.password_hash,
        r1_0.qr_code_url,
        r1_0.reset_code_expires_at,
        r1_0.reset_code_hash,
        r1_0.role,
        r1_0.updated_at,
        n1_0.settlement_id,
        n1_0.title,
        n1_0.transfer_id,
        n1_0.type 
    from
        notifications n1_0 
    join
        members r1_0 
            on r1_0.id=n1_0.recipient_member_id 
    where
        r1_0.id=? 
    order by
        n1_0.created_at desc
2026-09-14T00:28:14.205+07:00 DEBUG 15036 --- [tea-attendance-api] [io-8080-exec-10] org.hibernate.SQL                        : 
    select
        m1_0.id,
        m1_0.account_name,
        m1_0.account_number,
        m1_0.active,
        m1_0.avatar_url,
        m1_0.bank_bin,
        m1_0.bank_name,
        m1_0.created_at,
        m1_0.display_name,
        m1_0.email,
        m1_0.password_hash,
        m1_0.qr_code_url,
        m1_0.reset_code_expires_at,
        m1_0.reset_code_hash,
        m1_0.role,
        m1_0.updated_at 
    from
        members m1_0 
    where
        m1_0.active 
    order by
        m1_0.display_name
2026-09-14T00:28:14.207+07:00 DEBUG 15036 --- [tea-attendance-api] [nio-8080-exec-7] org.hibernate.SQL                        : 
    select
        distinct cm1_0.id,
        cm1_0.content,
        cm1_0.created_at,
        cm1_0.deleted_at,
        rt1_0.id,
        rt1_0.content,
        rt1_0.created_at,
        rt1_0.deleted_at,
        rt1_0.reply_to_message_id,
        rt1_0.sender_member_id,
        s2_0.id,
        s2_0.account_name,
        s2_0.account_number,
        s2_0.active,
        s2_0.avatar_url,
        s2_0.bank_bin,
        s2_0.bank_name,
        s2_0.created_at,
        s2_0.display_name,
        s2_0.email,
        s2_0.password_hash,
        s2_0.qr_code_url,
        s2_0.reset_code_expires_at,
        s2_0.reset_code_hash,
        s2_0.role,
        s2_0.updated_at,
        cm1_0.sender_member_id,
        s1_0.id,
        s1_0.account_name,
        s1_0.account_number,
        s1_0.active,
        s1_0.avatar_url,
        s1_0.bank_bin,
        s1_0.bank_name,
        s1_0.created_at,
        s1_0.display_name,
        s1_0.email,
        s1_0.password_hash,
        s1_0.qr_code_url,
        s1_0.reset_code_expires_at,
        s1_0.reset_code_hash,
        s1_0.role,
        s1_0.updated_at 
    from
        chat_messages cm1_0 
    join
        members s1_0 
            on s1_0.id=cm1_0.sender_member_id 
    left join
        chat_messages rt1_0 
            on rt1_0.id=cm1_0.reply_to_message_id 
    left join
        members s2_0 
            on s2_0.id=rt1_0.sender_member_id 
    order by
        cm1_0.created_at desc 
    limit
        ?
2026-09-14T00:28:14.213+07:00 DEBUG 15036 --- [tea-attendance-api] [nio-8080-exec-8] org.hibernate.SQL                        : 
    select
        distinct do1_0.id,
        do1_0.created_at,
        i1_0.order_id,
        i1_0.id,
        i1_0.consumer_member_id,
        c1_0.id,
        c1_0.account_name,
        c1_0.account_number,
        c1_0.active,
        c1_0.avatar_url,
        c1_0.bank_bin,
        c1_0.bank_name,
        c1_0.created_at,
        c1_0.display_name,
        c1_0.email,
        c1_0.password_hash,
        c1_0.qr_code_url,
        c1_0.reset_code_expires_at,
        c1_0.reset_code_hash,
        c1_0.role,
        c1_0.updated_at,
        i1_0.drink_name,
        i1_0.line_total,
        i1_0.quantity,
        i1_0.unit_price,
        do1_0.note,
        do1_0.order_date,
        do1_0.payer_member_id,
        p1_0.id,
        p1_0.account_name,
        p1_0.account_number,
        p1_0.active,
        p1_0.avatar_url,
        p1_0.bank_bin,
        p1_0.bank_name,
        p1_0.created_at,
        p1_0.display_name,
        p1_0.email,
        p1_0.password_hash,
        p1_0.qr_code_url,
        p1_0.reset_code_expires_at,
        p1_0.reset_code_hash,
        p1_0.role,
        p1_0.updated_at,
        do1_0.total_amount,
        do1_0.updated_at 
    from
        drink_orders do1_0 
    join
        members p1_0 
            on p1_0.id=do1_0.payer_member_id 
    left join
        order_items i1_0 
            on do1_0.id=i1_0.order_id 
    left join
        members c1_0 
            on c1_0.id=i1_0.consumer_member_id 
    where
        do1_0.order_date between ? and ? 
    order by
        do1_0.order_date,
        do1_0.id
2026-09-14T00:28:14.215+07:00 DEBUG 15036 --- [tea-attendance-api] [nio-8080-exec-7] org.hibernate.SQL                        : 
    select
        a1_0.message_id,
        a1_0.id,
        a1_0.byte_size,
        a1_0.content_type,
        a1_0.created_at,
        a1_0.original_filename,
        a1_0.storage_key 
    from
        chat_attachments a1_0 
    where
        a1_0.message_id=? 
    order by
        a1_0.id
2026-09-14T00:28:14.216+07:00 DEBUG 15036 --- [tea-attendance-api] [nio-8080-exec-1] m.m.a.RequestResponseBodyMethodProcessor : Using 'application/json', given [*/*] and supported [application/json, application/*+json]
2026-09-14T00:28:14.217+07:00 DEBUG 15036 --- [tea-attendance-api] [nio-8080-exec-1] m.m.a.RequestResponseBodyMethodProcessor : Writing [[DrinkCatalogResponse[id=5, name=Bac xiu, price=22000, icon=?, active=true], DrinkCatalogResponse[i (truncated)...]
2026-09-14T00:28:14.219+07:00 DEBUG 15036 --- [tea-attendance-api] [nio-8080-exec-4] m.m.a.RequestResponseBodyMethodProcessor : Using 'application/json', given [*/*] and supported [application/json, application/*+json]
2026-09-14T00:28:14.220+07:00 DEBUG 15036 --- [tea-attendance-api] [nio-8080-exec-1] o.s.web.servlet.DispatcherServlet        : Completed 200 OK
2026-09-14T00:28:14.221+07:00 DEBUG 15036 --- [tea-attendance-api] [nio-8080-exec-4] m.m.a.RequestResponseBodyMethodProcessor : Writing [[]]
2026-09-14T00:28:14.221+07:00 DEBUG 15036 --- [tea-attendance-api] [nio-8080-exec-7] org.hibernate.SQL                        : 
    select
        a1_0.message_id,
        a1_0.id,
        a1_0.byte_size,
        a1_0.content_type,
        a1_0.created_at,
        a1_0.original_filename,
        a1_0.storage_key 
    from
        chat_attachments a1_0 
    where
        a1_0.message_id=? 
    order by
        a1_0.id
2026-09-14T00:28:14.222+07:00 DEBUG 15036 --- [tea-attendance-api] [io-8080-exec-10] m.m.a.RequestResponseBodyMethodProcessor : Using 'application/json', given [*/*] and supported [application/json, application/*+json]
2026-09-14T00:28:14.223+07:00 DEBUG 15036 --- [tea-attendance-api] [nio-8080-exec-4] o.s.web.servlet.DispatcherServlet        : Completed 200 OK
2026-09-14T00:28:14.225+07:00 DEBUG 15036 --- [tea-attendance-api] [io-8080-exec-10] m.m.a.RequestResponseBodyMethodProcessor : Writing [[MemberResponse[id=4, displayName=H??ng, email=huong@example.test, bankName=Techcombank, bankBin=970 (truncated)...]
2026-09-14T00:28:14.227+07:00 DEBUG 15036 --- [tea-attendance-api] [io-8080-exec-10] o.s.web.servlet.DispatcherServlet        : Completed 200 OK
2026-09-14T00:28:14.227+07:00 DEBUG 15036 --- [tea-attendance-api] [nio-8080-exec-8] m.m.a.RequestResponseBodyMethodProcessor : Using 'application/json', given [*/*] and supported [application/json, application/*+json]
2026-09-14T00:28:14.227+07:00 DEBUG 15036 --- [tea-attendance-api] [nio-8080-exec-7] org.hibernate.SQL                        : 
    select
        a1_0.message_id,
        a1_0.id,
        a1_0.byte_size,
        a1_0.content_type,
        a1_0.created_at,
        a1_0.original_filename,
        a1_0.storage_key 
    from
        chat_attachments a1_0 
    where
        a1_0.message_id=? 
    order by
        a1_0.id
2026-09-14T00:28:14.228+07:00 DEBUG 15036 --- [tea-attendance-api] [nio-8080-exec-8] m.m.a.RequestResponseBodyMethodProcessor : Writing [[]]
2026-09-14T00:28:14.231+07:00 DEBUG 15036 --- [tea-attendance-api] [nio-8080-exec-8] o.s.web.servlet.DispatcherServlet        : Completed 200 OK
2026-09-14T00:28:14.237+07:00 DEBUG 15036 --- [tea-attendance-api] [nio-8080-exec-7] org.hibernate.SQL                        : 
    select
        a1_0.message_id,
        a1_0.id,
        a1_0.byte_size,
        a1_0.content_type,
        a1_0.created_at,
        a1_0.original_filename,
        a1_0.storage_key 
    from
        chat_attachments a1_0 
    where
        a1_0.message_id=? 
    order by
        a1_0.id
2026-09-14T00:28:14.241+07:00 DEBUG 15036 --- [tea-attendance-api] [nio-8080-exec-7] org.hibernate.SQL                        : 
    select
        a1_0.message_id,
        a1_0.id,
        a1_0.byte_size,
        a1_0.content_type,
        a1_0.created_at,
        a1_0.original_filename,
        a1_0.storage_key 
    from
        chat_attachments a1_0 
    where
        a1_0.message_id=? 
    order by
        a1_0.id
2026-09-14T00:28:14.251+07:00 DEBUG 15036 --- [tea-attendance-api] [nio-8080-exec-7] m.m.a.RequestResponseBodyMethodProcessor : Using 'application/json', given [*/*] and supported [application/json, application/*+json]
2026-09-14T00:28:14.253+07:00 DEBUG 15036 --- [tea-attendance-api] [nio-8080-exec-7] m.m.a.RequestResponseBodyMethodProcessor : Writing [[ChatMessageResponse[id=2, sender=MemberBriefResponse[id=1, displayName=Minh Anh, avatarUrl=null], c (truncated)...]
2026-09-14T00:28:14.255+07:00 DEBUG 15036 --- [tea-attendance-api] [nio-8080-exec-7] o.s.web.servlet.DispatcherServlet        : Completed 200 OK
2026-09-14T00:28:17.687+07:00 DEBUG 15036 --- [tea-attendance-api] [nio-8080-exec-9] o.s.web.servlet.DispatcherServlet        : GET "/api/members/avatar/804f70eb-3f82-4311-a406-7e4da6c3d178.jpg", parameters={}
2026-09-14T00:28:17.689+07:00 DEBUG 15036 --- [tea-attendance-api] [nio-8080-exec-9] s.w.s.m.m.a.RequestMappingHandlerMapping : Mapped to com.trasua.api.MemberController#avatar(String)
2026-09-14T00:28:17.691+07:00 DEBUG 15036 --- [tea-attendance-api] [nio-8080-exec-9] o.s.w.s.m.m.a.HttpEntityMethodProcessor  : Found 'Content-Type:image/jpeg' in response
2026-09-14T00:28:17.692+07:00 DEBUG 15036 --- [tea-attendance-api] [nio-8080-exec-9] o.s.w.s.m.m.a.HttpEntityMethodProcessor  : Writing [file [D:\web_diem_danh_tra_da\backend\uploads\chat\804f70eb-3f82-4311-a406-7e4da6c3d178.jpg]]
2026-09-14T00:28:17.699+07:00 DEBUG 15036 --- [tea-attendance-api] [nio-8080-exec-9] o.s.web.servlet.DispatcherServlet        : Completed 200 OK
2026-09-14T00:28:25.695+07:00 DEBUG 15036 --- [tea-attendance-api] [nio-8080-exec-2] o.s.web.servlet.DispatcherServlet        : GET "/api/members", parameters={}
2026-09-14T00:28:25.695+07:00 DEBUG 15036 --- [tea-attendance-api] [nio-8080-exec-5] o.s.web.servlet.DispatcherServlet        : GET "/api/drinks", parameters={}
2026-09-14T00:28:25.697+07:00 DEBUG 15036 --- [tea-attendance-api] [nio-8080-exec-2] s.w.s.m.m.a.RequestMappingHandlerMapping : Mapped to com.trasua.api.MemberController#list(boolean)
2026-09-14T00:28:25.697+07:00 DEBUG 15036 --- [tea-attendance-api] [nio-8080-exec-5] s.w.s.m.m.a.RequestMappingHandlerMapping : Mapped to com.trasua.api.DrinkCatalogController#list(boolean)
2026-09-14T00:28:25.699+07:00 DEBUG 15036 --- [tea-attendance-api] [nio-8080-exec-3] o.s.web.servlet.DispatcherServlet        : GET "/api/expenses/range?from=2026-09-14&to=2026-09-20", parameters={masked}
2026-09-14T00:28:25.699+07:00 DEBUG 15036 --- [tea-attendance-api] [nio-8080-exec-6] o.s.web.servlet.DispatcherServlet        : GET "/api/chat/messages", parameters={}
2026-09-14T00:28:25.700+07:00 DEBUG 15036 --- [tea-attendance-api] [nio-8080-exec-1] o.s.web.servlet.DispatcherServlet        : GET "/api/notifications?memberId=1", parameters={masked}
2026-09-14T00:28:25.700+07:00 DEBUG 15036 --- [tea-attendance-api] [nio-8080-exec-3] s.w.s.m.m.a.RequestMappingHandlerMapping : Mapped to com.trasua.api.ExpenseController#range(LocalDate, LocalDate)
2026-09-14T00:28:25.701+07:00 DEBUG 15036 --- [tea-attendance-api] [nio-8080-exec-6] s.w.s.m.m.a.RequestMappingHandlerMapping : Mapped to com.trasua.api.ChatController#list(Instant, int)
2026-09-14T00:28:25.701+07:00 DEBUG 15036 --- [tea-attendance-api] [nio-8080-exec-1] s.w.s.m.m.a.RequestMappingHandlerMapping : Mapped to com.trasua.api.NotificationController#list(Long)
2026-09-14T00:28:25.728+07:00 DEBUG 15036 --- [tea-attendance-api] [nio-8080-exec-6] org.hibernate.SQL                        : 
    select
        distinct cm1_0.id,
        cm1_0.content,
        cm1_0.created_at,
        cm1_0.deleted_at,
        rt1_0.id,
        rt1_0.content,
        rt1_0.created_at,
        rt1_0.deleted_at,
        rt1_0.reply_to_message_id,
        rt1_0.sender_member_id,
        s2_0.id,
        s2_0.account_name,
        s2_0.account_number,
        s2_0.active,
        s2_0.avatar_url,
        s2_0.bank_bin,
        s2_0.bank_name,
        s2_0.created_at,
        s2_0.display_name,
        s2_0.email,
        s2_0.password_hash,
        s2_0.qr_code_url,
        s2_0.reset_code_expires_at,
        s2_0.reset_code_hash,
        s2_0.role,
        s2_0.updated_at,
        cm1_0.sender_member_id,
        s1_0.id,
        s1_0.account_name,
        s1_0.account_number,
        s1_0.active,
        s1_0.avatar_url,
        s1_0.bank_bin,
        s1_0.bank_name,
        s1_0.created_at,
        s1_0.display_name,
        s1_0.email,
        s1_0.password_hash,
        s1_0.qr_code_url,
        s1_0.reset_code_expires_at,
        s1_0.reset_code_hash,
        s1_0.role,
        s1_0.updated_at 
    from
        chat_messages cm1_0 
    join
        members s1_0 
            on s1_0.id=cm1_0.sender_member_id 
    left join
        chat_messages rt1_0 
            on rt1_0.id=cm1_0.reply_to_message_id 
    left join
        members s2_0 
            on s2_0.id=rt1_0.sender_member_id 
    order by
        cm1_0.created_at desc 
    limit
        ?
2026-09-14T00:28:25.733+07:00 DEBUG 15036 --- [tea-attendance-api] [nio-8080-exec-1] org.hibernate.SQL                        : 
    select
        n1_0.id,
        n1_0.body,
        n1_0.created_at,
        n1_0.read_at,
        n1_0.recipient_member_id,
        r1_0.id,
        r1_0.account_name,
        r1_0.account_number,
        r1_0.active,
        r1_0.avatar_url,
        r1_0.bank_bin,
        r1_0.bank_name,
        r1_0.created_at,
        r1_0.display_name,
        r1_0.email,
        r1_0.password_hash,
        r1_0.qr_code_url,
        r1_0.reset_code_expires_at,
        r1_0.reset_code_hash,
        r1_0.role,
        r1_0.updated_at,
        n1_0.settlement_id,
        n1_0.title,
        n1_0.transfer_id,
        n1_0.type 
    from
        notifications n1_0 
    join
        members r1_0 
            on r1_0.id=n1_0.recipient_member_id 
    where
        r1_0.id=? 
    order by
        n1_0.created_at desc
2026-09-14T00:28:25.733+07:00 DEBUG 15036 --- [tea-attendance-api] [nio-8080-exec-3] org.hibernate.SQL                        : 
    select
        distinct do1_0.id,
        do1_0.created_at,
        i1_0.order_id,
        i1_0.id,
        i1_0.consumer_member_id,
        c1_0.id,
        c1_0.account_name,
        c1_0.account_number,
        c1_0.active,
        c1_0.avatar_url,
        c1_0.bank_bin,
        c1_0.bank_name,
        c1_0.created_at,
        c1_0.display_name,
        c1_0.email,
        c1_0.password_hash,
        c1_0.qr_code_url,
        c1_0.reset_code_expires_at,
        c1_0.reset_code_hash,
        c1_0.role,
        c1_0.updated_at,
        i1_0.drink_name,
        i1_0.line_total,
        i1_0.quantity,
        i1_0.unit_price,
        do1_0.note,
        do1_0.order_date,
        do1_0.payer_member_id,
        p1_0.id,
        p1_0.account_name,
        p1_0.account_number,
        p1_0.active,
        p1_0.avatar_url,
        p1_0.bank_bin,
        p1_0.bank_name,
        p1_0.created_at,
        p1_0.display_name,
        p1_0.email,
        p1_0.password_hash,
        p1_0.qr_code_url,
        p1_0.reset_code_expires_at,
        p1_0.reset_code_hash,
        p1_0.role,
        p1_0.updated_at,
        do1_0.total_amount,
        do1_0.updated_at 
    from
        drink_orders do1_0 
    join
        members p1_0 
            on p1_0.id=do1_0.payer_member_id 
    left join
        order_items i1_0 
            on do1_0.id=i1_0.order_id 
    left join
        members c1_0 
            on c1_0.id=i1_0.consumer_member_id 
    where
        do1_0.order_date between ? and ? 
    order by
        do1_0.order_date,
        do1_0.id
2026-09-14T00:28:25.734+07:00 DEBUG 15036 --- [tea-attendance-api] [nio-8080-exec-2] org.hibernate.SQL                        : 
    select
        m1_0.id,
        m1_0.account_name,
        m1_0.account_number,
        m1_0.active,
        m1_0.avatar_url,
        m1_0.bank_bin,
        m1_0.bank_name,
        m1_0.created_at,
        m1_0.display_name,
        m1_0.email,
        m1_0.password_hash,
        m1_0.qr_code_url,
        m1_0.reset_code_expires_at,
        m1_0.reset_code_hash,
        m1_0.role,
        m1_0.updated_at 
    from
        members m1_0 
    where
        m1_0.active 
    order by
        m1_0.display_name
2026-09-14T00:28:25.735+07:00 DEBUG 15036 --- [tea-attendance-api] [nio-8080-exec-6] org.hibernate.SQL                        : 
    select
        a1_0.message_id,
        a1_0.id,
        a1_0.byte_size,
        a1_0.content_type,
        a1_0.created_at,
        a1_0.original_filename,
        a1_0.storage_key 
    from
        chat_attachments a1_0 
    where
        a1_0.message_id=? 
    order by
        a1_0.id
2026-09-14T00:28:25.735+07:00 DEBUG 15036 --- [tea-attendance-api] [nio-8080-exec-5] org.hibernate.SQL                        : 
    select
        dci1_0.id,
        dci1_0.active,
        dci1_0.created_at,
        dci1_0.icon,
        dci1_0.name,
        dci1_0.price,
        dci1_0.updated_at 
    from
        drink_catalog dci1_0 
    where
        dci1_0.active 
    order by
        dci1_0.name
2026-09-14T00:28:25.742+07:00 DEBUG 15036 --- [tea-attendance-api] [nio-8080-exec-6] org.hibernate.SQL                        : 
    select
        a1_0.message_id,
        a1_0.id,
        a1_0.byte_size,
        a1_0.content_type,
        a1_0.created_at,
        a1_0.original_filename,
        a1_0.storage_key 
    from
        chat_attachments a1_0 
    where
        a1_0.message_id=? 
    order by
        a1_0.id
2026-09-14T00:28:25.759+07:00 DEBUG 15036 --- [tea-attendance-api] [nio-8080-exec-6] org.hibernate.SQL                        : 
    select
        a1_0.message_id,
        a1_0.id,
        a1_0.byte_size,
        a1_0.content_type,
        a1_0.created_at,
        a1_0.original_filename,
        a1_0.storage_key 
    from
        chat_attachments a1_0 
    where
        a1_0.message_id=? 
    order by
        a1_0.id
2026-09-14T00:28:25.769+07:00 DEBUG 15036 --- [tea-attendance-api] [nio-8080-exec-6] org.hibernate.SQL                        : 
    select
        a1_0.message_id,
        a1_0.id,
        a1_0.byte_size,
        a1_0.content_type,
        a1_0.created_at,
        a1_0.original_filename,
        a1_0.storage_key 
    from
        chat_attachments a1_0 
    where
        a1_0.message_id=? 
    order by
        a1_0.id
2026-09-14T00:28:25.771+07:00 DEBUG 15036 --- [tea-attendance-api] [nio-8080-exec-2] m.m.a.RequestResponseBodyMethodProcessor : Using 'application/json', given [*/*] and supported [application/json, application/*+json]
2026-09-14T00:28:25.772+07:00 DEBUG 15036 --- [tea-attendance-api] [nio-8080-exec-5] m.m.a.RequestResponseBodyMethodProcessor : Using 'application/json', given [*/*] and supported [application/json, application/*+json]
2026-09-14T00:28:25.772+07:00 DEBUG 15036 --- [tea-attendance-api] [nio-8080-exec-3] m.m.a.RequestResponseBodyMethodProcessor : Using 'application/json', given [*/*] and supported [application/json, application/*+json]
2026-09-14T00:28:25.773+07:00 DEBUG 15036 --- [tea-attendance-api] [nio-8080-exec-2] m.m.a.RequestResponseBodyMethodProcessor : Writing [[MemberResponse[id=4, displayName=H??ng, email=huong@example.test, bankName=Techcombank, bankBin=970 (truncated)...]
2026-09-14T00:28:25.773+07:00 DEBUG 15036 --- [tea-attendance-api] [nio-8080-exec-5] m.m.a.RequestResponseBodyMethodProcessor : Writing [[DrinkCatalogResponse[id=5, name=Bac xiu, price=22000, icon=?, active=true], DrinkCatalogResponse[i (truncated)...]
2026-09-14T00:28:25.773+07:00 DEBUG 15036 --- [tea-attendance-api] [nio-8080-exec-3] m.m.a.RequestResponseBodyMethodProcessor : Writing [[]]
2026-09-14T00:28:25.775+07:00 DEBUG 15036 --- [tea-attendance-api] [nio-8080-exec-2] o.s.web.servlet.DispatcherServlet        : Completed 200 OK
2026-09-14T00:28:25.775+07:00 DEBUG 15036 --- [tea-attendance-api] [nio-8080-exec-5] o.s.web.servlet.DispatcherServlet        : Completed 200 OK
2026-09-14T00:28:25.775+07:00 DEBUG 15036 --- [tea-attendance-api] [nio-8080-exec-3] o.s.web.servlet.DispatcherServlet        : Completed 200 OK
2026-09-14T00:28:25.776+07:00 DEBUG 15036 --- [tea-attendance-api] [nio-8080-exec-1] m.m.a.RequestResponseBodyMethodProcessor : Using 'application/json', given [*/*] and supported [application/json, application/*+json]
2026-09-14T00:28:25.777+07:00 DEBUG 15036 --- [tea-attendance-api] [nio-8080-exec-6] org.hibernate.SQL                        : 
    select
        a1_0.message_id,
        a1_0.id,
        a1_0.byte_size,
        a1_0.content_type,
        a1_0.created_at,
        a1_0.original_filename,
        a1_0.storage_key 
    from
        chat_attachments a1_0 
    where
        a1_0.message_id=? 
    order by
        a1_0.id
2026-09-14T00:28:25.778+07:00 DEBUG 15036 --- [tea-attendance-api] [nio-8080-exec-1] m.m.a.RequestResponseBodyMethodProcessor : Writing [[]]
2026-09-14T00:28:25.779+07:00 DEBUG 15036 --- [tea-attendance-api] [nio-8080-exec-1] o.s.web.servlet.DispatcherServlet        : Completed 200 OK
2026-09-14T00:28:25.791+07:00 DEBUG 15036 --- [tea-attendance-api] [nio-8080-exec-6] m.m.a.RequestResponseBodyMethodProcessor : Using 'application/json', given [*/*] and supported [application/json, application/*+json]
2026-09-14T00:28:25.792+07:00 DEBUG 15036 --- [tea-attendance-api] [nio-8080-exec-6] m.m.a.RequestResponseBodyMethodProcessor : Writing [[ChatMessageResponse[id=2, sender=MemberBriefResponse[id=1, displayName=Minh Anh, avatarUrl=null], c (truncated)...]
2026-09-14T00:28:25.795+07:00 DEBUG 15036 --- [tea-attendance-api] [nio-8080-exec-6] o.s.web.servlet.DispatcherServlet        : Completed 200 OK
2026-09-14T00:28:45.601+07:00 DEBUG 15036 --- [tea-attendance-api] [nio-8080-exec-4] o.s.web.servlet.DispatcherServlet        : OPTIONS "/api/auth/forgot-password", parameters={}
2026-09-14T00:28:45.606+07:00 DEBUG 15036 --- [tea-attendance-api] [nio-8080-exec-4] s.w.s.m.m.a.RequestMappingHandlerMapping : Mapped to com.trasua.api.AuthController#forgotPassword(RequestReset)
2026-09-14T00:28:45.607+07:00 DEBUG 15036 --- [tea-attendance-api] [nio-8080-exec-4] o.s.web.servlet.DispatcherServlet        : Completed 200 OK
2026-09-14T00:28:45.611+07:00 DEBUG 15036 --- [tea-attendance-api] [io-8080-exec-10] o.s.web.servlet.DispatcherServlet        : POST "/api/auth/forgot-password", parameters={}
2026-09-14T00:28:45.612+07:00 DEBUG 15036 --- [tea-attendance-api] [io-8080-exec-10] s.w.s.m.m.a.RequestMappingHandlerMapping : Mapped to com.trasua.api.AuthController#forgotPassword(RequestReset)
2026-09-14T00:28:45.618+07:00 DEBUG 15036 --- [tea-attendance-api] [io-8080-exec-10] m.m.a.RequestResponseBodyMethodProcessor : Read "application/json;charset=UTF-8" to [RequestReset[email=anh64004@gmail.com]]
2026-09-14T00:28:45.639+07:00 DEBUG 15036 --- [tea-attendance-api] [io-8080-exec-10] org.hibernate.SQL                        : 
    select
        m1_0.id,
        m1_0.account_name,
        m1_0.account_number,
        m1_0.active,
        m1_0.avatar_url,
        m1_0.bank_bin,
        m1_0.bank_name,
        m1_0.created_at,
        m1_0.display_name,
        m1_0.email,
        m1_0.password_hash,
        m1_0.qr_code_url,
        m1_0.reset_code_expires_at,
        m1_0.reset_code_hash,
        m1_0.role,
        m1_0.updated_at 
    from
        members m1_0 
    where
        upper(m1_0.email)=upper(?)
2026-09-14T00:28:45.647+07:00 DEBUG 15036 --- [tea-attendance-api] [io-8080-exec-10] org.hibernate.SQL                        : 
    update
        members 
    set
        account_name=?,
        account_number=?,
        active=?,
        avatar_url=?,
        bank_bin=?,
        bank_name=?,
        display_name=?,
        email=?,
        password_hash=?,
        qr_code_url=?,
        reset_code_expires_at=?,
        reset_code_hash=?,
        role=?,
        updated_at=? 
    where
        id=?
2026-09-14T00:28:45.679+07:00 DEBUG 15036 --- [tea-attendance-api] [io-8080-exec-10] m.m.a.RequestResponseBodyMethodProcessor : Using 'application/json', given [*/*] and supported [application/json, application/*+json]
2026-09-14T00:28:45.680+07:00 DEBUG 15036 --- [tea-attendance-api] [io-8080-exec-10] m.m.a.RequestResponseBodyMethodProcessor : Writing [ResetCodeResponse[message=Ma dat lai co hieu luc trong 15 phut, code=742194]]
2026-09-14T00:28:45.682+07:00 DEBUG 15036 --- [tea-attendance-api] [io-8080-exec-10] o.s.web.servlet.DispatcherServlet        : Completed 200 OK
2026-09-14T00:28:56.718+07:00 DEBUG 15036 --- [tea-attendance-api] [nio-8080-exec-8] o.s.web.servlet.DispatcherServlet        : POST "/api/auth/login", parameters={}
2026-09-14T00:28:56.720+07:00 DEBUG 15036 --- [tea-attendance-api] [nio-8080-exec-8] s.w.s.m.m.a.RequestMappingHandlerMapping : Mapped to com.trasua.api.AuthController#login(Login)
2026-09-14T00:28:56.722+07:00 DEBUG 15036 --- [tea-attendance-api] [nio-8080-exec-8] m.m.a.RequestResponseBodyMethodProcessor : Read "application/json;charset=UTF-8" to [Login[email=anh64004@gmail.com, password=123456789]]
2026-09-14T00:28:56.728+07:00 DEBUG 15036 --- [tea-attendance-api] [nio-8080-exec-8] org.hibernate.SQL                        : 
    select
        m1_0.id,
        m1_0.account_name,
        m1_0.account_number,
        m1_0.active,
        m1_0.avatar_url,
        m1_0.bank_bin,
        m1_0.bank_name,
        m1_0.created_at,
        m1_0.display_name,
        m1_0.email,
        m1_0.password_hash,
        m1_0.qr_code_url,
        m1_0.reset_code_expires_at,
        m1_0.reset_code_hash,
        m1_0.role,
        m1_0.updated_at 
    from
        members m1_0 
    where
        upper(m1_0.email)=upper(?)
2026-09-14T00:28:56.932+07:00 DEBUG 15036 --- [tea-attendance-api] [nio-8080-exec-8] org.hibernate.SQL                        : 
    insert 
    into
        auth_sessions
        (created_at, expires_at, member_id, token_hash) 
    values
        (?, ?, ?, ?)
2026-09-14T00:28:57.044+07:00 DEBUG 15036 --- [tea-attendance-api] [nio-8080-exec-8] m.m.a.RequestResponseBodyMethodProcessor : Using 'application/json', given [*/*] and supported [application/json, application/*+json]
2026-09-14T00:28:57.044+07:00 DEBUG 15036 --- [tea-attendance-api] [nio-8080-exec-8] m.m.a.RequestResponseBodyMethodProcessor : Writing [AuthResponse[token=hkxQF78JjhsC83vqSmUfO65kZoB0eTHGg8t9I9ZpQ5Q, member=MemberResponse[id=6, displayN (truncated)...]
2026-09-14T00:28:57.046+07:00 DEBUG 15036 --- [tea-attendance-api] [nio-8080-exec-8] o.s.web.servlet.DispatcherServlet        : Completed 200 OK
2026-09-14T00:28:57.063+07:00 DEBUG 15036 --- [tea-attendance-api] [nio-8080-exec-9] o.s.web.servlet.DispatcherServlet        : GET "/api/drinks?includeInactive=true", parameters={masked}
2026-09-14T00:28:57.063+07:00 DEBUG 15036 --- [tea-attendance-api] [nio-8080-exec-7] o.s.web.servlet.DispatcherServlet        : GET "/api/members?includeInactive=true", parameters={masked}
2026-09-14T00:28:57.063+07:00 DEBUG 15036 --- [tea-attendance-api] [nio-8080-exec-2] o.s.web.servlet.DispatcherServlet        : GET "/api/expenses/range?from=2026-09-14&to=2026-09-20", parameters={masked}
2026-09-14T00:28:57.063+07:00 DEBUG 15036 --- [tea-attendance-api] [nio-8080-exec-5] o.s.web.servlet.DispatcherServlet        : GET "/api/chat/messages", parameters={}
2026-09-14T00:28:57.063+07:00 DEBUG 15036 --- [tea-attendance-api] [nio-8080-exec-3] o.s.web.servlet.DispatcherServlet        : GET "/api/notifications?memberId=6", parameters={masked}
2026-09-14T00:28:57.064+07:00 DEBUG 15036 --- [tea-attendance-api] [nio-8080-exec-9] s.w.s.m.m.a.RequestMappingHandlerMapping : Mapped to com.trasua.api.DrinkCatalogController#list(boolean)
2026-09-14T00:28:57.064+07:00 DEBUG 15036 --- [tea-attendance-api] [nio-8080-exec-7] s.w.s.m.m.a.RequestMappingHandlerMapping : Mapped to com.trasua.api.MemberController#list(boolean)
2026-09-14T00:28:57.065+07:00 DEBUG 15036 --- [tea-attendance-api] [nio-8080-exec-2] s.w.s.m.m.a.RequestMappingHandlerMapping : Mapped to com.trasua.api.ExpenseController#range(LocalDate, LocalDate)
2026-09-14T00:28:57.065+07:00 DEBUG 15036 --- [tea-attendance-api] [nio-8080-exec-5] s.w.s.m.m.a.RequestMappingHandlerMapping : Mapped to com.trasua.api.ChatController#list(Instant, int)
2026-09-14T00:28:57.065+07:00 DEBUG 15036 --- [tea-attendance-api] [nio-8080-exec-3] s.w.s.m.m.a.RequestMappingHandlerMapping : Mapped to com.trasua.api.NotificationController#list(Long)
2026-09-14T00:28:57.080+07:00 DEBUG 15036 --- [tea-attendance-api] [nio-8080-exec-1] o.s.web.servlet.DispatcherServlet        : GET "/api/members/avatar/804f70eb-3f82-4311-a406-7e4da6c3d178.jpg", parameters={}
2026-09-14T00:28:57.081+07:00 DEBUG 15036 --- [tea-attendance-api] [nio-8080-exec-1] s.w.s.m.m.a.RequestMappingHandlerMapping : Mapped to com.trasua.api.MemberController#avatar(String)
2026-09-14T00:28:57.084+07:00 DEBUG 15036 --- [tea-attendance-api] [nio-8080-exec-1] o.s.w.s.m.m.a.HttpEntityMethodProcessor  : Found 'Content-Type:image/jpeg' in response
2026-09-14T00:28:57.085+07:00 DEBUG 15036 --- [tea-attendance-api] [nio-8080-exec-1] o.s.w.s.m.m.a.HttpEntityMethodProcessor  : Writing [file [D:\web_diem_danh_tra_da\backend\uploads\chat\804f70eb-3f82-4311-a406-7e4da6c3d178.jpg]]
2026-09-14T00:28:57.093+07:00 DEBUG 15036 --- [tea-attendance-api] [nio-8080-exec-1] o.s.web.servlet.DispatcherServlet        : Completed 200 OK
2026-09-14T00:28:57.097+07:00 DEBUG 15036 --- [tea-attendance-api] [nio-8080-exec-3] org.hibernate.SQL                        : 
    select
        n1_0.id,
        n1_0.body,
        n1_0.created_at,
        n1_0.read_at,
        n1_0.recipient_member_id,
        r1_0.id,
        r1_0.account_name,
        r1_0.account_number,
        r1_0.active,
        r1_0.avatar_url,
        r1_0.bank_bin,
        r1_0.bank_name,
        r1_0.created_at,
        r1_0.display_name,
        r1_0.email,
        r1_0.password_hash,
        r1_0.qr_code_url,
        r1_0.reset_code_expires_at,
        r1_0.reset_code_hash,
        r1_0.role,
        r1_0.updated_at,
        n1_0.settlement_id,
        n1_0.title,
        n1_0.transfer_id,
        n1_0.type 
    from
        notifications n1_0 
    join
        members r1_0 
            on r1_0.id=n1_0.recipient_member_id 
    where
        r1_0.id=? 
    order by
        n1_0.created_at desc
2026-09-14T00:28:57.102+07:00 DEBUG 15036 --- [tea-attendance-api] [nio-8080-exec-5] org.hibernate.SQL                        : 
    select
        distinct cm1_0.id,
        cm1_0.content,
        cm1_0.created_at,
        cm1_0.deleted_at,
        rt1_0.id,
        rt1_0.content,
        rt1_0.created_at,
        rt1_0.deleted_at,
        rt1_0.reply_to_message_id,
        rt1_0.sender_member_id,
        s2_0.id,
        s2_0.account_name,
        s2_0.account_number,
        s2_0.active,
        s2_0.avatar_url,
        s2_0.bank_bin,
        s2_0.bank_name,
        s2_0.created_at,
        s2_0.display_name,
        s2_0.email,
        s2_0.password_hash,
        s2_0.qr_code_url,
        s2_0.reset_code_expires_at,
        s2_0.reset_code_hash,
        s2_0.role,
        s2_0.updated_at,
        cm1_0.sender_member_id,
        s1_0.id,
        s1_0.account_name,
        s1_0.account_number,
        s1_0.active,
        s1_0.avatar_url,
        s1_0.bank_bin,
        s1_0.bank_name,
        s1_0.created_at,
        s1_0.display_name,
        s1_0.email,
        s1_0.password_hash,
        s1_0.qr_code_url,
        s1_0.reset_code_expires_at,
        s1_0.reset_code_hash,
        s1_0.role,
        s1_0.updated_at 
    from
        chat_messages cm1_0 
    join
        members s1_0 
            on s1_0.id=cm1_0.sender_member_id 
    left join
        chat_messages rt1_0 
            on rt1_0.id=cm1_0.reply_to_message_id 
    left join
        members s2_0 
            on s2_0.id=rt1_0.sender_member_id 
    order by
        cm1_0.created_at desc 
    limit
        ?
2026-09-14T00:28:57.103+07:00 DEBUG 15036 --- [tea-attendance-api] [nio-8080-exec-2] org.hibernate.SQL                        : 
    select
        distinct do1_0.id,
        do1_0.created_at,
        i1_0.order_id,
        i1_0.id,
        i1_0.consumer_member_id,
        c1_0.id,
        c1_0.account_name,
        c1_0.account_number,
        c1_0.active,
        c1_0.avatar_url,
        c1_0.bank_bin,
        c1_0.bank_name,
        c1_0.created_at,
        c1_0.display_name,
        c1_0.email,
        c1_0.password_hash,
        c1_0.qr_code_url,
        c1_0.reset_code_expires_at,
        c1_0.reset_code_hash,
        c1_0.role,
        c1_0.updated_at,
        i1_0.drink_name,
        i1_0.line_total,
        i1_0.quantity,
        i1_0.unit_price,
        do1_0.note,
        do1_0.order_date,
        do1_0.payer_member_id,
        p1_0.id,
        p1_0.account_name,
        p1_0.account_number,
        p1_0.active,
        p1_0.avatar_url,
        p1_0.bank_bin,
        p1_0.bank_name,
        p1_0.created_at,
        p1_0.display_name,
        p1_0.email,
        p1_0.password_hash,
        p1_0.qr_code_url,
        p1_0.reset_code_expires_at,
        p1_0.reset_code_hash,
        p1_0.role,
        p1_0.updated_at,
        do1_0.total_amount,
        do1_0.updated_at 
    from
        drink_orders do1_0 
    join
        members p1_0 
            on p1_0.id=do1_0.payer_member_id 
    left join
        order_items i1_0 
            on do1_0.id=i1_0.order_id 
    left join
        members c1_0 
            on c1_0.id=i1_0.consumer_member_id 
    where
        do1_0.order_date between ? and ? 
    order by
        do1_0.order_date,
        do1_0.id
2026-09-14T00:28:57.104+07:00 DEBUG 15036 --- [tea-attendance-api] [nio-8080-exec-7] org.hibernate.SQL                        : 
    select
        m1_0.id,
        m1_0.account_name,
        m1_0.account_number,
        m1_0.active,
        m1_0.avatar_url,
        m1_0.bank_bin,
        m1_0.bank_name,
        m1_0.created_at,
        m1_0.display_name,
        m1_0.email,
        m1_0.password_hash,
        m1_0.qr_code_url,
        m1_0.reset_code_expires_at,
        m1_0.reset_code_hash,
        m1_0.role,
        m1_0.updated_at 
    from
        members m1_0
2026-09-14T00:28:57.111+07:00 DEBUG 15036 --- [tea-attendance-api] [nio-8080-exec-9] org.hibernate.SQL                        : 
    select
        dci1_0.id,
        dci1_0.active,
        dci1_0.created_at,
        dci1_0.icon,
        dci1_0.name,
        dci1_0.price,
        dci1_0.updated_at 
    from
        drink_catalog dci1_0
2026-09-14T00:28:57.117+07:00 DEBUG 15036 --- [tea-attendance-api] [nio-8080-exec-5] org.hibernate.SQL                        : 
    select
        a1_0.message_id,
        a1_0.id,
        a1_0.byte_size,
        a1_0.content_type,
        a1_0.created_at,
        a1_0.original_filename,
        a1_0.storage_key 
    from
        chat_attachments a1_0 
    where
        a1_0.message_id=? 
    order by
        a1_0.id
2026-09-14T00:28:57.128+07:00 DEBUG 15036 --- [tea-attendance-api] [nio-8080-exec-5] org.hibernate.SQL                        : 
    select
        a1_0.message_id,
        a1_0.id,
        a1_0.byte_size,
        a1_0.content_type,
        a1_0.created_at,
        a1_0.original_filename,
        a1_0.storage_key 
    from
        chat_attachments a1_0 
    where
        a1_0.message_id=? 
    order by
        a1_0.id
2026-09-14T00:28:57.151+07:00 DEBUG 15036 --- [tea-attendance-api] [nio-8080-exec-2] m.m.a.RequestResponseBodyMethodProcessor : Using 'application/json', given [*/*] and supported [application/json, application/*+json]
2026-09-14T00:28:57.151+07:00 DEBUG 15036 --- [tea-attendance-api] [nio-8080-exec-3] m.m.a.RequestResponseBodyMethodProcessor : Using 'application/json', given [*/*] and supported [application/json, application/*+json]
2026-09-14T00:28:57.152+07:00 DEBUG 15036 --- [tea-attendance-api] [nio-8080-exec-2] m.m.a.RequestResponseBodyMethodProcessor : Writing [[]]
2026-09-14T00:28:57.153+07:00 DEBUG 15036 --- [tea-attendance-api] [nio-8080-exec-3] m.m.a.RequestResponseBodyMethodProcessor : Writing [[]]
2026-09-14T00:28:57.153+07:00 DEBUG 15036 --- [tea-attendance-api] [nio-8080-exec-5] org.hibernate.SQL                        : 
    select
        a1_0.message_id,
        a1_0.id,
        a1_0.byte_size,
        a1_0.content_type,
        a1_0.created_at,
        a1_0.original_filename,
        a1_0.storage_key 
    from
        chat_attachments a1_0 
    where
        a1_0.message_id=? 
    order by
        a1_0.id
2026-09-14T00:28:57.155+07:00 DEBUG 15036 --- [tea-attendance-api] [nio-8080-exec-2] o.s.web.servlet.DispatcherServlet        : Completed 200 OK
2026-09-14T00:28:57.156+07:00 DEBUG 15036 --- [tea-attendance-api] [nio-8080-exec-3] o.s.web.servlet.DispatcherServlet        : Completed 200 OK
2026-09-14T00:28:57.166+07:00 DEBUG 15036 --- [tea-attendance-api] [nio-8080-exec-9] m.m.a.RequestResponseBodyMethodProcessor : Using 'application/json', given [*/*] and supported [application/json, application/*+json]
2026-09-14T00:28:57.166+07:00 DEBUG 15036 --- [tea-attendance-api] [nio-8080-exec-7] m.m.a.RequestResponseBodyMethodProcessor : Using 'application/json', given [*/*] and supported [application/json, application/*+json]
2026-09-14T00:28:57.166+07:00 DEBUG 15036 --- [tea-attendance-api] [nio-8080-exec-5] org.hibernate.SQL                        : 
    select
        a1_0.message_id,
        a1_0.id,
        a1_0.byte_size,
        a1_0.content_type,
        a1_0.created_at,
        a1_0.original_filename,
        a1_0.storage_key 
    from
        chat_attachments a1_0 
    where
        a1_0.message_id=? 
    order by
        a1_0.id
2026-09-14T00:28:57.167+07:00 DEBUG 15036 --- [tea-attendance-api] [nio-8080-exec-9] m.m.a.RequestResponseBodyMethodProcessor : Writing [[DrinkCatalogResponse[id=1, name=Tra da, price=5000, icon=?, active=true], DrinkCatalogResponse[id= (truncated)...]
2026-09-14T00:28:57.170+07:00 DEBUG 15036 --- [tea-attendance-api] [nio-8080-exec-9] o.s.web.servlet.DispatcherServlet        : Completed 200 OK
2026-09-14T00:28:57.168+07:00 DEBUG 15036 --- [tea-attendance-api] [nio-8080-exec-7] m.m.a.RequestResponseBodyMethodProcessor : Writing [[MemberResponse[id=1, displayName=Minh Anh, email=minh.anh@example.test, bankName=MB Bank, bankBin=9 (truncated)...]
2026-09-14T00:28:57.175+07:00 DEBUG 15036 --- [tea-attendance-api] [nio-8080-exec-5] org.hibernate.SQL                        : 
    select
        a1_0.message_id,
        a1_0.id,
        a1_0.byte_size,
        a1_0.content_type,
        a1_0.created_at,
        a1_0.original_filename,
        a1_0.storage_key 
    from
        chat_attachments a1_0 
    where
        a1_0.message_id=? 
    order by
        a1_0.id
2026-09-14T00:28:57.175+07:00 DEBUG 15036 --- [tea-attendance-api] [nio-8080-exec-7] o.s.web.servlet.DispatcherServlet        : Completed 200 OK
2026-09-14T00:28:57.188+07:00 DEBUG 15036 --- [tea-attendance-api] [nio-8080-exec-6] o.s.web.servlet.DispatcherServlet        : GET "/api/expenses/range?from=2026-09-14&to=2026-09-20", parameters={masked}
2026-09-14T00:28:57.189+07:00 DEBUG 15036 --- [tea-attendance-api] [nio-8080-exec-4] o.s.web.servlet.DispatcherServlet        : GET "/api/notifications?memberId=6", parameters={masked}
2026-09-14T00:28:57.190+07:00 DEBUG 15036 --- [tea-attendance-api] [nio-8080-exec-6] s.w.s.m.m.a.RequestMappingHandlerMapping : Mapped to com.trasua.api.ExpenseController#range(LocalDate, LocalDate)
2026-09-14T00:28:57.192+07:00 DEBUG 15036 --- [tea-attendance-api] [nio-8080-exec-4] s.w.s.m.m.a.RequestMappingHandlerMapping : Mapped to com.trasua.api.NotificationController#list(Long)
2026-09-14T00:28:57.193+07:00 DEBUG 15036 --- [tea-attendance-api] [io-8080-exec-10] o.s.web.servlet.DispatcherServlet        : GET "/api/drinks?includeInactive=true", parameters={masked}
2026-09-14T00:28:57.194+07:00 DEBUG 15036 --- [tea-attendance-api] [nio-8080-exec-8] o.s.web.servlet.DispatcherServlet        : GET "/api/members?includeInactive=true", parameters={masked}
2026-09-14T00:28:57.196+07:00 DEBUG 15036 --- [tea-attendance-api] [io-8080-exec-10] s.w.s.m.m.a.RequestMappingHandlerMapping : Mapped to com.trasua.api.DrinkCatalogController#list(boolean)
2026-09-14T00:28:57.197+07:00 DEBUG 15036 --- [tea-attendance-api] [nio-8080-exec-8] s.w.s.m.m.a.RequestMappingHandlerMapping : Mapped to com.trasua.api.MemberController#list(boolean)
2026-09-14T00:28:57.201+07:00 DEBUG 15036 --- [tea-attendance-api] [nio-8080-exec-5] m.m.a.RequestResponseBodyMethodProcessor : Using 'application/json', given [*/*] and supported [application/json, application/*+json]
2026-09-14T00:28:57.204+07:00 DEBUG 15036 --- [tea-attendance-api] [nio-8080-exec-5] m.m.a.RequestResponseBodyMethodProcessor : Writing [[ChatMessageResponse[id=2, sender=MemberBriefResponse[id=1, displayName=Minh Anh, avatarUrl=null], c (truncated)...]
2026-09-14T00:28:57.207+07:00 DEBUG 15036 --- [tea-attendance-api] [nio-8080-exec-5] o.s.web.servlet.DispatcherServlet        : Completed 200 OK
2026-09-14T00:28:57.217+07:00 DEBUG 15036 --- [tea-attendance-api] [nio-8080-exec-4] org.hibernate.SQL                        : 
    select
        n1_0.id,
        n1_0.body,
        n1_0.created_at,
        n1_0.read_at,
        n1_0.recipient_member_id,
        r1_0.id,
        r1_0.account_name,
        r1_0.account_number,
        r1_0.active,
        r1_0.avatar_url,
        r1_0.bank_bin,
        r1_0.bank_name,
        r1_0.created_at,
        r1_0.display_name,
        r1_0.email,
        r1_0.password_hash,
        r1_0.qr_code_url,
        r1_0.reset_code_expires_at,
        r1_0.reset_code_hash,
        r1_0.role,
        r1_0.updated_at,
        n1_0.settlement_id,
        n1_0.title,
        n1_0.transfer_id,
        n1_0.type 
    from
        notifications n1_0 
    join
        members r1_0 
            on r1_0.id=n1_0.recipient_member_id 
    where
        r1_0.id=? 
    order by
        n1_0.created_at desc
2026-09-14T00:28:57.217+07:00 DEBUG 15036 --- [tea-attendance-api] [nio-8080-exec-6] org.hibernate.SQL                        : 
    select
        distinct do1_0.id,
        do1_0.created_at,
        i1_0.order_id,
        i1_0.id,
        i1_0.consumer_member_id,
        c1_0.id,
        c1_0.account_name,
        c1_0.account_number,
        c1_0.active,
        c1_0.avatar_url,
        c1_0.bank_bin,
        c1_0.bank_name,
        c1_0.created_at,
        c1_0.display_name,
        c1_0.email,
        c1_0.password_hash,
        c1_0.qr_code_url,
        c1_0.reset_code_expires_at,
        c1_0.reset_code_hash,
        c1_0.role,
        c1_0.updated_at,
        i1_0.drink_name,
        i1_0.line_total,
        i1_0.quantity,
        i1_0.unit_price,
        do1_0.note,
        do1_0.order_date,
        do1_0.payer_member_id,
        p1_0.id,
        p1_0.account_name,
        p1_0.account_number,
        p1_0.active,
        p1_0.avatar_url,
        p1_0.bank_bin,
        p1_0.bank_name,
        p1_0.created_at,
        p1_0.display_name,
        p1_0.email,
        p1_0.password_hash,
        p1_0.qr_code_url,
        p1_0.reset_code_expires_at,
        p1_0.reset_code_hash,
        p1_0.role,
        p1_0.updated_at,
        do1_0.total_amount,
        do1_0.updated_at 
    from
        drink_orders do1_0 
    join
        members p1_0 
            on p1_0.id=do1_0.payer_member_id 
    left join
        order_items i1_0 
            on do1_0.id=i1_0.order_id 
    left join
        members c1_0 
            on c1_0.id=i1_0.consumer_member_id 
    where
        do1_0.order_date between ? and ? 
    order by
        do1_0.order_date,
        do1_0.id
2026-09-14T00:28:57.218+07:00 DEBUG 15036 --- [tea-attendance-api] [io-8080-exec-10] org.hibernate.SQL                        : 
    select
        dci1_0.id,
        dci1_0.active,
        dci1_0.created_at,
        dci1_0.icon,
        dci1_0.name,
        dci1_0.price,
        dci1_0.updated_at 
    from
        drink_catalog dci1_0
2026-09-14T00:28:57.218+07:00 DEBUG 15036 --- [tea-attendance-api] [nio-8080-exec-8] org.hibernate.SQL                        : 
    select
        m1_0.id,
        m1_0.account_name,
        m1_0.account_number,
        m1_0.active,
        m1_0.avatar_url,
        m1_0.bank_bin,
        m1_0.bank_name,
        m1_0.created_at,
        m1_0.display_name,
        m1_0.email,
        m1_0.password_hash,
        m1_0.qr_code_url,
        m1_0.reset_code_expires_at,
        m1_0.reset_code_hash,
        m1_0.role,
        m1_0.updated_at 
    from
        members m1_0
2026-09-14T00:28:57.226+07:00 DEBUG 15036 --- [tea-attendance-api] [nio-8080-exec-1] o.s.web.servlet.DispatcherServlet        : GET "/api/chat/messages", parameters={}
2026-09-14T00:28:57.227+07:00 DEBUG 15036 --- [tea-attendance-api] [nio-8080-exec-1] s.w.s.m.m.a.RequestMappingHandlerMapping : Mapped to com.trasua.api.ChatController#list(Instant, int)
2026-09-14T00:28:57.253+07:00 DEBUG 15036 --- [tea-attendance-api] [nio-8080-exec-6] m.m.a.RequestResponseBodyMethodProcessor : Using 'application/json', given [*/*] and supported [application/json, application/*+json]
2026-09-14T00:28:57.254+07:00 DEBUG 15036 --- [tea-attendance-api] [nio-8080-exec-6] m.m.a.RequestResponseBodyMethodProcessor : Writing [[]]
2026-09-14T00:28:57.254+07:00 DEBUG 15036 --- [tea-attendance-api] [nio-8080-exec-1] org.hibernate.SQL                        : 
    select
        distinct cm1_0.id,
        cm1_0.content,
        cm1_0.created_at,
        cm1_0.deleted_at,
        rt1_0.id,
        rt1_0.content,
        rt1_0.created_at,
        rt1_0.deleted_at,
        rt1_0.reply_to_message_id,
        rt1_0.sender_member_id,
        s2_0.id,
        s2_0.account_name,
        s2_0.account_number,
        s2_0.active,
        s2_0.avatar_url,
        s2_0.bank_bin,
        s2_0.bank_name,
        s2_0.created_at,
        s2_0.display_name,
        s2_0.email,
        s2_0.password_hash,
        s2_0.qr_code_url,
        s2_0.reset_code_expires_at,
        s2_0.reset_code_hash,
        s2_0.role,
        s2_0.updated_at,
        cm1_0.sender_member_id,
        s1_0.id,
        s1_0.account_name,
        s1_0.account_number,
        s1_0.active,
        s1_0.avatar_url,
        s1_0.bank_bin,
        s1_0.bank_name,
        s1_0.created_at,
        s1_0.display_name,
        s1_0.email,
        s1_0.password_hash,
        s1_0.qr_code_url,
        s1_0.reset_code_expires_at,
        s1_0.reset_code_hash,
        s1_0.role,
        s1_0.updated_at 
    from
        chat_messages cm1_0 
    join
        members s1_0 
            on s1_0.id=cm1_0.sender_member_id 
    left join
        chat_messages rt1_0 
            on rt1_0.id=cm1_0.reply_to_message_id 
    left join
        members s2_0 
            on s2_0.id=rt1_0.sender_member_id 
    order by
        cm1_0.created_at desc 
    limit
        ?
2026-09-14T00:28:57.254+07:00 DEBUG 15036 --- [tea-attendance-api] [nio-8080-exec-8] m.m.a.RequestResponseBodyMethodProcessor : Using 'application/json', given [*/*] and supported [application/json, application/*+json]
2026-09-14T00:28:57.254+07:00 DEBUG 15036 --- [tea-attendance-api] [io-8080-exec-10] m.m.a.RequestResponseBodyMethodProcessor : Using 'application/json', given [*/*] and supported [application/json, application/*+json]
2026-09-14T00:28:57.256+07:00 DEBUG 15036 --- [tea-attendance-api] [nio-8080-exec-4] m.m.a.RequestResponseBodyMethodProcessor : Using 'application/json', given [*/*] and supported [application/json, application/*+json]
2026-09-14T00:28:57.257+07:00 DEBUG 15036 --- [tea-attendance-api] [nio-8080-exec-6] o.s.web.servlet.DispatcherServlet        : Completed 200 OK
2026-09-14T00:28:57.258+07:00 DEBUG 15036 --- [tea-attendance-api] [nio-8080-exec-8] m.m.a.RequestResponseBodyMethodProcessor : Writing [[MemberResponse[id=1, displayName=Minh Anh, email=minh.anh@example.test, bankName=MB Bank, bankBin=9 (truncated)...]
2026-09-14T00:28:57.258+07:00 DEBUG 15036 --- [tea-attendance-api] [io-8080-exec-10] m.m.a.RequestResponseBodyMethodProcessor : Writing [[DrinkCatalogResponse[id=1, name=Tra da, price=5000, icon=?, active=true], DrinkCatalogResponse[id= (truncated)...]
2026-09-14T00:28:57.260+07:00 DEBUG 15036 --- [tea-attendance-api] [nio-8080-exec-8] o.s.web.servlet.DispatcherServlet        : Completed 200 OK
2026-09-14T00:28:57.259+07:00 DEBUG 15036 --- [tea-attendance-api] [nio-8080-exec-4] m.m.a.RequestResponseBodyMethodProcessor : Writing [[]]
2026-09-14T00:28:57.261+07:00 DEBUG 15036 --- [tea-attendance-api] [io-8080-exec-10] o.s.web.servlet.DispatcherServlet        : Completed 200 OK
2026-09-14T00:28:57.264+07:00 DEBUG 15036 --- [tea-attendance-api] [nio-8080-exec-4] o.s.web.servlet.DispatcherServlet        : Completed 200 OK
2026-09-14T00:28:57.267+07:00 DEBUG 15036 --- [tea-attendance-api] [nio-8080-exec-1] org.hibernate.SQL                        : 
    select
        a1_0.message_id,
        a1_0.id,
        a1_0.byte_size,
        a1_0.content_type,
        a1_0.created_at,
        a1_0.original_filename,
        a1_0.storage_key 
    from
        chat_attachments a1_0 
    where
        a1_0.message_id=? 
    order by
        a1_0.id
2026-09-14T00:28:57.282+07:00 DEBUG 15036 --- [tea-attendance-api] [nio-8080-exec-1] org.hibernate.SQL                        : 
    select
        a1_0.message_id,
        a1_0.id,
        a1_0.byte_size,
        a1_0.content_type,
        a1_0.created_at,
        a1_0.original_filename,
        a1_0.storage_key 
    from
        chat_attachments a1_0 
    where
        a1_0.message_id=? 
    order by
        a1_0.id
2026-09-14T00:28:57.287+07:00 DEBUG 15036 --- [tea-attendance-api] [nio-8080-exec-1] org.hibernate.SQL                        : 
    select
        a1_0.message_id,
        a1_0.id,
        a1_0.byte_size,
        a1_0.content_type,
        a1_0.created_at,
        a1_0.original_filename,
        a1_0.storage_key 
    from
        chat_attachments a1_0 
    where
        a1_0.message_id=? 
    order by
        a1_0.id
2026-09-14T00:28:57.296+07:00 DEBUG 15036 --- [tea-attendance-api] [nio-8080-exec-1] org.hibernate.SQL                        : 
    select
        a1_0.message_id,
        a1_0.id,
        a1_0.byte_size,
        a1_0.content_type,
        a1_0.created_at,
        a1_0.original_filename,
        a1_0.storage_key 
    from
        chat_attachments a1_0 
    where
        a1_0.message_id=? 
    order by
        a1_0.id
2026-09-14T00:28:57.305+07:00 DEBUG 15036 --- [tea-attendance-api] [nio-8080-exec-1] org.hibernate.SQL                        : 
    select
        a1_0.message_id,
        a1_0.id,
        a1_0.byte_size,
        a1_0.content_type,
        a1_0.created_at,
        a1_0.original_filename,
        a1_0.storage_key 
    from
        chat_attachments a1_0 
    where
        a1_0.message_id=? 
    order by
        a1_0.id
2026-09-14T00:28:57.330+07:00 DEBUG 15036 --- [tea-attendance-api] [nio-8080-exec-1] m.m.a.RequestResponseBodyMethodProcessor : Using 'application/json', given [*/*] and supported [application/json, application/*+json]
2026-09-14T00:28:57.332+07:00 DEBUG 15036 --- [tea-attendance-api] [nio-8080-exec-1] m.m.a.RequestResponseBodyMethodProcessor : Writing [[ChatMessageResponse[id=2, sender=MemberBriefResponse[id=1, displayName=Minh Anh, avatarUrl=null], c (truncated)...]
2026-09-14T00:28:57.334+07:00 DEBUG 15036 --- [tea-attendance-api] [nio-8080-exec-1] o.s.web.servlet.DispatcherServlet        : Completed 200 OK
2026-09-14T00:29:00.022+07:00 DEBUG 15036 --- [tea-attendance-api] [MessageBroker-1] org.hibernate.SQL                        : 
    select
        wns1_0.id,
        wns1_0.creditor_body,
        wns1_0.creditor_title,
        wns1_0.debtor_body,
        wns1_0.debtor_title,
        wns1_0.send_day,
        wns1_0.send_time,
        wns1_0.updated_at 
    from
        weekly_notification_settings wns1_0 
    where
        wns1_0.id=?
2026-09-14T00:29:42.754+07:00 DEBUG 15036 --- [tea-attendance-api] [nio-8080-exec-3] o.s.web.servlet.DispatcherServlet        : GET "/api/admin/weekly-notification-settings", parameters={}
2026-09-14T00:29:42.756+07:00 DEBUG 15036 --- [tea-attendance-api] [nio-8080-exec-3] s.w.s.m.m.a.RequestMappingHandlerMapping : Mapped to com.trasua.api.WeeklyNotificationSettingsController#get(String)
2026-09-14T00:29:42.779+07:00 DEBUG 15036 --- [tea-attendance-api] [nio-8080-exec-3] org.hibernate.SQL                        : 
    select
        as1_0.id,
        as1_0.created_at,
        as1_0.expires_at,
        as1_0.member_id,
        as1_0.token_hash 
    from
        auth_sessions as1_0 
    where
        as1_0.token_hash=?
2026-09-14T00:29:42.788+07:00 DEBUG 15036 --- [tea-attendance-api] [nio-8080-exec-3] org.hibernate.SQL                        : 
    select
        m1_0.id,
        m1_0.account_name,
        m1_0.account_number,
        m1_0.active,
        m1_0.avatar_url,
        m1_0.bank_bin,
        m1_0.bank_name,
        m1_0.created_at,
        m1_0.display_name,
        m1_0.email,
        m1_0.password_hash,
        m1_0.qr_code_url,
        m1_0.reset_code_expires_at,
        m1_0.reset_code_hash,
        m1_0.role,
        m1_0.updated_at 
    from
        members m1_0 
    where
        m1_0.id=?
2026-09-14T00:29:42.804+07:00 DEBUG 15036 --- [tea-attendance-api] [nio-8080-exec-3] org.hibernate.SQL                        : 
    select
        wns1_0.id,
        wns1_0.creditor_body,
        wns1_0.creditor_title,
        wns1_0.debtor_body,
        wns1_0.debtor_title,
        wns1_0.send_day,
        wns1_0.send_time,
        wns1_0.updated_at 
    from
        weekly_notification_settings wns1_0 
    where
        wns1_0.id=?
2026-09-14T00:29:42.815+07:00 DEBUG 15036 --- [tea-attendance-api] [nio-8080-exec-3] m.m.a.RequestResponseBodyMethodProcessor : Using 'application/json', given [*/*] and supported [application/json, application/*+json]
2026-09-14T00:29:42.817+07:00 DEBUG 15036 --- [tea-attendance-api] [nio-8080-exec-3] m.m.a.RequestResponseBodyMethodProcessor : Writing [WeeklyNotificationSettingsResponse[sendDay=6, sendTime=15:00, debtorTitle=Den luot thanh toan tra da (truncated)...]
2026-09-14T00:29:42.818+07:00 DEBUG 15036 --- [tea-attendance-api] [nio-8080-exec-3] o.s.web.servlet.DispatcherServlet        : Completed 200 OK
2026-09-14T00:29:42.821+07:00 DEBUG 15036 --- [tea-attendance-api] [nio-8080-exec-9] o.s.web.servlet.DispatcherServlet        : GET "/api/admin/weekly-notification-settings", parameters={}
2026-09-14T00:29:42.821+07:00 DEBUG 15036 --- [tea-attendance-api] [nio-8080-exec-9] s.w.s.m.m.a.RequestMappingHandlerMapping : Mapped to com.trasua.api.WeeklyNotificationSettingsController#get(String)
2026-09-14T00:29:42.835+07:00 DEBUG 15036 --- [tea-attendance-api] [nio-8080-exec-9] org.hibernate.SQL                        : 
    select
        as1_0.id,
        as1_0.created_at,
        as1_0.expires_at,
        as1_0.member_id,
        as1_0.token_hash 
    from
        auth_sessions as1_0 
    where
        as1_0.token_hash=?
2026-09-14T00:29:42.840+07:00 DEBUG 15036 --- [tea-attendance-api] [nio-8080-exec-9] org.hibernate.SQL                        : 
    select
        m1_0.id,
        m1_0.account_name,
        m1_0.account_number,
        m1_0.active,
        m1_0.avatar_url,
        m1_0.bank_bin,
        m1_0.bank_name,
        m1_0.created_at,
        m1_0.display_name,
        m1_0.email,
        m1_0.password_hash,
        m1_0.qr_code_url,
        m1_0.reset_code_expires_at,
        m1_0.reset_code_hash,
        m1_0.role,
        m1_0.updated_at 
    from
        members m1_0 
    where
        m1_0.id=?
2026-09-14T00:29:42.865+07:00 DEBUG 15036 --- [tea-attendance-api] [nio-8080-exec-9] org.hibernate.SQL                        : 
    select
        wns1_0.id,
        wns1_0.creditor_body,
        wns1_0.creditor_title,
        wns1_0.debtor_body,
        wns1_0.debtor_title,
        wns1_0.send_day,
        wns1_0.send_time,
        wns1_0.updated_at 
    from
        weekly_notification_settings wns1_0 
    where
        wns1_0.id=?
2026-09-14T00:29:42.876+07:00 DEBUG 15036 --- [tea-attendance-api] [nio-8080-exec-9] m.m.a.RequestResponseBodyMethodProcessor : Using 'application/json', given [*/*] and supported [application/json, application/*+json]
2026-09-14T00:29:42.877+07:00 DEBUG 15036 --- [tea-attendance-api] [nio-8080-exec-9] m.m.a.RequestResponseBodyMethodProcessor : Writing [WeeklyNotificationSettingsResponse[sendDay=6, sendTime=15:00, debtorTitle=Den luot thanh toan tra da (truncated)...]
2026-09-14T00:29:42.878+07:00 DEBUG 15036 --- [tea-attendance-api] [nio-8080-exec-9] o.s.web.servlet.DispatcherServlet        : Completed 200 OK
2026-09-14T00:30:00.014+07:00 DEBUG 15036 --- [tea-attendance-api] [MessageBroker-1] org.hibernate.SQL                        : 
    select
        wns1_0.id,
        wns1_0.creditor_body,
        wns1_0.creditor_title,
        wns1_0.debtor_body,
        wns1_0.debtor_title,
        wns1_0.send_day,
        wns1_0.send_time,
        wns1_0.updated_at 
    from
        weekly_notification_settings wns1_0 
    where
        wns1_0.id=?
2026-09-14T00:30:31.251+07:00 DEBUG 15036 --- [tea-attendance-api] [io-8080-exec-10] o.s.web.servlet.DispatcherServlet        : GET "/api/members?includeInactive=true", parameters={masked}
2026-09-14T00:30:31.253+07:00 DEBUG 15036 --- [tea-attendance-api] [io-8080-exec-10] s.w.s.m.m.a.RequestMappingHandlerMapping : Mapped to com.trasua.api.MemberController#list(boolean)
2026-09-14T00:30:31.276+07:00 DEBUG 15036 --- [tea-attendance-api] [nio-8080-exec-2] o.s.web.servlet.DispatcherServlet        : GET "/api/chat/messages", parameters={}
2026-09-14T00:30:31.276+07:00 DEBUG 15036 --- [tea-attendance-api] [nio-8080-exec-1] o.s.web.servlet.DispatcherServlet        : GET "/api/expenses/range?from=2026-09-14&to=2026-09-20", parameters={masked}
2026-09-14T00:30:31.277+07:00 DEBUG 15036 --- [tea-attendance-api] [nio-8080-exec-2] s.w.s.m.m.a.RequestMappingHandlerMapping : Mapped to com.trasua.api.ChatController#list(Instant, int)
2026-09-14T00:30:31.278+07:00 DEBUG 15036 --- [tea-attendance-api] [nio-8080-exec-3] o.s.web.servlet.DispatcherServlet        : GET "/api/notifications?memberId=6", parameters={masked}
2026-09-14T00:30:31.279+07:00 DEBUG 15036 --- [tea-attendance-api] [nio-8080-exec-3] s.w.s.m.m.a.RequestMappingHandlerMapping : Mapped to com.trasua.api.NotificationController#list(Long)
2026-09-14T00:30:31.276+07:00 DEBUG 15036 --- [tea-attendance-api] [nio-8080-exec-4] o.s.web.servlet.DispatcherServlet        : GET "/api/drinks?includeInactive=true", parameters={masked}
2026-09-14T00:30:31.277+07:00 DEBUG 15036 --- [tea-attendance-api] [nio-8080-exec-1] s.w.s.m.m.a.RequestMappingHandlerMapping : Mapped to com.trasua.api.ExpenseController#range(LocalDate, LocalDate)
2026-09-14T00:30:31.291+07:00 DEBUG 15036 --- [tea-attendance-api] [nio-8080-exec-4] s.w.s.m.m.a.RequestMappingHandlerMapping : Mapped to com.trasua.api.DrinkCatalogController#list(boolean)
2026-09-14T00:30:31.329+07:00 DEBUG 15036 --- [tea-attendance-api] [io-8080-exec-10] org.hibernate.SQL                        : 
    select
        m1_0.id,
        m1_0.account_name,
        m1_0.account_number,
        m1_0.active,
        m1_0.avatar_url,
        m1_0.bank_bin,
        m1_0.bank_name,
        m1_0.created_at,
        m1_0.display_name,
        m1_0.email,
        m1_0.password_hash,
        m1_0.qr_code_url,
        m1_0.reset_code_expires_at,
        m1_0.reset_code_hash,
        m1_0.role,
        m1_0.updated_at 
    from
        members m1_0
2026-09-14T00:30:31.376+07:00 DEBUG 15036 --- [tea-attendance-api] [nio-8080-exec-2] org.hibernate.SQL                        : 
    select
        distinct cm1_0.id,
        cm1_0.content,
        cm1_0.created_at,
        cm1_0.deleted_at,
        rt1_0.id,
        rt1_0.content,
        rt1_0.created_at,
        rt1_0.deleted_at,
        rt1_0.reply_to_message_id,
        rt1_0.sender_member_id,
        s2_0.id,
        s2_0.account_name,
        s2_0.account_number,
        s2_0.active,
        s2_0.avatar_url,
        s2_0.bank_bin,
        s2_0.bank_name,
        s2_0.created_at,
        s2_0.display_name,
        s2_0.email,
        s2_0.password_hash,
        s2_0.qr_code_url,
        s2_0.reset_code_expires_at,
        s2_0.reset_code_hash,
        s2_0.role,
        s2_0.updated_at,
        cm1_0.sender_member_id,
        s1_0.id,
        s1_0.account_name,
        s1_0.account_number,
        s1_0.active,
        s1_0.avatar_url,
        s1_0.bank_bin,
        s1_0.bank_name,
        s1_0.created_at,
        s1_0.display_name,
        s1_0.email,
        s1_0.password_hash,
        s1_0.qr_code_url,
        s1_0.reset_code_expires_at,
        s1_0.reset_code_hash,
        s1_0.role,
        s1_0.updated_at 
    from
        chat_messages cm1_0 
    join
        members s1_0 
            on s1_0.id=cm1_0.sender_member_id 
    left join
        chat_messages rt1_0 
            on rt1_0.id=cm1_0.reply_to_message_id 
    left join
        members s2_0 
            on s2_0.id=rt1_0.sender_member_id 
    order by
        cm1_0.created_at desc 
    limit
        ?
2026-09-14T00:30:31.422+07:00 DEBUG 15036 --- [tea-attendance-api] [nio-8080-exec-4] org.hibernate.SQL                        : 
    select
        dci1_0.id,
        dci1_0.active,
        dci1_0.created_at,
        dci1_0.icon,
        dci1_0.name,
        dci1_0.price,
        dci1_0.updated_at 
    from
        drink_catalog dci1_0
2026-09-14T00:30:31.423+07:00 DEBUG 15036 --- [tea-attendance-api] [nio-8080-exec-1] org.hibernate.SQL                        : 
    select
        distinct do1_0.id,
        do1_0.created_at,
        i1_0.order_id,
        i1_0.id,
        i1_0.consumer_member_id,
        c1_0.id,
        c1_0.account_name,
        c1_0.account_number,
        c1_0.active,
        c1_0.avatar_url,
        c1_0.bank_bin,
        c1_0.bank_name,
        c1_0.created_at,
        c1_0.display_name,
        c1_0.email,
        c1_0.password_hash,
        c1_0.qr_code_url,
        c1_0.reset_code_expires_at,
        c1_0.reset_code_hash,
        c1_0.role,
        c1_0.updated_at,
        i1_0.drink_name,
        i1_0.line_total,
        i1_0.quantity,
        i1_0.unit_price,
        do1_0.note,
        do1_0.order_date,
        do1_0.payer_member_id,
        p1_0.id,
        p1_0.account_name,
        p1_0.account_number,
        p1_0.active,
        p1_0.avatar_url,
        p1_0.bank_bin,
        p1_0.bank_name,
        p1_0.created_at,
        p1_0.display_name,
        p1_0.email,
        p1_0.password_hash,
        p1_0.qr_code_url,
        p1_0.reset_code_expires_at,
        p1_0.reset_code_hash,
        p1_0.role,
        p1_0.updated_at,
        do1_0.total_amount,
        do1_0.updated_at 
    from
        drink_orders do1_0 
    join
        members p1_0 
            on p1_0.id=do1_0.payer_member_id 
    left join
        order_items i1_0 
            on do1_0.id=i1_0.order_id 
    left join
        members c1_0 
            on c1_0.id=i1_0.consumer_member_id 
    where
        do1_0.order_date between ? and ? 
    order by
        do1_0.order_date,
        do1_0.id
2026-09-14T00:30:31.424+07:00 DEBUG 15036 --- [tea-attendance-api] [nio-8080-exec-3] org.hibernate.SQL                        : 
    select
        n1_0.id,
        n1_0.body,
        n1_0.created_at,
        n1_0.read_at,
        n1_0.recipient_member_id,
        r1_0.id,
        r1_0.account_name,
        r1_0.account_number,
        r1_0.active,
        r1_0.avatar_url,
        r1_0.bank_bin,
        r1_0.bank_name,
        r1_0.created_at,
        r1_0.display_name,
        r1_0.email,
        r1_0.password_hash,
        r1_0.qr_code_url,
        r1_0.reset_code_expires_at,
        r1_0.reset_code_hash,
        r1_0.role,
        r1_0.updated_at,
        n1_0.settlement_id,
        n1_0.title,
        n1_0.transfer_id,
        n1_0.type 
    from
        notifications n1_0 
    join
        members r1_0 
            on r1_0.id=n1_0.recipient_member_id 
    where
        r1_0.id=? 
    order by
        n1_0.created_at desc
2026-09-14T00:30:31.428+07:00 DEBUG 15036 --- [tea-attendance-api] [nio-8080-exec-2] org.hibernate.SQL                        : 
    select
        a1_0.message_id,
        a1_0.id,
        a1_0.byte_size,
        a1_0.content_type,
        a1_0.created_at,
        a1_0.original_filename,
        a1_0.storage_key 
    from
        chat_attachments a1_0 
    where
        a1_0.message_id=? 
    order by
        a1_0.id
2026-09-14T00:30:31.449+07:00 DEBUG 15036 --- [tea-attendance-api] [io-8080-exec-10] m.m.a.RequestResponseBodyMethodProcessor : Using 'application/json', given [*/*] and supported [application/json, application/*+json]
2026-09-14T00:30:31.449+07:00 DEBUG 15036 --- [tea-attendance-api] [nio-8080-exec-2] org.hibernate.SQL                        : 
    select
        a1_0.message_id,
        a1_0.id,
        a1_0.byte_size,
        a1_0.content_type,
        a1_0.created_at,
        a1_0.original_filename,
        a1_0.storage_key 
    from
        chat_attachments a1_0 
    where
        a1_0.message_id=? 
    order by
        a1_0.id
2026-09-14T00:30:31.451+07:00 DEBUG 15036 --- [tea-attendance-api] [io-8080-exec-10] m.m.a.RequestResponseBodyMethodProcessor : Writing [[MemberResponse[id=1, displayName=Minh Anh, email=minh.anh@example.test, bankName=MB Bank, bankBin=9 (truncated)...]
2026-09-14T00:30:31.453+07:00 DEBUG 15036 --- [tea-attendance-api] [io-8080-exec-10] o.s.web.servlet.DispatcherServlet        : Completed 200 OK
2026-09-14T00:30:31.459+07:00 DEBUG 15036 --- [tea-attendance-api] [nio-8080-exec-9] o.s.web.servlet.DispatcherServlet        : GET "/api/members?includeInactive=true", parameters={masked}
2026-09-14T00:30:31.460+07:00 DEBUG 15036 --- [tea-attendance-api] [nio-8080-exec-9] s.w.s.m.m.a.RequestMappingHandlerMapping : Mapped to com.trasua.api.MemberController#list(boolean)
2026-09-14T00:30:31.472+07:00 DEBUG 15036 --- [tea-attendance-api] [nio-8080-exec-2] org.hibernate.SQL                        : 
    select
        a1_0.message_id,
        a1_0.id,
        a1_0.byte_size,
        a1_0.content_type,
        a1_0.created_at,
        a1_0.original_filename,
        a1_0.storage_key 
    from
        chat_attachments a1_0 
    where
        a1_0.message_id=? 
    order by
        a1_0.id
2026-09-14T00:30:31.480+07:00 DEBUG 15036 --- [tea-attendance-api] [nio-8080-exec-2] org.hibernate.SQL                        : 
    select
        a1_0.message_id,
        a1_0.id,
        a1_0.byte_size,
        a1_0.content_type,
        a1_0.created_at,
        a1_0.original_filename,
        a1_0.storage_key 
    from
        chat_attachments a1_0 
    where
        a1_0.message_id=? 
    order by
        a1_0.id
2026-09-14T00:30:31.482+07:00 DEBUG 15036 --- [tea-attendance-api] [nio-8080-exec-9] org.hibernate.SQL                        : 
    select
        m1_0.id,
        m1_0.account_name,
        m1_0.account_number,
        m1_0.active,
        m1_0.avatar_url,
        m1_0.bank_bin,
        m1_0.bank_name,
        m1_0.created_at,
        m1_0.display_name,
        m1_0.email,
        m1_0.password_hash,
        m1_0.qr_code_url,
        m1_0.reset_code_expires_at,
        m1_0.reset_code_hash,
        m1_0.role,
        m1_0.updated_at 
    from
        members m1_0
2026-09-14T00:30:31.505+07:00 DEBUG 15036 --- [tea-attendance-api] [nio-8080-exec-3] m.m.a.RequestResponseBodyMethodProcessor : Using 'application/json', given [*/*] and supported [application/json, application/*+json]
2026-09-14T00:30:31.505+07:00 DEBUG 15036 --- [tea-attendance-api] [nio-8080-exec-4] m.m.a.RequestResponseBodyMethodProcessor : Using 'application/json', given [*/*] and supported [application/json, application/*+json]
2026-09-14T00:30:31.505+07:00 DEBUG 15036 --- [tea-attendance-api] [nio-8080-exec-1] m.m.a.RequestResponseBodyMethodProcessor : Using 'application/json', given [*/*] and supported [application/json, application/*+json]
2026-09-14T00:30:31.506+07:00 DEBUG 15036 --- [tea-attendance-api] [nio-8080-exec-3] m.m.a.RequestResponseBodyMethodProcessor : Writing [[]]
2026-09-14T00:30:31.507+07:00 DEBUG 15036 --- [tea-attendance-api] [nio-8080-exec-2] org.hibernate.SQL                        : 
    select
        a1_0.message_id,
        a1_0.id,
        a1_0.byte_size,
        a1_0.content_type,
        a1_0.created_at,
        a1_0.original_filename,
        a1_0.storage_key 
    from
        chat_attachments a1_0 
    where
        a1_0.message_id=? 
    order by
        a1_0.id
2026-09-14T00:30:31.507+07:00 DEBUG 15036 --- [tea-attendance-api] [nio-8080-exec-4] m.m.a.RequestResponseBodyMethodProcessor : Writing [[DrinkCatalogResponse[id=1, name=Tra da, price=5000, icon=?, active=true], DrinkCatalogResponse[id= (truncated)...]
2026-09-14T00:30:31.507+07:00 DEBUG 15036 --- [tea-attendance-api] [nio-8080-exec-1] m.m.a.RequestResponseBodyMethodProcessor : Writing [[]]
2026-09-14T00:30:31.509+07:00 DEBUG 15036 --- [tea-attendance-api] [nio-8080-exec-3] o.s.web.servlet.DispatcherServlet        : Completed 200 OK
2026-09-14T00:30:31.510+07:00 DEBUG 15036 --- [tea-attendance-api] [nio-8080-exec-4] o.s.web.servlet.DispatcherServlet        : Completed 200 OK
2026-09-14T00:30:31.510+07:00 DEBUG 15036 --- [tea-attendance-api] [nio-8080-exec-1] o.s.web.servlet.DispatcherServlet        : Completed 200 OK
2026-09-14T00:30:31.561+07:00 DEBUG 15036 --- [tea-attendance-api] [nio-8080-exec-7] o.s.web.servlet.DispatcherServlet        : GET "/api/notifications?memberId=6", parameters={masked}
2026-09-14T00:30:31.562+07:00 DEBUG 15036 --- [tea-attendance-api] [nio-8080-exec-8] o.s.web.servlet.DispatcherServlet        : GET "/api/drinks?includeInactive=true", parameters={masked}
2026-09-14T00:30:31.563+07:00 DEBUG 15036 --- [tea-attendance-api] [nio-8080-exec-7] s.w.s.m.m.a.RequestMappingHandlerMapping : Mapped to com.trasua.api.NotificationController#list(Long)
2026-09-14T00:30:31.564+07:00 DEBUG 15036 --- [tea-attendance-api] [nio-8080-exec-8] s.w.s.m.m.a.RequestMappingHandlerMapping : Mapped to com.trasua.api.DrinkCatalogController#list(boolean)
2026-09-14T00:30:31.564+07:00 DEBUG 15036 --- [tea-attendance-api] [nio-8080-exec-5] o.s.web.servlet.DispatcherServlet        : GET "/api/expenses/range?from=2026-09-14&to=2026-09-20", parameters={masked}
2026-09-14T00:30:31.566+07:00 DEBUG 15036 --- [tea-attendance-api] [nio-8080-exec-5] s.w.s.m.m.a.RequestMappingHandlerMapping : Mapped to com.trasua.api.ExpenseController#range(LocalDate, LocalDate)
2026-09-14T00:30:31.575+07:00 DEBUG 15036 --- [tea-attendance-api] [nio-8080-exec-9] m.m.a.RequestResponseBodyMethodProcessor : Using 'application/json', given [*/*] and supported [application/json, application/*+json]
2026-09-14T00:30:31.577+07:00 DEBUG 15036 --- [tea-attendance-api] [nio-8080-exec-9] m.m.a.RequestResponseBodyMethodProcessor : Writing [[MemberResponse[id=1, displayName=Minh Anh, email=minh.anh@example.test, bankName=MB Bank, bankBin=9 (truncated)...]
2026-09-14T00:30:31.579+07:00 DEBUG 15036 --- [tea-attendance-api] [nio-8080-exec-9] o.s.web.servlet.DispatcherServlet        : Completed 200 OK
2026-09-14T00:30:31.588+07:00 DEBUG 15036 --- [tea-attendance-api] [nio-8080-exec-2] m.m.a.RequestResponseBodyMethodProcessor : Using 'application/json', given [*/*] and supported [application/json, application/*+json]
2026-09-14T00:30:31.590+07:00 DEBUG 15036 --- [tea-attendance-api] [nio-8080-exec-2] m.m.a.RequestResponseBodyMethodProcessor : Writing [[ChatMessageResponse[id=2, sender=MemberBriefResponse[id=1, displayName=Minh Anh, avatarUrl=null], c (truncated)...]
2026-09-14T00:30:31.592+07:00 DEBUG 15036 --- [tea-attendance-api] [nio-8080-exec-2] o.s.web.servlet.DispatcherServlet        : Completed 200 OK
2026-09-14T00:30:31.602+07:00 DEBUG 15036 --- [tea-attendance-api] [nio-8080-exec-5] org.hibernate.SQL                        : 
    select
        distinct do1_0.id,
        do1_0.created_at,
        i1_0.order_id,
        i1_0.id,
        i1_0.consumer_member_id,
        c1_0.id,
        c1_0.account_name,
        c1_0.account_number,
        c1_0.active,
        c1_0.avatar_url,
        c1_0.bank_bin,
        c1_0.bank_name,
        c1_0.created_at,
        c1_0.display_name,
        c1_0.email,
        c1_0.password_hash,
        c1_0.qr_code_url,
        c1_0.reset_code_expires_at,
        c1_0.reset_code_hash,
        c1_0.role,
        c1_0.updated_at,
        i1_0.drink_name,
        i1_0.line_total,
        i1_0.quantity,
        i1_0.unit_price,
        do1_0.note,
        do1_0.order_date,
        do1_0.payer_member_id,
        p1_0.id,
        p1_0.account_name,
        p1_0.account_number,
        p1_0.active,
        p1_0.avatar_url,
        p1_0.bank_bin,
        p1_0.bank_name,
        p1_0.created_at,
        p1_0.display_name,
        p1_0.email,
        p1_0.password_hash,
        p1_0.qr_code_url,
        p1_0.reset_code_expires_at,
        p1_0.reset_code_hash,
        p1_0.role,
        p1_0.updated_at,
        do1_0.total_amount,
        do1_0.updated_at 
    from
        drink_orders do1_0 
    join
        members p1_0 
            on p1_0.id=do1_0.payer_member_id 
    left join
        order_items i1_0 
            on do1_0.id=i1_0.order_id 
    left join
        members c1_0 
            on c1_0.id=i1_0.consumer_member_id 
    where
        do1_0.order_date between ? and ? 
    order by
        do1_0.order_date,
        do1_0.id
2026-09-14T00:30:31.602+07:00 DEBUG 15036 --- [tea-attendance-api] [nio-8080-exec-8] org.hibernate.SQL                        : 
    select
        dci1_0.id,
        dci1_0.active,
        dci1_0.created_at,
        dci1_0.icon,
        dci1_0.name,
        dci1_0.price,
        dci1_0.updated_at 
    from
        drink_catalog dci1_0
2026-09-14T00:30:31.603+07:00 DEBUG 15036 --- [tea-attendance-api] [nio-8080-exec-7] org.hibernate.SQL                        : 
    select
        n1_0.id,
        n1_0.body,
        n1_0.created_at,
        n1_0.read_at,
        n1_0.recipient_member_id,
        r1_0.id,
        r1_0.account_name,
        r1_0.account_number,
        r1_0.active,
        r1_0.avatar_url,
        r1_0.bank_bin,
        r1_0.bank_name,
        r1_0.created_at,
        r1_0.display_name,
        r1_0.email,
        r1_0.password_hash,
        r1_0.qr_code_url,
        r1_0.reset_code_expires_at,
        r1_0.reset_code_hash,
        r1_0.role,
        r1_0.updated_at,
        n1_0.settlement_id,
        n1_0.title,
        n1_0.transfer_id,
        n1_0.type 
    from
        notifications n1_0 
    join
        members r1_0 
            on r1_0.id=n1_0.recipient_member_id 
    where
        r1_0.id=? 
    order by
        n1_0.created_at desc
2026-09-14T00:30:31.648+07:00 DEBUG 15036 --- [tea-attendance-api] [io-8080-exec-10] o.s.web.servlet.DispatcherServlet        : GET "/api/chat/messages", parameters={}
2026-09-14T00:30:31.648+07:00 DEBUG 15036 --- [tea-attendance-api] [nio-8080-exec-6] o.s.web.servlet.DispatcherServlet        : GET "/api/members?includeInactive=true", parameters={masked}
2026-09-14T00:30:31.650+07:00 DEBUG 15036 --- [tea-attendance-api] [io-8080-exec-10] s.w.s.m.m.a.RequestMappingHandlerMapping : Mapped to com.trasua.api.ChatController#list(Instant, int)
2026-09-14T00:30:31.650+07:00 DEBUG 15036 --- [tea-attendance-api] [nio-8080-exec-6] s.w.s.m.m.a.RequestMappingHandlerMapping : Mapped to com.trasua.api.MemberController#list(boolean)
2026-09-14T00:30:31.667+07:00 DEBUG 15036 --- [tea-attendance-api] [nio-8080-exec-7] m.m.a.RequestResponseBodyMethodProcessor : Using 'application/json', given [*/*] and supported [application/json, application/*+json]
2026-09-14T00:30:31.667+07:00 DEBUG 15036 --- [tea-attendance-api] [io-8080-exec-10] org.hibernate.SQL                        : 
    select
        distinct cm1_0.id,
        cm1_0.content,
        cm1_0.created_at,
        cm1_0.deleted_at,
        rt1_0.id,
        rt1_0.content,
        rt1_0.created_at,
        rt1_0.deleted_at,
        rt1_0.reply_to_message_id,
        rt1_0.sender_member_id,
        s2_0.id,
        s2_0.account_name,
        s2_0.account_number,
        s2_0.active,
        s2_0.avatar_url,
        s2_0.bank_bin,
        s2_0.bank_name,
        s2_0.created_at,
        s2_0.display_name,
        s2_0.email,
        s2_0.password_hash,
        s2_0.qr_code_url,
        s2_0.reset_code_expires_at,
        s2_0.reset_code_hash,
        s2_0.role,
        s2_0.updated_at,
        cm1_0.sender_member_id,
        s1_0.id,
        s1_0.account_name,
        s1_0.account_number,
        s1_0.active,
        s1_0.avatar_url,
        s1_0.bank_bin,
        s1_0.bank_name,
        s1_0.created_at,
        s1_0.display_name,
        s1_0.email,
        s1_0.password_hash,
        s1_0.qr_code_url,
        s1_0.reset_code_expires_at,
        s1_0.reset_code_hash,
        s1_0.role,
        s1_0.updated_at 
    from
        chat_messages cm1_0 
    join
        members s1_0 
            on s1_0.id=cm1_0.sender_member_id 
    left join
        chat_messages rt1_0 
            on rt1_0.id=cm1_0.reply_to_message_id 
    left join
        members s2_0 
            on s2_0.id=rt1_0.sender_member_id 
    order by
        cm1_0.created_at desc 
    limit
        ?
2026-09-14T00:30:31.667+07:00 DEBUG 15036 --- [tea-attendance-api] [nio-8080-exec-7] m.m.a.RequestResponseBodyMethodProcessor : Writing [[]]
2026-09-14T00:30:31.670+07:00 DEBUG 15036 --- [tea-attendance-api] [nio-8080-exec-7] o.s.web.servlet.DispatcherServlet        : Completed 200 OK
2026-09-14T00:30:31.692+07:00 DEBUG 15036 --- [tea-attendance-api] [nio-8080-exec-5] m.m.a.RequestResponseBodyMethodProcessor : Using 'application/json', given [*/*] and supported [application/json, application/*+json]
2026-09-14T00:30:31.692+07:00 DEBUG 15036 --- [tea-attendance-api] [nio-8080-exec-5] m.m.a.RequestResponseBodyMethodProcessor : Writing [[]]
2026-09-14T00:30:31.692+07:00 DEBUG 15036 --- [tea-attendance-api] [nio-8080-exec-8] m.m.a.RequestResponseBodyMethodProcessor : Using 'application/json', given [*/*] and supported [application/json, application/*+json]
2026-09-14T00:30:31.692+07:00 DEBUG 15036 --- [tea-attendance-api] [nio-8080-exec-6] org.hibernate.SQL                        : 
    select
        m1_0.id,
        m1_0.account_name,
        m1_0.account_number,
        m1_0.active,
        m1_0.avatar_url,
        m1_0.bank_bin,
        m1_0.bank_name,
        m1_0.created_at,
        m1_0.display_name,
        m1_0.email,
        m1_0.password_hash,
        m1_0.qr_code_url,
        m1_0.reset_code_expires_at,
        m1_0.reset_code_hash,
        m1_0.role,
        m1_0.updated_at 
    from
        members m1_0
2026-09-14T00:30:31.692+07:00 DEBUG 15036 --- [tea-attendance-api] [nio-8080-exec-5] o.s.web.servlet.DispatcherServlet        : Completed 200 OK
2026-09-14T00:30:31.692+07:00 DEBUG 15036 --- [tea-attendance-api] [nio-8080-exec-8] m.m.a.RequestResponseBodyMethodProcessor : Writing [[DrinkCatalogResponse[id=1, name=Tra da, price=5000, icon=?, active=true], DrinkCatalogResponse[id= (truncated)...]
2026-09-14T00:30:31.692+07:00 DEBUG 15036 --- [tea-attendance-api] [nio-8080-exec-8] o.s.web.servlet.DispatcherServlet        : Completed 200 OK
2026-09-14T00:30:31.712+07:00 DEBUG 15036 --- [tea-attendance-api] [io-8080-exec-10] org.hibernate.SQL                        : 
    select
        a1_0.message_id,
        a1_0.id,
        a1_0.byte_size,
        a1_0.content_type,
        a1_0.created_at,
        a1_0.original_filename,
        a1_0.storage_key 
    from
        chat_attachments a1_0 
    where
        a1_0.message_id=? 
    order by
        a1_0.id
2026-09-14T00:30:31.737+07:00 DEBUG 15036 --- [tea-attendance-api] [io-8080-exec-10] org.hibernate.SQL                        : 
    select
        a1_0.message_id,
        a1_0.id,
        a1_0.byte_size,
        a1_0.content_type,
        a1_0.created_at,
        a1_0.original_filename,
        a1_0.storage_key 
    from
        chat_attachments a1_0 
    where
        a1_0.message_id=? 
    order by
        a1_0.id
2026-09-14T00:30:31.753+07:00 DEBUG 15036 --- [tea-attendance-api] [nio-8080-exec-3] o.s.web.servlet.DispatcherServlet        : GET "/api/notifications?memberId=6", parameters={masked}
2026-09-14T00:30:31.754+07:00 DEBUG 15036 --- [tea-attendance-api] [nio-8080-exec-3] s.w.s.m.m.a.RequestMappingHandlerMapping : Mapped to com.trasua.api.NotificationController#list(Long)
2026-09-14T00:30:31.768+07:00 DEBUG 15036 --- [tea-attendance-api] [io-8080-exec-10] org.hibernate.SQL                        : 
    select
        a1_0.message_id,
        a1_0.id,
        a1_0.byte_size,
        a1_0.content_type,
        a1_0.created_at,
        a1_0.original_filename,
        a1_0.storage_key 
    from
        chat_attachments a1_0 
    where
        a1_0.message_id=? 
    order by
        a1_0.id
2026-09-14T00:30:31.778+07:00 DEBUG 15036 --- [tea-attendance-api] [nio-8080-exec-4] o.s.web.servlet.DispatcherServlet        : GET "/api/expenses/range?from=2026-09-14&to=2026-09-20", parameters={masked}
2026-09-14T00:30:31.779+07:00 DEBUG 15036 --- [tea-attendance-api] [nio-8080-exec-1] o.s.web.servlet.DispatcherServlet        : GET "/api/drinks?includeInactive=true", parameters={masked}
2026-09-14T00:30:31.781+07:00 DEBUG 15036 --- [tea-attendance-api] [nio-8080-exec-1] s.w.s.m.m.a.RequestMappingHandlerMapping : Mapped to com.trasua.api.DrinkCatalogController#list(boolean)
2026-09-14T00:30:31.781+07:00 DEBUG 15036 --- [tea-attendance-api] [nio-8080-exec-4] s.w.s.m.m.a.RequestMappingHandlerMapping : Mapped to com.trasua.api.ExpenseController#range(LocalDate, LocalDate)
2026-09-14T00:30:31.821+07:00 DEBUG 15036 --- [tea-attendance-api] [nio-8080-exec-6] m.m.a.RequestResponseBodyMethodProcessor : Using 'application/json', given [*/*] and supported [application/json, application/*+json]
2026-09-14T00:30:31.823+07:00 DEBUG 15036 --- [tea-attendance-api] [nio-8080-exec-6] m.m.a.RequestResponseBodyMethodProcessor : Writing [[MemberResponse[id=1, displayName=Minh Anh, email=minh.anh@example.test, bankName=MB Bank, bankBin=9 (truncated)...]
2026-09-14T00:30:31.823+07:00 DEBUG 15036 --- [tea-attendance-api] [io-8080-exec-10] org.hibernate.SQL                        : 
    select
        a1_0.message_id,
        a1_0.id,
        a1_0.byte_size,
        a1_0.content_type,
        a1_0.created_at,
        a1_0.original_filename,
        a1_0.storage_key 
    from
        chat_attachments a1_0 
    where
        a1_0.message_id=? 
    order by
        a1_0.id
2026-09-14T00:30:31.824+07:00 DEBUG 15036 --- [tea-attendance-api] [nio-8080-exec-3] org.hibernate.SQL                        : 
    select
        n1_0.id,
        n1_0.body,
        n1_0.created_at,
        n1_0.read_at,
        n1_0.recipient_member_id,
        r1_0.id,
        r1_0.account_name,
        r1_0.account_number,
        r1_0.active,
        r1_0.avatar_url,
        r1_0.bank_bin,
        r1_0.bank_name,
        r1_0.created_at,
        r1_0.display_name,
        r1_0.email,
        r1_0.password_hash,
        r1_0.qr_code_url,
        r1_0.reset_code_expires_at,
        r1_0.reset_code_hash,
        r1_0.role,
        r1_0.updated_at,
        n1_0.settlement_id,
        n1_0.title,
        n1_0.transfer_id,
        n1_0.type 
    from
        notifications n1_0 
    join
        members r1_0 
            on r1_0.id=n1_0.recipient_member_id 
    where
        r1_0.id=? 
    order by
        n1_0.created_at desc
2026-09-14T00:30:31.825+07:00 DEBUG 15036 --- [tea-attendance-api] [nio-8080-exec-6] o.s.web.servlet.DispatcherServlet        : Completed 200 OK
2026-09-14T00:30:31.840+07:00 DEBUG 15036 --- [tea-attendance-api] [io-8080-exec-10] org.hibernate.SQL                        : 
    select
        a1_0.message_id,
        a1_0.id,
        a1_0.byte_size,
        a1_0.content_type,
        a1_0.created_at,
        a1_0.original_filename,
        a1_0.storage_key 
    from
        chat_attachments a1_0 
    where
        a1_0.message_id=? 
    order by
        a1_0.id
2026-09-14T00:30:31.840+07:00 DEBUG 15036 --- [tea-attendance-api] [nio-8080-exec-1] org.hibernate.SQL                        : 
    select
        dci1_0.id,
        dci1_0.active,
        dci1_0.created_at,
        dci1_0.icon,
        dci1_0.name,
        dci1_0.price,
        dci1_0.updated_at 
    from
        drink_catalog dci1_0
2026-09-14T00:30:31.845+07:00 DEBUG 15036 --- [tea-attendance-api] [nio-8080-exec-4] org.hibernate.SQL                        : 
    select
        distinct do1_0.id,
        do1_0.created_at,
        i1_0.order_id,
        i1_0.id,
        i1_0.consumer_member_id,
        c1_0.id,
        c1_0.account_name,
        c1_0.account_number,
        c1_0.active,
        c1_0.avatar_url,
        c1_0.bank_bin,
        c1_0.bank_name,
        c1_0.created_at,
        c1_0.display_name,
        c1_0.email,
        c1_0.password_hash,
        c1_0.qr_code_url,
        c1_0.reset_code_expires_at,
        c1_0.reset_code_hash,
        c1_0.role,
        c1_0.updated_at,
        i1_0.drink_name,
        i1_0.line_total,
        i1_0.quantity,
        i1_0.unit_price,
        do1_0.note,
        do1_0.order_date,
        do1_0.payer_member_id,
        p1_0.id,
        p1_0.account_name,
        p1_0.account_number,
        p1_0.active,
        p1_0.avatar_url,
        p1_0.bank_bin,
        p1_0.bank_name,
        p1_0.created_at,
        p1_0.display_name,
        p1_0.email,
        p1_0.password_hash,
        p1_0.qr_code_url,
        p1_0.reset_code_expires_at,
        p1_0.reset_code_hash,
        p1_0.role,
        p1_0.updated_at,
        do1_0.total_amount,
        do1_0.updated_at 
    from
        drink_orders do1_0 
    join
        members p1_0 
            on p1_0.id=do1_0.payer_member_id 
    left join
        order_items i1_0 
            on do1_0.id=i1_0.order_id 
    left join
        members c1_0 
            on c1_0.id=i1_0.consumer_member_id 
    where
        do1_0.order_date between ? and ? 
    order by
        do1_0.order_date,
        do1_0.id
2026-09-14T00:30:31.958+07:00 DEBUG 15036 --- [tea-attendance-api] [nio-8080-exec-3] m.m.a.RequestResponseBodyMethodProcessor : Using 'application/json', given [*/*] and supported [application/json, application/*+json]
2026-09-14T00:30:31.959+07:00 DEBUG 15036 --- [tea-attendance-api] [nio-8080-exec-3] m.m.a.RequestResponseBodyMethodProcessor : Writing [[]]
2026-09-14T00:30:31.960+07:00 DEBUG 15036 --- [tea-attendance-api] [nio-8080-exec-3] o.s.web.servlet.DispatcherServlet        : Completed 200 OK
2026-09-14T00:30:31.967+07:00 DEBUG 15036 --- [tea-attendance-api] [io-8080-exec-10] m.m.a.RequestResponseBodyMethodProcessor : Using 'application/json', given [*/*] and supported [application/json, application/*+json]
2026-09-14T00:30:31.967+07:00 DEBUG 15036 --- [tea-attendance-api] [nio-8080-exec-1] m.m.a.RequestResponseBodyMethodProcessor : Using 'application/json', given [*/*] and supported [application/json, application/*+json]
2026-09-14T00:30:31.967+07:00 DEBUG 15036 --- [tea-attendance-api] [io-8080-exec-10] m.m.a.RequestResponseBodyMethodProcessor : Writing [[ChatMessageResponse[id=2, sender=MemberBriefResponse[id=1, displayName=Minh Anh, avatarUrl=null], c (truncated)...]
2026-09-14T00:30:31.967+07:00 DEBUG 15036 --- [tea-attendance-api] [nio-8080-exec-4] m.m.a.RequestResponseBodyMethodProcessor : Using 'application/json', given [*/*] and supported [application/json, application/*+json]
2026-09-14T00:30:31.967+07:00 DEBUG 15036 --- [tea-attendance-api] [nio-8080-exec-1] m.m.a.RequestResponseBodyMethodProcessor : Writing [[DrinkCatalogResponse[id=1, name=Tra da, price=5000, icon=?, active=true], DrinkCatalogResponse[id= (truncated)...]
2026-09-14T00:30:31.967+07:00 DEBUG 15036 --- [tea-attendance-api] [nio-8080-exec-4] m.m.a.RequestResponseBodyMethodProcessor : Writing [[]]
2026-09-14T00:30:31.967+07:00 DEBUG 15036 --- [tea-attendance-api] [io-8080-exec-10] o.s.web.servlet.DispatcherServlet        : Completed 200 OK
2026-09-14T00:30:31.967+07:00 DEBUG 15036 --- [tea-attendance-api] [nio-8080-exec-1] o.s.web.servlet.DispatcherServlet        : Completed 200 OK
2026-09-14T00:30:31.967+07:00 DEBUG 15036 --- [tea-attendance-api] [nio-8080-exec-4] o.s.web.servlet.DispatcherServlet        : Completed 200 OK
2026-09-14T00:30:32.017+07:00 DEBUG 15036 --- [tea-attendance-api] [nio-8080-exec-9] o.s.web.servlet.DispatcherServlet        : GET "/api/chat/messages", parameters={}
2026-09-14T00:30:32.017+07:00 DEBUG 15036 --- [tea-attendance-api] [nio-8080-exec-9] s.w.s.m.m.a.RequestMappingHandlerMapping : Mapped to com.trasua.api.ChatController#list(Instant, int)
2026-09-14T00:30:32.054+07:00 DEBUG 15036 --- [tea-attendance-api] [nio-8080-exec-9] org.hibernate.SQL                        : 
    select
        distinct cm1_0.id,
        cm1_0.content,
        cm1_0.created_at,
        cm1_0.deleted_at,
        rt1_0.id,
        rt1_0.content,
        rt1_0.created_at,
        rt1_0.deleted_at,
        rt1_0.reply_to_message_id,
        rt1_0.sender_member_id,
        s2_0.id,
        s2_0.account_name,
        s2_0.account_number,
        s2_0.active,
        s2_0.avatar_url,
        s2_0.bank_bin,
        s2_0.bank_name,
        s2_0.created_at,
        s2_0.display_name,
        s2_0.email,
        s2_0.password_hash,
        s2_0.qr_code_url,
        s2_0.reset_code_expires_at,
        s2_0.reset_code_hash,
        s2_0.role,
        s2_0.updated_at,
        cm1_0.sender_member_id,
        s1_0.id,
        s1_0.account_name,
        s1_0.account_number,
        s1_0.active,
        s1_0.avatar_url,
        s1_0.bank_bin,
        s1_0.bank_name,
        s1_0.created_at,
        s1_0.display_name,
        s1_0.email,
        s1_0.password_hash,
        s1_0.qr_code_url,
        s1_0.reset_code_expires_at,
        s1_0.reset_code_hash,
        s1_0.role,
        s1_0.updated_at 
    from
        chat_messages cm1_0 
    join
        members s1_0 
            on s1_0.id=cm1_0.sender_member_id 
    left join
        chat_messages rt1_0 
            on rt1_0.id=cm1_0.reply_to_message_id 
    left join
        members s2_0 
            on s2_0.id=rt1_0.sender_member_id 
    order by
        cm1_0.created_at desc 
    limit
        ?
2026-09-14T00:30:32.071+07:00 DEBUG 15036 --- [tea-attendance-api] [nio-8080-exec-9] org.hibernate.SQL                        : 
    select
        a1_0.message_id,
        a1_0.id,
        a1_0.byte_size,
        a1_0.content_type,
        a1_0.created_at,
        a1_0.original_filename,
        a1_0.storage_key 
    from
        chat_attachments a1_0 
    where
        a1_0.message_id=? 
    order by
        a1_0.id
2026-09-14T00:30:32.089+07:00 DEBUG 15036 --- [tea-attendance-api] [nio-8080-exec-9] org.hibernate.SQL                        : 
    select
        a1_0.message_id,
        a1_0.id,
        a1_0.byte_size,
        a1_0.content_type,
        a1_0.created_at,
        a1_0.original_filename,
        a1_0.storage_key 
    from
        chat_attachments a1_0 
    where
        a1_0.message_id=? 
    order by
        a1_0.id
2026-09-14T00:30:32.101+07:00 DEBUG 15036 --- [tea-attendance-api] [nio-8080-exec-9] org.hibernate.SQL                        : 
    select
        a1_0.message_id,
        a1_0.id,
        a1_0.byte_size,
        a1_0.content_type,
        a1_0.created_at,
        a1_0.original_filename,
        a1_0.storage_key 
    from
        chat_attachments a1_0 
    where
        a1_0.message_id=? 
    order by
        a1_0.id
2026-09-14T00:30:32.111+07:00 DEBUG 15036 --- [tea-attendance-api] [nio-8080-exec-9] org.hibernate.SQL                        : 
    select
        a1_0.message_id,
        a1_0.id,
        a1_0.byte_size,
        a1_0.content_type,
        a1_0.created_at,
        a1_0.original_filename,
        a1_0.storage_key 
    from
        chat_attachments a1_0 
    where
        a1_0.message_id=? 
    order by
        a1_0.id
2026-09-14T00:30:32.117+07:00 DEBUG 15036 --- [tea-attendance-api] [nio-8080-exec-9] org.hibernate.SQL                        : 
    select
        a1_0.message_id,
        a1_0.id,
        a1_0.byte_size,
        a1_0.content_type,
        a1_0.created_at,
        a1_0.original_filename,
        a1_0.storage_key 
    from
        chat_attachments a1_0 
    where
        a1_0.message_id=? 
    order by
        a1_0.id
2026-09-14T00:30:32.153+07:00 DEBUG 15036 --- [tea-attendance-api] [nio-8080-exec-9] m.m.a.RequestResponseBodyMethodProcessor : Using 'application/json', given [*/*] and supported [application/json, application/*+json]
2026-09-14T00:30:32.156+07:00 DEBUG 15036 --- [tea-attendance-api] [nio-8080-exec-9] m.m.a.RequestResponseBodyMethodProcessor : Writing [[ChatMessageResponse[id=2, sender=MemberBriefResponse[id=1, displayName=Minh Anh, avatarUrl=null], c (truncated)...]
2026-09-14T00:30:32.158+07:00 DEBUG 15036 --- [tea-attendance-api] [nio-8080-exec-9] o.s.web.servlet.DispatcherServlet        : Completed 200 OK
2026-09-14T00:30:33.019+07:00 DEBUG 15036 --- [tea-attendance-api] [nio-8080-exec-2] o.s.web.servlet.DispatcherServlet        : GET "/api/members?includeInactive=true", parameters={masked}
2026-09-14T00:30:33.019+07:00 DEBUG 15036 --- [tea-attendance-api] [nio-8080-exec-7] o.s.web.servlet.DispatcherServlet        : GET "/api/drinks?includeInactive=true", parameters={masked}
2026-09-14T00:30:33.020+07:00 DEBUG 15036 --- [tea-attendance-api] [nio-8080-exec-2] s.w.s.m.m.a.RequestMappingHandlerMapping : Mapped to com.trasua.api.MemberController#list(boolean)
2026-09-14T00:30:33.020+07:00 DEBUG 15036 --- [tea-attendance-api] [nio-8080-exec-7] s.w.s.m.m.a.RequestMappingHandlerMapping : Mapped to com.trasua.api.DrinkCatalogController#list(boolean)
2026-09-14T00:30:33.024+07:00 DEBUG 15036 --- [tea-attendance-api] [nio-8080-exec-5] o.s.web.servlet.DispatcherServlet        : GET "/api/expenses/range?from=2026-09-14&to=2026-09-20", parameters={masked}
2026-09-14T00:30:33.026+07:00 DEBUG 15036 --- [tea-attendance-api] [nio-8080-exec-5] s.w.s.m.m.a.RequestMappingHandlerMapping : Mapped to com.trasua.api.ExpenseController#range(LocalDate, LocalDate)
2026-09-14T00:30:33.026+07:00 DEBUG 15036 --- [tea-attendance-api] [nio-8080-exec-6] o.s.web.servlet.DispatcherServlet        : GET "/api/notifications?memberId=6", parameters={masked}
2026-09-14T00:30:33.027+07:00 DEBUG 15036 --- [tea-attendance-api] [nio-8080-exec-8] o.s.web.servlet.DispatcherServlet        : GET "/api/chat/messages", parameters={}
2026-09-14T00:30:33.028+07:00 DEBUG 15036 --- [tea-attendance-api] [nio-8080-exec-6] s.w.s.m.m.a.RequestMappingHandlerMapping : Mapped to com.trasua.api.NotificationController#list(Long)
2026-09-14T00:30:33.029+07:00 DEBUG 15036 --- [tea-attendance-api] [nio-8080-exec-8] s.w.s.m.m.a.RequestMappingHandlerMapping : Mapped to com.trasua.api.ChatController#list(Instant, int)
2026-09-14T00:30:33.103+07:00 DEBUG 15036 --- [tea-attendance-api] [nio-8080-exec-5] org.hibernate.SQL                        : 
    select
        distinct do1_0.id,
        do1_0.created_at,
        i1_0.order_id,
        i1_0.id,
        i1_0.consumer_member_id,
        c1_0.id,
        c1_0.account_name,
        c1_0.account_number,
        c1_0.active,
        c1_0.avatar_url,
        c1_0.bank_bin,
        c1_0.bank_name,
        c1_0.created_at,
        c1_0.display_name,
        c1_0.email,
        c1_0.password_hash,
        c1_0.qr_code_url,
        c1_0.reset_code_expires_at,
        c1_0.reset_code_hash,
        c1_0.role,
        c1_0.updated_at,
        i1_0.drink_name,
        i1_0.line_total,
        i1_0.quantity,
        i1_0.unit_price,
        do1_0.note,
        do1_0.order_date,
        do1_0.payer_member_id,
        p1_0.id,
        p1_0.account_name,
        p1_0.account_number,
        p1_0.active,
        p1_0.avatar_url,
        p1_0.bank_bin,
        p1_0.bank_name,
        p1_0.created_at,
        p1_0.display_name,
        p1_0.email,
        p1_0.password_hash,
        p1_0.qr_code_url,
        p1_0.reset_code_expires_at,
        p1_0.reset_code_hash,
        p1_0.role,
        p1_0.updated_at,
        do1_0.total_amount,
        do1_0.updated_at 
    from
        drink_orders do1_0 
    join
        members p1_0 
            on p1_0.id=do1_0.payer_member_id 
    left join
        order_items i1_0 
            on do1_0.id=i1_0.order_id 
    left join
        members c1_0 
            on c1_0.id=i1_0.consumer_member_id 
    where
        do1_0.order_date between ? and ? 
    order by
        do1_0.order_date,
        do1_0.id
2026-09-14T00:30:33.105+07:00 DEBUG 15036 --- [tea-attendance-api] [nio-8080-exec-6] org.hibernate.SQL                        : 
    select
        n1_0.id,
        n1_0.body,
        n1_0.created_at,
        n1_0.read_at,
        n1_0.recipient_member_id,
        r1_0.id,
        r1_0.account_name,
        r1_0.account_number,
        r1_0.active,
        r1_0.avatar_url,
        r1_0.bank_bin,
        r1_0.bank_name,
        r1_0.created_at,
        r1_0.display_name,
        r1_0.email,
        r1_0.password_hash,
        r1_0.qr_code_url,
        r1_0.reset_code_expires_at,
        r1_0.reset_code_hash,
        r1_0.role,
        r1_0.updated_at,
        n1_0.settlement_id,
        n1_0.title,
        n1_0.transfer_id,
        n1_0.type 
    from
        notifications n1_0 
    join
        members r1_0 
            on r1_0.id=n1_0.recipient_member_id 
    where
        r1_0.id=? 
    order by
        n1_0.created_at desc
2026-09-14T00:30:33.106+07:00 DEBUG 15036 --- [tea-attendance-api] [nio-8080-exec-7] org.hibernate.SQL                        : 
    select
        dci1_0.id,
        dci1_0.active,
        dci1_0.created_at,
        dci1_0.icon,
        dci1_0.name,
        dci1_0.price,
        dci1_0.updated_at 
    from
        drink_catalog dci1_0
2026-09-14T00:30:33.103+07:00 DEBUG 15036 --- [tea-attendance-api] [nio-8080-exec-8] org.hibernate.SQL                        : 
    select
        distinct cm1_0.id,
        cm1_0.content,
        cm1_0.created_at,
        cm1_0.deleted_at,
        rt1_0.id,
        rt1_0.content,
        rt1_0.created_at,
        rt1_0.deleted_at,
        rt1_0.reply_to_message_id,
        rt1_0.sender_member_id,
        s2_0.id,
        s2_0.account_name,
        s2_0.account_number,
        s2_0.active,
        s2_0.avatar_url,
        s2_0.bank_bin,
        s2_0.bank_name,
        s2_0.created_at,
        s2_0.display_name,
        s2_0.email,
        s2_0.password_hash,
        s2_0.qr_code_url,
        s2_0.reset_code_expires_at,
        s2_0.reset_code_hash,
        s2_0.role,
        s2_0.updated_at,
        cm1_0.sender_member_id,
        s1_0.id,
        s1_0.account_name,
        s1_0.account_number,
        s1_0.active,
        s1_0.avatar_url,
        s1_0.bank_bin,
        s1_0.bank_name,
        s1_0.created_at,
        s1_0.display_name,
        s1_0.email,
        s1_0.password_hash,
        s1_0.qr_code_url,
        s1_0.reset_code_expires_at,
        s1_0.reset_code_hash,
        s1_0.role,
        s1_0.updated_at 
    from
        chat_messages cm1_0 
    join
        members s1_0 
            on s1_0.id=cm1_0.sender_member_id 
    left join
        chat_messages rt1_0 
            on rt1_0.id=cm1_0.reply_to_message_id 
    left join
        members s2_0 
            on s2_0.id=rt1_0.sender_member_id 
    order by
        cm1_0.created_at desc 
    limit
        ?
2026-09-14T00:30:33.104+07:00 DEBUG 15036 --- [tea-attendance-api] [nio-8080-exec-2] org.hibernate.SQL                        : 
    select
        m1_0.id,
        m1_0.account_name,
        m1_0.account_number,
        m1_0.active,
        m1_0.avatar_url,
        m1_0.bank_bin,
        m1_0.bank_name,
        m1_0.created_at,
        m1_0.display_name,
        m1_0.email,
        m1_0.password_hash,
        m1_0.qr_code_url,
        m1_0.reset_code_expires_at,
        m1_0.reset_code_hash,
        m1_0.role,
        m1_0.updated_at 
    from
        members m1_0
2026-09-14T00:30:33.123+07:00 DEBUG 15036 --- [tea-attendance-api] [nio-8080-exec-8] org.hibernate.SQL                        : 
    select
        a1_0.message_id,
        a1_0.id,
        a1_0.byte_size,
        a1_0.content_type,
        a1_0.created_at,
        a1_0.original_filename,
        a1_0.storage_key 
    from
        chat_attachments a1_0 
    where
        a1_0.message_id=? 
    order by
        a1_0.id
2026-09-14T00:30:33.129+07:00 DEBUG 15036 --- [tea-attendance-api] [nio-8080-exec-8] org.hibernate.SQL                        : 
    select
        a1_0.message_id,
        a1_0.id,
        a1_0.byte_size,
        a1_0.content_type,
        a1_0.created_at,
        a1_0.original_filename,
        a1_0.storage_key 
    from
        chat_attachments a1_0 
    where
        a1_0.message_id=? 
    order by
        a1_0.id
2026-09-14T00:30:33.142+07:00 DEBUG 15036 --- [tea-attendance-api] [nio-8080-exec-2] m.m.a.RequestResponseBodyMethodProcessor : Using 'application/json', given [*/*] and supported [application/json, application/*+json]
2026-09-14T00:30:33.142+07:00 DEBUG 15036 --- [tea-attendance-api] [nio-8080-exec-6] m.m.a.RequestResponseBodyMethodProcessor : Using 'application/json', given [*/*] and supported [application/json, application/*+json]
2026-09-14T00:30:33.142+07:00 DEBUG 15036 --- [tea-attendance-api] [nio-8080-exec-7] m.m.a.RequestResponseBodyMethodProcessor : Using 'application/json', given [*/*] and supported [application/json, application/*+json]
2026-09-14T00:30:33.142+07:00 DEBUG 15036 --- [tea-attendance-api] [nio-8080-exec-5] m.m.a.RequestResponseBodyMethodProcessor : Using 'application/json', given [*/*] and supported [application/json, application/*+json]
2026-09-14T00:30:33.144+07:00 DEBUG 15036 --- [tea-attendance-api] [nio-8080-exec-7] m.m.a.RequestResponseBodyMethodProcessor : Writing [[DrinkCatalogResponse[id=1, name=Tra da, price=5000, icon=?, active=true], DrinkCatalogResponse[id= (truncated)...]
2026-09-14T00:30:33.142+07:00 DEBUG 15036 --- [tea-attendance-api] [nio-8080-exec-8] org.hibernate.SQL                        : 
    select
        a1_0.message_id,
        a1_0.id,
        a1_0.byte_size,
        a1_0.content_type,
        a1_0.created_at,
        a1_0.original_filename,
        a1_0.storage_key 
    from
        chat_attachments a1_0 
    where
        a1_0.message_id=? 
    order by
        a1_0.id
2026-09-14T00:30:33.143+07:00 DEBUG 15036 --- [tea-attendance-api] [nio-8080-exec-6] m.m.a.RequestResponseBodyMethodProcessor : Writing [[]]
2026-09-14T00:30:33.143+07:00 DEBUG 15036 --- [tea-attendance-api] [nio-8080-exec-2] m.m.a.RequestResponseBodyMethodProcessor : Writing [[MemberResponse[id=1, displayName=Minh Anh, email=minh.anh@example.test, bankName=MB Bank, bankBin=9 (truncated)...]
2026-09-14T00:30:33.144+07:00 DEBUG 15036 --- [tea-attendance-api] [nio-8080-exec-5] m.m.a.RequestResponseBodyMethodProcessor : Writing [[]]
2026-09-14T00:30:33.146+07:00 DEBUG 15036 --- [tea-attendance-api] [nio-8080-exec-7] o.s.web.servlet.DispatcherServlet        : Completed 200 OK
2026-09-14T00:30:33.148+07:00 DEBUG 15036 --- [tea-attendance-api] [nio-8080-exec-6] o.s.web.servlet.DispatcherServlet        : Completed 200 OK
2026-09-14T00:30:33.148+07:00 DEBUG 15036 --- [tea-attendance-api] [nio-8080-exec-2] o.s.web.servlet.DispatcherServlet        : Completed 200 OK
2026-09-14T00:30:33.148+07:00 DEBUG 15036 --- [tea-attendance-api] [nio-8080-exec-5] o.s.web.servlet.DispatcherServlet        : Completed 200 OK
2026-09-14T00:30:33.160+07:00 DEBUG 15036 --- [tea-attendance-api] [nio-8080-exec-8] org.hibernate.SQL                        : 
    select
        a1_0.message_id,
        a1_0.id,
        a1_0.byte_size,
        a1_0.content_type,
        a1_0.created_at,
        a1_0.original_filename,
        a1_0.storage_key 
    from
        chat_attachments a1_0 
    where
        a1_0.message_id=? 
    order by
        a1_0.id
2026-09-14T00:30:33.164+07:00 DEBUG 15036 --- [tea-attendance-api] [nio-8080-exec-8] org.hibernate.SQL                        : 
    select
        a1_0.message_id,
        a1_0.id,
        a1_0.byte_size,
        a1_0.content_type,
        a1_0.created_at,
        a1_0.original_filename,
        a1_0.storage_key 
    from
        chat_attachments a1_0 
    where
        a1_0.message_id=? 
    order by
        a1_0.id
2026-09-14T00:30:33.183+07:00 DEBUG 15036 --- [tea-attendance-api] [nio-8080-exec-8] m.m.a.RequestResponseBodyMethodProcessor : Using 'application/json', given [*/*] and supported [application/json, application/*+json]
2026-09-14T00:30:33.184+07:00 DEBUG 15036 --- [tea-attendance-api] [nio-8080-exec-8] m.m.a.RequestResponseBodyMethodProcessor : Writing [[ChatMessageResponse[id=2, sender=MemberBriefResponse[id=1, displayName=Minh Anh, avatarUrl=null], c (truncated)...]
2026-09-14T00:30:33.187+07:00 DEBUG 15036 --- [tea-attendance-api] [nio-8080-exec-8] o.s.web.servlet.DispatcherServlet        : Completed 200 OK
2026-09-14T00:30:34.176+07:00 DEBUG 15036 --- [tea-attendance-api] [io-8080-exec-10] o.s.web.servlet.DispatcherServlet        : GET "/api/drinks?includeInactive=true", parameters={masked}
2026-09-14T00:30:34.177+07:00 DEBUG 15036 --- [tea-attendance-api] [io-8080-exec-10] s.w.s.m.m.a.RequestMappingHandlerMapping : Mapped to com.trasua.api.DrinkCatalogController#list(boolean)
2026-09-14T00:30:34.179+07:00 DEBUG 15036 --- [tea-attendance-api] [nio-8080-exec-1] o.s.web.servlet.DispatcherServlet        : GET "/api/expenses/range?from=2026-09-14&to=2026-09-20", parameters={masked}
2026-09-14T00:30:34.180+07:00 DEBUG 15036 --- [tea-attendance-api] [nio-8080-exec-1] s.w.s.m.m.a.RequestMappingHandlerMapping : Mapped to com.trasua.api.ExpenseController#range(LocalDate, LocalDate)
2026-09-14T00:30:34.179+07:00 DEBUG 15036 --- [tea-attendance-api] [nio-8080-exec-3] o.s.web.servlet.DispatcherServlet        : GET "/api/members?includeInactive=true", parameters={masked}
2026-09-14T00:30:34.181+07:00 DEBUG 15036 --- [tea-attendance-api] [nio-8080-exec-9] o.s.web.servlet.DispatcherServlet        : GET "/api/notifications?memberId=6", parameters={masked}
2026-09-14T00:30:34.195+07:00 DEBUG 15036 --- [tea-attendance-api] [nio-8080-exec-9] s.w.s.m.m.a.RequestMappingHandlerMapping : Mapped to com.trasua.api.NotificationController#list(Long)
2026-09-14T00:30:34.185+07:00 DEBUG 15036 --- [tea-attendance-api] [nio-8080-exec-4] o.s.web.servlet.DispatcherServlet        : GET "/api/chat/messages", parameters={}
2026-09-14T00:30:34.197+07:00 DEBUG 15036 --- [tea-attendance-api] [nio-8080-exec-4] s.w.s.m.m.a.RequestMappingHandlerMapping : Mapped to com.trasua.api.ChatController#list(Instant, int)
2026-09-14T00:30:34.194+07:00 DEBUG 15036 --- [tea-attendance-api] [nio-8080-exec-3] s.w.s.m.m.a.RequestMappingHandlerMapping : Mapped to com.trasua.api.MemberController#list(boolean)
2026-09-14T00:30:34.227+07:00 DEBUG 15036 --- [tea-attendance-api] [nio-8080-exec-9] org.hibernate.SQL                        : 
    select
        n1_0.id,
        n1_0.body,
        n1_0.created_at,
        n1_0.read_at,
        n1_0.recipient_member_id,
        r1_0.id,
        r1_0.account_name,
        r1_0.account_number,
        r1_0.active,
        r1_0.avatar_url,
        r1_0.bank_bin,
        r1_0.bank_name,
        r1_0.created_at,
        r1_0.display_name,
        r1_0.email,
        r1_0.password_hash,
        r1_0.qr_code_url,
        r1_0.reset_code_expires_at,
        r1_0.reset_code_hash,
        r1_0.role,
        r1_0.updated_at,
        n1_0.settlement_id,
        n1_0.title,
        n1_0.transfer_id,
        n1_0.type 
    from
        notifications n1_0 
    join
        members r1_0 
            on r1_0.id=n1_0.recipient_member_id 
    where
        r1_0.id=? 
    order by
        n1_0.created_at desc
2026-09-14T00:30:34.228+07:00 DEBUG 15036 --- [tea-attendance-api] [nio-8080-exec-1] org.hibernate.SQL                        : 
    select
        distinct do1_0.id,
        do1_0.created_at,
        i1_0.order_id,
        i1_0.id,
        i1_0.consumer_member_id,
        c1_0.id,
        c1_0.account_name,
        c1_0.account_number,
        c1_0.active,
        c1_0.avatar_url,
        c1_0.bank_bin,
        c1_0.bank_name,
        c1_0.created_at,
        c1_0.display_name,
        c1_0.email,
        c1_0.password_hash,
        c1_0.qr_code_url,
        c1_0.reset_code_expires_at,
        c1_0.reset_code_hash,
        c1_0.role,
        c1_0.updated_at,
        i1_0.drink_name,
        i1_0.line_total,
        i1_0.quantity,
        i1_0.unit_price,
        do1_0.note,
        do1_0.order_date,
        do1_0.payer_member_id,
        p1_0.id,
        p1_0.account_name,
        p1_0.account_number,
        p1_0.active,
        p1_0.avatar_url,
        p1_0.bank_bin,
        p1_0.bank_name,
        p1_0.created_at,
        p1_0.display_name,
        p1_0.email,
        p1_0.password_hash,
        p1_0.qr_code_url,
        p1_0.reset_code_expires_at,
        p1_0.reset_code_hash,
        p1_0.role,
        p1_0.updated_at,
        do1_0.total_amount,
        do1_0.updated_at 
    from
        drink_orders do1_0 
    join
        members p1_0 
            on p1_0.id=do1_0.payer_member_id 
    left join
        order_items i1_0 
            on do1_0.id=i1_0.order_id 
    left join
        members c1_0 
            on c1_0.id=i1_0.consumer_member_id 
    where
        do1_0.order_date between ? and ? 
    order by
        do1_0.order_date,
        do1_0.id
2026-09-14T00:30:34.228+07:00 DEBUG 15036 --- [tea-attendance-api] [nio-8080-exec-4] org.hibernate.SQL                        : 
    select
        distinct cm1_0.id,
        cm1_0.content,
        cm1_0.created_at,
        cm1_0.deleted_at,
        rt1_0.id,
        rt1_0.content,
        rt1_0.created_at,
        rt1_0.deleted_at,
        rt1_0.reply_to_message_id,
        rt1_0.sender_member_id,
        s2_0.id,
        s2_0.account_name,
        s2_0.account_number,
        s2_0.active,
        s2_0.avatar_url,
        s2_0.bank_bin,
        s2_0.bank_name,
        s2_0.created_at,
        s2_0.display_name,
        s2_0.email,
        s2_0.password_hash,
        s2_0.qr_code_url,
        s2_0.reset_code_expires_at,
        s2_0.reset_code_hash,
        s2_0.role,
        s2_0.updated_at,
        cm1_0.sender_member_id,
        s1_0.id,
        s1_0.account_name,
        s1_0.account_number,
        s1_0.active,
        s1_0.avatar_url,
        s1_0.bank_bin,
        s1_0.bank_name,
        s1_0.created_at,
        s1_0.display_name,
        s1_0.email,
        s1_0.password_hash,
        s1_0.qr_code_url,
        s1_0.reset_code_expires_at,
        s1_0.reset_code_hash,
        s1_0.role,
        s1_0.updated_at 
    from
        chat_messages cm1_0 
    join
        members s1_0 
            on s1_0.id=cm1_0.sender_member_id 
    left join
        chat_messages rt1_0 
            on rt1_0.id=cm1_0.reply_to_message_id 
    left join
        members s2_0 
            on s2_0.id=rt1_0.sender_member_id 
    order by
        cm1_0.created_at desc 
    limit
        ?
2026-09-14T00:30:34.230+07:00 DEBUG 15036 --- [tea-attendance-api] [io-8080-exec-10] org.hibernate.SQL                        : 
    select
        dci1_0.id,
        dci1_0.active,
        dci1_0.created_at,
        dci1_0.icon,
        dci1_0.name,
        dci1_0.price,
        dci1_0.updated_at 
    from
        drink_catalog dci1_0
2026-09-14T00:30:34.247+07:00 DEBUG 15036 --- [tea-attendance-api] [nio-8080-exec-3] org.hibernate.SQL                        : 
    select
        m1_0.id,
        m1_0.account_name,
        m1_0.account_number,
        m1_0.active,
        m1_0.avatar_url,
        m1_0.bank_bin,
        m1_0.bank_name,
        m1_0.created_at,
        m1_0.display_name,
        m1_0.email,
        m1_0.password_hash,
        m1_0.qr_code_url,
        m1_0.reset_code_expires_at,
        m1_0.reset_code_hash,
        m1_0.role,
        m1_0.updated_at 
    from
        members m1_0
2026-09-14T00:30:34.251+07:00 DEBUG 15036 --- [tea-attendance-api] [nio-8080-exec-4] org.hibernate.SQL                        : 
    select
        a1_0.message_id,
        a1_0.id,
        a1_0.byte_size,
        a1_0.content_type,
        a1_0.created_at,
        a1_0.original_filename,
        a1_0.storage_key 
    from
        chat_attachments a1_0 
    where
        a1_0.message_id=? 
    order by
        a1_0.id
2026-09-14T00:30:34.274+07:00 DEBUG 15036 --- [tea-attendance-api] [nio-8080-exec-4] org.hibernate.SQL                        : 
    select
        a1_0.message_id,
        a1_0.id,
        a1_0.byte_size,
        a1_0.content_type,
        a1_0.created_at,
        a1_0.original_filename,
        a1_0.storage_key 
    from
        chat_attachments a1_0 
    where
        a1_0.message_id=? 
    order by
        a1_0.id
2026-09-14T00:30:34.286+07:00 DEBUG 15036 --- [tea-attendance-api] [io-8080-exec-10] m.m.a.RequestResponseBodyMethodProcessor : Using 'application/json', given [*/*] and supported [application/json, application/*+json]
2026-09-14T00:30:34.286+07:00 DEBUG 15036 --- [tea-attendance-api] [nio-8080-exec-1] m.m.a.RequestResponseBodyMethodProcessor : Using 'application/json', given [*/*] and supported [application/json, application/*+json]
2026-09-14T00:30:34.286+07:00 DEBUG 15036 --- [tea-attendance-api] [nio-8080-exec-9] m.m.a.RequestResponseBodyMethodProcessor : Using 'application/json', given [*/*] and supported [application/json, application/*+json]
2026-09-14T00:30:34.289+07:00 DEBUG 15036 --- [tea-attendance-api] [nio-8080-exec-9] m.m.a.RequestResponseBodyMethodProcessor : Writing [[]]
2026-09-14T00:30:34.286+07:00 DEBUG 15036 --- [tea-attendance-api] [nio-8080-exec-4] org.hibernate.SQL                        : 
    select
        a1_0.message_id,
        a1_0.id,
        a1_0.byte_size,
        a1_0.content_type,
        a1_0.created_at,
        a1_0.original_filename,
        a1_0.storage_key 
    from
        chat_attachments a1_0 
    where
        a1_0.message_id=? 
    order by
        a1_0.id
2026-09-14T00:30:34.288+07:00 DEBUG 15036 --- [tea-attendance-api] [nio-8080-exec-1] m.m.a.RequestResponseBodyMethodProcessor : Writing [[]]
2026-09-14T00:30:34.288+07:00 DEBUG 15036 --- [tea-attendance-api] [io-8080-exec-10] m.m.a.RequestResponseBodyMethodProcessor : Writing [[DrinkCatalogResponse[id=1, name=Tra da, price=5000, icon=?, active=true], DrinkCatalogResponse[id= (truncated)...]
2026-09-14T00:30:34.292+07:00 DEBUG 15036 --- [tea-attendance-api] [nio-8080-exec-9] o.s.web.servlet.DispatcherServlet        : Completed 200 OK
2026-09-14T00:30:34.293+07:00 DEBUG 15036 --- [tea-attendance-api] [nio-8080-exec-1] o.s.web.servlet.DispatcherServlet        : Completed 200 OK
2026-09-14T00:30:34.293+07:00 DEBUG 15036 --- [tea-attendance-api] [io-8080-exec-10] o.s.web.servlet.DispatcherServlet        : Completed 200 OK
2026-09-14T00:30:34.312+07:00 DEBUG 15036 --- [tea-attendance-api] [nio-8080-exec-4] org.hibernate.SQL                        : 
    select
        a1_0.message_id,
        a1_0.id,
        a1_0.byte_size,
        a1_0.content_type,
        a1_0.created_at,
        a1_0.original_filename,
        a1_0.storage_key 
    from
        chat_attachments a1_0 
    where
        a1_0.message_id=? 
    order by
        a1_0.id
2026-09-14T00:30:34.323+07:00 DEBUG 15036 --- [tea-attendance-api] [nio-8080-exec-3] m.m.a.RequestResponseBodyMethodProcessor : Using 'application/json', given [*/*] and supported [application/json, application/*+json]
2026-09-14T00:30:34.325+07:00 DEBUG 15036 --- [tea-attendance-api] [nio-8080-exec-4] org.hibernate.SQL                        : 
    select
        a1_0.message_id,
        a1_0.id,
        a1_0.byte_size,
        a1_0.content_type,
        a1_0.created_at,
        a1_0.original_filename,
        a1_0.storage_key 
    from
        chat_attachments a1_0 
    where
        a1_0.message_id=? 
    order by
        a1_0.id
2026-09-14T00:30:34.325+07:00 DEBUG 15036 --- [tea-attendance-api] [nio-8080-exec-3] m.m.a.RequestResponseBodyMethodProcessor : Writing [[MemberResponse[id=1, displayName=Minh Anh, email=minh.anh@example.test, bankName=MB Bank, bankBin=9 (truncated)...]
2026-09-14T00:30:34.328+07:00 DEBUG 15036 --- [tea-attendance-api] [nio-8080-exec-3] o.s.web.servlet.DispatcherServlet        : Completed 200 OK
2026-09-14T00:30:34.359+07:00 DEBUG 15036 --- [tea-attendance-api] [nio-8080-exec-4] m.m.a.RequestResponseBodyMethodProcessor : Using 'application/json', given [*/*] and supported [application/json, application/*+json]
2026-09-14T00:30:34.360+07:00 DEBUG 15036 --- [tea-attendance-api] [nio-8080-exec-4] m.m.a.RequestResponseBodyMethodProcessor : Writing [[ChatMessageResponse[id=2, sender=MemberBriefResponse[id=1, displayName=Minh Anh, avatarUrl=null], c (truncated)...]
2026-09-14T00:30:34.362+07:00 DEBUG 15036 --- [tea-attendance-api] [nio-8080-exec-4] o.s.web.servlet.DispatcherServlet        : Completed 200 OK
2026-09-14T00:30:53.295+07:00 DEBUG 15036 --- [tea-attendance-api] [nio-8080-exec-6] o.s.web.servlet.DispatcherServlet        : GET "/api/drinks?includeInactive=true", parameters={masked}
2026-09-14T00:30:53.295+07:00 DEBUG 15036 --- [tea-attendance-api] [nio-8080-exec-7] o.s.web.servlet.DispatcherServlet        : GET "/api/members?includeInactive=true", parameters={masked}
2026-09-14T00:30:53.299+07:00 DEBUG 15036 --- [tea-attendance-api] [nio-8080-exec-6] s.w.s.m.m.a.RequestMappingHandlerMapping : Mapped to com.trasua.api.DrinkCatalogController#list(boolean)
2026-09-14T00:30:53.299+07:00 DEBUG 15036 --- [tea-attendance-api] [nio-8080-exec-7] s.w.s.m.m.a.RequestMappingHandlerMapping : Mapped to com.trasua.api.MemberController#list(boolean)
2026-09-14T00:30:53.299+07:00 DEBUG 15036 --- [tea-attendance-api] [nio-8080-exec-2] o.s.web.servlet.DispatcherServlet        : GET "/api/expenses/range?from=2026-09-14&to=2026-09-20", parameters={masked}
2026-09-14T00:30:53.303+07:00 DEBUG 15036 --- [tea-attendance-api] [nio-8080-exec-2] s.w.s.m.m.a.RequestMappingHandlerMapping : Mapped to com.trasua.api.ExpenseController#range(LocalDate, LocalDate)
2026-09-14T00:30:53.305+07:00 DEBUG 15036 --- [tea-attendance-api] [nio-8080-exec-5] o.s.web.servlet.DispatcherServlet        : GET "/api/chat/messages", parameters={}
2026-09-14T00:30:53.305+07:00 DEBUG 15036 --- [tea-attendance-api] [nio-8080-exec-5] s.w.s.m.m.a.RequestMappingHandlerMapping : Mapped to com.trasua.api.ChatController#list(Instant, int)
2026-09-14T00:30:53.306+07:00 DEBUG 15036 --- [tea-attendance-api] [nio-8080-exec-8] o.s.web.servlet.DispatcherServlet        : GET "/api/notifications?memberId=6", parameters={masked}
2026-09-14T00:30:53.307+07:00 DEBUG 15036 --- [tea-attendance-api] [nio-8080-exec-8] s.w.s.m.m.a.RequestMappingHandlerMapping : Mapped to com.trasua.api.NotificationController#list(Long)
2026-09-14T00:30:53.315+07:00 DEBUG 15036 --- [tea-attendance-api] [nio-8080-exec-6] org.hibernate.SQL                        : 
    select
        dci1_0.id,
        dci1_0.active,
        dci1_0.created_at,
        dci1_0.icon,
        dci1_0.name,
        dci1_0.price,
        dci1_0.updated_at 
    from
        drink_catalog dci1_0
2026-09-14T00:30:53.317+07:00 DEBUG 15036 --- [tea-attendance-api] [nio-8080-exec-7] org.hibernate.SQL                        : 
    select
        m1_0.id,
        m1_0.account_name,
        m1_0.account_number,
        m1_0.active,
        m1_0.avatar_url,
        m1_0.bank_bin,
        m1_0.bank_name,
        m1_0.created_at,
        m1_0.display_name,
        m1_0.email,
        m1_0.password_hash,
        m1_0.qr_code_url,
        m1_0.reset_code_expires_at,
        m1_0.reset_code_hash,
        m1_0.role,
        m1_0.updated_at 
    from
        members m1_0
2026-09-14T00:30:53.318+07:00 DEBUG 15036 --- [tea-attendance-api] [nio-8080-exec-2] org.hibernate.SQL                        : 
    select
        distinct do1_0.id,
        do1_0.created_at,
        i1_0.order_id,
        i1_0.id,
        i1_0.consumer_member_id,
        c1_0.id,
        c1_0.account_name,
        c1_0.account_number,
        c1_0.active,
        c1_0.avatar_url,
        c1_0.bank_bin,
        c1_0.bank_name,
        c1_0.created_at,
        c1_0.display_name,
        c1_0.email,
        c1_0.password_hash,
        c1_0.qr_code_url,
        c1_0.reset_code_expires_at,
        c1_0.reset_code_hash,
        c1_0.role,
        c1_0.updated_at,
        i1_0.drink_name,
        i1_0.line_total,
        i1_0.quantity,
        i1_0.unit_price,
        do1_0.note,
        do1_0.order_date,
        do1_0.payer_member_id,
        p1_0.id,
        p1_0.account_name,
        p1_0.account_number,
        p1_0.active,
        p1_0.avatar_url,
        p1_0.bank_bin,
        p1_0.bank_name,
        p1_0.created_at,
        p1_0.display_name,
        p1_0.email,
        p1_0.password_hash,
        p1_0.qr_code_url,
        p1_0.reset_code_expires_at,
        p1_0.reset_code_hash,
        p1_0.role,
        p1_0.updated_at,
        do1_0.total_amount,
        do1_0.updated_at 
    from
        drink_orders do1_0 
    join
        members p1_0 
            on p1_0.id=do1_0.payer_member_id 
    left join
        order_items i1_0 
            on do1_0.id=i1_0.order_id 
    left join
        members c1_0 
            on c1_0.id=i1_0.consumer_member_id 
    where
        do1_0.order_date between ? and ? 
    order by
        do1_0.order_date,
        do1_0.id
2026-09-14T00:30:53.319+07:00 DEBUG 15036 --- [tea-attendance-api] [nio-8080-exec-5] org.hibernate.SQL                        : 
    select
        distinct cm1_0.id,
        cm1_0.content,
        cm1_0.created_at,
        cm1_0.deleted_at,
        rt1_0.id,
        rt1_0.content,
        rt1_0.created_at,
        rt1_0.deleted_at,
        rt1_0.reply_to_message_id,
        rt1_0.sender_member_id,
        s2_0.id,
        s2_0.account_name,
        s2_0.account_number,
        s2_0.active,
        s2_0.avatar_url,
        s2_0.bank_bin,
        s2_0.bank_name,
        s2_0.created_at,
        s2_0.display_name,
        s2_0.email,
        s2_0.password_hash,
        s2_0.qr_code_url,
        s2_0.reset_code_expires_at,
        s2_0.reset_code_hash,
        s2_0.role,
        s2_0.updated_at,
        cm1_0.sender_member_id,
        s1_0.id,
        s1_0.account_name,
        s1_0.account_number,
        s1_0.active,
        s1_0.avatar_url,
        s1_0.bank_bin,
        s1_0.bank_name,
        s1_0.created_at,
        s1_0.display_name,
        s1_0.email,
        s1_0.password_hash,
        s1_0.qr_code_url,
        s1_0.reset_code_expires_at,
        s1_0.reset_code_hash,
        s1_0.role,
        s1_0.updated_at 
    from
        chat_messages cm1_0 
    join
        members s1_0 
            on s1_0.id=cm1_0.sender_member_id 
    left join
        chat_messages rt1_0 
            on rt1_0.id=cm1_0.reply_to_message_id 
    left join
        members s2_0 
            on s2_0.id=rt1_0.sender_member_id 
    order by
        cm1_0.created_at desc 
    limit
        ?
2026-09-14T00:30:53.324+07:00 DEBUG 15036 --- [tea-attendance-api] [nio-8080-exec-8] org.hibernate.SQL                        : 
    select
        n1_0.id,
        n1_0.body,
        n1_0.created_at,
        n1_0.read_at,
        n1_0.recipient_member_id,
        r1_0.id,
        r1_0.account_name,
        r1_0.account_number,
        r1_0.active,
        r1_0.avatar_url,
        r1_0.bank_bin,
        r1_0.bank_name,
        r1_0.created_at,
        r1_0.display_name,
        r1_0.email,
        r1_0.password_hash,
        r1_0.qr_code_url,
        r1_0.reset_code_expires_at,
        r1_0.reset_code_hash,
        r1_0.role,
        r1_0.updated_at,
        n1_0.settlement_id,
        n1_0.title,
        n1_0.transfer_id,
        n1_0.type 
    from
        notifications n1_0 
    join
        members r1_0 
            on r1_0.id=n1_0.recipient_member_id 
    where
        r1_0.id=? 
    order by
        n1_0.created_at desc
2026-09-14T00:30:53.330+07:00 DEBUG 15036 --- [tea-attendance-api] [nio-8080-exec-5] org.hibernate.SQL                        : 
    select
        a1_0.message_id,
        a1_0.id,
        a1_0.byte_size,
        a1_0.content_type,
        a1_0.created_at,
        a1_0.original_filename,
        a1_0.storage_key 
    from
        chat_attachments a1_0 
    where
        a1_0.message_id=? 
    order by
        a1_0.id
2026-09-14T00:30:53.337+07:00 DEBUG 15036 --- [tea-attendance-api] [nio-8080-exec-5] org.hibernate.SQL                        : 
    select
        a1_0.message_id,
        a1_0.id,
        a1_0.byte_size,
        a1_0.content_type,
        a1_0.created_at,
        a1_0.original_filename,
        a1_0.storage_key 
    from
        chat_attachments a1_0 
    where
        a1_0.message_id=? 
    order by
        a1_0.id
2026-09-14T00:30:53.340+07:00 DEBUG 15036 --- [tea-attendance-api] [nio-8080-exec-2] m.m.a.RequestResponseBodyMethodProcessor : Using 'application/json', given [*/*] and supported [application/json, application/*+json]
2026-09-14T00:30:53.340+07:00 DEBUG 15036 --- [tea-attendance-api] [nio-8080-exec-6] m.m.a.RequestResponseBodyMethodProcessor : Using 'application/json', given [*/*] and supported [application/json, application/*+json]
2026-09-14T00:30:53.340+07:00 DEBUG 15036 --- [tea-attendance-api] [nio-8080-exec-7] m.m.a.RequestResponseBodyMethodProcessor : Using 'application/json', given [*/*] and supported [application/json, application/*+json]
2026-09-14T00:30:53.342+07:00 DEBUG 15036 --- [tea-attendance-api] [nio-8080-exec-2] m.m.a.RequestResponseBodyMethodProcessor : Writing [[]]
2026-09-14T00:30:53.342+07:00 DEBUG 15036 --- [tea-attendance-api] [nio-8080-exec-6] m.m.a.RequestResponseBodyMethodProcessor : Writing [[DrinkCatalogResponse[id=1, name=Tra da, price=5000, icon=?, active=true], DrinkCatalogResponse[id= (truncated)...]
2026-09-14T00:30:53.344+07:00 DEBUG 15036 --- [tea-attendance-api] [nio-8080-exec-7] m.m.a.RequestResponseBodyMethodProcessor : Writing [[MemberResponse[id=1, displayName=Minh Anh, email=minh.anh@example.test, bankName=MB Bank, bankBin=9 (truncated)...]
2026-09-14T00:30:53.343+07:00 DEBUG 15036 --- [tea-attendance-api] [nio-8080-exec-8] m.m.a.RequestResponseBodyMethodProcessor : Using 'application/json', given [*/*] and supported [application/json, application/*+json]
2026-09-14T00:30:53.344+07:00 DEBUG 15036 --- [tea-attendance-api] [nio-8080-exec-5] org.hibernate.SQL                        : 
    select
        a1_0.message_id,
        a1_0.id,
        a1_0.byte_size,
        a1_0.content_type,
        a1_0.created_at,
        a1_0.original_filename,
        a1_0.storage_key 
    from
        chat_attachments a1_0 
    where
        a1_0.message_id=? 
    order by
        a1_0.id
2026-09-14T00:30:53.344+07:00 DEBUG 15036 --- [tea-attendance-api] [nio-8080-exec-2] o.s.web.servlet.DispatcherServlet        : Completed 200 OK
2026-09-14T00:30:53.345+07:00 DEBUG 15036 --- [tea-attendance-api] [nio-8080-exec-6] o.s.web.servlet.DispatcherServlet        : Completed 200 OK
2026-09-14T00:30:53.345+07:00 DEBUG 15036 --- [tea-attendance-api] [nio-8080-exec-8] m.m.a.RequestResponseBodyMethodProcessor : Writing [[]]
2026-09-14T00:30:53.346+07:00 DEBUG 15036 --- [tea-attendance-api] [nio-8080-exec-7] o.s.web.servlet.DispatcherServlet        : Completed 200 OK
2026-09-14T00:30:53.348+07:00 DEBUG 15036 --- [tea-attendance-api] [nio-8080-exec-8] o.s.web.servlet.DispatcherServlet        : Completed 200 OK
2026-09-14T00:30:53.351+07:00 DEBUG 15036 --- [tea-attendance-api] [nio-8080-exec-5] org.hibernate.SQL                        : 
    select
        a1_0.message_id,
        a1_0.id,
        a1_0.byte_size,
        a1_0.content_type,
        a1_0.created_at,
        a1_0.original_filename,
        a1_0.storage_key 
    from
        chat_attachments a1_0 
    where
        a1_0.message_id=? 
    order by
        a1_0.id
2026-09-14T00:30:53.358+07:00 DEBUG 15036 --- [tea-attendance-api] [nio-8080-exec-5] org.hibernate.SQL                        : 
    select
        a1_0.message_id,
        a1_0.id,
        a1_0.byte_size,
        a1_0.content_type,
        a1_0.created_at,
        a1_0.original_filename,
        a1_0.storage_key 
    from
        chat_attachments a1_0 
    where
        a1_0.message_id=? 
    order by
        a1_0.id
2026-09-14T00:30:53.372+07:00 DEBUG 15036 --- [tea-attendance-api] [nio-8080-exec-5] m.m.a.RequestResponseBodyMethodProcessor : Using 'application/json', given [*/*] and supported [application/json, application/*+json]
2026-09-14T00:30:53.374+07:00 DEBUG 15036 --- [tea-attendance-api] [nio-8080-exec-5] m.m.a.RequestResponseBodyMethodProcessor : Writing [[ChatMessageResponse[id=2, sender=MemberBriefResponse[id=1, displayName=Minh Anh, avatarUrl=null], c (truncated)...]
2026-09-14T00:30:53.376+07:00 DEBUG 15036 --- [tea-attendance-api] [nio-8080-exec-5] o.s.web.servlet.DispatcherServlet        : Completed 200 OK
2026-09-14T00:31:00.024+07:00 DEBUG 15036 --- [tea-attendance-api] [MessageBroker-1] org.hibernate.SQL                        : 
    select
        wns1_0.id,
        wns1_0.creditor_body,
        wns1_0.creditor_title,
        wns1_0.debtor_body,
        wns1_0.debtor_title,
        wns1_0.send_day,
        wns1_0.send_time,
        wns1_0.updated_at 
    from
        weekly_notification_settings wns1_0 
    where
        wns1_0.id=?
2026-09-14T00:31:01.313+07:00 DEBUG 15036 --- [tea-attendance-api] [nio-8080-exec-9] o.s.web.servlet.DispatcherServlet        : GET "/api/members?includeInactive=true", parameters={masked}
2026-09-14T00:31:01.314+07:00 DEBUG 15036 --- [tea-attendance-api] [nio-8080-exec-9] s.w.s.m.m.a.RequestMappingHandlerMapping : Mapped to com.trasua.api.MemberController#list(boolean)
2026-09-14T00:31:01.321+07:00 DEBUG 15036 --- [tea-attendance-api] [nio-8080-exec-1] o.s.web.servlet.DispatcherServlet        : GET "/api/drinks?includeInactive=true", parameters={masked}
2026-09-14T00:31:01.323+07:00 DEBUG 15036 --- [tea-attendance-api] [io-8080-exec-10] o.s.web.servlet.DispatcherServlet        : GET "/api/expenses/range?from=2026-09-14&to=2026-09-20", parameters={masked}
2026-09-14T00:31:01.331+07:00 DEBUG 15036 --- [tea-attendance-api] [nio-8080-exec-1] s.w.s.m.m.a.RequestMappingHandlerMapping : Mapped to com.trasua.api.DrinkCatalogController#list(boolean)
2026-09-14T00:31:01.331+07:00 DEBUG 15036 --- [tea-attendance-api] [nio-8080-exec-3] o.s.web.servlet.DispatcherServlet        : GET "/api/chat/messages", parameters={}
2026-09-14T00:31:01.332+07:00 DEBUG 15036 --- [tea-attendance-api] [nio-8080-exec-4] o.s.web.servlet.DispatcherServlet        : GET "/api/notifications?memberId=6", parameters={masked}
2026-09-14T00:31:01.334+07:00 DEBUG 15036 --- [tea-attendance-api] [io-8080-exec-10] s.w.s.m.m.a.RequestMappingHandlerMapping : Mapped to com.trasua.api.ExpenseController#range(LocalDate, LocalDate)
2026-09-14T00:31:01.336+07:00 DEBUG 15036 --- [tea-attendance-api] [nio-8080-exec-3] s.w.s.m.m.a.RequestMappingHandlerMapping : Mapped to com.trasua.api.ChatController#list(Instant, int)
2026-09-14T00:31:01.336+07:00 DEBUG 15036 --- [tea-attendance-api] [nio-8080-exec-4] s.w.s.m.m.a.RequestMappingHandlerMapping : Mapped to com.trasua.api.NotificationController#list(Long)
2026-09-14T00:31:01.374+07:00 DEBUG 15036 --- [tea-attendance-api] [nio-8080-exec-1] org.hibernate.SQL                        : 
    select
        dci1_0.id,
        dci1_0.active,
        dci1_0.created_at,
        dci1_0.icon,
        dci1_0.name,
        dci1_0.price,
        dci1_0.updated_at 
    from
        drink_catalog dci1_0
2026-09-14T00:31:01.374+07:00 DEBUG 15036 --- [tea-attendance-api] [nio-8080-exec-9] org.hibernate.SQL                        : 
    select
        m1_0.id,
        m1_0.account_name,
        m1_0.account_number,
        m1_0.active,
        m1_0.avatar_url,
        m1_0.bank_bin,
        m1_0.bank_name,
        m1_0.created_at,
        m1_0.display_name,
        m1_0.email,
        m1_0.password_hash,
        m1_0.qr_code_url,
        m1_0.reset_code_expires_at,
        m1_0.reset_code_hash,
        m1_0.role,
        m1_0.updated_at 
    from
        members m1_0
2026-09-14T00:31:01.392+07:00 DEBUG 15036 --- [tea-attendance-api] [io-8080-exec-10] org.hibernate.SQL                        : 
    select
        distinct do1_0.id,
        do1_0.created_at,
        i1_0.order_id,
        i1_0.id,
        i1_0.consumer_member_id,
        c1_0.id,
        c1_0.account_name,
        c1_0.account_number,
        c1_0.active,
        c1_0.avatar_url,
        c1_0.bank_bin,
        c1_0.bank_name,
        c1_0.created_at,
        c1_0.display_name,
        c1_0.email,
        c1_0.password_hash,
        c1_0.qr_code_url,
        c1_0.reset_code_expires_at,
        c1_0.reset_code_hash,
        c1_0.role,
        c1_0.updated_at,
        i1_0.drink_name,
        i1_0.line_total,
        i1_0.quantity,
        i1_0.unit_price,
        do1_0.note,
        do1_0.order_date,
        do1_0.payer_member_id,
        p1_0.id,
        p1_0.account_name,
        p1_0.account_number,
        p1_0.active,
        p1_0.avatar_url,
        p1_0.bank_bin,
        p1_0.bank_name,
        p1_0.created_at,
        p1_0.display_name,
        p1_0.email,
        p1_0.password_hash,
        p1_0.qr_code_url,
        p1_0.reset_code_expires_at,
        p1_0.reset_code_hash,
        p1_0.role,
        p1_0.updated_at,
        do1_0.total_amount,
        do1_0.updated_at 
    from
        drink_orders do1_0 
    join
        members p1_0 
            on p1_0.id=do1_0.payer_member_id 
    left join
        order_items i1_0 
            on do1_0.id=i1_0.order_id 
    left join
        members c1_0 
            on c1_0.id=i1_0.consumer_member_id 
    where
        do1_0.order_date between ? and ? 
    order by
        do1_0.order_date,
        do1_0.id
2026-09-14T00:31:01.397+07:00 DEBUG 15036 --- [tea-attendance-api] [nio-8080-exec-3] org.hibernate.SQL                        : 
    select
        distinct cm1_0.id,
        cm1_0.content,
        cm1_0.created_at,
        cm1_0.deleted_at,
        rt1_0.id,
        rt1_0.content,
        rt1_0.created_at,
        rt1_0.deleted_at,
        rt1_0.reply_to_message_id,
        rt1_0.sender_member_id,
        s2_0.id,
        s2_0.account_name,
        s2_0.account_number,
        s2_0.active,
        s2_0.avatar_url,
        s2_0.bank_bin,
        s2_0.bank_name,
        s2_0.created_at,
        s2_0.display_name,
        s2_0.email,
        s2_0.password_hash,
        s2_0.qr_code_url,
        s2_0.reset_code_expires_at,
        s2_0.reset_code_hash,
        s2_0.role,
        s2_0.updated_at,
        cm1_0.sender_member_id,
        s1_0.id,
        s1_0.account_name,
        s1_0.account_number,
        s1_0.active,
        s1_0.avatar_url,
        s1_0.bank_bin,
        s1_0.bank_name,
        s1_0.created_at,
        s1_0.display_name,
        s1_0.email,
        s1_0.password_hash,
        s1_0.qr_code_url,
        s1_0.reset_code_expires_at,
        s1_0.reset_code_hash,
        s1_0.role,
        s1_0.updated_at 
    from
        chat_messages cm1_0 
    join
        members s1_0 
            on s1_0.id=cm1_0.sender_member_id 
    left join
        chat_messages rt1_0 
            on rt1_0.id=cm1_0.reply_to_message_id 
    left join
        members s2_0 
            on s2_0.id=rt1_0.sender_member_id 
    order by
        cm1_0.created_at desc 
    limit
        ?
2026-09-14T00:31:01.397+07:00 DEBUG 15036 --- [tea-attendance-api] [nio-8080-exec-4] org.hibernate.SQL                        : 
    select
        n1_0.id,
        n1_0.body,
        n1_0.created_at,
        n1_0.read_at,
        n1_0.recipient_member_id,
        r1_0.id,
        r1_0.account_name,
        r1_0.account_number,
        r1_0.active,
        r1_0.avatar_url,
        r1_0.bank_bin,
        r1_0.bank_name,
        r1_0.created_at,
        r1_0.display_name,
        r1_0.email,
        r1_0.password_hash,
        r1_0.qr_code_url,
        r1_0.reset_code_expires_at,
        r1_0.reset_code_hash,
        r1_0.role,
        r1_0.updated_at,
        n1_0.settlement_id,
        n1_0.title,
        n1_0.transfer_id,
        n1_0.type 
    from
        notifications n1_0 
    join
        members r1_0 
            on r1_0.id=n1_0.recipient_member_id 
    where
        r1_0.id=? 
    order by
        n1_0.created_at desc
2026-09-14T00:31:01.415+07:00 DEBUG 15036 --- [tea-attendance-api] [nio-8080-exec-3] org.hibernate.SQL                        : 
    select
        a1_0.message_id,
        a1_0.id,
        a1_0.byte_size,
        a1_0.content_type,
        a1_0.created_at,
        a1_0.original_filename,
        a1_0.storage_key 
    from
        chat_attachments a1_0 
    where
        a1_0.message_id=? 
    order by
        a1_0.id
2026-09-14T00:31:01.425+07:00 DEBUG 15036 --- [tea-attendance-api] [nio-8080-exec-3] org.hibernate.SQL                        : 
    select
        a1_0.message_id,
        a1_0.id,
        a1_0.byte_size,
        a1_0.content_type,
        a1_0.created_at,
        a1_0.original_filename,
        a1_0.storage_key 
    from
        chat_attachments a1_0 
    where
        a1_0.message_id=? 
    order by
        a1_0.id
2026-09-14T00:31:01.433+07:00 DEBUG 15036 --- [tea-attendance-api] [nio-8080-exec-9] m.m.a.RequestResponseBodyMethodProcessor : Using 'application/json', given [*/*] and supported [application/json, application/*+json]
2026-09-14T00:31:01.435+07:00 DEBUG 15036 --- [tea-attendance-api] [nio-8080-exec-1] m.m.a.RequestResponseBodyMethodProcessor : Using 'application/json', given [*/*] and supported [application/json, application/*+json]
2026-09-14T00:31:01.435+07:00 DEBUG 15036 --- [tea-attendance-api] [nio-8080-exec-9] m.m.a.RequestResponseBodyMethodProcessor : Writing [[MemberResponse[id=1, displayName=Minh Anh, email=minh.anh@example.test, bankName=MB Bank, bankBin=9 (truncated)...]
2026-09-14T00:31:01.435+07:00 DEBUG 15036 --- [tea-attendance-api] [nio-8080-exec-3] org.hibernate.SQL                        : 
    select
        a1_0.message_id,
        a1_0.id,
        a1_0.byte_size,
        a1_0.content_type,
        a1_0.created_at,
        a1_0.original_filename,
        a1_0.storage_key 
    from
        chat_attachments a1_0 
    where
        a1_0.message_id=? 
    order by
        a1_0.id
2026-09-14T00:31:01.435+07:00 DEBUG 15036 --- [tea-attendance-api] [nio-8080-exec-1] m.m.a.RequestResponseBodyMethodProcessor : Writing [[DrinkCatalogResponse[id=1, name=Tra da, price=5000, icon=?, active=true], DrinkCatalogResponse[id= (truncated)...]
2026-09-14T00:31:01.437+07:00 DEBUG 15036 --- [tea-attendance-api] [nio-8080-exec-9] o.s.web.servlet.DispatcherServlet        : Completed 200 OK
2026-09-14T00:31:01.439+07:00 DEBUG 15036 --- [tea-attendance-api] [nio-8080-exec-1] o.s.web.servlet.DispatcherServlet        : Completed 200 OK
2026-09-14T00:31:01.446+07:00 DEBUG 15036 --- [tea-attendance-api] [io-8080-exec-10] m.m.a.RequestResponseBodyMethodProcessor : Using 'application/json', given [*/*] and supported [application/json, application/*+json]
2026-09-14T00:31:01.446+07:00 DEBUG 15036 --- [tea-attendance-api] [nio-8080-exec-3] org.hibernate.SQL                        : 
    select
        a1_0.message_id,
        a1_0.id,
        a1_0.byte_size,
        a1_0.content_type,
        a1_0.created_at,
        a1_0.original_filename,
        a1_0.storage_key 
    from
        chat_attachments a1_0 
    where
        a1_0.message_id=? 
    order by
        a1_0.id
2026-09-14T00:31:01.447+07:00 DEBUG 15036 --- [tea-attendance-api] [io-8080-exec-10] m.m.a.RequestResponseBodyMethodProcessor : Writing [[]]
2026-09-14T00:31:01.450+07:00 DEBUG 15036 --- [tea-attendance-api] [io-8080-exec-10] o.s.web.servlet.DispatcherServlet        : Completed 200 OK
2026-09-14T00:31:01.469+07:00 DEBUG 15036 --- [tea-attendance-api] [nio-8080-exec-4] m.m.a.RequestResponseBodyMethodProcessor : Using 'application/json', given [*/*] and supported [application/json, application/*+json]
2026-09-14T00:31:01.469+07:00 DEBUG 15036 --- [tea-attendance-api] [nio-8080-exec-3] org.hibernate.SQL                        : 
    select
        a1_0.message_id,
        a1_0.id,
        a1_0.byte_size,
        a1_0.content_type,
        a1_0.created_at,
        a1_0.original_filename,
        a1_0.storage_key 
    from
        chat_attachments a1_0 
    where
        a1_0.message_id=? 
    order by
        a1_0.id
2026-09-14T00:31:01.469+07:00 DEBUG 15036 --- [tea-attendance-api] [nio-8080-exec-4] m.m.a.RequestResponseBodyMethodProcessor : Writing [[]]
2026-09-14T00:31:01.469+07:00 DEBUG 15036 --- [tea-attendance-api] [nio-8080-exec-4] o.s.web.servlet.DispatcherServlet        : Completed 200 OK
2026-09-14T00:31:01.520+07:00 DEBUG 15036 --- [tea-attendance-api] [nio-8080-exec-3] m.m.a.RequestResponseBodyMethodProcessor : Using 'application/json', given [*/*] and supported [application/json, application/*+json]
2026-09-14T00:31:01.526+07:00 DEBUG 15036 --- [tea-attendance-api] [nio-8080-exec-3] m.m.a.RequestResponseBodyMethodProcessor : Writing [[ChatMessageResponse[id=2, sender=MemberBriefResponse[id=1, displayName=Minh Anh, avatarUrl=null], c (truncated)...]
2026-09-14T00:31:01.530+07:00 DEBUG 15036 --- [tea-attendance-api] [nio-8080-exec-3] o.s.web.servlet.DispatcherServlet        : Completed 200 OK
2026-09-14T00:31:09.305+07:00 DEBUG 15036 --- [tea-attendance-api] [nio-8080-exec-6] o.s.web.servlet.DispatcherServlet        : GET "/api/drinks?includeInactive=true", parameters={masked}
2026-09-14T00:31:09.305+07:00 DEBUG 15036 --- [tea-attendance-api] [nio-8080-exec-7] o.s.web.servlet.DispatcherServlet        : GET "/api/expenses/range?from=2026-09-14&to=2026-09-20", parameters={masked}
2026-09-14T00:31:09.306+07:00 DEBUG 15036 --- [tea-attendance-api] [nio-8080-exec-6] s.w.s.m.m.a.RequestMappingHandlerMapping : Mapped to com.trasua.api.DrinkCatalogController#list(boolean)
2026-09-14T00:31:09.307+07:00 DEBUG 15036 --- [tea-attendance-api] [nio-8080-exec-5] o.s.web.servlet.DispatcherServlet        : GET "/api/notifications?memberId=6", parameters={masked}
2026-09-14T00:31:09.305+07:00 DEBUG 15036 --- [tea-attendance-api] [nio-8080-exec-2] o.s.web.servlet.DispatcherServlet        : GET "/api/members?includeInactive=true", parameters={masked}
2026-09-14T00:31:09.306+07:00 DEBUG 15036 --- [tea-attendance-api] [nio-8080-exec-7] s.w.s.m.m.a.RequestMappingHandlerMapping : Mapped to com.trasua.api.ExpenseController#range(LocalDate, LocalDate)
2026-09-14T00:31:09.307+07:00 DEBUG 15036 --- [tea-attendance-api] [nio-8080-exec-8] o.s.web.servlet.DispatcherServlet        : GET "/api/chat/messages", parameters={}
2026-09-14T00:31:09.308+07:00 DEBUG 15036 --- [tea-attendance-api] [nio-8080-exec-5] s.w.s.m.m.a.RequestMappingHandlerMapping : Mapped to com.trasua.api.NotificationController#list(Long)
2026-09-14T00:31:09.308+07:00 DEBUG 15036 --- [tea-attendance-api] [nio-8080-exec-2] s.w.s.m.m.a.RequestMappingHandlerMapping : Mapped to com.trasua.api.MemberController#list(boolean)
2026-09-14T00:31:09.309+07:00 DEBUG 15036 --- [tea-attendance-api] [nio-8080-exec-8] s.w.s.m.m.a.RequestMappingHandlerMapping : Mapped to com.trasua.api.ChatController#list(Instant, int)
2026-09-14T00:31:09.317+07:00 DEBUG 15036 --- [tea-attendance-api] [nio-8080-exec-6] org.hibernate.SQL                        : 
    select
        dci1_0.id,
        dci1_0.active,
        dci1_0.created_at,
        dci1_0.icon,
        dci1_0.name,
        dci1_0.price,
        dci1_0.updated_at 
    from
        drink_catalog dci1_0
2026-09-14T00:31:09.318+07:00 DEBUG 15036 --- [tea-attendance-api] [nio-8080-exec-7] org.hibernate.SQL                        : 
    select
        distinct do1_0.id,
        do1_0.created_at,
        i1_0.order_id,
        i1_0.id,
        i1_0.consumer_member_id,
        c1_0.id,
        c1_0.account_name,
        c1_0.account_number,
        c1_0.active,
        c1_0.avatar_url,
        c1_0.bank_bin,
        c1_0.bank_name,
        c1_0.created_at,
        c1_0.display_name,
        c1_0.email,
        c1_0.password_hash,
        c1_0.qr_code_url,
        c1_0.reset_code_expires_at,
        c1_0.reset_code_hash,
        c1_0.role,
        c1_0.updated_at,
        i1_0.drink_name,
        i1_0.line_total,
        i1_0.quantity,
        i1_0.unit_price,
        do1_0.note,
        do1_0.order_date,
        do1_0.payer_member_id,
        p1_0.id,
        p1_0.account_name,
        p1_0.account_number,
        p1_0.active,
        p1_0.avatar_url,
        p1_0.bank_bin,
        p1_0.bank_name,
        p1_0.created_at,
        p1_0.display_name,
        p1_0.email,
        p1_0.password_hash,
        p1_0.qr_code_url,
        p1_0.reset_code_expires_at,
        p1_0.reset_code_hash,
        p1_0.role,
        p1_0.updated_at,
        do1_0.total_amount,
        do1_0.updated_at 
    from
        drink_orders do1_0 
    join
        members p1_0 
            on p1_0.id=do1_0.payer_member_id 
    left join
        order_items i1_0 
            on do1_0.id=i1_0.order_id 
    left join
        members c1_0 
            on c1_0.id=i1_0.consumer_member_id 
    where
        do1_0.order_date between ? and ? 
    order by
        do1_0.order_date,
        do1_0.id
2026-09-14T00:31:09.319+07:00 DEBUG 15036 --- [tea-attendance-api] [nio-8080-exec-5] org.hibernate.SQL                        : 
    select
        n1_0.id,
        n1_0.body,
        n1_0.created_at,
        n1_0.read_at,
        n1_0.recipient_member_id,
        r1_0.id,
        r1_0.account_name,
        r1_0.account_number,
        r1_0.active,
        r1_0.avatar_url,
        r1_0.bank_bin,
        r1_0.bank_name,
        r1_0.created_at,
        r1_0.display_name,
        r1_0.email,
        r1_0.password_hash,
        r1_0.qr_code_url,
        r1_0.reset_code_expires_at,
        r1_0.reset_code_hash,
        r1_0.role,
        r1_0.updated_at,
        n1_0.settlement_id,
        n1_0.title,
        n1_0.transfer_id,
        n1_0.type 
    from
        notifications n1_0 
    join
        members r1_0 
            on r1_0.id=n1_0.recipient_member_id 
    where
        r1_0.id=? 
    order by
        n1_0.created_at desc
2026-09-14T00:31:09.320+07:00 DEBUG 15036 --- [tea-attendance-api] [nio-8080-exec-8] org.hibernate.SQL                        : 
    select
        distinct cm1_0.id,
        cm1_0.content,
        cm1_0.created_at,
        cm1_0.deleted_at,
        rt1_0.id,
        rt1_0.content,
        rt1_0.created_at,
        rt1_0.deleted_at,
        rt1_0.reply_to_message_id,
        rt1_0.sender_member_id,
        s2_0.id,
        s2_0.account_name,
        s2_0.account_number,
        s2_0.active,
        s2_0.avatar_url,
        s2_0.bank_bin,
        s2_0.bank_name,
        s2_0.created_at,
        s2_0.display_name,
        s2_0.email,
        s2_0.password_hash,
        s2_0.qr_code_url,
        s2_0.reset_code_expires_at,
        s2_0.reset_code_hash,
        s2_0.role,
        s2_0.updated_at,
        cm1_0.sender_member_id,
        s1_0.id,
        s1_0.account_name,
        s1_0.account_number,
        s1_0.active,
        s1_0.avatar_url,
        s1_0.bank_bin,
        s1_0.bank_name,
        s1_0.created_at,
        s1_0.display_name,
        s1_0.email,
        s1_0.password_hash,
        s1_0.qr_code_url,
        s1_0.reset_code_expires_at,
        s1_0.reset_code_hash,
        s1_0.role,
        s1_0.updated_at 
    from
        chat_messages cm1_0 
    join
        members s1_0 
            on s1_0.id=cm1_0.sender_member_id 
    left join
        chat_messages rt1_0 
            on rt1_0.id=cm1_0.reply_to_message_id 
    left join
        members s2_0 
            on s2_0.id=rt1_0.sender_member_id 
    order by
        cm1_0.created_at desc 
    limit
        ?
2026-09-14T00:31:09.321+07:00 DEBUG 15036 --- [tea-attendance-api] [nio-8080-exec-2] org.hibernate.SQL                        : 
    select
        m1_0.id,
        m1_0.account_name,
        m1_0.account_number,
        m1_0.active,
        m1_0.avatar_url,
        m1_0.bank_bin,
        m1_0.bank_name,
        m1_0.created_at,
        m1_0.display_name,
        m1_0.email,
        m1_0.password_hash,
        m1_0.qr_code_url,
        m1_0.reset_code_expires_at,
        m1_0.reset_code_hash,
        m1_0.role,
        m1_0.updated_at 
    from
        members m1_0
2026-09-14T00:31:09.327+07:00 DEBUG 15036 --- [tea-attendance-api] [nio-8080-exec-8] org.hibernate.SQL                        : 
    select
        a1_0.message_id,
        a1_0.id,
        a1_0.byte_size,
        a1_0.content_type,
        a1_0.created_at,
        a1_0.original_filename,
        a1_0.storage_key 
    from
        chat_attachments a1_0 
    where
        a1_0.message_id=? 
    order by
        a1_0.id
2026-09-14T00:31:09.330+07:00 DEBUG 15036 --- [tea-attendance-api] [nio-8080-exec-6] m.m.a.RequestResponseBodyMethodProcessor : Using 'application/json', given [*/*] and supported [application/json, application/*+json]
2026-09-14T00:31:09.332+07:00 DEBUG 15036 --- [tea-attendance-api] [nio-8080-exec-6] m.m.a.RequestResponseBodyMethodProcessor : Writing [[DrinkCatalogResponse[id=1, name=Tra da, price=5000, icon=?, active=true], DrinkCatalogResponse[id= (truncated)...]
2026-09-14T00:31:09.332+07:00 DEBUG 15036 --- [tea-attendance-api] [nio-8080-exec-5] m.m.a.RequestResponseBodyMethodProcessor : Using 'application/json', given [*/*] and supported [application/json, application/*+json]
2026-09-14T00:31:09.334+07:00 DEBUG 15036 --- [tea-attendance-api] [nio-8080-exec-6] o.s.web.servlet.DispatcherServlet        : Completed 200 OK
2026-09-14T00:31:09.334+07:00 DEBUG 15036 --- [tea-attendance-api] [nio-8080-exec-8] org.hibernate.SQL                        : 
    select
        a1_0.message_id,
        a1_0.id,
        a1_0.byte_size,
        a1_0.content_type,
        a1_0.created_at,
        a1_0.original_filename,
        a1_0.storage_key 
    from
        chat_attachments a1_0 
    where
        a1_0.message_id=? 
    order by
        a1_0.id
2026-09-14T00:31:09.335+07:00 DEBUG 15036 --- [tea-attendance-api] [nio-8080-exec-5] m.m.a.RequestResponseBodyMethodProcessor : Writing [[]]
2026-09-14T00:31:09.337+07:00 DEBUG 15036 --- [tea-attendance-api] [nio-8080-exec-5] o.s.web.servlet.DispatcherServlet        : Completed 200 OK
2026-09-14T00:31:09.338+07:00 DEBUG 15036 --- [tea-attendance-api] [nio-8080-exec-7] m.m.a.RequestResponseBodyMethodProcessor : Using 'application/json', given [*/*] and supported [application/json, application/*+json]
2026-09-14T00:31:09.339+07:00 DEBUG 15036 --- [tea-attendance-api] [nio-8080-exec-7] m.m.a.RequestResponseBodyMethodProcessor : Writing [[]]
2026-09-14T00:31:09.340+07:00 DEBUG 15036 --- [tea-attendance-api] [nio-8080-exec-2] m.m.a.RequestResponseBodyMethodProcessor : Using 'application/json', given [*/*] and supported [application/json, application/*+json]
2026-09-14T00:31:09.341+07:00 DEBUG 15036 --- [tea-attendance-api] [nio-8080-exec-7] o.s.web.servlet.DispatcherServlet        : Completed 200 OK
2026-09-14T00:31:09.341+07:00 DEBUG 15036 --- [tea-attendance-api] [nio-8080-exec-8] org.hibernate.SQL                        : 
    select
        a1_0.message_id,
        a1_0.id,
        a1_0.byte_size,
        a1_0.content_type,
        a1_0.created_at,
        a1_0.original_filename,
        a1_0.storage_key 
    from
        chat_attachments a1_0 
    where
        a1_0.message_id=? 
    order by
        a1_0.id
2026-09-14T00:31:09.341+07:00 DEBUG 15036 --- [tea-attendance-api] [nio-8080-exec-2] m.m.a.RequestResponseBodyMethodProcessor : Writing [[MemberResponse[id=1, displayName=Minh Anh, email=minh.anh@example.test, bankName=MB Bank, bankBin=9 (truncated)...]
2026-09-14T00:31:09.344+07:00 DEBUG 15036 --- [tea-attendance-api] [nio-8080-exec-2] o.s.web.servlet.DispatcherServlet        : Completed 200 OK
2026-09-14T00:31:09.348+07:00 DEBUG 15036 --- [tea-attendance-api] [nio-8080-exec-8] org.hibernate.SQL                        : 
    select
        a1_0.message_id,
        a1_0.id,
        a1_0.byte_size,
        a1_0.content_type,
        a1_0.created_at,
        a1_0.original_filename,
        a1_0.storage_key 
    from
        chat_attachments a1_0 
    where
        a1_0.message_id=? 
    order by
        a1_0.id
2026-09-14T00:31:09.352+07:00 DEBUG 15036 --- [tea-attendance-api] [nio-8080-exec-8] org.hibernate.SQL                        : 
    select
        a1_0.message_id,
        a1_0.id,
        a1_0.byte_size,
        a1_0.content_type,
        a1_0.created_at,
        a1_0.original_filename,
        a1_0.storage_key 
    from
        chat_attachments a1_0 
    where
        a1_0.message_id=? 
    order by
        a1_0.id
2026-09-14T00:31:09.365+07:00 DEBUG 15036 --- [tea-attendance-api] [nio-8080-exec-8] m.m.a.RequestResponseBodyMethodProcessor : Using 'application/json', given [*/*] and supported [application/json, application/*+json]
2026-09-14T00:31:09.366+07:00 DEBUG 15036 --- [tea-attendance-api] [nio-8080-exec-8] m.m.a.RequestResponseBodyMethodProcessor : Writing [[ChatMessageResponse[id=2, sender=MemberBriefResponse[id=1, displayName=Minh Anh, avatarUrl=null], c (truncated)...]
2026-09-14T00:31:09.368+07:00 DEBUG 15036 --- [tea-attendance-api] [nio-8080-exec-8] o.s.web.servlet.DispatcherServlet        : Completed 200 OK
2026-09-14T00:31:17.294+07:00 DEBUG 15036 --- [tea-attendance-api] [nio-8080-exec-9] o.s.web.servlet.DispatcherServlet        : GET "/api/members?includeInactive=true", parameters={masked}
2026-09-14T00:31:17.295+07:00 DEBUG 15036 --- [tea-attendance-api] [nio-8080-exec-1] o.s.web.servlet.DispatcherServlet        : GET "/api/drinks?includeInactive=true", parameters={masked}
2026-09-14T00:31:17.295+07:00 DEBUG 15036 --- [tea-attendance-api] [nio-8080-exec-9] s.w.s.m.m.a.RequestMappingHandlerMapping : Mapped to com.trasua.api.MemberController#list(boolean)
2026-09-14T00:31:17.295+07:00 DEBUG 15036 --- [tea-attendance-api] [nio-8080-exec-1] s.w.s.m.m.a.RequestMappingHandlerMapping : Mapped to com.trasua.api.DrinkCatalogController#list(boolean)
2026-09-14T00:31:17.296+07:00 DEBUG 15036 --- [tea-attendance-api] [io-8080-exec-10] o.s.web.servlet.DispatcherServlet        : GET "/api/expenses/range?from=2026-09-14&to=2026-09-20", parameters={masked}
2026-09-14T00:31:17.297+07:00 DEBUG 15036 --- [tea-attendance-api] [io-8080-exec-10] s.w.s.m.m.a.RequestMappingHandlerMapping : Mapped to com.trasua.api.ExpenseController#range(LocalDate, LocalDate)
2026-09-14T00:31:17.297+07:00 DEBUG 15036 --- [tea-attendance-api] [nio-8080-exec-4] o.s.web.servlet.DispatcherServlet        : GET "/api/chat/messages", parameters={}
2026-09-14T00:31:17.299+07:00 DEBUG 15036 --- [tea-attendance-api] [nio-8080-exec-4] s.w.s.m.m.a.RequestMappingHandlerMapping : Mapped to com.trasua.api.ChatController#list(Instant, int)
2026-09-14T00:31:17.301+07:00 DEBUG 15036 --- [tea-attendance-api] [nio-8080-exec-3] o.s.web.servlet.DispatcherServlet        : GET "/api/notifications?memberId=6", parameters={masked}
2026-09-14T00:31:17.303+07:00 DEBUG 15036 --- [tea-attendance-api] [nio-8080-exec-3] s.w.s.m.m.a.RequestMappingHandlerMapping : Mapped to com.trasua.api.NotificationController#list(Long)
2026-09-14T00:31:17.309+07:00 DEBUG 15036 --- [tea-attendance-api] [nio-8080-exec-1] org.hibernate.SQL                        : 
    select
        dci1_0.id,
        dci1_0.active,
        dci1_0.created_at,
        dci1_0.icon,
        dci1_0.name,
        dci1_0.price,
        dci1_0.updated_at 
    from
        drink_catalog dci1_0
2026-09-14T00:31:17.310+07:00 DEBUG 15036 --- [tea-attendance-api] [nio-8080-exec-9] org.hibernate.SQL                        : 
    select
        m1_0.id,
        m1_0.account_name,
        m1_0.account_number,
        m1_0.active,
        m1_0.avatar_url,
        m1_0.bank_bin,
        m1_0.bank_name,
        m1_0.created_at,
        m1_0.display_name,
        m1_0.email,
        m1_0.password_hash,
        m1_0.qr_code_url,
        m1_0.reset_code_expires_at,
        m1_0.reset_code_hash,
        m1_0.role,
        m1_0.updated_at 
    from
        members m1_0
2026-09-14T00:31:17.312+07:00 DEBUG 15036 --- [tea-attendance-api] [nio-8080-exec-4] org.hibernate.SQL                        : 
    select
        distinct cm1_0.id,
        cm1_0.content,
        cm1_0.created_at,
        cm1_0.deleted_at,
        rt1_0.id,
        rt1_0.content,
        rt1_0.created_at,
        rt1_0.deleted_at,
        rt1_0.reply_to_message_id,
        rt1_0.sender_member_id,
        s2_0.id,
        s2_0.account_name,
        s2_0.account_number,
        s2_0.active,
        s2_0.avatar_url,
        s2_0.bank_bin,
        s2_0.bank_name,
        s2_0.created_at,
        s2_0.display_name,
        s2_0.email,
        s2_0.password_hash,
        s2_0.qr_code_url,
        s2_0.reset_code_expires_at,
        s2_0.reset_code_hash,
        s2_0.role,
        s2_0.updated_at,
        cm1_0.sender_member_id,
        s1_0.id,
        s1_0.account_name,
        s1_0.account_number,
        s1_0.active,
        s1_0.avatar_url,
        s1_0.bank_bin,
        s1_0.bank_name,
        s1_0.created_at,
        s1_0.display_name,
        s1_0.email,
        s1_0.password_hash,
        s1_0.qr_code_url,
        s1_0.reset_code_expires_at,
        s1_0.reset_code_hash,
        s1_0.role,
        s1_0.updated_at 
    from
        chat_messages cm1_0 
    join
        members s1_0 
            on s1_0.id=cm1_0.sender_member_id 
    left join
        chat_messages rt1_0 
            on rt1_0.id=cm1_0.reply_to_message_id 
    left join
        members s2_0 
            on s2_0.id=rt1_0.sender_member_id 
    order by
        cm1_0.created_at desc 
    limit
        ?
2026-09-14T00:31:17.312+07:00 DEBUG 15036 --- [tea-attendance-api] [io-8080-exec-10] org.hibernate.SQL                        : 
    select
        distinct do1_0.id,
        do1_0.created_at,
        i1_0.order_id,
        i1_0.id,
        i1_0.consumer_member_id,
        c1_0.id,
        c1_0.account_name,
        c1_0.account_number,
        c1_0.active,
        c1_0.avatar_url,
        c1_0.bank_bin,
        c1_0.bank_name,
        c1_0.created_at,
        c1_0.display_name,
        c1_0.email,
        c1_0.password_hash,
        c1_0.qr_code_url,
        c1_0.reset_code_expires_at,
        c1_0.reset_code_hash,
        c1_0.role,
        c1_0.updated_at,
        i1_0.drink_name,
        i1_0.line_total,
        i1_0.quantity,
        i1_0.unit_price,
        do1_0.note,
        do1_0.order_date,
        do1_0.payer_member_id,
        p1_0.id,
        p1_0.account_name,
        p1_0.account_number,
        p1_0.active,
        p1_0.avatar_url,
        p1_0.bank_bin,
        p1_0.bank_name,
        p1_0.created_at,
        p1_0.display_name,
        p1_0.email,
        p1_0.password_hash,
        p1_0.qr_code_url,
        p1_0.reset_code_expires_at,
        p1_0.reset_code_hash,
        p1_0.role,
        p1_0.updated_at,
        do1_0.total_amount,
        do1_0.updated_at 
    from
        drink_orders do1_0 
    join
        members p1_0 
            on p1_0.id=do1_0.payer_member_id 
    left join
        order_items i1_0 
            on do1_0.id=i1_0.order_id 
    left join
        members c1_0 
            on c1_0.id=i1_0.consumer_member_id 
    where
        do1_0.order_date between ? and ? 
    order by
        do1_0.order_date,
        do1_0.id
2026-09-14T00:31:17.314+07:00 DEBUG 15036 --- [tea-attendance-api] [nio-8080-exec-3] org.hibernate.SQL                        : 
    select
        n1_0.id,
        n1_0.body,
        n1_0.created_at,
        n1_0.read_at,
        n1_0.recipient_member_id,
        r1_0.id,
        r1_0.account_name,
        r1_0.account_number,
        r1_0.active,
        r1_0.avatar_url,
        r1_0.bank_bin,
        r1_0.bank_name,
        r1_0.created_at,
        r1_0.display_name,
        r1_0.email,
        r1_0.password_hash,
        r1_0.qr_code_url,
        r1_0.reset_code_expires_at,
        r1_0.reset_code_hash,
        r1_0.role,
        r1_0.updated_at,
        n1_0.settlement_id,
        n1_0.title,
        n1_0.transfer_id,
        n1_0.type 
    from
        notifications n1_0 
    join
        members r1_0 
            on r1_0.id=n1_0.recipient_member_id 
    where
        r1_0.id=? 
    order by
        n1_0.created_at desc
2026-09-14T00:31:17.321+07:00 DEBUG 15036 --- [tea-attendance-api] [nio-8080-exec-4] org.hibernate.SQL                        : 
    select
        a1_0.message_id,
        a1_0.id,
        a1_0.byte_size,
        a1_0.content_type,
        a1_0.created_at,
        a1_0.original_filename,
        a1_0.storage_key 
    from
        chat_attachments a1_0 
    where
        a1_0.message_id=? 
    order by
        a1_0.id
2026-09-14T00:31:17.326+07:00 DEBUG 15036 --- [tea-attendance-api] [nio-8080-exec-4] org.hibernate.SQL                        : 
    select
        a1_0.message_id,
        a1_0.id,
        a1_0.byte_size,
        a1_0.content_type,
        a1_0.created_at,
        a1_0.original_filename,
        a1_0.storage_key 
    from
        chat_attachments a1_0 
    where
        a1_0.message_id=? 
    order by
        a1_0.id
2026-09-14T00:31:17.330+07:00 DEBUG 15036 --- [tea-attendance-api] [io-8080-exec-10] m.m.a.RequestResponseBodyMethodProcessor : Using 'application/json', given [*/*] and supported [application/json, application/*+json]
2026-09-14T00:31:17.331+07:00 DEBUG 15036 --- [tea-attendance-api] [nio-8080-exec-9] m.m.a.RequestResponseBodyMethodProcessor : Using 'application/json', given [*/*] and supported [application/json, application/*+json]
2026-09-14T00:31:17.331+07:00 DEBUG 15036 --- [tea-attendance-api] [nio-8080-exec-1] m.m.a.RequestResponseBodyMethodProcessor : Using 'application/json', given [*/*] and supported [application/json, application/*+json]
2026-09-14T00:31:17.333+07:00 DEBUG 15036 --- [tea-attendance-api] [nio-8080-exec-4] org.hibernate.SQL                        : 
    select
        a1_0.message_id,
        a1_0.id,
        a1_0.byte_size,
        a1_0.content_type,
        a1_0.created_at,
        a1_0.original_filename,
        a1_0.storage_key 
    from
        chat_attachments a1_0 
    where
        a1_0.message_id=? 
    order by
        a1_0.id
2026-09-14T00:31:17.331+07:00 DEBUG 15036 --- [tea-attendance-api] [io-8080-exec-10] m.m.a.RequestResponseBodyMethodProcessor : Writing [[]]
2026-09-14T00:31:17.332+07:00 DEBUG 15036 --- [tea-attendance-api] [nio-8080-exec-9] m.m.a.RequestResponseBodyMethodProcessor : Writing [[MemberResponse[id=1, displayName=Minh Anh, email=minh.anh@example.test, bankName=MB Bank, bankBin=9 (truncated)...]
2026-09-14T00:31:17.333+07:00 DEBUG 15036 --- [tea-attendance-api] [nio-8080-exec-1] m.m.a.RequestResponseBodyMethodProcessor : Writing [[DrinkCatalogResponse[id=1, name=Tra da, price=5000, icon=?, active=true], DrinkCatalogResponse[id= (truncated)...]
2026-09-14T00:31:17.334+07:00 DEBUG 15036 --- [tea-attendance-api] [nio-8080-exec-3] m.m.a.RequestResponseBodyMethodProcessor : Using 'application/json', given [*/*] and supported [application/json, application/*+json]
2026-09-14T00:31:17.335+07:00 DEBUG 15036 --- [tea-attendance-api] [nio-8080-exec-3] m.m.a.RequestResponseBodyMethodProcessor : Writing [[]]
2026-09-14T00:31:17.335+07:00 DEBUG 15036 --- [tea-attendance-api] [io-8080-exec-10] o.s.web.servlet.DispatcherServlet        : Completed 200 OK
2026-09-14T00:31:17.336+07:00 DEBUG 15036 --- [tea-attendance-api] [nio-8080-exec-9] o.s.web.servlet.DispatcherServlet        : Completed 200 OK
2026-09-14T00:31:17.336+07:00 DEBUG 15036 --- [tea-attendance-api] [nio-8080-exec-1] o.s.web.servlet.DispatcherServlet        : Completed 200 OK
2026-09-14T00:31:17.337+07:00 DEBUG 15036 --- [tea-attendance-api] [nio-8080-exec-3] o.s.web.servlet.DispatcherServlet        : Completed 200 OK
2026-09-14T00:31:17.338+07:00 DEBUG 15036 --- [tea-attendance-api] [nio-8080-exec-4] org.hibernate.SQL                        : 
    select
        a1_0.message_id,
        a1_0.id,
        a1_0.byte_size,
        a1_0.content_type,
        a1_0.created_at,
        a1_0.original_filename,
        a1_0.storage_key 
    from
        chat_attachments a1_0 
    where
        a1_0.message_id=? 
    order by
        a1_0.id
2026-09-14T00:31:17.343+07:00 DEBUG 15036 --- [tea-attendance-api] [nio-8080-exec-4] org.hibernate.SQL                        : 
    select
        a1_0.message_id,
        a1_0.id,
        a1_0.byte_size,
        a1_0.content_type,
        a1_0.created_at,
        a1_0.original_filename,
        a1_0.storage_key 
    from
        chat_attachments a1_0 
    where
        a1_0.message_id=? 
    order by
        a1_0.id
2026-09-14T00:31:17.355+07:00 DEBUG 15036 --- [tea-attendance-api] [nio-8080-exec-4] m.m.a.RequestResponseBodyMethodProcessor : Using 'application/json', given [*/*] and supported [application/json, application/*+json]
2026-09-14T00:31:17.356+07:00 DEBUG 15036 --- [tea-attendance-api] [nio-8080-exec-4] m.m.a.RequestResponseBodyMethodProcessor : Writing [[ChatMessageResponse[id=2, sender=MemberBriefResponse[id=1, displayName=Minh Anh, avatarUrl=null], c (truncated)...]
2026-09-14T00:31:17.357+07:00 DEBUG 15036 --- [tea-attendance-api] [nio-8080-exec-4] o.s.web.servlet.DispatcherServlet        : Completed 200 OK
2026-09-14T00:31:25.305+07:00 DEBUG 15036 --- [tea-attendance-api] [nio-8080-exec-6] o.s.web.servlet.DispatcherServlet        : GET "/api/members?includeInactive=true", parameters={masked}
2026-09-14T00:31:25.306+07:00 DEBUG 15036 --- [tea-attendance-api] [nio-8080-exec-6] s.w.s.m.m.a.RequestMappingHandlerMapping : Mapped to com.trasua.api.MemberController#list(boolean)
2026-09-14T00:31:25.311+07:00 DEBUG 15036 --- [tea-attendance-api] [nio-8080-exec-5] o.s.web.servlet.DispatcherServlet        : GET "/api/drinks?includeInactive=true", parameters={masked}
2026-09-14T00:31:25.314+07:00 DEBUG 15036 --- [tea-attendance-api] [nio-8080-exec-5] s.w.s.m.m.a.RequestMappingHandlerMapping : Mapped to com.trasua.api.DrinkCatalogController#list(boolean)
2026-09-14T00:31:25.318+07:00 DEBUG 15036 --- [tea-attendance-api] [nio-8080-exec-7] o.s.web.servlet.DispatcherServlet        : GET "/api/expenses/range?from=2026-09-14&to=2026-09-20", parameters={masked}
2026-09-14T00:31:25.319+07:00 DEBUG 15036 --- [tea-attendance-api] [nio-8080-exec-7] s.w.s.m.m.a.RequestMappingHandlerMapping : Mapped to com.trasua.api.ExpenseController#range(LocalDate, LocalDate)
2026-09-14T00:31:25.323+07:00 DEBUG 15036 --- [tea-attendance-api] [nio-8080-exec-6] org.hibernate.SQL                        : 
    select
        m1_0.id,
        m1_0.account_name,
        m1_0.account_number,
        m1_0.active,
        m1_0.avatar_url,
        m1_0.bank_bin,
        m1_0.bank_name,
        m1_0.created_at,
        m1_0.display_name,
        m1_0.email,
        m1_0.password_hash,
        m1_0.qr_code_url,
        m1_0.reset_code_expires_at,
        m1_0.reset_code_hash,
        m1_0.role,
        m1_0.updated_at 
    from
        members m1_0
2026-09-14T00:31:25.324+07:00 DEBUG 15036 --- [tea-attendance-api] [nio-8080-exec-5] org.hibernate.SQL                        : 
    select
        dci1_0.id,
        dci1_0.active,
        dci1_0.created_at,
        dci1_0.icon,
        dci1_0.name,
        dci1_0.price,
        dci1_0.updated_at 
    from
        drink_catalog dci1_0
2026-09-14T00:31:25.332+07:00 DEBUG 15036 --- [tea-attendance-api] [nio-8080-exec-7] org.hibernate.SQL                        : 
    select
        distinct do1_0.id,
        do1_0.created_at,
        i1_0.order_id,
        i1_0.id,
        i1_0.consumer_member_id,
        c1_0.id,
        c1_0.account_name,
        c1_0.account_number,
        c1_0.active,
        c1_0.avatar_url,
        c1_0.bank_bin,
        c1_0.bank_name,
        c1_0.created_at,
        c1_0.display_name,
        c1_0.email,
        c1_0.password_hash,
        c1_0.qr_code_url,
        c1_0.reset_code_expires_at,
        c1_0.reset_code_hash,
        c1_0.role,
        c1_0.updated_at,
        i1_0.drink_name,
        i1_0.line_total,
        i1_0.quantity,
        i1_0.unit_price,
        do1_0.note,
        do1_0.order_date,
        do1_0.payer_member_id,
        p1_0.id,
        p1_0.account_name,
        p1_0.account_number,
        p1_0.active,
        p1_0.avatar_url,
        p1_0.bank_bin,
        p1_0.bank_name,
        p1_0.created_at,
        p1_0.display_name,
        p1_0.email,
        p1_0.password_hash,
        p1_0.qr_code_url,
        p1_0.reset_code_expires_at,
        p1_0.reset_code_hash,
        p1_0.role,
        p1_0.updated_at,
        do1_0.total_amount,
        do1_0.updated_at 
    from
        drink_orders do1_0 
    join
        members p1_0 
            on p1_0.id=do1_0.payer_member_id 
    left join
        order_items i1_0 
            on do1_0.id=i1_0.order_id 
    left join
        members c1_0 
            on c1_0.id=i1_0.consumer_member_id 
    where
        do1_0.order_date between ? and ? 
    order by
        do1_0.order_date,
        do1_0.id
2026-09-14T00:31:25.335+07:00 DEBUG 15036 --- [tea-attendance-api] [nio-8080-exec-2] o.s.web.servlet.DispatcherServlet        : GET "/api/chat/messages", parameters={}
2026-09-14T00:31:25.336+07:00 DEBUG 15036 --- [tea-attendance-api] [nio-8080-exec-6] m.m.a.RequestResponseBodyMethodProcessor : Using 'application/json', given [*/*] and supported [application/json, application/*+json]
2026-09-14T00:31:25.337+07:00 DEBUG 15036 --- [tea-attendance-api] [nio-8080-exec-2] s.w.s.m.m.a.RequestMappingHandlerMapping : Mapped to com.trasua.api.ChatController#list(Instant, int)
2026-09-14T00:31:25.337+07:00 DEBUG 15036 --- [tea-attendance-api] [nio-8080-exec-6] m.m.a.RequestResponseBodyMethodProcessor : Writing [[MemberResponse[id=1, displayName=Minh Anh, email=minh.anh@example.test, bankName=MB Bank, bankBin=9 (truncated)...]
2026-09-14T00:31:25.339+07:00 DEBUG 15036 --- [tea-attendance-api] [nio-8080-exec-6] o.s.web.servlet.DispatcherServlet        : Completed 200 OK
2026-09-14T00:31:25.343+07:00 DEBUG 15036 --- [tea-attendance-api] [nio-8080-exec-5] m.m.a.RequestResponseBodyMethodProcessor : Using 'application/json', given [*/*] and supported [application/json, application/*+json]
2026-09-14T00:31:25.344+07:00 DEBUG 15036 --- [tea-attendance-api] [nio-8080-exec-5] m.m.a.RequestResponseBodyMethodProcessor : Writing [[DrinkCatalogResponse[id=1, name=Tra da, price=5000, icon=?, active=true], DrinkCatalogResponse[id= (truncated)...]
2026-09-14T00:31:25.346+07:00 DEBUG 15036 --- [tea-attendance-api] [nio-8080-exec-5] o.s.web.servlet.DispatcherServlet        : Completed 200 OK
2026-09-14T00:31:25.349+07:00 DEBUG 15036 --- [tea-attendance-api] [nio-8080-exec-2] org.hibernate.SQL                        : 
    select
        distinct cm1_0.id,
        cm1_0.content,
        cm1_0.created_at,
        cm1_0.deleted_at,
        rt1_0.id,
        rt1_0.content,
        rt1_0.created_at,
        rt1_0.deleted_at,
        rt1_0.reply_to_message_id,
        rt1_0.sender_member_id,
        s2_0.id,
        s2_0.account_name,
        s2_0.account_number,
        s2_0.active,
        s2_0.avatar_url,
        s2_0.bank_bin,
        s2_0.bank_name,
        s2_0.created_at,
        s2_0.display_name,
        s2_0.email,
        s2_0.password_hash,
        s2_0.qr_code_url,
        s2_0.reset_code_expires_at,
        s2_0.reset_code_hash,
        s2_0.role,
        s2_0.updated_at,
        cm1_0.sender_member_id,
        s1_0.id,
        s1_0.account_name,
        s1_0.account_number,
        s1_0.active,
        s1_0.avatar_url,
        s1_0.bank_bin,
        s1_0.bank_name,
        s1_0.created_at,
        s1_0.display_name,
        s1_0.email,
        s1_0.password_hash,
        s1_0.qr_code_url,
        s1_0.reset_code_expires_at,
        s1_0.reset_code_hash,
        s1_0.role,
        s1_0.updated_at 
    from
        chat_messages cm1_0 
    join
        members s1_0 
            on s1_0.id=cm1_0.sender_member_id 
    left join
        chat_messages rt1_0 
            on rt1_0.id=cm1_0.reply_to_message_id 
    left join
        members s2_0 
            on s2_0.id=rt1_0.sender_member_id 
    order by
        cm1_0.created_at desc 
    limit
        ?
2026-09-14T00:31:25.351+07:00 DEBUG 15036 --- [tea-attendance-api] [nio-8080-exec-8] o.s.web.servlet.DispatcherServlet        : GET "/api/notifications?memberId=6", parameters={masked}
2026-09-14T00:31:25.353+07:00 DEBUG 15036 --- [tea-attendance-api] [nio-8080-exec-8] s.w.s.m.m.a.RequestMappingHandlerMapping : Mapped to com.trasua.api.NotificationController#list(Long)
2026-09-14T00:31:25.355+07:00 DEBUG 15036 --- [tea-attendance-api] [nio-8080-exec-7] m.m.a.RequestResponseBodyMethodProcessor : Using 'application/json', given [*/*] and supported [application/json, application/*+json]
2026-09-14T00:31:25.356+07:00 DEBUG 15036 --- [tea-attendance-api] [nio-8080-exec-7] m.m.a.RequestResponseBodyMethodProcessor : Writing [[]]
2026-09-14T00:31:25.358+07:00 DEBUG 15036 --- [tea-attendance-api] [nio-8080-exec-7] o.s.web.servlet.DispatcherServlet        : Completed 200 OK
2026-09-14T00:31:25.359+07:00 DEBUG 15036 --- [tea-attendance-api] [nio-8080-exec-2] org.hibernate.SQL                        : 
    select
        a1_0.message_id,
        a1_0.id,
        a1_0.byte_size,
        a1_0.content_type,
        a1_0.created_at,
        a1_0.original_filename,
        a1_0.storage_key 
    from
        chat_attachments a1_0 
    where
        a1_0.message_id=? 
    order by
        a1_0.id
2026-09-14T00:31:25.364+07:00 DEBUG 15036 --- [tea-attendance-api] [nio-8080-exec-2] org.hibernate.SQL                        : 
    select
        a1_0.message_id,
        a1_0.id,
        a1_0.byte_size,
        a1_0.content_type,
        a1_0.created_at,
        a1_0.original_filename,
        a1_0.storage_key 
    from
        chat_attachments a1_0 
    where
        a1_0.message_id=? 
    order by
        a1_0.id
2026-09-14T00:31:25.368+07:00 DEBUG 15036 --- [tea-attendance-api] [nio-8080-exec-2] org.hibernate.SQL                        : 
    select
        a1_0.message_id,
        a1_0.id,
        a1_0.byte_size,
        a1_0.content_type,
        a1_0.created_at,
        a1_0.original_filename,
        a1_0.storage_key 
    from
        chat_attachments a1_0 
    where
        a1_0.message_id=? 
    order by
        a1_0.id
2026-09-14T00:31:25.368+07:00 DEBUG 15036 --- [tea-attendance-api] [nio-8080-exec-8] org.hibernate.SQL                        : 
    select
        n1_0.id,
        n1_0.body,
        n1_0.created_at,
        n1_0.read_at,
        n1_0.recipient_member_id,
        r1_0.id,
        r1_0.account_name,
        r1_0.account_number,
        r1_0.active,
        r1_0.avatar_url,
        r1_0.bank_bin,
        r1_0.bank_name,
        r1_0.created_at,
        r1_0.display_name,
        r1_0.email,
        r1_0.password_hash,
        r1_0.qr_code_url,
        r1_0.reset_code_expires_at,
        r1_0.reset_code_hash,
        r1_0.role,
        r1_0.updated_at,
        n1_0.settlement_id,
        n1_0.title,
        n1_0.transfer_id,
        n1_0.type 
    from
        notifications n1_0 
    join
        members r1_0 
            on r1_0.id=n1_0.recipient_member_id 
    where
        r1_0.id=? 
    order by
        n1_0.created_at desc
2026-09-14T00:31:25.371+07:00 DEBUG 15036 --- [tea-attendance-api] [nio-8080-exec-2] org.hibernate.SQL                        : 
    select
        a1_0.message_id,
        a1_0.id,
        a1_0.byte_size,
        a1_0.content_type,
        a1_0.created_at,
        a1_0.original_filename,
        a1_0.storage_key 
    from
        chat_attachments a1_0 
    where
        a1_0.message_id=? 
    order by
        a1_0.id
2026-09-14T00:31:25.376+07:00 DEBUG 15036 --- [tea-attendance-api] [nio-8080-exec-2] org.hibernate.SQL                        : 
    select
        a1_0.message_id,
        a1_0.id,
        a1_0.byte_size,
        a1_0.content_type,
        a1_0.created_at,
        a1_0.original_filename,
        a1_0.storage_key 
    from
        chat_attachments a1_0 
    where
        a1_0.message_id=? 
    order by
        a1_0.id
2026-09-14T00:31:25.380+07:00 DEBUG 15036 --- [tea-attendance-api] [nio-8080-exec-8] m.m.a.RequestResponseBodyMethodProcessor : Using 'application/json', given [*/*] and supported [application/json, application/*+json]
2026-09-14T00:31:25.381+07:00 DEBUG 15036 --- [tea-attendance-api] [nio-8080-exec-8] m.m.a.RequestResponseBodyMethodProcessor : Writing [[]]
2026-09-14T00:31:25.382+07:00 DEBUG 15036 --- [tea-attendance-api] [nio-8080-exec-8] o.s.web.servlet.DispatcherServlet        : Completed 200 OK
2026-09-14T00:31:25.386+07:00 DEBUG 15036 --- [tea-attendance-api] [nio-8080-exec-2] m.m.a.RequestResponseBodyMethodProcessor : Using 'application/json', given [*/*] and supported [application/json, application/*+json]
2026-09-14T00:31:25.388+07:00 DEBUG 15036 --- [tea-attendance-api] [nio-8080-exec-2] m.m.a.RequestResponseBodyMethodProcessor : Writing [[ChatMessageResponse[id=2, sender=MemberBriefResponse[id=1, displayName=Minh Anh, avatarUrl=null], c (truncated)...]
2026-09-14T00:31:25.389+07:00 DEBUG 15036 --- [tea-attendance-api] [nio-8080-exec-2] o.s.web.servlet.DispatcherServlet        : Completed 200 OK
2026-09-14T00:31:32.693+07:00 DEBUG 15036 --- [tea-attendance-api] [nio-8080-exec-9] o.s.web.servlet.DispatcherServlet        : GET "/api/drinks?includeInactive=true", parameters={masked}
2026-09-14T00:31:32.693+07:00 DEBUG 15036 --- [tea-attendance-api] [io-8080-exec-10] o.s.web.servlet.DispatcherServlet        : GET "/api/members?includeInactive=true", parameters={masked}
2026-09-14T00:31:32.693+07:00 DEBUG 15036 --- [tea-attendance-api] [nio-8080-exec-1] o.s.web.servlet.DispatcherServlet        : GET "/api/expenses/range?from=2026-09-14&to=2026-09-20", parameters={masked}
2026-09-14T00:31:32.694+07:00 DEBUG 15036 --- [tea-attendance-api] [nio-8080-exec-9] s.w.s.m.m.a.RequestMappingHandlerMapping : Mapped to com.trasua.api.DrinkCatalogController#list(boolean)
2026-09-14T00:31:32.695+07:00 DEBUG 15036 --- [tea-attendance-api] [nio-8080-exec-1] s.w.s.m.m.a.RequestMappingHandlerMapping : Mapped to com.trasua.api.ExpenseController#range(LocalDate, LocalDate)
2026-09-14T00:31:32.695+07:00 DEBUG 15036 --- [tea-attendance-api] [io-8080-exec-10] s.w.s.m.m.a.RequestMappingHandlerMapping : Mapped to com.trasua.api.MemberController#list(boolean)
2026-09-14T00:31:32.695+07:00 DEBUG 15036 --- [tea-attendance-api] [nio-8080-exec-3] o.s.web.servlet.DispatcherServlet        : GET "/api/chat/messages", parameters={}
2026-09-14T00:31:32.697+07:00 DEBUG 15036 --- [tea-attendance-api] [nio-8080-exec-4] o.s.web.servlet.DispatcherServlet        : GET "/api/notifications?memberId=6", parameters={masked}
2026-09-14T00:31:32.698+07:00 DEBUG 15036 --- [tea-attendance-api] [nio-8080-exec-3] s.w.s.m.m.a.RequestMappingHandlerMapping : Mapped to com.trasua.api.ChatController#list(Instant, int)
2026-09-14T00:31:32.699+07:00 DEBUG 15036 --- [tea-attendance-api] [nio-8080-exec-4] s.w.s.m.m.a.RequestMappingHandlerMapping : Mapped to com.trasua.api.NotificationController#list(Long)
2026-09-14T00:31:32.709+07:00 DEBUG 15036 --- [tea-attendance-api] [nio-8080-exec-9] org.hibernate.SQL                        : 
    select
        dci1_0.id,
        dci1_0.active,
        dci1_0.created_at,
        dci1_0.icon,
        dci1_0.name,
        dci1_0.price,
        dci1_0.updated_at 
    from
        drink_catalog dci1_0
2026-09-14T00:31:32.709+07:00 DEBUG 15036 --- [tea-attendance-api] [io-8080-exec-10] org.hibernate.SQL                        : 
    select
        m1_0.id,
        m1_0.account_name,
        m1_0.account_number,
        m1_0.active,
        m1_0.avatar_url,
        m1_0.bank_bin,
        m1_0.bank_name,
        m1_0.created_at,
        m1_0.display_name,
        m1_0.email,
        m1_0.password_hash,
        m1_0.qr_code_url,
        m1_0.reset_code_expires_at,
        m1_0.reset_code_hash,
        m1_0.role,
        m1_0.updated_at 
    from
        members m1_0
2026-09-14T00:31:32.713+07:00 DEBUG 15036 --- [tea-attendance-api] [nio-8080-exec-3] org.hibernate.SQL                        : 
    select
        distinct cm1_0.id,
        cm1_0.content,
        cm1_0.created_at,
        cm1_0.deleted_at,
        rt1_0.id,
        rt1_0.content,
        rt1_0.created_at,
        rt1_0.deleted_at,
        rt1_0.reply_to_message_id,
        rt1_0.sender_member_id,
        s2_0.id,
        s2_0.account_name,
        s2_0.account_number,
        s2_0.active,
        s2_0.avatar_url,
        s2_0.bank_bin,
        s2_0.bank_name,
        s2_0.created_at,
        s2_0.display_name,
        s2_0.email,
        s2_0.password_hash,
        s2_0.qr_code_url,
        s2_0.reset_code_expires_at,
        s2_0.reset_code_hash,
        s2_0.role,
        s2_0.updated_at,
        cm1_0.sender_member_id,
        s1_0.id,
        s1_0.account_name,
        s1_0.account_number,
        s1_0.active,
        s1_0.avatar_url,
        s1_0.bank_bin,
        s1_0.bank_name,
        s1_0.created_at,
        s1_0.display_name,
        s1_0.email,
        s1_0.password_hash,
        s1_0.qr_code_url,
        s1_0.reset_code_expires_at,
        s1_0.reset_code_hash,
        s1_0.role,
        s1_0.updated_at 
    from
        chat_messages cm1_0 
    join
        members s1_0 
            on s1_0.id=cm1_0.sender_member_id 
    left join
        chat_messages rt1_0 
            on rt1_0.id=cm1_0.reply_to_message_id 
    left join
        members s2_0 
            on s2_0.id=rt1_0.sender_member_id 
    order by
        cm1_0.created_at desc 
    limit
        ?
2026-09-14T00:31:32.714+07:00 DEBUG 15036 --- [tea-attendance-api] [nio-8080-exec-4] org.hibernate.SQL                        : 
    select
        n1_0.id,
        n1_0.body,
        n1_0.created_at,
        n1_0.read_at,
        n1_0.recipient_member_id,
        r1_0.id,
        r1_0.account_name,
        r1_0.account_number,
        r1_0.active,
        r1_0.avatar_url,
        r1_0.bank_bin,
        r1_0.bank_name,
        r1_0.created_at,
        r1_0.display_name,
        r1_0.email,
        r1_0.password_hash,
        r1_0.qr_code_url,
        r1_0.reset_code_expires_at,
        r1_0.reset_code_hash,
        r1_0.role,
        r1_0.updated_at,
        n1_0.settlement_id,
        n1_0.title,
        n1_0.transfer_id,
        n1_0.type 
    from
        notifications n1_0 
    join
        members r1_0 
            on r1_0.id=n1_0.recipient_member_id 
    where
        r1_0.id=? 
    order by
        n1_0.created_at desc
2026-09-14T00:31:32.715+07:00 DEBUG 15036 --- [tea-attendance-api] [nio-8080-exec-1] org.hibernate.SQL                        : 
    select
        distinct do1_0.id,
        do1_0.created_at,
        i1_0.order_id,
        i1_0.id,
        i1_0.consumer_member_id,
        c1_0.id,
        c1_0.account_name,
        c1_0.account_number,
        c1_0.active,
        c1_0.avatar_url,
        c1_0.bank_bin,
        c1_0.bank_name,
        c1_0.created_at,
        c1_0.display_name,
        c1_0.email,
        c1_0.password_hash,
        c1_0.qr_code_url,
        c1_0.reset_code_expires_at,
        c1_0.reset_code_hash,
        c1_0.role,
        c1_0.updated_at,
        i1_0.drink_name,
        i1_0.line_total,
        i1_0.quantity,
        i1_0.unit_price,
        do1_0.note,
        do1_0.order_date,
        do1_0.payer_member_id,
        p1_0.id,
        p1_0.account_name,
        p1_0.account_number,
        p1_0.active,
        p1_0.avatar_url,
        p1_0.bank_bin,
        p1_0.bank_name,
        p1_0.created_at,
        p1_0.display_name,
        p1_0.email,
        p1_0.password_hash,
        p1_0.qr_code_url,
        p1_0.reset_code_expires_at,
        p1_0.reset_code_hash,
        p1_0.role,
        p1_0.updated_at,
        do1_0.total_amount,
        do1_0.updated_at 
    from
        drink_orders do1_0 
    join
        members p1_0 
            on p1_0.id=do1_0.payer_member_id 
    left join
        order_items i1_0 
            on do1_0.id=i1_0.order_id 
    left join
        members c1_0 
            on c1_0.id=i1_0.consumer_member_id 
    where
        do1_0.order_date between ? and ? 
    order by
        do1_0.order_date,
        do1_0.id
2026-09-14T00:31:32.721+07:00 DEBUG 15036 --- [tea-attendance-api] [nio-8080-exec-3] org.hibernate.SQL                        : 
    select
        a1_0.message_id,
        a1_0.id,
        a1_0.byte_size,
        a1_0.content_type,
        a1_0.created_at,
        a1_0.original_filename,
        a1_0.storage_key 
    from
        chat_attachments a1_0 
    where
        a1_0.message_id=? 
    order by
        a1_0.id
2026-09-14T00:31:32.741+07:00 DEBUG 15036 --- [tea-attendance-api] [nio-8080-exec-3] org.hibernate.SQL                        : 
    select
        a1_0.message_id,
        a1_0.id,
        a1_0.byte_size,
        a1_0.content_type,
        a1_0.created_at,
        a1_0.original_filename,
        a1_0.storage_key 
    from
        chat_attachments a1_0 
    where
        a1_0.message_id=? 
    order by
        a1_0.id
2026-09-14T00:31:32.747+07:00 DEBUG 15036 --- [tea-attendance-api] [nio-8080-exec-3] org.hibernate.SQL                        : 
    select
        a1_0.message_id,
        a1_0.id,
        a1_0.byte_size,
        a1_0.content_type,
        a1_0.created_at,
        a1_0.original_filename,
        a1_0.storage_key 
    from
        chat_attachments a1_0 
    where
        a1_0.message_id=? 
    order by
        a1_0.id
2026-09-14T00:31:32.749+07:00 DEBUG 15036 --- [tea-attendance-api] [io-8080-exec-10] m.m.a.RequestResponseBodyMethodProcessor : Using 'application/json', given [*/*] and supported [application/json, application/*+json]
2026-09-14T00:31:32.749+07:00 DEBUG 15036 --- [tea-attendance-api] [nio-8080-exec-9] m.m.a.RequestResponseBodyMethodProcessor : Using 'application/json', given [*/*] and supported [application/json, application/*+json]
2026-09-14T00:31:32.749+07:00 DEBUG 15036 --- [tea-attendance-api] [nio-8080-exec-4] m.m.a.RequestResponseBodyMethodProcessor : Using 'application/json', given [*/*] and supported [application/json, application/*+json]
2026-09-14T00:31:32.750+07:00 DEBUG 15036 --- [tea-attendance-api] [io-8080-exec-10] m.m.a.RequestResponseBodyMethodProcessor : Writing [[MemberResponse[id=1, displayName=Minh Anh, email=minh.anh@example.test, bankName=MB Bank, bankBin=9 (truncated)...]
2026-09-14T00:31:32.750+07:00 DEBUG 15036 --- [tea-attendance-api] [nio-8080-exec-9] m.m.a.RequestResponseBodyMethodProcessor : Writing [[DrinkCatalogResponse[id=1, name=Tra da, price=5000, icon=?, active=true], DrinkCatalogResponse[id= (truncated)...]
2026-09-14T00:31:32.751+07:00 DEBUG 15036 --- [tea-attendance-api] [nio-8080-exec-4] m.m.a.RequestResponseBodyMethodProcessor : Writing [[]]
2026-09-14T00:31:32.752+07:00 DEBUG 15036 --- [tea-attendance-api] [nio-8080-exec-1] m.m.a.RequestResponseBodyMethodProcessor : Using 'application/json', given [*/*] and supported [application/json, application/*+json]
2026-09-14T00:31:32.752+07:00 DEBUG 15036 --- [tea-attendance-api] [nio-8080-exec-3] org.hibernate.SQL                        : 
    select
        a1_0.message_id,
        a1_0.id,
        a1_0.byte_size,
        a1_0.content_type,
        a1_0.created_at,
        a1_0.original_filename,
        a1_0.storage_key 
    from
        chat_attachments a1_0 
    where
        a1_0.message_id=? 
    order by
        a1_0.id
2026-09-14T00:31:32.752+07:00 DEBUG 15036 --- [tea-attendance-api] [io-8080-exec-10] o.s.web.servlet.DispatcherServlet        : Completed 200 OK
2026-09-14T00:31:32.752+07:00 DEBUG 15036 --- [tea-attendance-api] [nio-8080-exec-9] o.s.web.servlet.DispatcherServlet        : Completed 200 OK
2026-09-14T00:31:32.753+07:00 DEBUG 15036 --- [tea-attendance-api] [nio-8080-exec-1] m.m.a.RequestResponseBodyMethodProcessor : Writing [[]]
2026-09-14T00:31:32.753+07:00 DEBUG 15036 --- [tea-attendance-api] [nio-8080-exec-4] o.s.web.servlet.DispatcherServlet        : Completed 200 OK
2026-09-14T00:31:32.755+07:00 DEBUG 15036 --- [tea-attendance-api] [nio-8080-exec-1] o.s.web.servlet.DispatcherServlet        : Completed 200 OK
2026-09-14T00:31:32.763+07:00 DEBUG 15036 --- [tea-attendance-api] [nio-8080-exec-3] org.hibernate.SQL                        : 
    select
        a1_0.message_id,
        a1_0.id,
        a1_0.byte_size,
        a1_0.content_type,
        a1_0.created_at,
        a1_0.original_filename,
        a1_0.storage_key 
    from
        chat_attachments a1_0 
    where
        a1_0.message_id=? 
    order by
        a1_0.id
2026-09-14T00:31:32.777+07:00 DEBUG 15036 --- [tea-attendance-api] [nio-8080-exec-3] m.m.a.RequestResponseBodyMethodProcessor : Using 'application/json', given [*/*] and supported [application/json, application/*+json]
2026-09-14T00:31:32.779+07:00 DEBUG 15036 --- [tea-attendance-api] [nio-8080-exec-3] m.m.a.RequestResponseBodyMethodProcessor : Writing [[ChatMessageResponse[id=2, sender=MemberBriefResponse[id=1, displayName=Minh Anh, avatarUrl=null], c (truncated)...]
2026-09-14T00:31:32.780+07:00 DEBUG 15036 --- [tea-attendance-api] [nio-8080-exec-3] o.s.web.servlet.DispatcherServlet        : Completed 200 OK
2026-09-14T00:32:00.032+07:00 DEBUG 15036 --- [tea-attendance-api] [MessageBroker-1] org.hibernate.SQL                        : 
    select
        wns1_0.id,
        wns1_0.creditor_body,
        wns1_0.creditor_title,
        wns1_0.debtor_body,
        wns1_0.debtor_title,
        wns1_0.send_day,
        wns1_0.send_time,
        wns1_0.updated_at 
    from
        weekly_notification_settings wns1_0 
    where
        wns1_0.id=?
2026-09-14T00:32:38.567+07:00 DEBUG 15036 --- [tea-attendance-api] [io-8080-exec-10] o.s.web.servlet.DispatcherServlet        : GET "/api/admin/weekly-notification-settings", parameters={}
2026-09-14T00:32:38.567+07:00 DEBUG 15036 --- [tea-attendance-api] [io-8080-exec-10] s.w.s.m.m.a.RequestMappingHandlerMapping : Mapped to com.trasua.api.WeeklyNotificationSettingsController#get(String)
2026-09-14T00:32:38.581+07:00 DEBUG 15036 --- [tea-attendance-api] [io-8080-exec-10] org.hibernate.SQL                        : 
    select
        as1_0.id,
        as1_0.created_at,
        as1_0.expires_at,
        as1_0.member_id,
        as1_0.token_hash 
    from
        auth_sessions as1_0 
    where
        as1_0.token_hash=?
2026-09-14T00:32:38.587+07:00 DEBUG 15036 --- [tea-attendance-api] [io-8080-exec-10] org.hibernate.SQL                        : 
    select
        m1_0.id,
        m1_0.account_name,
        m1_0.account_number,
        m1_0.active,
        m1_0.avatar_url,
        m1_0.bank_bin,
        m1_0.bank_name,
        m1_0.created_at,
        m1_0.display_name,
        m1_0.email,
        m1_0.password_hash,
        m1_0.qr_code_url,
        m1_0.reset_code_expires_at,
        m1_0.reset_code_hash,
        m1_0.role,
        m1_0.updated_at 
    from
        members m1_0 
    where
        m1_0.id=?
2026-09-14T00:32:38.623+07:00 DEBUG 15036 --- [tea-attendance-api] [io-8080-exec-10] org.hibernate.SQL                        : 
    select
        wns1_0.id,
        wns1_0.creditor_body,
        wns1_0.creditor_title,
        wns1_0.debtor_body,
        wns1_0.debtor_title,
        wns1_0.send_day,
        wns1_0.send_time,
        wns1_0.updated_at 
    from
        weekly_notification_settings wns1_0 
    where
        wns1_0.id=?
2026-09-14T00:32:38.640+07:00 DEBUG 15036 --- [tea-attendance-api] [io-8080-exec-10] m.m.a.RequestResponseBodyMethodProcessor : Using 'application/json', given [*/*] and supported [application/json, application/*+json]
2026-09-14T00:32:38.641+07:00 DEBUG 15036 --- [tea-attendance-api] [io-8080-exec-10] m.m.a.RequestResponseBodyMethodProcessor : Writing [WeeklyNotificationSettingsResponse[sendDay=6, sendTime=15:00, debtorTitle=Den luot thanh toan tra da (truncated)...]
2026-09-14T00:32:38.642+07:00 DEBUG 15036 --- [tea-attendance-api] [io-8080-exec-10] o.s.web.servlet.DispatcherServlet        : Completed 200 OK
2026-09-14T00:32:38.646+07:00 DEBUG 15036 --- [tea-attendance-api] [nio-8080-exec-9] o.s.web.servlet.DispatcherServlet        : GET "/api/admin/weekly-notification-settings", parameters={}
2026-09-14T00:32:38.647+07:00 DEBUG 15036 --- [tea-attendance-api] [nio-8080-exec-9] s.w.s.m.m.a.RequestMappingHandlerMapping : Mapped to com.trasua.api.WeeklyNotificationSettingsController#get(String)
2026-09-14T00:32:38.662+07:00 DEBUG 15036 --- [tea-attendance-api] [nio-8080-exec-9] org.hibernate.SQL                        : 
    select
        as1_0.id,
        as1_0.created_at,
        as1_0.expires_at,
        as1_0.member_id,
        as1_0.token_hash 
    from
        auth_sessions as1_0 
    where
        as1_0.token_hash=?
2026-09-14T00:32:38.668+07:00 DEBUG 15036 --- [tea-attendance-api] [nio-8080-exec-9] org.hibernate.SQL                        : 
    select
        m1_0.id,
        m1_0.account_name,
        m1_0.account_number,
        m1_0.active,
        m1_0.avatar_url,
        m1_0.bank_bin,
        m1_0.bank_name,
        m1_0.created_at,
        m1_0.display_name,
        m1_0.email,
        m1_0.password_hash,
        m1_0.qr_code_url,
        m1_0.reset_code_expires_at,
        m1_0.reset_code_hash,
        m1_0.role,
        m1_0.updated_at 
    from
        members m1_0 
    where
        m1_0.id=?
2026-09-14T00:32:38.702+07:00 DEBUG 15036 --- [tea-attendance-api] [nio-8080-exec-9] org.hibernate.SQL                        : 
    select
        wns1_0.id,
        wns1_0.creditor_body,
        wns1_0.creditor_title,
        wns1_0.debtor_body,
        wns1_0.debtor_title,
        wns1_0.send_day,
        wns1_0.send_time,
        wns1_0.updated_at 
    from
        weekly_notification_settings wns1_0 
    where
        wns1_0.id=?
2026-09-14T00:32:38.714+07:00 DEBUG 15036 --- [tea-attendance-api] [nio-8080-exec-9] m.m.a.RequestResponseBodyMethodProcessor : Using 'application/json', given [*/*] and supported [application/json, application/*+json]
2026-09-14T00:32:38.714+07:00 DEBUG 15036 --- [tea-attendance-api] [nio-8080-exec-9] m.m.a.RequestResponseBodyMethodProcessor : Writing [WeeklyNotificationSettingsResponse[sendDay=6, sendTime=15:00, debtorTitle=Den luot thanh toan tra da (truncated)...]
2026-09-14T00:32:38.715+07:00 DEBUG 15036 --- [tea-attendance-api] [nio-8080-exec-9] o.s.web.servlet.DispatcherServlet        : Completed 200 OK
2026-09-14T00:33:00.027+07:00 DEBUG 15036 --- [tea-attendance-api] [MessageBroker-4] org.hibernate.SQL                        : 
    select
        wns1_0.id,
        wns1_0.creditor_body,
        wns1_0.creditor_title,
        wns1_0.debtor_body,
        wns1_0.debtor_title,
        wns1_0.send_day,
        wns1_0.send_time,
        wns1_0.updated_at 
    from
        weekly_notification_settings wns1_0 
    where
        wns1_0.id=?
2026-09-14T00:34:00.022+07:00 DEBUG 15036 --- [tea-attendance-api] [MessageBroker-4] org.hibernate.SQL                        : 
    select
        wns1_0.id,
        wns1_0.creditor_body,
        wns1_0.creditor_title,
        wns1_0.debtor_body,
        wns1_0.debtor_title,
        wns1_0.send_day,
        wns1_0.send_time,
        wns1_0.updated_at 
    from
        weekly_notification_settings wns1_0 
    where
        wns1_0.id=?
2026-09-14T00:35:00.027+07:00 DEBUG 15036 --- [tea-attendance-api] [MessageBroker-2] org.hibernate.SQL                        : 
    select
        wns1_0.id,
        wns1_0.creditor_body,
        wns1_0.creditor_title,
        wns1_0.debtor_body,
        wns1_0.debtor_title,
        wns1_0.send_day,
        wns1_0.send_time,
        wns1_0.updated_at 
    from
        weekly_notification_settings wns1_0 
    where
        wns1_0.id=?
2026-09-14T00:36:00.022+07:00 DEBUG 15036 --- [tea-attendance-api] [MessageBroker-2] org.hibernate.SQL                        : 
    select
        wns1_0.id,
        wns1_0.creditor_body,
        wns1_0.creditor_title,
        wns1_0.debtor_body,
        wns1_0.debtor_title,
        wns1_0.send_day,
        wns1_0.send_time,
        wns1_0.updated_at 
    from
        weekly_notification_settings wns1_0 
    where
        wns1_0.id=?
2026-09-14T00:36:06.594+07:00 DEBUG 15036 --- [tea-attendance-api] [nio-8080-exec-1] o.s.web.servlet.DispatcherServlet        : GET "/api/members/avatar/804f70eb-3f82-4311-a406-7e4da6c3d178.jpg", parameters={}
2026-09-14T00:36:06.596+07:00 DEBUG 15036 --- [tea-attendance-api] [nio-8080-exec-1] s.w.s.m.m.a.RequestMappingHandlerMapping : Mapped to com.trasua.api.MemberController#avatar(String)
2026-09-14T00:36:06.601+07:00 DEBUG 15036 --- [tea-attendance-api] [nio-8080-exec-1] o.s.w.s.m.m.a.HttpEntityMethodProcessor  : Found 'Content-Type:image/jpeg' in response
2026-09-14T00:36:06.602+07:00 DEBUG 15036 --- [tea-attendance-api] [nio-8080-exec-1] o.s.w.s.m.m.a.HttpEntityMethodProcessor  : Writing [file [D:\web_diem_danh_tra_da\backend\uploads\chat\804f70eb-3f82-4311-a406-7e4da6c3d178.jpg]]
2026-09-14T00:36:06.607+07:00 DEBUG 15036 --- [tea-attendance-api] [nio-8080-exec-1] o.s.web.servlet.DispatcherServlet        : Completed 200 OK
2026-09-14T00:36:06.674+07:00 DEBUG 15036 --- [tea-attendance-api] [nio-8080-exec-3] o.s.web.servlet.DispatcherServlet        : GET "/api/members?includeInactive=true", parameters={masked}
2026-09-14T00:36:06.676+07:00 DEBUG 15036 --- [tea-attendance-api] [nio-8080-exec-3] s.w.s.m.m.a.RequestMappingHandlerMapping : Mapped to com.trasua.api.MemberController#list(boolean)
2026-09-14T00:36:06.683+07:00 DEBUG 15036 --- [tea-attendance-api] [nio-8080-exec-7] o.s.web.servlet.DispatcherServlet        : GET "/api/drinks?includeInactive=true", parameters={masked}
2026-09-14T00:36:06.684+07:00 DEBUG 15036 --- [tea-attendance-api] [nio-8080-exec-7] s.w.s.m.m.a.RequestMappingHandlerMapping : Mapped to com.trasua.api.DrinkCatalogController#list(boolean)
2026-09-14T00:36:06.706+07:00 DEBUG 15036 --- [tea-attendance-api] [nio-8080-exec-8] o.s.web.servlet.DispatcherServlet        : GET "/api/expenses/range?from=2026-09-14&to=2026-09-20", parameters={masked}
2026-09-14T00:36:06.708+07:00 DEBUG 15036 --- [tea-attendance-api] [nio-8080-exec-8] s.w.s.m.m.a.RequestMappingHandlerMapping : Mapped to com.trasua.api.ExpenseController#range(LocalDate, LocalDate)
2026-09-14T00:36:06.714+07:00 DEBUG 15036 --- [tea-attendance-api] [nio-8080-exec-3] org.hibernate.SQL                        : 
    select
        m1_0.id,
        m1_0.account_name,
        m1_0.account_number,
        m1_0.active,
        m1_0.avatar_url,
        m1_0.bank_bin,
        m1_0.bank_name,
        m1_0.created_at,
        m1_0.display_name,
        m1_0.email,
        m1_0.password_hash,
        m1_0.qr_code_url,
        m1_0.reset_code_expires_at,
        m1_0.reset_code_hash,
        m1_0.role,
        m1_0.updated_at 
    from
        members m1_0
2026-09-14T00:36:06.728+07:00 DEBUG 15036 --- [tea-attendance-api] [nio-8080-exec-7] org.hibernate.SQL                        : 
    select
        dci1_0.id,
        dci1_0.active,
        dci1_0.created_at,
        dci1_0.icon,
        dci1_0.name,
        dci1_0.price,
        dci1_0.updated_at 
    from
        drink_catalog dci1_0
2026-09-14T00:36:06.743+07:00 DEBUG 15036 --- [tea-attendance-api] [nio-8080-exec-5] o.s.web.servlet.DispatcherServlet        : GET "/api/chat/messages", parameters={}
2026-09-14T00:36:06.744+07:00 DEBUG 15036 --- [tea-attendance-api] [nio-8080-exec-5] s.w.s.m.m.a.RequestMappingHandlerMapping : Mapped to com.trasua.api.ChatController#list(Instant, int)
2026-09-14T00:36:06.750+07:00 DEBUG 15036 --- [tea-attendance-api] [nio-8080-exec-6] o.s.web.servlet.DispatcherServlet        : GET "/api/notifications?memberId=6", parameters={masked}
2026-09-14T00:36:06.751+07:00 DEBUG 15036 --- [tea-attendance-api] [nio-8080-exec-6] s.w.s.m.m.a.RequestMappingHandlerMapping : Mapped to com.trasua.api.NotificationController#list(Long)
2026-09-14T00:36:06.758+07:00 DEBUG 15036 --- [tea-attendance-api] [nio-8080-exec-8] org.hibernate.SQL                        : 
    select
        distinct do1_0.id,
        do1_0.created_at,
        i1_0.order_id,
        i1_0.id,
        i1_0.consumer_member_id,
        c1_0.id,
        c1_0.account_name,
        c1_0.account_number,
        c1_0.active,
        c1_0.avatar_url,
        c1_0.bank_bin,
        c1_0.bank_name,
        c1_0.created_at,
        c1_0.display_name,
        c1_0.email,
        c1_0.password_hash,
        c1_0.qr_code_url,
        c1_0.reset_code_expires_at,
        c1_0.reset_code_hash,
        c1_0.role,
        c1_0.updated_at,
        i1_0.drink_name,
        i1_0.line_total,
        i1_0.quantity,
        i1_0.unit_price,
        do1_0.note,
        do1_0.order_date,
        do1_0.payer_member_id,
        p1_0.id,
        p1_0.account_name,
        p1_0.account_number,
        p1_0.active,
        p1_0.avatar_url,
        p1_0.bank_bin,
        p1_0.bank_name,
        p1_0.created_at,
        p1_0.display_name,
        p1_0.email,
        p1_0.password_hash,
        p1_0.qr_code_url,
        p1_0.reset_code_expires_at,
        p1_0.reset_code_hash,
        p1_0.role,
        p1_0.updated_at,
        do1_0.total_amount,
        do1_0.updated_at 
    from
        drink_orders do1_0 
    join
        members p1_0 
            on p1_0.id=do1_0.payer_member_id 
    left join
        order_items i1_0 
            on do1_0.id=i1_0.order_id 
    left join
        members c1_0 
            on c1_0.id=i1_0.consumer_member_id 
    where
        do1_0.order_date between ? and ? 
    order by
        do1_0.order_date,
        do1_0.id
2026-09-14T00:36:06.768+07:00 DEBUG 15036 --- [tea-attendance-api] [nio-8080-exec-3] m.m.a.RequestResponseBodyMethodProcessor : Using 'application/json', given [*/*] and supported [application/json, application/*+json]
2026-09-14T00:36:06.770+07:00 DEBUG 15036 --- [tea-attendance-api] [nio-8080-exec-3] m.m.a.RequestResponseBodyMethodProcessor : Writing [[MemberResponse[id=1, displayName=Minh Anh, email=minh.anh@example.test, bankName=MB Bank, bankBin=9 (truncated)...]
2026-09-14T00:36:06.772+07:00 DEBUG 15036 --- [tea-attendance-api] [nio-8080-exec-3] o.s.web.servlet.DispatcherServlet        : Completed 200 OK
2026-09-14T00:36:06.784+07:00 DEBUG 15036 --- [tea-attendance-api] [nio-8080-exec-7] m.m.a.RequestResponseBodyMethodProcessor : Using 'application/json', given [*/*] and supported [application/json, application/*+json]
2026-09-14T00:36:06.785+07:00 DEBUG 15036 --- [tea-attendance-api] [nio-8080-exec-5] org.hibernate.SQL                        : 
    select
        distinct cm1_0.id,
        cm1_0.content,
        cm1_0.created_at,
        cm1_0.deleted_at,
        rt1_0.id,
        rt1_0.content,
        rt1_0.created_at,
        rt1_0.deleted_at,
        rt1_0.reply_to_message_id,
        rt1_0.sender_member_id,
        s2_0.id,
        s2_0.account_name,
        s2_0.account_number,
        s2_0.active,
        s2_0.avatar_url,
        s2_0.bank_bin,
        s2_0.bank_name,
        s2_0.created_at,
        s2_0.display_name,
        s2_0.email,
        s2_0.password_hash,
        s2_0.qr_code_url,
        s2_0.reset_code_expires_at,
        s2_0.reset_code_hash,
        s2_0.role,
        s2_0.updated_at,
        cm1_0.sender_member_id,
        s1_0.id,
        s1_0.account_name,
        s1_0.account_number,
        s1_0.active,
        s1_0.avatar_url,
        s1_0.bank_bin,
        s1_0.bank_name,
        s1_0.created_at,
        s1_0.display_name,
        s1_0.email,
        s1_0.password_hash,
        s1_0.qr_code_url,
        s1_0.reset_code_expires_at,
        s1_0.reset_code_hash,
        s1_0.role,
        s1_0.updated_at 
    from
        chat_messages cm1_0 
    join
        members s1_0 
            on s1_0.id=cm1_0.sender_member_id 
    left join
        chat_messages rt1_0 
            on rt1_0.id=cm1_0.reply_to_message_id 
    left join
        members s2_0 
            on s2_0.id=rt1_0.sender_member_id 
    order by
        cm1_0.created_at desc 
    limit
        ?
2026-09-14T00:36:06.787+07:00 DEBUG 15036 --- [tea-attendance-api] [nio-8080-exec-7] m.m.a.RequestResponseBodyMethodProcessor : Writing [[DrinkCatalogResponse[id=1, name=Tra da, price=5000, icon=?, active=true], DrinkCatalogResponse[id= (truncated)...]
2026-09-14T00:36:06.786+07:00 DEBUG 15036 --- [tea-attendance-api] [nio-8080-exec-6] org.hibernate.SQL                        : 
    select
        n1_0.id,
        n1_0.body,
        n1_0.created_at,
        n1_0.read_at,
        n1_0.recipient_member_id,
        r1_0.id,
        r1_0.account_name,
        r1_0.account_number,
        r1_0.active,
        r1_0.avatar_url,
        r1_0.bank_bin,
        r1_0.bank_name,
        r1_0.created_at,
        r1_0.display_name,
        r1_0.email,
        r1_0.password_hash,
        r1_0.qr_code_url,
        r1_0.reset_code_expires_at,
        r1_0.reset_code_hash,
        r1_0.role,
        r1_0.updated_at,
        n1_0.settlement_id,
        n1_0.title,
        n1_0.transfer_id,
        n1_0.type 
    from
        notifications n1_0 
    join
        members r1_0 
            on r1_0.id=n1_0.recipient_member_id 
    where
        r1_0.id=? 
    order by
        n1_0.created_at desc
2026-09-14T00:36:06.789+07:00 DEBUG 15036 --- [tea-attendance-api] [nio-8080-exec-7] o.s.web.servlet.DispatcherServlet        : Completed 200 OK
2026-09-14T00:36:06.803+07:00 DEBUG 15036 --- [tea-attendance-api] [nio-8080-exec-5] org.hibernate.SQL                        : 
    select
        a1_0.message_id,
        a1_0.id,
        a1_0.byte_size,
        a1_0.content_type,
        a1_0.created_at,
        a1_0.original_filename,
        a1_0.storage_key 
    from
        chat_attachments a1_0 
    where
        a1_0.message_id=? 
    order by
        a1_0.id
2026-09-14T00:36:06.814+07:00 DEBUG 15036 --- [tea-attendance-api] [nio-8080-exec-2] o.s.web.servlet.DispatcherServlet        : GET "/api/members?includeInactive=true", parameters={masked}
2026-09-14T00:36:06.816+07:00 DEBUG 15036 --- [tea-attendance-api] [io-8080-exec-10] o.s.web.servlet.DispatcherServlet        : GET "/api/drinks?includeInactive=true", parameters={masked}
2026-09-14T00:36:06.817+07:00 DEBUG 15036 --- [tea-attendance-api] [nio-8080-exec-2] s.w.s.m.m.a.RequestMappingHandlerMapping : Mapped to com.trasua.api.MemberController#list(boolean)
2026-09-14T00:36:06.818+07:00 DEBUG 15036 --- [tea-attendance-api] [io-8080-exec-10] s.w.s.m.m.a.RequestMappingHandlerMapping : Mapped to com.trasua.api.DrinkCatalogController#list(boolean)
2026-09-14T00:36:06.824+07:00 DEBUG 15036 --- [tea-attendance-api] [nio-8080-exec-8] m.m.a.RequestResponseBodyMethodProcessor : Using 'application/json', given [*/*] and supported [application/json, application/*+json]
2026-09-14T00:36:06.826+07:00 DEBUG 15036 --- [tea-attendance-api] [nio-8080-exec-8] m.m.a.RequestResponseBodyMethodProcessor : Writing [[]]
2026-09-14T00:36:06.826+07:00 DEBUG 15036 --- [tea-attendance-api] [nio-8080-exec-5] org.hibernate.SQL                        : 
    select
        a1_0.message_id,
        a1_0.id,
        a1_0.byte_size,
        a1_0.content_type,
        a1_0.created_at,
        a1_0.original_filename,
        a1_0.storage_key 
    from
        chat_attachments a1_0 
    where
        a1_0.message_id=? 
    order by
        a1_0.id
2026-09-14T00:36:06.827+07:00 DEBUG 15036 --- [tea-attendance-api] [nio-8080-exec-8] o.s.web.servlet.DispatcherServlet        : Completed 200 OK
2026-09-14T00:36:06.842+07:00 DEBUG 15036 --- [tea-attendance-api] [nio-8080-exec-5] org.hibernate.SQL                        : 
    select
        a1_0.message_id,
        a1_0.id,
        a1_0.byte_size,
        a1_0.content_type,
        a1_0.created_at,
        a1_0.original_filename,
        a1_0.storage_key 
    from
        chat_attachments a1_0 
    where
        a1_0.message_id=? 
    order by
        a1_0.id
2026-09-14T00:36:06.842+07:00 DEBUG 15036 --- [tea-attendance-api] [nio-8080-exec-9] o.s.web.servlet.DispatcherServlet        : GET "/api/expenses/range?from=2026-09-14&to=2026-09-20", parameters={masked}
2026-09-14T00:36:06.843+07:00 DEBUG 15036 --- [tea-attendance-api] [nio-8080-exec-9] s.w.s.m.m.a.RequestMappingHandlerMapping : Mapped to com.trasua.api.ExpenseController#range(LocalDate, LocalDate)
2026-09-14T00:36:06.850+07:00 DEBUG 15036 --- [tea-attendance-api] [nio-8080-exec-6] m.m.a.RequestResponseBodyMethodProcessor : Using 'application/json', given [*/*] and supported [application/json, application/*+json]
2026-09-14T00:36:06.853+07:00 DEBUG 15036 --- [tea-attendance-api] [nio-8080-exec-6] m.m.a.RequestResponseBodyMethodProcessor : Writing [[]]
2026-09-14T00:36:06.852+07:00 DEBUG 15036 --- [tea-attendance-api] [io-8080-exec-10] org.hibernate.SQL                        : 
    select
        dci1_0.id,
        dci1_0.active,
        dci1_0.created_at,
        dci1_0.icon,
        dci1_0.name,
        dci1_0.price,
        dci1_0.updated_at 
    from
        drink_catalog dci1_0
2026-09-14T00:36:06.855+07:00 DEBUG 15036 --- [tea-attendance-api] [nio-8080-exec-6] o.s.web.servlet.DispatcherServlet        : Completed 200 OK
2026-09-14T00:36:06.854+07:00 DEBUG 15036 --- [tea-attendance-api] [nio-8080-exec-2] org.hibernate.SQL                        : 
    select
        m1_0.id,
        m1_0.account_name,
        m1_0.account_number,
        m1_0.active,
        m1_0.avatar_url,
        m1_0.bank_bin,
        m1_0.bank_name,
        m1_0.created_at,
        m1_0.display_name,
        m1_0.email,
        m1_0.password_hash,
        m1_0.qr_code_url,
        m1_0.reset_code_expires_at,
        m1_0.reset_code_hash,
        m1_0.role,
        m1_0.updated_at 
    from
        members m1_0
2026-09-14T00:36:06.858+07:00 DEBUG 15036 --- [tea-attendance-api] [nio-8080-exec-5] org.hibernate.SQL                        : 
    select
        a1_0.message_id,
        a1_0.id,
        a1_0.byte_size,
        a1_0.content_type,
        a1_0.created_at,
        a1_0.original_filename,
        a1_0.storage_key 
    from
        chat_attachments a1_0 
    where
        a1_0.message_id=? 
    order by
        a1_0.id
2026-09-14T00:36:06.862+07:00 DEBUG 15036 --- [tea-attendance-api] [nio-8080-exec-9] org.hibernate.SQL                        : 
    select
        distinct do1_0.id,
        do1_0.created_at,
        i1_0.order_id,
        i1_0.id,
        i1_0.consumer_member_id,
        c1_0.id,
        c1_0.account_name,
        c1_0.account_number,
        c1_0.active,
        c1_0.avatar_url,
        c1_0.bank_bin,
        c1_0.bank_name,
        c1_0.created_at,
        c1_0.display_name,
        c1_0.email,
        c1_0.password_hash,
        c1_0.qr_code_url,
        c1_0.reset_code_expires_at,
        c1_0.reset_code_hash,
        c1_0.role,
        c1_0.updated_at,
        i1_0.drink_name,
        i1_0.line_total,
        i1_0.quantity,
        i1_0.unit_price,
        do1_0.note,
        do1_0.order_date,
        do1_0.payer_member_id,
        p1_0.id,
        p1_0.account_name,
        p1_0.account_number,
        p1_0.active,
        p1_0.avatar_url,
        p1_0.bank_bin,
        p1_0.bank_name,
        p1_0.created_at,
        p1_0.display_name,
        p1_0.email,
        p1_0.password_hash,
        p1_0.qr_code_url,
        p1_0.reset_code_expires_at,
        p1_0.reset_code_hash,
        p1_0.role,
        p1_0.updated_at,
        do1_0.total_amount,
        do1_0.updated_at 
    from
        drink_orders do1_0 
    join
        members p1_0 
            on p1_0.id=do1_0.payer_member_id 
    left join
        order_items i1_0 
            on do1_0.id=i1_0.order_id 
    left join
        members c1_0 
            on c1_0.id=i1_0.consumer_member_id 
    where
        do1_0.order_date between ? and ? 
    order by
        do1_0.order_date,
        do1_0.id
2026-09-14T00:36:06.868+07:00 DEBUG 15036 --- [tea-attendance-api] [nio-8080-exec-4] o.s.web.servlet.DispatcherServlet        : GET "/api/notifications?memberId=6", parameters={masked}
2026-09-14T00:36:06.869+07:00 DEBUG 15036 --- [tea-attendance-api] [nio-8080-exec-4] s.w.s.m.m.a.RequestMappingHandlerMapping : Mapped to com.trasua.api.NotificationController#list(Long)
2026-09-14T00:36:06.876+07:00 DEBUG 15036 --- [tea-attendance-api] [nio-8080-exec-5] org.hibernate.SQL                        : 
    select
        a1_0.message_id,
        a1_0.id,
        a1_0.byte_size,
        a1_0.content_type,
        a1_0.created_at,
        a1_0.original_filename,
        a1_0.storage_key 
    from
        chat_attachments a1_0 
    where
        a1_0.message_id=? 
    order by
        a1_0.id
2026-09-14T00:36:06.888+07:00 DEBUG 15036 --- [tea-attendance-api] [nio-8080-exec-4] org.hibernate.SQL                        : 
    select
        n1_0.id,
        n1_0.body,
        n1_0.created_at,
        n1_0.read_at,
        n1_0.recipient_member_id,
        r1_0.id,
        r1_0.account_name,
        r1_0.account_number,
        r1_0.active,
        r1_0.avatar_url,
        r1_0.bank_bin,
        r1_0.bank_name,
        r1_0.created_at,
        r1_0.display_name,
        r1_0.email,
        r1_0.password_hash,
        r1_0.qr_code_url,
        r1_0.reset_code_expires_at,
        r1_0.reset_code_hash,
        r1_0.role,
        r1_0.updated_at,
        n1_0.settlement_id,
        n1_0.title,
        n1_0.transfer_id,
        n1_0.type 
    from
        notifications n1_0 
    join
        members r1_0 
            on r1_0.id=n1_0.recipient_member_id 
    where
        r1_0.id=? 
    order by
        n1_0.created_at desc
2026-09-14T00:36:06.891+07:00 DEBUG 15036 --- [tea-attendance-api] [nio-8080-exec-9] m.m.a.RequestResponseBodyMethodProcessor : Using 'application/json', given [*/*] and supported [application/json, application/*+json]
2026-09-14T00:36:06.891+07:00 DEBUG 15036 --- [tea-attendance-api] [io-8080-exec-10] m.m.a.RequestResponseBodyMethodProcessor : Using 'application/json', given [*/*] and supported [application/json, application/*+json]
2026-09-14T00:36:06.891+07:00 DEBUG 15036 --- [tea-attendance-api] [nio-8080-exec-2] m.m.a.RequestResponseBodyMethodProcessor : Using 'application/json', given [*/*] and supported [application/json, application/*+json]
2026-09-14T00:36:06.891+07:00 DEBUG 15036 --- [tea-attendance-api] [nio-8080-exec-9] m.m.a.RequestResponseBodyMethodProcessor : Writing [[]]
2026-09-14T00:36:06.892+07:00 DEBUG 15036 --- [tea-attendance-api] [io-8080-exec-10] m.m.a.RequestResponseBodyMethodProcessor : Writing [[DrinkCatalogResponse[id=1, name=Tra da, price=5000, icon=?, active=true], DrinkCatalogResponse[id= (truncated)...]
2026-09-14T00:36:06.893+07:00 DEBUG 15036 --- [tea-attendance-api] [nio-8080-exec-2] m.m.a.RequestResponseBodyMethodProcessor : Writing [[MemberResponse[id=1, displayName=Minh Anh, email=minh.anh@example.test, bankName=MB Bank, bankBin=9 (truncated)...]
2026-09-14T00:36:06.894+07:00 DEBUG 15036 --- [tea-attendance-api] [nio-8080-exec-9] o.s.web.servlet.DispatcherServlet        : Completed 200 OK
2026-09-14T00:36:06.895+07:00 DEBUG 15036 --- [tea-attendance-api] [io-8080-exec-10] o.s.web.servlet.DispatcherServlet        : Completed 200 OK
2026-09-14T00:36:06.897+07:00 DEBUG 15036 --- [tea-attendance-api] [nio-8080-exec-2] o.s.web.servlet.DispatcherServlet        : Completed 200 OK
2026-09-14T00:36:06.907+07:00 DEBUG 15036 --- [tea-attendance-api] [nio-8080-exec-5] m.m.a.RequestResponseBodyMethodProcessor : Using 'application/json', given [*/*] and supported [application/json, application/*+json]
2026-09-14T00:36:06.922+07:00 DEBUG 15036 --- [tea-attendance-api] [nio-8080-exec-5] m.m.a.RequestResponseBodyMethodProcessor : Writing [[ChatMessageResponse[id=2, sender=MemberBriefResponse[id=1, displayName=Minh Anh, avatarUrl=null], c (truncated)...]
2026-09-14T00:36:06.924+07:00 DEBUG 15036 --- [tea-attendance-api] [nio-8080-exec-5] o.s.web.servlet.DispatcherServlet        : Completed 200 OK
2026-09-14T00:36:06.924+07:00 DEBUG 15036 --- [tea-attendance-api] [nio-8080-exec-4] m.m.a.RequestResponseBodyMethodProcessor : Using 'application/json', given [*/*] and supported [application/json, application/*+json]
2026-09-14T00:36:06.925+07:00 DEBUG 15036 --- [tea-attendance-api] [nio-8080-exec-4] m.m.a.RequestResponseBodyMethodProcessor : Writing [[]]
2026-09-14T00:36:06.927+07:00 DEBUG 15036 --- [tea-attendance-api] [nio-8080-exec-4] o.s.web.servlet.DispatcherServlet        : Completed 200 OK
2026-09-14T00:36:06.937+07:00 DEBUG 15036 --- [tea-attendance-api] [nio-8080-exec-1] o.s.web.servlet.DispatcherServlet        : GET "/api/chat/messages", parameters={}
2026-09-14T00:36:06.938+07:00 DEBUG 15036 --- [tea-attendance-api] [nio-8080-exec-1] s.w.s.m.m.a.RequestMappingHandlerMapping : Mapped to com.trasua.api.ChatController#list(Instant, int)
2026-09-14T00:36:06.946+07:00 DEBUG 15036 --- [tea-attendance-api] [nio-8080-exec-1] org.hibernate.SQL                        : 
    select
        distinct cm1_0.id,
        cm1_0.content,
        cm1_0.created_at,
        cm1_0.deleted_at,
        rt1_0.id,
        rt1_0.content,
        rt1_0.created_at,
        rt1_0.deleted_at,
        rt1_0.reply_to_message_id,
        rt1_0.sender_member_id,
        s2_0.id,
        s2_0.account_name,
        s2_0.account_number,
        s2_0.active,
        s2_0.avatar_url,
        s2_0.bank_bin,
        s2_0.bank_name,
        s2_0.created_at,
        s2_0.display_name,
        s2_0.email,
        s2_0.password_hash,
        s2_0.qr_code_url,
        s2_0.reset_code_expires_at,
        s2_0.reset_code_hash,
        s2_0.role,
        s2_0.updated_at,
        cm1_0.sender_member_id,
        s1_0.id,
        s1_0.account_name,
        s1_0.account_number,
        s1_0.active,
        s1_0.avatar_url,
        s1_0.bank_bin,
        s1_0.bank_name,
        s1_0.created_at,
        s1_0.display_name,
        s1_0.email,
        s1_0.password_hash,
        s1_0.qr_code_url,
        s1_0.reset_code_expires_at,
        s1_0.reset_code_hash,
        s1_0.role,
        s1_0.updated_at 
    from
        chat_messages cm1_0 
    join
        members s1_0 
            on s1_0.id=cm1_0.sender_member_id 
    left join
        chat_messages rt1_0 
            on rt1_0.id=cm1_0.reply_to_message_id 
    left join
        members s2_0 
            on s2_0.id=rt1_0.sender_member_id 
    order by
        cm1_0.created_at desc 
    limit
        ?
2026-09-14T00:36:06.955+07:00 DEBUG 15036 --- [tea-attendance-api] [nio-8080-exec-1] org.hibernate.SQL                        : 
    select
        a1_0.message_id,
        a1_0.id,
        a1_0.byte_size,
        a1_0.content_type,
        a1_0.created_at,
        a1_0.original_filename,
        a1_0.storage_key 
    from
        chat_attachments a1_0 
    where
        a1_0.message_id=? 
    order by
        a1_0.id
2026-09-14T00:36:06.960+07:00 DEBUG 15036 --- [tea-attendance-api] [nio-8080-exec-1] org.hibernate.SQL                        : 
    select
        a1_0.message_id,
        a1_0.id,
        a1_0.byte_size,
        a1_0.content_type,
        a1_0.created_at,
        a1_0.original_filename,
        a1_0.storage_key 
    from
        chat_attachments a1_0 
    where
        a1_0.message_id=? 
    order by
        a1_0.id
2026-09-14T00:36:06.964+07:00 DEBUG 15036 --- [tea-attendance-api] [nio-8080-exec-1] org.hibernate.SQL                        : 
    select
        a1_0.message_id,
        a1_0.id,
        a1_0.byte_size,
        a1_0.content_type,
        a1_0.created_at,
        a1_0.original_filename,
        a1_0.storage_key 
    from
        chat_attachments a1_0 
    where
        a1_0.message_id=? 
    order by
        a1_0.id
2026-09-14T00:36:06.972+07:00 DEBUG 15036 --- [tea-attendance-api] [nio-8080-exec-1] org.hibernate.SQL                        : 
    select
        a1_0.message_id,
        a1_0.id,
        a1_0.byte_size,
        a1_0.content_type,
        a1_0.created_at,
        a1_0.original_filename,
        a1_0.storage_key 
    from
        chat_attachments a1_0 
    where
        a1_0.message_id=? 
    order by
        a1_0.id
2026-09-14T00:36:06.976+07:00 DEBUG 15036 --- [tea-attendance-api] [nio-8080-exec-1] org.hibernate.SQL                        : 
    select
        a1_0.message_id,
        a1_0.id,
        a1_0.byte_size,
        a1_0.content_type,
        a1_0.created_at,
        a1_0.original_filename,
        a1_0.storage_key 
    from
        chat_attachments a1_0 
    where
        a1_0.message_id=? 
    order by
        a1_0.id
2026-09-14T00:36:06.994+07:00 DEBUG 15036 --- [tea-attendance-api] [nio-8080-exec-1] m.m.a.RequestResponseBodyMethodProcessor : Using 'application/json', given [*/*] and supported [application/json, application/*+json]
2026-09-14T00:36:06.995+07:00 DEBUG 15036 --- [tea-attendance-api] [nio-8080-exec-1] m.m.a.RequestResponseBodyMethodProcessor : Writing [[ChatMessageResponse[id=2, sender=MemberBriefResponse[id=1, displayName=Minh Anh, avatarUrl=null], c (truncated)...]
2026-09-14T00:36:07.001+07:00 DEBUG 15036 --- [tea-attendance-api] [nio-8080-exec-1] o.s.web.servlet.DispatcherServlet        : Completed 200 OK
2026-09-14T00:37:00.015+07:00 DEBUG 15036 --- [tea-attendance-api] [MessageBroker-5] org.hibernate.SQL                        : 
    select
        wns1_0.id,
        wns1_0.creditor_body,
        wns1_0.creditor_title,
        wns1_0.debtor_body,
        wns1_0.debtor_title,
        wns1_0.send_day,
        wns1_0.send_time,
        wns1_0.updated_at 
    from
        weekly_notification_settings wns1_0 
    where
        wns1_0.id=?
2026-09-14T00:38:00.049+07:00 DEBUG 15036 --- [tea-attendance-api] [MessageBroker-6] org.hibernate.SQL                        : 
    select
        wns1_0.id,
        wns1_0.creditor_body,
        wns1_0.creditor_title,
        wns1_0.debtor_body,
        wns1_0.debtor_title,
        wns1_0.send_day,
        wns1_0.send_time,
        wns1_0.updated_at 
    from
        weekly_notification_settings wns1_0 
    where
        wns1_0.id=?
2026-09-14T00:38:13.274+07:00 DEBUG 15036 --- [tea-attendance-api] [nio-8080-exec-2] o.s.web.servlet.DispatcherServlet        : GET "/api/drinks", parameters={}
2026-09-14T00:38:13.274+07:00 DEBUG 15036 --- [tea-attendance-api] [nio-8080-exec-2] s.w.s.m.m.a.RequestMappingHandlerMapping : Mapped to com.trasua.api.DrinkCatalogController#list(boolean)
2026-09-14T00:38:13.373+07:00 DEBUG 15036 --- [tea-attendance-api] [nio-8080-exec-2] org.hibernate.SQL                        : 
    select
        dci1_0.id,
        dci1_0.active,
        dci1_0.created_at,
        dci1_0.icon,
        dci1_0.name,
        dci1_0.price,
        dci1_0.updated_at 
    from
        drink_catalog dci1_0 
    where
        dci1_0.active 
    order by
        dci1_0.name
2026-09-14T00:38:13.446+07:00 DEBUG 15036 --- [tea-attendance-api] [nio-8080-exec-2] m.m.a.RequestResponseBodyMethodProcessor : Using 'application/json', given [*/*] and supported [application/json, application/*+json]
2026-09-14T00:38:13.447+07:00 DEBUG 15036 --- [tea-attendance-api] [nio-8080-exec-2] m.m.a.RequestResponseBodyMethodProcessor : Writing [[DrinkCatalogResponse[id=5, name=Bac xiu, price=22000, icon=?, active=true], DrinkCatalogResponse[i (truncated)...]
2026-09-14T00:38:13.449+07:00 DEBUG 15036 --- [tea-attendance-api] [nio-8080-exec-2] o.s.web.servlet.DispatcherServlet        : Completed 200 OK
2026-09-14T00:39:00.010+07:00 DEBUG 15036 --- [tea-attendance-api] [MessageBroker-6] org.hibernate.SQL                        : 
    select
        wns1_0.id,
        wns1_0.creditor_body,
        wns1_0.creditor_title,
        wns1_0.debtor_body,
        wns1_0.debtor_title,
        wns1_0.send_day,
        wns1_0.send_time,
        wns1_0.updated_at 
    from
        weekly_notification_settings wns1_0 
    where
        wns1_0.id=?
2026-09-14T00:39:26.321+07:00 DEBUG 15036 --- [tea-attendance-api] [nio-8080-exec-4] o.s.web.servlet.DispatcherServlet        : GET "/api/members?includeInactive=true", parameters={masked}
2026-09-14T00:39:26.323+07:00 DEBUG 15036 --- [tea-attendance-api] [nio-8080-exec-4] s.w.s.m.m.a.RequestMappingHandlerMapping : Mapped to com.trasua.api.MemberController#list(boolean)
2026-09-14T00:39:26.331+07:00 DEBUG 15036 --- [tea-attendance-api] [nio-8080-exec-1] o.s.web.servlet.DispatcherServlet        : GET "/api/chat/messages", parameters={}
2026-09-14T00:39:26.332+07:00 DEBUG 15036 --- [tea-attendance-api] [nio-8080-exec-1] s.w.s.m.m.a.RequestMappingHandlerMapping : Mapped to com.trasua.api.ChatController#list(Instant, int)
2026-09-14T00:39:26.331+07:00 DEBUG 15036 --- [tea-attendance-api] [nio-8080-exec-7] o.s.web.servlet.DispatcherServlet        : GET "/api/drinks?includeInactive=true", parameters={masked}
2026-09-14T00:39:26.332+07:00 DEBUG 15036 --- [tea-attendance-api] [nio-8080-exec-3] o.s.web.servlet.DispatcherServlet        : GET "/api/notifications?memberId=6", parameters={masked}
2026-09-14T00:39:26.332+07:00 DEBUG 15036 --- [tea-attendance-api] [nio-8080-exec-8] o.s.web.servlet.DispatcherServlet        : GET "/api/expenses/range?from=2026-09-14&to=2026-09-20", parameters={masked}
2026-09-14T00:39:26.335+07:00 DEBUG 15036 --- [tea-attendance-api] [nio-8080-exec-7] s.w.s.m.m.a.RequestMappingHandlerMapping : Mapped to com.trasua.api.DrinkCatalogController#list(boolean)
2026-09-14T00:39:26.336+07:00 DEBUG 15036 --- [tea-attendance-api] [nio-8080-exec-3] s.w.s.m.m.a.RequestMappingHandlerMapping : Mapped to com.trasua.api.NotificationController#list(Long)
2026-09-14T00:39:26.337+07:00 DEBUG 15036 --- [tea-attendance-api] [nio-8080-exec-8] s.w.s.m.m.a.RequestMappingHandlerMapping : Mapped to com.trasua.api.ExpenseController#range(LocalDate, LocalDate)
2026-09-14T00:39:26.349+07:00 DEBUG 15036 --- [tea-attendance-api] [nio-8080-exec-4] org.hibernate.SQL                        : 
    select
        m1_0.id,
        m1_0.account_name,
        m1_0.account_number,
        m1_0.active,
        m1_0.avatar_url,
        m1_0.bank_bin,
        m1_0.bank_name,
        m1_0.created_at,
        m1_0.display_name,
        m1_0.email,
        m1_0.password_hash,
        m1_0.qr_code_url,
        m1_0.reset_code_expires_at,
        m1_0.reset_code_hash,
        m1_0.role,
        m1_0.updated_at 
    from
        members m1_0
2026-09-14T00:39:26.352+07:00 DEBUG 15036 --- [tea-attendance-api] [nio-8080-exec-1] org.hibernate.SQL                        : 
    select
        distinct cm1_0.id,
        cm1_0.content,
        cm1_0.created_at,
        cm1_0.deleted_at,
        rt1_0.id,
        rt1_0.content,
        rt1_0.created_at,
        rt1_0.deleted_at,
        rt1_0.reply_to_message_id,
        rt1_0.sender_member_id,
        s2_0.id,
        s2_0.account_name,
        s2_0.account_number,
        s2_0.active,
        s2_0.avatar_url,
        s2_0.bank_bin,
        s2_0.bank_name,
        s2_0.created_at,
        s2_0.display_name,
        s2_0.email,
        s2_0.password_hash,
        s2_0.qr_code_url,
        s2_0.reset_code_expires_at,
        s2_0.reset_code_hash,
        s2_0.role,
        s2_0.updated_at,
        cm1_0.sender_member_id,
        s1_0.id,
        s1_0.account_name,
        s1_0.account_number,
        s1_0.active,
        s1_0.avatar_url,
        s1_0.bank_bin,
        s1_0.bank_name,
        s1_0.created_at,
        s1_0.display_name,
        s1_0.email,
        s1_0.password_hash,
        s1_0.qr_code_url,
        s1_0.reset_code_expires_at,
        s1_0.reset_code_hash,
        s1_0.role,
        s1_0.updated_at 
    from
        chat_messages cm1_0 
    join
        members s1_0 
            on s1_0.id=cm1_0.sender_member_id 
    left join
        chat_messages rt1_0 
            on rt1_0.id=cm1_0.reply_to_message_id 
    left join
        members s2_0 
            on s2_0.id=rt1_0.sender_member_id 
    order by
        cm1_0.created_at desc 
    limit
        ?
2026-09-14T00:39:26.363+07:00 DEBUG 15036 --- [tea-attendance-api] [nio-8080-exec-3] org.hibernate.SQL                        : 
    select
        n1_0.id,
        n1_0.body,
        n1_0.created_at,
        n1_0.read_at,
        n1_0.recipient_member_id,
        r1_0.id,
        r1_0.account_name,
        r1_0.account_number,
        r1_0.active,
        r1_0.avatar_url,
        r1_0.bank_bin,
        r1_0.bank_name,
        r1_0.created_at,
        r1_0.display_name,
        r1_0.email,
        r1_0.password_hash,
        r1_0.qr_code_url,
        r1_0.reset_code_expires_at,
        r1_0.reset_code_hash,
        r1_0.role,
        r1_0.updated_at,
        n1_0.settlement_id,
        n1_0.title,
        n1_0.transfer_id,
        n1_0.type 
    from
        notifications n1_0 
    join
        members r1_0 
            on r1_0.id=n1_0.recipient_member_id 
    where
        r1_0.id=? 
    order by
        n1_0.created_at desc
2026-09-14T00:39:26.366+07:00 DEBUG 15036 --- [tea-attendance-api] [nio-8080-exec-7] org.hibernate.SQL                        : 
    select
        dci1_0.id,
        dci1_0.active,
        dci1_0.created_at,
        dci1_0.icon,
        dci1_0.name,
        dci1_0.price,
        dci1_0.updated_at 
    from
        drink_catalog dci1_0
2026-09-14T00:39:26.368+07:00 DEBUG 15036 --- [tea-attendance-api] [nio-8080-exec-1] org.hibernate.SQL                        : 
    select
        a1_0.message_id,
        a1_0.id,
        a1_0.byte_size,
        a1_0.content_type,
        a1_0.created_at,
        a1_0.original_filename,
        a1_0.storage_key 
    from
        chat_attachments a1_0 
    where
        a1_0.message_id=? 
    order by
        a1_0.id
2026-09-14T00:39:26.372+07:00 DEBUG 15036 --- [tea-attendance-api] [nio-8080-exec-8] org.hibernate.SQL                        : 
    select
        distinct do1_0.id,
        do1_0.created_at,
        i1_0.order_id,
        i1_0.id,
        i1_0.consumer_member_id,
        c1_0.id,
        c1_0.account_name,
        c1_0.account_number,
        c1_0.active,
        c1_0.avatar_url,
        c1_0.bank_bin,
        c1_0.bank_name,
        c1_0.created_at,
        c1_0.display_name,
        c1_0.email,
        c1_0.password_hash,
        c1_0.qr_code_url,
        c1_0.reset_code_expires_at,
        c1_0.reset_code_hash,
        c1_0.role,
        c1_0.updated_at,
        i1_0.drink_name,
        i1_0.line_total,
        i1_0.quantity,
        i1_0.unit_price,
        do1_0.note,
        do1_0.order_date,
        do1_0.payer_member_id,
        p1_0.id,
        p1_0.account_name,
        p1_0.account_number,
        p1_0.active,
        p1_0.avatar_url,
        p1_0.bank_bin,
        p1_0.bank_name,
        p1_0.created_at,
        p1_0.display_name,
        p1_0.email,
        p1_0.password_hash,
        p1_0.qr_code_url,
        p1_0.reset_code_expires_at,
        p1_0.reset_code_hash,
        p1_0.role,
        p1_0.updated_at,
        do1_0.total_amount,
        do1_0.updated_at 
    from
        drink_orders do1_0 
    join
        members p1_0 
            on p1_0.id=do1_0.payer_member_id 
    left join
        order_items i1_0 
            on do1_0.id=i1_0.order_id 
    left join
        members c1_0 
            on c1_0.id=i1_0.consumer_member_id 
    where
        do1_0.order_date between ? and ? 
    order by
        do1_0.order_date,
        do1_0.id
2026-09-14T00:39:26.377+07:00 DEBUG 15036 --- [tea-attendance-api] [nio-8080-exec-1] org.hibernate.SQL                        : 
    select
        a1_0.message_id,
        a1_0.id,
        a1_0.byte_size,
        a1_0.content_type,
        a1_0.created_at,
        a1_0.original_filename,
        a1_0.storage_key 
    from
        chat_attachments a1_0 
    where
        a1_0.message_id=? 
    order by
        a1_0.id
2026-09-14T00:39:26.381+07:00 DEBUG 15036 --- [tea-attendance-api] [nio-8080-exec-4] m.m.a.RequestResponseBodyMethodProcessor : Using 'application/json', given [*/*] and supported [application/json, application/*+json]
2026-09-14T00:39:26.387+07:00 DEBUG 15036 --- [tea-attendance-api] [nio-8080-exec-3] m.m.a.RequestResponseBodyMethodProcessor : Using 'application/json', given [*/*] and supported [application/json, application/*+json]
2026-09-14T00:39:26.387+07:00 DEBUG 15036 --- [tea-attendance-api] [nio-8080-exec-7] m.m.a.RequestResponseBodyMethodProcessor : Using 'application/json', given [*/*] and supported [application/json, application/*+json]
2026-09-14T00:39:26.388+07:00 DEBUG 15036 --- [tea-attendance-api] [nio-8080-exec-4] m.m.a.RequestResponseBodyMethodProcessor : Writing [[MemberResponse[id=1, displayName=Minh Anh, email=minh.anh@example.test, bankName=MB Bank, bankBin=9 (truncated)...]
2026-09-14T00:39:26.392+07:00 DEBUG 15036 --- [tea-attendance-api] [nio-8080-exec-1] org.hibernate.SQL                        : 
    select
        a1_0.message_id,
        a1_0.id,
        a1_0.byte_size,
        a1_0.content_type,
        a1_0.created_at,
        a1_0.original_filename,
        a1_0.storage_key 
    from
        chat_attachments a1_0 
    where
        a1_0.message_id=? 
    order by
        a1_0.id
2026-09-14T00:39:26.395+07:00 DEBUG 15036 --- [tea-attendance-api] [nio-8080-exec-3] m.m.a.RequestResponseBodyMethodProcessor : Writing [[]]
2026-09-14T00:39:26.395+07:00 DEBUG 15036 --- [tea-attendance-api] [nio-8080-exec-7] m.m.a.RequestResponseBodyMethodProcessor : Writing [[DrinkCatalogResponse[id=1, name=Tra da, price=5000, icon=?, active=true], DrinkCatalogResponse[id= (truncated)...]
2026-09-14T00:39:26.404+07:00 DEBUG 15036 --- [tea-attendance-api] [nio-8080-exec-3] o.s.web.servlet.DispatcherServlet        : Completed 200 OK
2026-09-14T00:39:26.399+07:00 DEBUG 15036 --- [tea-attendance-api] [nio-8080-exec-8] m.m.a.RequestResponseBodyMethodProcessor : Using 'application/json', given [*/*] and supported [application/json, application/*+json]
2026-09-14T00:39:26.405+07:00 DEBUG 15036 --- [tea-attendance-api] [nio-8080-exec-4] o.s.web.servlet.DispatcherServlet        : Completed 200 OK
2026-09-14T00:39:26.405+07:00 DEBUG 15036 --- [tea-attendance-api] [nio-8080-exec-7] o.s.web.servlet.DispatcherServlet        : Completed 200 OK
2026-09-14T00:39:26.407+07:00 DEBUG 15036 --- [tea-attendance-api] [nio-8080-exec-8] m.m.a.RequestResponseBodyMethodProcessor : Writing [[]]
2026-09-14T00:39:26.409+07:00 DEBUG 15036 --- [tea-attendance-api] [nio-8080-exec-1] org.hibernate.SQL                        : 
    select
        a1_0.message_id,
        a1_0.id,
        a1_0.byte_size,
        a1_0.content_type,
        a1_0.created_at,
        a1_0.original_filename,
        a1_0.storage_key 
    from
        chat_attachments a1_0 
    where
        a1_0.message_id=? 
    order by
        a1_0.id
2026-09-14T00:39:26.409+07:00 DEBUG 15036 --- [tea-attendance-api] [nio-8080-exec-8] o.s.web.servlet.DispatcherServlet        : Completed 200 OK
2026-09-14T00:39:26.413+07:00 DEBUG 15036 --- [tea-attendance-api] [nio-8080-exec-1] org.hibernate.SQL                        : 
    select
        a1_0.message_id,
        a1_0.id,
        a1_0.byte_size,
        a1_0.content_type,
        a1_0.created_at,
        a1_0.original_filename,
        a1_0.storage_key 
    from
        chat_attachments a1_0 
    where
        a1_0.message_id=? 
    order by
        a1_0.id
2026-09-14T00:39:26.427+07:00 DEBUG 15036 --- [tea-attendance-api] [nio-8080-exec-1] m.m.a.RequestResponseBodyMethodProcessor : Using 'application/json', given [*/*] and supported [application/json, application/*+json]
2026-09-14T00:39:26.429+07:00 DEBUG 15036 --- [tea-attendance-api] [nio-8080-exec-1] m.m.a.RequestResponseBodyMethodProcessor : Writing [[ChatMessageResponse[id=2, sender=MemberBriefResponse[id=1, displayName=Minh Anh, avatarUrl=null], c (truncated)...]
2026-09-14T00:39:26.429+07:00 DEBUG 15036 --- [tea-attendance-api] [nio-8080-exec-1] o.s.web.servlet.DispatcherServlet        : Completed 200 OK
2026-09-14T00:39:34.300+07:00 DEBUG 15036 --- [tea-attendance-api] [nio-8080-exec-9] o.s.web.servlet.DispatcherServlet        : GET "/api/members?includeInactive=true", parameters={masked}
2026-09-14T00:39:34.301+07:00 DEBUG 15036 --- [tea-attendance-api] [nio-8080-exec-9] s.w.s.m.m.a.RequestMappingHandlerMapping : Mapped to com.trasua.api.MemberController#list(boolean)
2026-09-14T00:39:34.305+07:00 DEBUG 15036 --- [tea-attendance-api] [io-8080-exec-10] o.s.web.servlet.DispatcherServlet        : GET "/api/drinks?includeInactive=true", parameters={masked}
2026-09-14T00:39:34.307+07:00 DEBUG 15036 --- [tea-attendance-api] [io-8080-exec-10] s.w.s.m.m.a.RequestMappingHandlerMapping : Mapped to com.trasua.api.DrinkCatalogController#list(boolean)
2026-09-14T00:39:34.308+07:00 DEBUG 15036 --- [tea-attendance-api] [nio-8080-exec-6] o.s.web.servlet.DispatcherServlet        : GET "/api/expenses/range?from=2026-09-14&to=2026-09-20", parameters={masked}
2026-09-14T00:39:34.309+07:00 DEBUG 15036 --- [tea-attendance-api] [nio-8080-exec-6] s.w.s.m.m.a.RequestMappingHandlerMapping : Mapped to com.trasua.api.ExpenseController#range(LocalDate, LocalDate)
2026-09-14T00:39:34.314+07:00 DEBUG 15036 --- [tea-attendance-api] [nio-8080-exec-9] org.hibernate.SQL                        : 
    select
        m1_0.id,
        m1_0.account_name,
        m1_0.account_number,
        m1_0.active,
        m1_0.avatar_url,
        m1_0.bank_bin,
        m1_0.bank_name,
        m1_0.created_at,
        m1_0.display_name,
        m1_0.email,
        m1_0.password_hash,
        m1_0.qr_code_url,
        m1_0.reset_code_expires_at,
        m1_0.reset_code_hash,
        m1_0.role,
        m1_0.updated_at 
    from
        members m1_0
2026-09-14T00:39:34.335+07:00 DEBUG 15036 --- [tea-attendance-api] [io-8080-exec-10] org.hibernate.SQL                        : 
    select
        dci1_0.id,
        dci1_0.active,
        dci1_0.created_at,
        dci1_0.icon,
        dci1_0.name,
        dci1_0.price,
        dci1_0.updated_at 
    from
        drink_catalog dci1_0
2026-09-14T00:39:34.337+07:00 DEBUG 15036 --- [tea-attendance-api] [nio-8080-exec-6] org.hibernate.SQL                        : 
    select
        distinct do1_0.id,
        do1_0.created_at,
        i1_0.order_id,
        i1_0.id,
        i1_0.consumer_member_id,
        c1_0.id,
        c1_0.account_name,
        c1_0.account_number,
        c1_0.active,
        c1_0.avatar_url,
        c1_0.bank_bin,
        c1_0.bank_name,
        c1_0.created_at,
        c1_0.display_name,
        c1_0.email,
        c1_0.password_hash,
        c1_0.qr_code_url,
        c1_0.reset_code_expires_at,
        c1_0.reset_code_hash,
        c1_0.role,
        c1_0.updated_at,
        i1_0.drink_name,
        i1_0.line_total,
        i1_0.quantity,
        i1_0.unit_price,
        do1_0.note,
        do1_0.order_date,
        do1_0.payer_member_id,
        p1_0.id,
        p1_0.account_name,
        p1_0.account_number,
        p1_0.active,
        p1_0.avatar_url,
        p1_0.bank_bin,
        p1_0.bank_name,
        p1_0.created_at,
        p1_0.display_name,
        p1_0.email,
        p1_0.password_hash,
        p1_0.qr_code_url,
        p1_0.reset_code_expires_at,
        p1_0.reset_code_hash,
        p1_0.role,
        p1_0.updated_at,
        do1_0.total_amount,
        do1_0.updated_at 
    from
        drink_orders do1_0 
    join
        members p1_0 
            on p1_0.id=do1_0.payer_member_id 
    left join
        order_items i1_0 
            on do1_0.id=i1_0.order_id 
    left join
        members c1_0 
            on c1_0.id=i1_0.consumer_member_id 
    where
        do1_0.order_date between ? and ? 
    order by
        do1_0.order_date,
        do1_0.id
2026-09-14T00:39:34.339+07:00 DEBUG 15036 --- [tea-attendance-api] [nio-8080-exec-9] m.m.a.RequestResponseBodyMethodProcessor : Using 'application/json', given [*/*] and supported [application/json, application/*+json]
2026-09-14T00:39:34.340+07:00 DEBUG 15036 --- [tea-attendance-api] [nio-8080-exec-9] m.m.a.RequestResponseBodyMethodProcessor : Writing [[MemberResponse[id=1, displayName=Minh Anh, email=minh.anh@example.test, bankName=MB Bank, bankBin=9 (truncated)...]
2026-09-14T00:39:34.342+07:00 DEBUG 15036 --- [tea-attendance-api] [nio-8080-exec-9] o.s.web.servlet.DispatcherServlet        : Completed 200 OK
2026-09-14T00:39:34.349+07:00 DEBUG 15036 --- [tea-attendance-api] [io-8080-exec-10] m.m.a.RequestResponseBodyMethodProcessor : Using 'application/json', given [*/*] and supported [application/json, application/*+json]
2026-09-14T00:39:34.350+07:00 DEBUG 15036 --- [tea-attendance-api] [io-8080-exec-10] m.m.a.RequestResponseBodyMethodProcessor : Writing [[DrinkCatalogResponse[id=1, name=Tra da, price=5000, icon=?, active=true], DrinkCatalogResponse[id= (truncated)...]
2026-09-14T00:39:34.351+07:00 DEBUG 15036 --- [tea-attendance-api] [io-8080-exec-10] o.s.web.servlet.DispatcherServlet        : Completed 200 OK
2026-09-14T00:39:34.358+07:00 DEBUG 15036 --- [tea-attendance-api] [nio-8080-exec-2] o.s.web.servlet.DispatcherServlet        : GET "/api/chat/messages", parameters={}
2026-09-14T00:39:34.358+07:00 DEBUG 15036 --- [tea-attendance-api] [nio-8080-exec-6] m.m.a.RequestResponseBodyMethodProcessor : Using 'application/json', given [*/*] and supported [application/json, application/*+json]
2026-09-14T00:39:34.359+07:00 DEBUG 15036 --- [tea-attendance-api] [nio-8080-exec-2] s.w.s.m.m.a.RequestMappingHandlerMapping : Mapped to com.trasua.api.ChatController#list(Instant, int)
2026-09-14T00:39:34.359+07:00 DEBUG 15036 --- [tea-attendance-api] [nio-8080-exec-6] m.m.a.RequestResponseBodyMethodProcessor : Writing [[]]
2026-09-14T00:39:34.362+07:00 DEBUG 15036 --- [tea-attendance-api] [nio-8080-exec-6] o.s.web.servlet.DispatcherServlet        : Completed 200 OK
2026-09-14T00:39:34.378+07:00 DEBUG 15036 --- [tea-attendance-api] [nio-8080-exec-5] o.s.web.servlet.DispatcherServlet        : GET "/api/notifications?memberId=6", parameters={masked}
2026-09-14T00:39:34.379+07:00 DEBUG 15036 --- [tea-attendance-api] [nio-8080-exec-5] s.w.s.m.m.a.RequestMappingHandlerMapping : Mapped to com.trasua.api.NotificationController#list(Long)
2026-09-14T00:39:34.381+07:00 DEBUG 15036 --- [tea-attendance-api] [nio-8080-exec-2] org.hibernate.SQL                        : 
    select
        distinct cm1_0.id,
        cm1_0.content,
        cm1_0.created_at,
        cm1_0.deleted_at,
        rt1_0.id,
        rt1_0.content,
        rt1_0.created_at,
        rt1_0.deleted_at,
        rt1_0.reply_to_message_id,
        rt1_0.sender_member_id,
        s2_0.id,
        s2_0.account_name,
        s2_0.account_number,
        s2_0.active,
        s2_0.avatar_url,
        s2_0.bank_bin,
        s2_0.bank_name,
        s2_0.created_at,
        s2_0.display_name,
        s2_0.email,
        s2_0.password_hash,
        s2_0.qr_code_url,
        s2_0.reset_code_expires_at,
        s2_0.reset_code_hash,
        s2_0.role,
        s2_0.updated_at,
        cm1_0.sender_member_id,
        s1_0.id,
        s1_0.account_name,
        s1_0.account_number,
        s1_0.active,
        s1_0.avatar_url,
        s1_0.bank_bin,
        s1_0.bank_name,
        s1_0.created_at,
        s1_0.display_name,
        s1_0.email,
        s1_0.password_hash,
        s1_0.qr_code_url,
        s1_0.reset_code_expires_at,
        s1_0.reset_code_hash,
        s1_0.role,
        s1_0.updated_at 
    from
        chat_messages cm1_0 
    join
        members s1_0 
            on s1_0.id=cm1_0.sender_member_id 
    left join
        chat_messages rt1_0 
            on rt1_0.id=cm1_0.reply_to_message_id 
    left join
        members s2_0 
            on s2_0.id=rt1_0.sender_member_id 
    order by
        cm1_0.created_at desc 
    limit
        ?
2026-09-14T00:39:34.391+07:00 DEBUG 15036 --- [tea-attendance-api] [nio-8080-exec-2] org.hibernate.SQL                        : 
    select
        a1_0.message_id,
        a1_0.id,
        a1_0.byte_size,
        a1_0.content_type,
        a1_0.created_at,
        a1_0.original_filename,
        a1_0.storage_key 
    from
        chat_attachments a1_0 
    where
        a1_0.message_id=? 
    order by
        a1_0.id
2026-09-14T00:39:34.399+07:00 DEBUG 15036 --- [tea-attendance-api] [nio-8080-exec-2] org.hibernate.SQL                        : 
    select
        a1_0.message_id,
        a1_0.id,
        a1_0.byte_size,
        a1_0.content_type,
        a1_0.created_at,
        a1_0.original_filename,
        a1_0.storage_key 
    from
        chat_attachments a1_0 
    where
        a1_0.message_id=? 
    order by
        a1_0.id
2026-09-14T00:39:34.399+07:00 DEBUG 15036 --- [tea-attendance-api] [nio-8080-exec-5] org.hibernate.SQL                        : 
    select
        n1_0.id,
        n1_0.body,
        n1_0.created_at,
        n1_0.read_at,
        n1_0.recipient_member_id,
        r1_0.id,
        r1_0.account_name,
        r1_0.account_number,
        r1_0.active,
        r1_0.avatar_url,
        r1_0.bank_bin,
        r1_0.bank_name,
        r1_0.created_at,
        r1_0.display_name,
        r1_0.email,
        r1_0.password_hash,
        r1_0.qr_code_url,
        r1_0.reset_code_expires_at,
        r1_0.reset_code_hash,
        r1_0.role,
        r1_0.updated_at,
        n1_0.settlement_id,
        n1_0.title,
        n1_0.transfer_id,
        n1_0.type 
    from
        notifications n1_0 
    join
        members r1_0 
            on r1_0.id=n1_0.recipient_member_id 
    where
        r1_0.id=? 
    order by
        n1_0.created_at desc
2026-09-14T00:39:34.404+07:00 DEBUG 15036 --- [tea-attendance-api] [nio-8080-exec-2] org.hibernate.SQL                        : 
    select
        a1_0.message_id,
        a1_0.id,
        a1_0.byte_size,
        a1_0.content_type,
        a1_0.created_at,
        a1_0.original_filename,
        a1_0.storage_key 
    from
        chat_attachments a1_0 
    where
        a1_0.message_id=? 
    order by
        a1_0.id
2026-09-14T00:39:34.420+07:00 DEBUG 15036 --- [tea-attendance-api] [nio-8080-exec-2] org.hibernate.SQL                        : 
    select
        a1_0.message_id,
        a1_0.id,
        a1_0.byte_size,
        a1_0.content_type,
        a1_0.created_at,
        a1_0.original_filename,
        a1_0.storage_key 
    from
        chat_attachments a1_0 
    where
        a1_0.message_id=? 
    order by
        a1_0.id
2026-09-14T00:39:34.426+07:00 DEBUG 15036 --- [tea-attendance-api] [nio-8080-exec-5] m.m.a.RequestResponseBodyMethodProcessor : Using 'application/json', given [*/*] and supported [application/json, application/*+json]
2026-09-14T00:39:34.426+07:00 DEBUG 15036 --- [tea-attendance-api] [nio-8080-exec-2] org.hibernate.SQL                        : 
    select
        a1_0.message_id,
        a1_0.id,
        a1_0.byte_size,
        a1_0.content_type,
        a1_0.created_at,
        a1_0.original_filename,
        a1_0.storage_key 
    from
        chat_attachments a1_0 
    where
        a1_0.message_id=? 
    order by
        a1_0.id
2026-09-14T00:39:34.427+07:00 DEBUG 15036 --- [tea-attendance-api] [nio-8080-exec-5] m.m.a.RequestResponseBodyMethodProcessor : Writing [[]]
2026-09-14T00:39:34.429+07:00 DEBUG 15036 --- [tea-attendance-api] [nio-8080-exec-5] o.s.web.servlet.DispatcherServlet        : Completed 200 OK
2026-09-14T00:39:34.446+07:00 DEBUG 15036 --- [tea-attendance-api] [nio-8080-exec-2] m.m.a.RequestResponseBodyMethodProcessor : Using 'application/json', given [*/*] and supported [application/json, application/*+json]
2026-09-14T00:39:34.447+07:00 DEBUG 15036 --- [tea-attendance-api] [nio-8080-exec-2] m.m.a.RequestResponseBodyMethodProcessor : Writing [[ChatMessageResponse[id=2, sender=MemberBriefResponse[id=1, displayName=Minh Anh, avatarUrl=null], c (truncated)...]
2026-09-14T00:39:34.449+07:00 DEBUG 15036 --- [tea-attendance-api] [nio-8080-exec-2] o.s.web.servlet.DispatcherServlet        : Completed 200 OK
2026-09-14T00:39:42.303+07:00 DEBUG 15036 --- [tea-attendance-api] [nio-8080-exec-4] o.s.web.servlet.DispatcherServlet        : GET "/api/drinks?includeInactive=true", parameters={masked}
2026-09-14T00:39:42.304+07:00 DEBUG 15036 --- [tea-attendance-api] [nio-8080-exec-7] o.s.web.servlet.DispatcherServlet        : GET "/api/expenses/range?from=2026-09-14&to=2026-09-20", parameters={masked}
2026-09-14T00:39:42.303+07:00 DEBUG 15036 --- [tea-attendance-api] [nio-8080-exec-3] o.s.web.servlet.DispatcherServlet        : GET "/api/members?includeInactive=true", parameters={masked}
2026-09-14T00:39:42.306+07:00 DEBUG 15036 --- [tea-attendance-api] [nio-8080-exec-7] s.w.s.m.m.a.RequestMappingHandlerMapping : Mapped to com.trasua.api.ExpenseController#range(LocalDate, LocalDate)
2026-09-14T00:39:42.306+07:00 DEBUG 15036 --- [tea-attendance-api] [nio-8080-exec-3] s.w.s.m.m.a.RequestMappingHandlerMapping : Mapped to com.trasua.api.MemberController#list(boolean)
2026-09-14T00:39:42.304+07:00 DEBUG 15036 --- [tea-attendance-api] [nio-8080-exec-4] s.w.s.m.m.a.RequestMappingHandlerMapping : Mapped to com.trasua.api.DrinkCatalogController#list(boolean)
2026-09-14T00:39:42.305+07:00 DEBUG 15036 --- [tea-attendance-api] [nio-8080-exec-8] o.s.web.servlet.DispatcherServlet        : GET "/api/chat/messages", parameters={}
2026-09-14T00:39:42.306+07:00 DEBUG 15036 --- [tea-attendance-api] [nio-8080-exec-1] o.s.web.servlet.DispatcherServlet        : GET "/api/notifications?memberId=6", parameters={masked}
2026-09-14T00:39:42.310+07:00 DEBUG 15036 --- [tea-attendance-api] [nio-8080-exec-8] s.w.s.m.m.a.RequestMappingHandlerMapping : Mapped to com.trasua.api.ChatController#list(Instant, int)
2026-09-14T00:39:42.312+07:00 DEBUG 15036 --- [tea-attendance-api] [nio-8080-exec-1] s.w.s.m.m.a.RequestMappingHandlerMapping : Mapped to com.trasua.api.NotificationController#list(Long)
2026-09-14T00:39:42.319+07:00 DEBUG 15036 --- [tea-attendance-api] [nio-8080-exec-7] org.hibernate.SQL                        : 
    select
        distinct do1_0.id,
        do1_0.created_at,
        i1_0.order_id,
        i1_0.id,
        i1_0.consumer_member_id,
        c1_0.id,
        c1_0.account_name,
        c1_0.account_number,
        c1_0.active,
        c1_0.avatar_url,
        c1_0.bank_bin,
        c1_0.bank_name,
        c1_0.created_at,
        c1_0.display_name,
        c1_0.email,
        c1_0.password_hash,
        c1_0.qr_code_url,
        c1_0.reset_code_expires_at,
        c1_0.reset_code_hash,
        c1_0.role,
        c1_0.updated_at,
        i1_0.drink_name,
        i1_0.line_total,
        i1_0.quantity,
        i1_0.unit_price,
        do1_0.note,
        do1_0.order_date,
        do1_0.payer_member_id,
        p1_0.id,
        p1_0.account_name,
        p1_0.account_number,
        p1_0.active,
        p1_0.avatar_url,
        p1_0.bank_bin,
        p1_0.bank_name,
        p1_0.created_at,
        p1_0.display_name,
        p1_0.email,
        p1_0.password_hash,
        p1_0.qr_code_url,
        p1_0.reset_code_expires_at,
        p1_0.reset_code_hash,
        p1_0.role,
        p1_0.updated_at,
        do1_0.total_amount,
        do1_0.updated_at 
    from
        drink_orders do1_0 
    join
        members p1_0 
            on p1_0.id=do1_0.payer_member_id 
    left join
        order_items i1_0 
            on do1_0.id=i1_0.order_id 
    left join
        members c1_0 
            on c1_0.id=i1_0.consumer_member_id 
    where
        do1_0.order_date between ? and ? 
    order by
        do1_0.order_date,
        do1_0.id
2026-09-14T00:39:42.321+07:00 DEBUG 15036 --- [tea-attendance-api] [nio-8080-exec-3] org.hibernate.SQL                        : 
    select
        m1_0.id,
        m1_0.account_name,
        m1_0.account_number,
        m1_0.active,
        m1_0.avatar_url,
        m1_0.bank_bin,
        m1_0.bank_name,
        m1_0.created_at,
        m1_0.display_name,
        m1_0.email,
        m1_0.password_hash,
        m1_0.qr_code_url,
        m1_0.reset_code_expires_at,
        m1_0.reset_code_hash,
        m1_0.role,
        m1_0.updated_at 
    from
        members m1_0
2026-09-14T00:39:42.324+07:00 DEBUG 15036 --- [tea-attendance-api] [nio-8080-exec-4] org.hibernate.SQL                        : 
    select
        dci1_0.id,
        dci1_0.active,
        dci1_0.created_at,
        dci1_0.icon,
        dci1_0.name,
        dci1_0.price,
        dci1_0.updated_at 
    from
        drink_catalog dci1_0
2026-09-14T00:39:42.327+07:00 DEBUG 15036 --- [tea-attendance-api] [nio-8080-exec-1] org.hibernate.SQL                        : 
    select
        n1_0.id,
        n1_0.body,
        n1_0.created_at,
        n1_0.read_at,
        n1_0.recipient_member_id,
        r1_0.id,
        r1_0.account_name,
        r1_0.account_number,
        r1_0.active,
        r1_0.avatar_url,
        r1_0.bank_bin,
        r1_0.bank_name,
        r1_0.created_at,
        r1_0.display_name,
        r1_0.email,
        r1_0.password_hash,
        r1_0.qr_code_url,
        r1_0.reset_code_expires_at,
        r1_0.reset_code_hash,
        r1_0.role,
        r1_0.updated_at,
        n1_0.settlement_id,
        n1_0.title,
        n1_0.transfer_id,
        n1_0.type 
    from
        notifications n1_0 
    join
        members r1_0 
            on r1_0.id=n1_0.recipient_member_id 
    where
        r1_0.id=? 
    order by
        n1_0.created_at desc
2026-09-14T00:39:42.327+07:00 DEBUG 15036 --- [tea-attendance-api] [nio-8080-exec-8] org.hibernate.SQL                        : 
    select
        distinct cm1_0.id,
        cm1_0.content,
        cm1_0.created_at,
        cm1_0.deleted_at,
        rt1_0.id,
        rt1_0.content,
        rt1_0.created_at,
        rt1_0.deleted_at,
        rt1_0.reply_to_message_id,
        rt1_0.sender_member_id,
        s2_0.id,
        s2_0.account_name,
        s2_0.account_number,
        s2_0.active,
        s2_0.avatar_url,
        s2_0.bank_bin,
        s2_0.bank_name,
        s2_0.created_at,
        s2_0.display_name,
        s2_0.email,
        s2_0.password_hash,
        s2_0.qr_code_url,
        s2_0.reset_code_expires_at,
        s2_0.reset_code_hash,
        s2_0.role,
        s2_0.updated_at,
        cm1_0.sender_member_id,
        s1_0.id,
        s1_0.account_name,
        s1_0.account_number,
        s1_0.active,
        s1_0.avatar_url,
        s1_0.bank_bin,
        s1_0.bank_name,
        s1_0.created_at,
        s1_0.display_name,
        s1_0.email,
        s1_0.password_hash,
        s1_0.qr_code_url,
        s1_0.reset_code_expires_at,
        s1_0.reset_code_hash,
        s1_0.role,
        s1_0.updated_at 
    from
        chat_messages cm1_0 
    join
        members s1_0 
            on s1_0.id=cm1_0.sender_member_id 
    left join
        chat_messages rt1_0 
            on rt1_0.id=cm1_0.reply_to_message_id 
    left join
        members s2_0 
            on s2_0.id=rt1_0.sender_member_id 
    order by
        cm1_0.created_at desc 
    limit
        ?
2026-09-14T00:39:42.338+07:00 DEBUG 15036 --- [tea-attendance-api] [nio-8080-exec-8] org.hibernate.SQL                        : 
    select
        a1_0.message_id,
        a1_0.id,
        a1_0.byte_size,
        a1_0.content_type,
        a1_0.created_at,
        a1_0.original_filename,
        a1_0.storage_key 
    from
        chat_attachments a1_0 
    where
        a1_0.message_id=? 
    order by
        a1_0.id
2026-09-14T00:39:42.351+07:00 DEBUG 15036 --- [tea-attendance-api] [nio-8080-exec-8] org.hibernate.SQL                        : 
    select
        a1_0.message_id,
        a1_0.id,
        a1_0.byte_size,
        a1_0.content_type,
        a1_0.created_at,
        a1_0.original_filename,
        a1_0.storage_key 
    from
        chat_attachments a1_0 
    where
        a1_0.message_id=? 
    order by
        a1_0.id
2026-09-14T00:39:42.364+07:00 DEBUG 15036 --- [tea-attendance-api] [nio-8080-exec-3] m.m.a.RequestResponseBodyMethodProcessor : Using 'application/json', given [*/*] and supported [application/json, application/*+json]
2026-09-14T00:39:42.366+07:00 DEBUG 15036 --- [tea-attendance-api] [nio-8080-exec-3] m.m.a.RequestResponseBodyMethodProcessor : Writing [[MemberResponse[id=1, displayName=Minh Anh, email=minh.anh@example.test, bankName=MB Bank, bankBin=9 (truncated)...]
2026-09-14T00:39:42.364+07:00 DEBUG 15036 --- [tea-attendance-api] [nio-8080-exec-7] m.m.a.RequestResponseBodyMethodProcessor : Using 'application/json', given [*/*] and supported [application/json, application/*+json]
2026-09-14T00:39:42.368+07:00 DEBUG 15036 --- [tea-attendance-api] [nio-8080-exec-3] o.s.web.servlet.DispatcherServlet        : Completed 200 OK
2026-09-14T00:39:42.366+07:00 DEBUG 15036 --- [tea-attendance-api] [nio-8080-exec-8] org.hibernate.SQL                        : 
    select
        a1_0.message_id,
        a1_0.id,
        a1_0.byte_size,
        a1_0.content_type,
        a1_0.created_at,
        a1_0.original_filename,
        a1_0.storage_key 
    from
        chat_attachments a1_0 
    where
        a1_0.message_id=? 
    order by
        a1_0.id
2026-09-14T00:39:42.369+07:00 DEBUG 15036 --- [tea-attendance-api] [nio-8080-exec-7] m.m.a.RequestResponseBodyMethodProcessor : Writing [[]]
2026-09-14T00:39:42.369+07:00 DEBUG 15036 --- [tea-attendance-api] [nio-8080-exec-1] m.m.a.RequestResponseBodyMethodProcessor : Using 'application/json', given [*/*] and supported [application/json, application/*+json]
2026-09-14T00:39:42.375+07:00 DEBUG 15036 --- [tea-attendance-api] [nio-8080-exec-4] m.m.a.RequestResponseBodyMethodProcessor : Using 'application/json', given [*/*] and supported [application/json, application/*+json]
2026-09-14T00:39:42.377+07:00 DEBUG 15036 --- [tea-attendance-api] [nio-8080-exec-7] o.s.web.servlet.DispatcherServlet        : Completed 200 OK
2026-09-14T00:39:42.377+07:00 DEBUG 15036 --- [tea-attendance-api] [nio-8080-exec-1] m.m.a.RequestResponseBodyMethodProcessor : Writing [[]]
2026-09-14T00:39:42.378+07:00 DEBUG 15036 --- [tea-attendance-api] [nio-8080-exec-4] m.m.a.RequestResponseBodyMethodProcessor : Writing [[DrinkCatalogResponse[id=1, name=Tra da, price=5000, icon=?, active=true], DrinkCatalogResponse[id= (truncated)...]
2026-09-14T00:39:42.380+07:00 DEBUG 15036 --- [tea-attendance-api] [nio-8080-exec-1] o.s.web.servlet.DispatcherServlet        : Completed 200 OK
2026-09-14T00:39:42.383+07:00 DEBUG 15036 --- [tea-attendance-api] [nio-8080-exec-4] o.s.web.servlet.DispatcherServlet        : Completed 200 OK
2026-09-14T00:39:42.393+07:00 DEBUG 15036 --- [tea-attendance-api] [nio-8080-exec-8] org.hibernate.SQL                        : 
    select
        a1_0.message_id,
        a1_0.id,
        a1_0.byte_size,
        a1_0.content_type,
        a1_0.created_at,
        a1_0.original_filename,
        a1_0.storage_key 
    from
        chat_attachments a1_0 
    where
        a1_0.message_id=? 
    order by
        a1_0.id
2026-09-14T00:39:42.400+07:00 DEBUG 15036 --- [tea-attendance-api] [nio-8080-exec-8] org.hibernate.SQL                        : 
    select
        a1_0.message_id,
        a1_0.id,
        a1_0.byte_size,
        a1_0.content_type,
        a1_0.created_at,
        a1_0.original_filename,
        a1_0.storage_key 
    from
        chat_attachments a1_0 
    where
        a1_0.message_id=? 
    order by
        a1_0.id
2026-09-14T00:39:42.419+07:00 DEBUG 15036 --- [tea-attendance-api] [nio-8080-exec-8] m.m.a.RequestResponseBodyMethodProcessor : Using 'application/json', given [*/*] and supported [application/json, application/*+json]
2026-09-14T00:39:42.420+07:00 DEBUG 15036 --- [tea-attendance-api] [nio-8080-exec-8] m.m.a.RequestResponseBodyMethodProcessor : Writing [[ChatMessageResponse[id=2, sender=MemberBriefResponse[id=1, displayName=Minh Anh, avatarUrl=null], c (truncated)...]
2026-09-14T00:39:42.421+07:00 DEBUG 15036 --- [tea-attendance-api] [nio-8080-exec-8] o.s.web.servlet.DispatcherServlet        : Completed 200 OK
2026-09-14T00:39:50.293+07:00 DEBUG 15036 --- [tea-attendance-api] [nio-8080-exec-9] o.s.web.servlet.DispatcherServlet        : GET "/api/members?includeInactive=true", parameters={masked}
2026-09-14T00:39:50.293+07:00 DEBUG 15036 --- [tea-attendance-api] [io-8080-exec-10] o.s.web.servlet.DispatcherServlet        : GET "/api/drinks?includeInactive=true", parameters={masked}
2026-09-14T00:39:50.294+07:00 DEBUG 15036 --- [tea-attendance-api] [nio-8080-exec-9] s.w.s.m.m.a.RequestMappingHandlerMapping : Mapped to com.trasua.api.MemberController#list(boolean)
2026-09-14T00:39:50.295+07:00 DEBUG 15036 --- [tea-attendance-api] [io-8080-exec-10] s.w.s.m.m.a.RequestMappingHandlerMapping : Mapped to com.trasua.api.DrinkCatalogController#list(boolean)
2026-09-14T00:39:50.296+07:00 DEBUG 15036 --- [tea-attendance-api] [nio-8080-exec-5] o.s.web.servlet.DispatcherServlet        : GET "/api/chat/messages", parameters={}
2026-09-14T00:39:50.295+07:00 DEBUG 15036 --- [tea-attendance-api] [nio-8080-exec-6] o.s.web.servlet.DispatcherServlet        : GET "/api/expenses/range?from=2026-09-14&to=2026-09-20", parameters={masked}
2026-09-14T00:39:50.296+07:00 DEBUG 15036 --- [tea-attendance-api] [nio-8080-exec-5] s.w.s.m.m.a.RequestMappingHandlerMapping : Mapped to com.trasua.api.ChatController#list(Instant, int)
2026-09-14T00:39:50.297+07:00 DEBUG 15036 --- [tea-attendance-api] [nio-8080-exec-6] s.w.s.m.m.a.RequestMappingHandlerMapping : Mapped to com.trasua.api.ExpenseController#range(LocalDate, LocalDate)
2026-09-14T00:39:50.303+07:00 DEBUG 15036 --- [tea-attendance-api] [nio-8080-exec-2] o.s.web.servlet.DispatcherServlet        : GET "/api/notifications?memberId=6", parameters={masked}
2026-09-14T00:39:50.305+07:00 DEBUG 15036 --- [tea-attendance-api] [nio-8080-exec-2] s.w.s.m.m.a.RequestMappingHandlerMapping : Mapped to com.trasua.api.NotificationController#list(Long)
2026-09-14T00:39:50.309+07:00 DEBUG 15036 --- [tea-attendance-api] [nio-8080-exec-9] org.hibernate.SQL                        : 
    select
        m1_0.id,
        m1_0.account_name,
        m1_0.account_number,
        m1_0.active,
        m1_0.avatar_url,
        m1_0.bank_bin,
        m1_0.bank_name,
        m1_0.created_at,
        m1_0.display_name,
        m1_0.email,
        m1_0.password_hash,
        m1_0.qr_code_url,
        m1_0.reset_code_expires_at,
        m1_0.reset_code_hash,
        m1_0.role,
        m1_0.updated_at 
    from
        members m1_0
2026-09-14T00:39:50.309+07:00 DEBUG 15036 --- [tea-attendance-api] [io-8080-exec-10] org.hibernate.SQL                        : 
    select
        dci1_0.id,
        dci1_0.active,
        dci1_0.created_at,
        dci1_0.icon,
        dci1_0.name,
        dci1_0.price,
        dci1_0.updated_at 
    from
        drink_catalog dci1_0
2026-09-14T00:39:50.311+07:00 DEBUG 15036 --- [tea-attendance-api] [nio-8080-exec-5] org.hibernate.SQL                        : 
    select
        distinct cm1_0.id,
        cm1_0.content,
        cm1_0.created_at,
        cm1_0.deleted_at,
        rt1_0.id,
        rt1_0.content,
        rt1_0.created_at,
        rt1_0.deleted_at,
        rt1_0.reply_to_message_id,
        rt1_0.sender_member_id,
        s2_0.id,
        s2_0.account_name,
        s2_0.account_number,
        s2_0.active,
        s2_0.avatar_url,
        s2_0.bank_bin,
        s2_0.bank_name,
        s2_0.created_at,
        s2_0.display_name,
        s2_0.email,
        s2_0.password_hash,
        s2_0.qr_code_url,
        s2_0.reset_code_expires_at,
        s2_0.reset_code_hash,
        s2_0.role,
        s2_0.updated_at,
        cm1_0.sender_member_id,
        s1_0.id,
        s1_0.account_name,
        s1_0.account_number,
        s1_0.active,
        s1_0.avatar_url,
        s1_0.bank_bin,
        s1_0.bank_name,
        s1_0.created_at,
        s1_0.display_name,
        s1_0.email,
        s1_0.password_hash,
        s1_0.qr_code_url,
        s1_0.reset_code_expires_at,
        s1_0.reset_code_hash,
        s1_0.role,
        s1_0.updated_at 
    from
        chat_messages cm1_0 
    join
        members s1_0 
            on s1_0.id=cm1_0.sender_member_id 
    left join
        chat_messages rt1_0 
            on rt1_0.id=cm1_0.reply_to_message_id 
    left join
        members s2_0 
            on s2_0.id=rt1_0.sender_member_id 
    order by
        cm1_0.created_at desc 
    limit
        ?
2026-09-14T00:39:50.311+07:00 DEBUG 15036 --- [tea-attendance-api] [nio-8080-exec-6] org.hibernate.SQL                        : 
    select
        distinct do1_0.id,
        do1_0.created_at,
        i1_0.order_id,
        i1_0.id,
        i1_0.consumer_member_id,
        c1_0.id,
        c1_0.account_name,
        c1_0.account_number,
        c1_0.active,
        c1_0.avatar_url,
        c1_0.bank_bin,
        c1_0.bank_name,
        c1_0.created_at,
        c1_0.display_name,
        c1_0.email,
        c1_0.password_hash,
        c1_0.qr_code_url,
        c1_0.reset_code_expires_at,
        c1_0.reset_code_hash,
        c1_0.role,
        c1_0.updated_at,
        i1_0.drink_name,
        i1_0.line_total,
        i1_0.quantity,
        i1_0.unit_price,
        do1_0.note,
        do1_0.order_date,
        do1_0.payer_member_id,
        p1_0.id,
        p1_0.account_name,
        p1_0.account_number,
        p1_0.active,
        p1_0.avatar_url,
        p1_0.bank_bin,
        p1_0.bank_name,
        p1_0.created_at,
        p1_0.display_name,
        p1_0.email,
        p1_0.password_hash,
        p1_0.qr_code_url,
        p1_0.reset_code_expires_at,
        p1_0.reset_code_hash,
        p1_0.role,
        p1_0.updated_at,
        do1_0.total_amount,
        do1_0.updated_at 
    from
        drink_orders do1_0 
    join
        members p1_0 
            on p1_0.id=do1_0.payer_member_id 
    left join
        order_items i1_0 
            on do1_0.id=i1_0.order_id 
    left join
        members c1_0 
            on c1_0.id=i1_0.consumer_member_id 
    where
        do1_0.order_date between ? and ? 
    order by
        do1_0.order_date,
        do1_0.id
2026-09-14T00:39:50.316+07:00 DEBUG 15036 --- [tea-attendance-api] [nio-8080-exec-2] org.hibernate.SQL                        : 
    select
        n1_0.id,
        n1_0.body,
        n1_0.created_at,
        n1_0.read_at,
        n1_0.recipient_member_id,
        r1_0.id,
        r1_0.account_name,
        r1_0.account_number,
        r1_0.active,
        r1_0.avatar_url,
        r1_0.bank_bin,
        r1_0.bank_name,
        r1_0.created_at,
        r1_0.display_name,
        r1_0.email,
        r1_0.password_hash,
        r1_0.qr_code_url,
        r1_0.reset_code_expires_at,
        r1_0.reset_code_hash,
        r1_0.role,
        r1_0.updated_at,
        n1_0.settlement_id,
        n1_0.title,
        n1_0.transfer_id,
        n1_0.type 
    from
        notifications n1_0 
    join
        members r1_0 
            on r1_0.id=n1_0.recipient_member_id 
    where
        r1_0.id=? 
    order by
        n1_0.created_at desc
2026-09-14T00:39:50.317+07:00 DEBUG 15036 --- [tea-attendance-api] [nio-8080-exec-5] org.hibernate.SQL                        : 
    select
        a1_0.message_id,
        a1_0.id,
        a1_0.byte_size,
        a1_0.content_type,
        a1_0.created_at,
        a1_0.original_filename,
        a1_0.storage_key 
    from
        chat_attachments a1_0 
    where
        a1_0.message_id=? 
    order by
        a1_0.id
2026-09-14T00:39:50.322+07:00 DEBUG 15036 --- [tea-attendance-api] [nio-8080-exec-5] org.hibernate.SQL                        : 
    select
        a1_0.message_id,
        a1_0.id,
        a1_0.byte_size,
        a1_0.content_type,
        a1_0.created_at,
        a1_0.original_filename,
        a1_0.storage_key 
    from
        chat_attachments a1_0 
    where
        a1_0.message_id=? 
    order by
        a1_0.id
2026-09-14T00:39:50.324+07:00 DEBUG 15036 --- [tea-attendance-api] [nio-8080-exec-9] m.m.a.RequestResponseBodyMethodProcessor : Using 'application/json', given [*/*] and supported [application/json, application/*+json]
2026-09-14T00:39:50.324+07:00 DEBUG 15036 --- [tea-attendance-api] [io-8080-exec-10] m.m.a.RequestResponseBodyMethodProcessor : Using 'application/json', given [*/*] and supported [application/json, application/*+json]
2026-09-14T00:39:50.325+07:00 DEBUG 15036 --- [tea-attendance-api] [nio-8080-exec-9] m.m.a.RequestResponseBodyMethodProcessor : Writing [[MemberResponse[id=1, displayName=Minh Anh, email=minh.anh@example.test, bankName=MB Bank, bankBin=9 (truncated)...]
2026-09-14T00:39:50.325+07:00 DEBUG 15036 --- [tea-attendance-api] [io-8080-exec-10] m.m.a.RequestResponseBodyMethodProcessor : Writing [[DrinkCatalogResponse[id=1, name=Tra da, price=5000, icon=?, active=true], DrinkCatalogResponse[id= (truncated)...]
2026-09-14T00:39:50.326+07:00 DEBUG 15036 --- [tea-attendance-api] [nio-8080-exec-5] org.hibernate.SQL                        : 
    select
        a1_0.message_id,
        a1_0.id,
        a1_0.byte_size,
        a1_0.content_type,
        a1_0.created_at,
        a1_0.original_filename,
        a1_0.storage_key 
    from
        chat_attachments a1_0 
    where
        a1_0.message_id=? 
    order by
        a1_0.id
2026-09-14T00:39:50.327+07:00 DEBUG 15036 --- [tea-attendance-api] [nio-8080-exec-9] o.s.web.servlet.DispatcherServlet        : Completed 200 OK
2026-09-14T00:39:50.327+07:00 DEBUG 15036 --- [tea-attendance-api] [nio-8080-exec-6] m.m.a.RequestResponseBodyMethodProcessor : Using 'application/json', given [*/*] and supported [application/json, application/*+json]
2026-09-14T00:39:50.328+07:00 DEBUG 15036 --- [tea-attendance-api] [io-8080-exec-10] o.s.web.servlet.DispatcherServlet        : Completed 200 OK
2026-09-14T00:39:50.328+07:00 DEBUG 15036 --- [tea-attendance-api] [nio-8080-exec-6] m.m.a.RequestResponseBodyMethodProcessor : Writing [[]]
2026-09-14T00:39:50.330+07:00 DEBUG 15036 --- [tea-attendance-api] [nio-8080-exec-6] o.s.web.servlet.DispatcherServlet        : Completed 200 OK
2026-09-14T00:39:50.332+07:00 DEBUG 15036 --- [tea-attendance-api] [nio-8080-exec-2] m.m.a.RequestResponseBodyMethodProcessor : Using 'application/json', given [*/*] and supported [application/json, application/*+json]
2026-09-14T00:39:50.333+07:00 DEBUG 15036 --- [tea-attendance-api] [nio-8080-exec-5] org.hibernate.SQL                        : 
    select
        a1_0.message_id,
        a1_0.id,
        a1_0.byte_size,
        a1_0.content_type,
        a1_0.created_at,
        a1_0.original_filename,
        a1_0.storage_key 
    from
        chat_attachments a1_0 
    where
        a1_0.message_id=? 
    order by
        a1_0.id
2026-09-14T00:39:50.334+07:00 DEBUG 15036 --- [tea-attendance-api] [nio-8080-exec-2] m.m.a.RequestResponseBodyMethodProcessor : Writing [[]]
2026-09-14T00:39:50.335+07:00 DEBUG 15036 --- [tea-attendance-api] [nio-8080-exec-2] o.s.web.servlet.DispatcherServlet        : Completed 200 OK
2026-09-14T00:39:50.338+07:00 DEBUG 15036 --- [tea-attendance-api] [nio-8080-exec-5] org.hibernate.SQL                        : 
    select
        a1_0.message_id,
        a1_0.id,
        a1_0.byte_size,
        a1_0.content_type,
        a1_0.created_at,
        a1_0.original_filename,
        a1_0.storage_key 
    from
        chat_attachments a1_0 
    where
        a1_0.message_id=? 
    order by
        a1_0.id
2026-09-14T00:39:50.350+07:00 DEBUG 15036 --- [tea-attendance-api] [nio-8080-exec-5] m.m.a.RequestResponseBodyMethodProcessor : Using 'application/json', given [*/*] and supported [application/json, application/*+json]
2026-09-14T00:39:50.352+07:00 DEBUG 15036 --- [tea-attendance-api] [nio-8080-exec-5] m.m.a.RequestResponseBodyMethodProcessor : Writing [[ChatMessageResponse[id=2, sender=MemberBriefResponse[id=1, displayName=Minh Anh, avatarUrl=null], c (truncated)...]
2026-09-14T00:39:50.354+07:00 DEBUG 15036 --- [tea-attendance-api] [nio-8080-exec-5] o.s.web.servlet.DispatcherServlet        : Completed 200 OK
2026-09-14T00:39:58.328+07:00 DEBUG 15036 --- [tea-attendance-api] [nio-8080-exec-3] o.s.web.servlet.DispatcherServlet        : GET "/api/members?includeInactive=true", parameters={masked}
2026-09-14T00:39:58.338+07:00 DEBUG 15036 --- [tea-attendance-api] [nio-8080-exec-3] s.w.s.m.m.a.RequestMappingHandlerMapping : Mapped to com.trasua.api.MemberController#list(boolean)
2026-09-14T00:39:58.353+07:00 DEBUG 15036 --- [tea-attendance-api] [nio-8080-exec-7] o.s.web.servlet.DispatcherServlet        : GET "/api/drinks?includeInactive=true", parameters={masked}
2026-09-14T00:39:58.353+07:00 DEBUG 15036 --- [tea-attendance-api] [nio-8080-exec-3] org.hibernate.SQL                        : 
    select
        m1_0.id,
        m1_0.account_name,
        m1_0.account_number,
        m1_0.active,
        m1_0.avatar_url,
        m1_0.bank_bin,
        m1_0.bank_name,
        m1_0.created_at,
        m1_0.display_name,
        m1_0.email,
        m1_0.password_hash,
        m1_0.qr_code_url,
        m1_0.reset_code_expires_at,
        m1_0.reset_code_hash,
        m1_0.role,
        m1_0.updated_at 
    from
        members m1_0
2026-09-14T00:39:58.353+07:00 DEBUG 15036 --- [tea-attendance-api] [nio-8080-exec-7] s.w.s.m.m.a.RequestMappingHandlerMapping : Mapped to com.trasua.api.DrinkCatalogController#list(boolean)
2026-09-14T00:39:58.353+07:00 DEBUG 15036 --- [tea-attendance-api] [nio-8080-exec-1] o.s.web.servlet.DispatcherServlet        : GET "/api/expenses/range?from=2026-09-14&to=2026-09-20", parameters={masked}
2026-09-14T00:39:58.359+07:00 DEBUG 15036 --- [tea-attendance-api] [nio-8080-exec-1] s.w.s.m.m.a.RequestMappingHandlerMapping : Mapped to com.trasua.api.ExpenseController#range(LocalDate, LocalDate)
2026-09-14T00:39:58.363+07:00 DEBUG 15036 --- [tea-attendance-api] [nio-8080-exec-4] o.s.web.servlet.DispatcherServlet        : GET "/api/chat/messages", parameters={}
2026-09-14T00:39:58.363+07:00 DEBUG 15036 --- [tea-attendance-api] [nio-8080-exec-8] o.s.web.servlet.DispatcherServlet        : GET "/api/notifications?memberId=6", parameters={masked}
2026-09-14T00:39:58.369+07:00 DEBUG 15036 --- [tea-attendance-api] [nio-8080-exec-8] s.w.s.m.m.a.RequestMappingHandlerMapping : Mapped to com.trasua.api.NotificationController#list(Long)
2026-09-14T00:39:58.369+07:00 DEBUG 15036 --- [tea-attendance-api] [nio-8080-exec-4] s.w.s.m.m.a.RequestMappingHandlerMapping : Mapped to com.trasua.api.ChatController#list(Instant, int)
2026-09-14T00:39:58.398+07:00 DEBUG 15036 --- [tea-attendance-api] [nio-8080-exec-1] org.hibernate.SQL                        : 
    select
        distinct do1_0.id,
        do1_0.created_at,
        i1_0.order_id,
        i1_0.id,
        i1_0.consumer_member_id,
        c1_0.id,
        c1_0.account_name,
        c1_0.account_number,
        c1_0.active,
        c1_0.avatar_url,
        c1_0.bank_bin,
        c1_0.bank_name,
        c1_0.created_at,
        c1_0.display_name,
        c1_0.email,
        c1_0.password_hash,
        c1_0.qr_code_url,
        c1_0.reset_code_expires_at,
        c1_0.reset_code_hash,
        c1_0.role,
        c1_0.updated_at,
        i1_0.drink_name,
        i1_0.line_total,
        i1_0.quantity,
        i1_0.unit_price,
        do1_0.note,
        do1_0.order_date,
        do1_0.payer_member_id,
        p1_0.id,
        p1_0.account_name,
        p1_0.account_number,
        p1_0.active,
        p1_0.avatar_url,
        p1_0.bank_bin,
        p1_0.bank_name,
        p1_0.created_at,
        p1_0.display_name,
        p1_0.email,
        p1_0.password_hash,
        p1_0.qr_code_url,
        p1_0.reset_code_expires_at,
        p1_0.reset_code_hash,
        p1_0.role,
        p1_0.updated_at,
        do1_0.total_amount,
        do1_0.updated_at 
    from
        drink_orders do1_0 
    join
        members p1_0 
            on p1_0.id=do1_0.payer_member_id 
    left join
        order_items i1_0 
            on do1_0.id=i1_0.order_id 
    left join
        members c1_0 
            on c1_0.id=i1_0.consumer_member_id 
    where
        do1_0.order_date between ? and ? 
    order by
        do1_0.order_date,
        do1_0.id
2026-09-14T00:39:58.398+07:00 DEBUG 15036 --- [tea-attendance-api] [nio-8080-exec-7] org.hibernate.SQL                        : 
    select
        dci1_0.id,
        dci1_0.active,
        dci1_0.created_at,
        dci1_0.icon,
        dci1_0.name,
        dci1_0.price,
        dci1_0.updated_at 
    from
        drink_catalog dci1_0
2026-09-14T00:39:58.403+07:00 DEBUG 15036 --- [tea-attendance-api] [nio-8080-exec-3] m.m.a.RequestResponseBodyMethodProcessor : Using 'application/json', given [*/*] and supported [application/json, application/*+json]
2026-09-14T00:39:58.403+07:00 DEBUG 15036 --- [tea-attendance-api] [nio-8080-exec-4] org.hibernate.SQL                        : 
    select
        distinct cm1_0.id,
        cm1_0.content,
        cm1_0.created_at,
        cm1_0.deleted_at,
        rt1_0.id,
        rt1_0.content,
        rt1_0.created_at,
        rt1_0.deleted_at,
        rt1_0.reply_to_message_id,
        rt1_0.sender_member_id,
        s2_0.id,
        s2_0.account_name,
        s2_0.account_number,
        s2_0.active,
        s2_0.avatar_url,
        s2_0.bank_bin,
        s2_0.bank_name,
        s2_0.created_at,
        s2_0.display_name,
        s2_0.email,
        s2_0.password_hash,
        s2_0.qr_code_url,
        s2_0.reset_code_expires_at,
        s2_0.reset_code_hash,
        s2_0.role,
        s2_0.updated_at,
        cm1_0.sender_member_id,
        s1_0.id,
        s1_0.account_name,
        s1_0.account_number,
        s1_0.active,
        s1_0.avatar_url,
        s1_0.bank_bin,
        s1_0.bank_name,
        s1_0.created_at,
        s1_0.display_name,
        s1_0.email,
        s1_0.password_hash,
        s1_0.qr_code_url,
        s1_0.reset_code_expires_at,
        s1_0.reset_code_hash,
        s1_0.role,
        s1_0.updated_at 
    from
        chat_messages cm1_0 
    join
        members s1_0 
            on s1_0.id=cm1_0.sender_member_id 
    left join
        chat_messages rt1_0 
            on rt1_0.id=cm1_0.reply_to_message_id 
    left join
        members s2_0 
            on s2_0.id=rt1_0.sender_member_id 
    order by
        cm1_0.created_at desc 
    limit
        ?
2026-09-14T00:39:58.403+07:00 DEBUG 15036 --- [tea-attendance-api] [nio-8080-exec-8] org.hibernate.SQL                        : 
    select
        n1_0.id,
        n1_0.body,
        n1_0.created_at,
        n1_0.read_at,
        n1_0.recipient_member_id,
        r1_0.id,
        r1_0.account_name,
        r1_0.account_number,
        r1_0.active,
        r1_0.avatar_url,
        r1_0.bank_bin,
        r1_0.bank_name,
        r1_0.created_at,
        r1_0.display_name,
        r1_0.email,
        r1_0.password_hash,
        r1_0.qr_code_url,
        r1_0.reset_code_expires_at,
        r1_0.reset_code_hash,
        r1_0.role,
        r1_0.updated_at,
        n1_0.settlement_id,
        n1_0.title,
        n1_0.transfer_id,
        n1_0.type 
    from
        notifications n1_0 
    join
        members r1_0 
            on r1_0.id=n1_0.recipient_member_id 
    where
        r1_0.id=? 
    order by
        n1_0.created_at desc
2026-09-14T00:39:58.403+07:00 DEBUG 15036 --- [tea-attendance-api] [nio-8080-exec-3] m.m.a.RequestResponseBodyMethodProcessor : Writing [[MemberResponse[id=1, displayName=Minh Anh, email=minh.anh@example.test, bankName=MB Bank, bankBin=9 (truncated)...]
2026-09-14T00:39:58.406+07:00 DEBUG 15036 --- [tea-attendance-api] [nio-8080-exec-3] o.s.web.servlet.DispatcherServlet        : Completed 200 OK
2026-09-14T00:39:58.411+07:00 DEBUG 15036 --- [tea-attendance-api] [nio-8080-exec-4] org.hibernate.SQL                        : 
    select
        a1_0.message_id,
        a1_0.id,
        a1_0.byte_size,
        a1_0.content_type,
        a1_0.created_at,
        a1_0.original_filename,
        a1_0.storage_key 
    from
        chat_attachments a1_0 
    where
        a1_0.message_id=? 
    order by
        a1_0.id
2026-09-14T00:39:58.416+07:00 DEBUG 15036 --- [tea-attendance-api] [nio-8080-exec-4] org.hibernate.SQL                        : 
    select
        a1_0.message_id,
        a1_0.id,
        a1_0.byte_size,
        a1_0.content_type,
        a1_0.created_at,
        a1_0.original_filename,
        a1_0.storage_key 
    from
        chat_attachments a1_0 
    where
        a1_0.message_id=? 
    order by
        a1_0.id
2026-09-14T00:39:58.417+07:00 DEBUG 15036 --- [tea-attendance-api] [nio-8080-exec-7] m.m.a.RequestResponseBodyMethodProcessor : Using 'application/json', given [*/*] and supported [application/json, application/*+json]
2026-09-14T00:39:58.419+07:00 DEBUG 15036 --- [tea-attendance-api] [nio-8080-exec-7] m.m.a.RequestResponseBodyMethodProcessor : Writing [[DrinkCatalogResponse[id=1, name=Tra da, price=5000, icon=?, active=true], DrinkCatalogResponse[id= (truncated)...]
2026-09-14T00:39:58.419+07:00 DEBUG 15036 --- [tea-attendance-api] [nio-8080-exec-7] o.s.web.servlet.DispatcherServlet        : Completed 200 OK
2026-09-14T00:39:58.427+07:00 DEBUG 15036 --- [tea-attendance-api] [nio-8080-exec-1] m.m.a.RequestResponseBodyMethodProcessor : Using 'application/json', given [*/*] and supported [application/json, application/*+json]
2026-09-14T00:39:58.427+07:00 DEBUG 15036 --- [tea-attendance-api] [nio-8080-exec-4] org.hibernate.SQL                        : 
    select
        a1_0.message_id,
        a1_0.id,
        a1_0.byte_size,
        a1_0.content_type,
        a1_0.created_at,
        a1_0.original_filename,
        a1_0.storage_key 
    from
        chat_attachments a1_0 
    where
        a1_0.message_id=? 
    order by
        a1_0.id
2026-09-14T00:39:58.427+07:00 DEBUG 15036 --- [tea-attendance-api] [nio-8080-exec-1] m.m.a.RequestResponseBodyMethodProcessor : Writing [[]]
2026-09-14T00:39:58.430+07:00 DEBUG 15036 --- [tea-attendance-api] [nio-8080-exec-1] o.s.web.servlet.DispatcherServlet        : Completed 200 OK
2026-09-14T00:39:58.430+07:00 DEBUG 15036 --- [tea-attendance-api] [nio-8080-exec-8] m.m.a.RequestResponseBodyMethodProcessor : Using 'application/json', given [*/*] and supported [application/json, application/*+json]
2026-09-14T00:39:58.433+07:00 DEBUG 15036 --- [tea-attendance-api] [nio-8080-exec-8] m.m.a.RequestResponseBodyMethodProcessor : Writing [[]]
2026-09-14T00:39:58.435+07:00 DEBUG 15036 --- [tea-attendance-api] [nio-8080-exec-8] o.s.web.servlet.DispatcherServlet        : Completed 200 OK
2026-09-14T00:39:58.436+07:00 DEBUG 15036 --- [tea-attendance-api] [nio-8080-exec-4] org.hibernate.SQL                        : 
    select
        a1_0.message_id,
        a1_0.id,
        a1_0.byte_size,
        a1_0.content_type,
        a1_0.created_at,
        a1_0.original_filename,
        a1_0.storage_key 
    from
        chat_attachments a1_0 
    where
        a1_0.message_id=? 
    order by
        a1_0.id
2026-09-14T00:39:58.442+07:00 DEBUG 15036 --- [tea-attendance-api] [nio-8080-exec-4] org.hibernate.SQL                        : 
    select
        a1_0.message_id,
        a1_0.id,
        a1_0.byte_size,
        a1_0.content_type,
        a1_0.created_at,
        a1_0.original_filename,
        a1_0.storage_key 
    from
        chat_attachments a1_0 
    where
        a1_0.message_id=? 
    order by
        a1_0.id
2026-09-14T00:39:58.458+07:00 DEBUG 15036 --- [tea-attendance-api] [nio-8080-exec-4] m.m.a.RequestResponseBodyMethodProcessor : Using 'application/json', given [*/*] and supported [application/json, application/*+json]
2026-09-14T00:39:58.459+07:00 DEBUG 15036 --- [tea-attendance-api] [nio-8080-exec-4] m.m.a.RequestResponseBodyMethodProcessor : Writing [[ChatMessageResponse[id=2, sender=MemberBriefResponse[id=1, displayName=Minh Anh, avatarUrl=null], c (truncated)...]
2026-09-14T00:39:58.462+07:00 DEBUG 15036 --- [tea-attendance-api] [nio-8080-exec-4] o.s.web.servlet.DispatcherServlet        : Completed 200 OK
2026-09-14T00:40:00.035+07:00 DEBUG 15036 --- [tea-attendance-api] [MessageBroker-1] org.hibernate.SQL                        : 
    select
        wns1_0.id,
        wns1_0.creditor_body,
        wns1_0.creditor_title,
        wns1_0.debtor_body,
        wns1_0.debtor_title,
        wns1_0.send_day,
        wns1_0.send_time,
        wns1_0.updated_at 
    from
        weekly_notification_settings wns1_0 
    where
        wns1_0.id=?
2026-09-14T00:40:06.303+07:00 DEBUG 15036 --- [tea-attendance-api] [nio-8080-exec-9] o.s.web.servlet.DispatcherServlet        : GET "/api/members?includeInactive=true", parameters={masked}
2026-09-14T00:40:06.304+07:00 DEBUG 15036 --- [tea-attendance-api] [io-8080-exec-10] o.s.web.servlet.DispatcherServlet        : OPTIONS "/api/drinks?includeInactive=true", parameters={masked}
2026-09-14T00:40:06.304+07:00 DEBUG 15036 --- [tea-attendance-api] [nio-8080-exec-9] s.w.s.m.m.a.RequestMappingHandlerMapping : Mapped to com.trasua.api.MemberController#list(boolean)
2026-09-14T00:40:06.304+07:00 DEBUG 15036 --- [tea-attendance-api] [io-8080-exec-10] s.w.s.m.m.a.RequestMappingHandlerMapping : Mapped to com.trasua.api.DrinkCatalogController#list(boolean)
2026-09-14T00:40:06.305+07:00 DEBUG 15036 --- [tea-attendance-api] [nio-8080-exec-6] o.s.web.servlet.DispatcherServlet        : OPTIONS "/api/chat/messages", parameters={}
2026-09-14T00:40:06.305+07:00 DEBUG 15036 --- [tea-attendance-api] [io-8080-exec-10] o.s.web.servlet.DispatcherServlet        : Completed 200 OK
2026-09-14T00:40:06.305+07:00 DEBUG 15036 --- [tea-attendance-api] [nio-8080-exec-2] o.s.web.servlet.DispatcherServlet        : OPTIONS "/api/notifications?memberId=6", parameters={masked}
2026-09-14T00:40:06.305+07:00 DEBUG 15036 --- [tea-attendance-api] [nio-8080-exec-5] o.s.web.servlet.DispatcherServlet        : GET "/api/expenses/range?from=2026-09-14&to=2026-09-20", parameters={masked}
2026-09-14T00:40:06.306+07:00 DEBUG 15036 --- [tea-attendance-api] [nio-8080-exec-6] s.w.s.m.m.a.RequestMappingHandlerMapping : Mapped to com.trasua.api.ChatController#list(Instant, int)
2026-09-14T00:40:06.307+07:00 DEBUG 15036 --- [tea-attendance-api] [nio-8080-exec-2] s.w.s.m.m.a.RequestMappingHandlerMapping : Mapped to com.trasua.api.NotificationController#list(Long)
2026-09-14T00:40:06.307+07:00 DEBUG 15036 --- [tea-attendance-api] [nio-8080-exec-5] s.w.s.m.m.a.RequestMappingHandlerMapping : Mapped to com.trasua.api.ExpenseController#range(LocalDate, LocalDate)
2026-09-14T00:40:06.308+07:00 DEBUG 15036 --- [tea-attendance-api] [nio-8080-exec-2] o.s.web.servlet.DispatcherServlet        : Completed 200 OK
2026-09-14T00:40:06.308+07:00 DEBUG 15036 --- [tea-attendance-api] [nio-8080-exec-6] o.s.web.servlet.DispatcherServlet        : Completed 200 OK
2026-09-14T00:40:06.311+07:00 DEBUG 15036 --- [tea-attendance-api] [nio-8080-exec-3] o.s.web.servlet.DispatcherServlet        : GET "/api/drinks?includeInactive=true", parameters={masked}
2026-09-14T00:40:06.312+07:00 DEBUG 15036 --- [tea-attendance-api] [nio-8080-exec-3] s.w.s.m.m.a.RequestMappingHandlerMapping : Mapped to com.trasua.api.DrinkCatalogController#list(boolean)
2026-09-14T00:40:06.313+07:00 DEBUG 15036 --- [tea-attendance-api] [nio-8080-exec-1] o.s.web.servlet.DispatcherServlet        : GET "/api/chat/messages", parameters={}
2026-09-14T00:40:06.313+07:00 DEBUG 15036 --- [tea-attendance-api] [nio-8080-exec-7] o.s.web.servlet.DispatcherServlet        : GET "/api/notifications?memberId=6", parameters={masked}
2026-09-14T00:40:06.314+07:00 DEBUG 15036 --- [tea-attendance-api] [nio-8080-exec-1] s.w.s.m.m.a.RequestMappingHandlerMapping : Mapped to com.trasua.api.ChatController#list(Instant, int)
2026-09-14T00:40:06.315+07:00 DEBUG 15036 --- [tea-attendance-api] [nio-8080-exec-7] s.w.s.m.m.a.RequestMappingHandlerMapping : Mapped to com.trasua.api.NotificationController#list(Long)
2026-09-14T00:40:06.317+07:00 DEBUG 15036 --- [tea-attendance-api] [nio-8080-exec-9] org.hibernate.SQL                        : 
    select
        m1_0.id,
        m1_0.account_name,
        m1_0.account_number,
        m1_0.active,
        m1_0.avatar_url,
        m1_0.bank_bin,
        m1_0.bank_name,
        m1_0.created_at,
        m1_0.display_name,
        m1_0.email,
        m1_0.password_hash,
        m1_0.qr_code_url,
        m1_0.reset_code_expires_at,
        m1_0.reset_code_hash,
        m1_0.role,
        m1_0.updated_at 
    from
        members m1_0
2026-09-14T00:40:06.320+07:00 DEBUG 15036 --- [tea-attendance-api] [nio-8080-exec-5] org.hibernate.SQL                        : 
    select
        distinct do1_0.id,
        do1_0.created_at,
        i1_0.order_id,
        i1_0.id,
        i1_0.consumer_member_id,
        c1_0.id,
        c1_0.account_name,
        c1_0.account_number,
        c1_0.active,
        c1_0.avatar_url,
        c1_0.bank_bin,
        c1_0.bank_name,
        c1_0.created_at,
        c1_0.display_name,
        c1_0.email,
        c1_0.password_hash,
        c1_0.qr_code_url,
        c1_0.reset_code_expires_at,
        c1_0.reset_code_hash,
        c1_0.role,
        c1_0.updated_at,
        i1_0.drink_name,
        i1_0.line_total,
        i1_0.quantity,
        i1_0.unit_price,
        do1_0.note,
        do1_0.order_date,
        do1_0.payer_member_id,
        p1_0.id,
        p1_0.account_name,
        p1_0.account_number,
        p1_0.active,
        p1_0.avatar_url,
        p1_0.bank_bin,
        p1_0.bank_name,
        p1_0.created_at,
        p1_0.display_name,
        p1_0.email,
        p1_0.password_hash,
        p1_0.qr_code_url,
        p1_0.reset_code_expires_at,
        p1_0.reset_code_hash,
        p1_0.role,
        p1_0.updated_at,
        do1_0.total_amount,
        do1_0.updated_at 
    from
        drink_orders do1_0 
    join
        members p1_0 
            on p1_0.id=do1_0.payer_member_id 
    left join
        order_items i1_0 
            on do1_0.id=i1_0.order_id 
    left join
        members c1_0 
            on c1_0.id=i1_0.consumer_member_id 
    where
        do1_0.order_date between ? and ? 
    order by
        do1_0.order_date,
        do1_0.id
2026-09-14T00:40:06.324+07:00 DEBUG 15036 --- [tea-attendance-api] [nio-8080-exec-3] org.hibernate.SQL                        : 
    select
        dci1_0.id,
        dci1_0.active,
        dci1_0.created_at,
        dci1_0.icon,
        dci1_0.name,
        dci1_0.price,
        dci1_0.updated_at 
    from
        drink_catalog dci1_0
2026-09-14T00:40:06.325+07:00 DEBUG 15036 --- [tea-attendance-api] [nio-8080-exec-7] org.hibernate.SQL                        : 
    select
        n1_0.id,
        n1_0.body,
        n1_0.created_at,
        n1_0.read_at,
        n1_0.recipient_member_id,
        r1_0.id,
        r1_0.account_name,
        r1_0.account_number,
        r1_0.active,
        r1_0.avatar_url,
        r1_0.bank_bin,
        r1_0.bank_name,
        r1_0.created_at,
        r1_0.display_name,
        r1_0.email,
        r1_0.password_hash,
        r1_0.qr_code_url,
        r1_0.reset_code_expires_at,
        r1_0.reset_code_hash,
        r1_0.role,
        r1_0.updated_at,
        n1_0.settlement_id,
        n1_0.title,
        n1_0.transfer_id,
        n1_0.type 
    from
        notifications n1_0 
    join
        members r1_0 
            on r1_0.id=n1_0.recipient_member_id 
    where
        r1_0.id=? 
    order by
        n1_0.created_at desc
2026-09-14T00:40:06.325+07:00 DEBUG 15036 --- [tea-attendance-api] [nio-8080-exec-1] org.hibernate.SQL                        : 
    select
        distinct cm1_0.id,
        cm1_0.content,
        cm1_0.created_at,
        cm1_0.deleted_at,
        rt1_0.id,
        rt1_0.content,
        rt1_0.created_at,
        rt1_0.deleted_at,
        rt1_0.reply_to_message_id,
        rt1_0.sender_member_id,
        s2_0.id,
        s2_0.account_name,
        s2_0.account_number,
        s2_0.active,
        s2_0.avatar_url,
        s2_0.bank_bin,
        s2_0.bank_name,
        s2_0.created_at,
        s2_0.display_name,
        s2_0.email,
        s2_0.password_hash,
        s2_0.qr_code_url,
        s2_0.reset_code_expires_at,
        s2_0.reset_code_hash,
        s2_0.role,
        s2_0.updated_at,
        cm1_0.sender_member_id,
        s1_0.id,
        s1_0.account_name,
        s1_0.account_number,
        s1_0.active,
        s1_0.avatar_url,
        s1_0.bank_bin,
        s1_0.bank_name,
        s1_0.created_at,
        s1_0.display_name,
        s1_0.email,
        s1_0.password_hash,
        s1_0.qr_code_url,
        s1_0.reset_code_expires_at,
        s1_0.reset_code_hash,
        s1_0.role,
        s1_0.updated_at 
    from
        chat_messages cm1_0 
    join
        members s1_0 
            on s1_0.id=cm1_0.sender_member_id 
    left join
        chat_messages rt1_0 
            on rt1_0.id=cm1_0.reply_to_message_id 
    left join
        members s2_0 
            on s2_0.id=rt1_0.sender_member_id 
    order by
        cm1_0.created_at desc 
    limit
        ?
2026-09-14T00:40:06.329+07:00 DEBUG 15036 --- [tea-attendance-api] [nio-8080-exec-9] m.m.a.RequestResponseBodyMethodProcessor : Using 'application/json', given [*/*] and supported [application/json, application/*+json]
2026-09-14T00:40:06.330+07:00 DEBUG 15036 --- [tea-attendance-api] [nio-8080-exec-9] m.m.a.RequestResponseBodyMethodProcessor : Writing [[MemberResponse[id=1, displayName=Minh Anh, email=minh.anh@example.test, bankName=MB Bank, bankBin=9 (truncated)...]
2026-09-14T00:40:06.332+07:00 DEBUG 15036 --- [tea-attendance-api] [nio-8080-exec-9] o.s.web.servlet.DispatcherServlet        : Completed 200 OK
2026-09-14T00:40:06.332+07:00 DEBUG 15036 --- [tea-attendance-api] [nio-8080-exec-1] org.hibernate.SQL                        : 
    select
        a1_0.message_id,
        a1_0.id,
        a1_0.byte_size,
        a1_0.content_type,
        a1_0.created_at,
        a1_0.original_filename,
        a1_0.storage_key 
    from
        chat_attachments a1_0 
    where
        a1_0.message_id=? 
    order by
        a1_0.id
2026-09-14T00:40:06.333+07:00 DEBUG 15036 --- [tea-attendance-api] [nio-8080-exec-5] m.m.a.RequestResponseBodyMethodProcessor : Using 'application/json', given [*/*] and supported [application/json, application/*+json]
2026-09-14T00:40:06.333+07:00 DEBUG 15036 --- [tea-attendance-api] [nio-8080-exec-5] m.m.a.RequestResponseBodyMethodProcessor : Writing [[]]
2026-09-14T00:40:06.334+07:00 DEBUG 15036 --- [tea-attendance-api] [nio-8080-exec-5] o.s.web.servlet.DispatcherServlet        : Completed 200 OK
2026-09-14T00:40:06.337+07:00 DEBUG 15036 --- [tea-attendance-api] [nio-8080-exec-1] org.hibernate.SQL                        : 
    select
        a1_0.message_id,
        a1_0.id,
        a1_0.byte_size,
        a1_0.content_type,
        a1_0.created_at,
        a1_0.original_filename,
        a1_0.storage_key 
    from
        chat_attachments a1_0 
    where
        a1_0.message_id=? 
    order by
        a1_0.id
2026-09-14T00:40:06.343+07:00 DEBUG 15036 --- [tea-attendance-api] [nio-8080-exec-1] org.hibernate.SQL                        : 
    select
        a1_0.message_id,
        a1_0.id,
        a1_0.byte_size,
        a1_0.content_type,
        a1_0.created_at,
        a1_0.original_filename,
        a1_0.storage_key 
    from
        chat_attachments a1_0 
    where
        a1_0.message_id=? 
    order by
        a1_0.id
2026-09-14T00:40:06.343+07:00 DEBUG 15036 --- [tea-attendance-api] [nio-8080-exec-3] m.m.a.RequestResponseBodyMethodProcessor : Using 'application/json', given [*/*] and supported [application/json, application/*+json]
2026-09-14T00:40:06.345+07:00 DEBUG 15036 --- [tea-attendance-api] [nio-8080-exec-3] m.m.a.RequestResponseBodyMethodProcessor : Writing [[DrinkCatalogResponse[id=1, name=Tra da, price=5000, icon=?, active=true], DrinkCatalogResponse[id= (truncated)...]
2026-09-14T00:40:06.346+07:00 DEBUG 15036 --- [tea-attendance-api] [nio-8080-exec-3] o.s.web.servlet.DispatcherServlet        : Completed 200 OK
2026-09-14T00:40:06.349+07:00 DEBUG 15036 --- [tea-attendance-api] [nio-8080-exec-7] m.m.a.RequestResponseBodyMethodProcessor : Using 'application/json', given [*/*] and supported [application/json, application/*+json]
2026-09-14T00:40:06.349+07:00 DEBUG 15036 --- [tea-attendance-api] [nio-8080-exec-1] org.hibernate.SQL                        : 
    select
        a1_0.message_id,
        a1_0.id,
        a1_0.byte_size,
        a1_0.content_type,
        a1_0.created_at,
        a1_0.original_filename,
        a1_0.storage_key 
    from
        chat_attachments a1_0 
    where
        a1_0.message_id=? 
    order by
        a1_0.id
2026-09-14T00:40:06.350+07:00 DEBUG 15036 --- [tea-attendance-api] [nio-8080-exec-7] m.m.a.RequestResponseBodyMethodProcessor : Writing [[]]
2026-09-14T00:40:06.351+07:00 DEBUG 15036 --- [tea-attendance-api] [nio-8080-exec-7] o.s.web.servlet.DispatcherServlet        : Completed 200 OK
2026-09-14T00:40:06.354+07:00 DEBUG 15036 --- [tea-attendance-api] [nio-8080-exec-1] org.hibernate.SQL                        : 
    select
        a1_0.message_id,
        a1_0.id,
        a1_0.byte_size,
        a1_0.content_type,
        a1_0.created_at,
        a1_0.original_filename,
        a1_0.storage_key 
    from
        chat_attachments a1_0 
    where
        a1_0.message_id=? 
    order by
        a1_0.id
2026-09-14T00:40:06.371+07:00 DEBUG 15036 --- [tea-attendance-api] [nio-8080-exec-1] m.m.a.RequestResponseBodyMethodProcessor : Using 'application/json', given [*/*] and supported [application/json, application/*+json]
2026-09-14T00:40:06.372+07:00 DEBUG 15036 --- [tea-attendance-api] [nio-8080-exec-1] m.m.a.RequestResponseBodyMethodProcessor : Writing [[ChatMessageResponse[id=2, sender=MemberBriefResponse[id=1, displayName=Minh Anh, avatarUrl=null], c (truncated)...]
2026-09-14T00:40:06.373+07:00 DEBUG 15036 --- [tea-attendance-api] [nio-8080-exec-1] o.s.web.servlet.DispatcherServlet        : Completed 200 OK
2026-09-14T00:40:14.350+07:00 DEBUG 15036 --- [tea-attendance-api] [nio-8080-exec-8] o.s.web.servlet.DispatcherServlet        : GET "/api/members?includeInactive=true", parameters={masked}
2026-09-14T00:40:14.351+07:00 DEBUG 15036 --- [tea-attendance-api] [nio-8080-exec-8] s.w.s.m.m.a.RequestMappingHandlerMapping : Mapped to com.trasua.api.MemberController#list(boolean)
2026-09-14T00:40:14.360+07:00 DEBUG 15036 --- [tea-attendance-api] [nio-8080-exec-4] o.s.web.servlet.DispatcherServlet        : GET "/api/drinks?includeInactive=true", parameters={masked}
2026-09-14T00:40:14.362+07:00 DEBUG 15036 --- [tea-attendance-api] [nio-8080-exec-4] s.w.s.m.m.a.RequestMappingHandlerMapping : Mapped to com.trasua.api.DrinkCatalogController#list(boolean)
2026-09-14T00:40:14.367+07:00 DEBUG 15036 --- [tea-attendance-api] [nio-8080-exec-2] o.s.web.servlet.DispatcherServlet        : GET "/api/chat/messages", parameters={}
2026-09-14T00:40:14.367+07:00 DEBUG 15036 --- [tea-attendance-api] [io-8080-exec-10] o.s.web.servlet.DispatcherServlet        : GET "/api/expenses/range?from=2026-09-14&to=2026-09-20", parameters={masked}
2026-09-14T00:40:14.368+07:00 DEBUG 15036 --- [tea-attendance-api] [nio-8080-exec-2] s.w.s.m.m.a.RequestMappingHandlerMapping : Mapped to com.trasua.api.ChatController#list(Instant, int)
2026-09-14T00:40:14.369+07:00 DEBUG 15036 --- [tea-attendance-api] [io-8080-exec-10] s.w.s.m.m.a.RequestMappingHandlerMapping : Mapped to com.trasua.api.ExpenseController#range(LocalDate, LocalDate)
2026-09-14T00:40:14.369+07:00 DEBUG 15036 --- [tea-attendance-api] [nio-8080-exec-8] org.hibernate.SQL                        : 
    select
        m1_0.id,
        m1_0.account_name,
        m1_0.account_number,
        m1_0.active,
        m1_0.avatar_url,
        m1_0.bank_bin,
        m1_0.bank_name,
        m1_0.created_at,
        m1_0.display_name,
        m1_0.email,
        m1_0.password_hash,
        m1_0.qr_code_url,
        m1_0.reset_code_expires_at,
        m1_0.reset_code_hash,
        m1_0.role,
        m1_0.updated_at 
    from
        members m1_0
2026-09-14T00:40:14.374+07:00 DEBUG 15036 --- [tea-attendance-api] [nio-8080-exec-6] o.s.web.servlet.DispatcherServlet        : GET "/api/notifications?memberId=6", parameters={masked}
2026-09-14T00:40:14.375+07:00 DEBUG 15036 --- [tea-attendance-api] [nio-8080-exec-6] s.w.s.m.m.a.RequestMappingHandlerMapping : Mapped to com.trasua.api.NotificationController#list(Long)
2026-09-14T00:40:14.380+07:00 DEBUG 15036 --- [tea-attendance-api] [nio-8080-exec-4] org.hibernate.SQL                        : 
    select
        dci1_0.id,
        dci1_0.active,
        dci1_0.created_at,
        dci1_0.icon,
        dci1_0.name,
        dci1_0.price,
        dci1_0.updated_at 
    from
        drink_catalog dci1_0
2026-09-14T00:40:14.383+07:00 DEBUG 15036 --- [tea-attendance-api] [io-8080-exec-10] org.hibernate.SQL                        : 
    select
        distinct do1_0.id,
        do1_0.created_at,
        i1_0.order_id,
        i1_0.id,
        i1_0.consumer_member_id,
        c1_0.id,
        c1_0.account_name,
        c1_0.account_number,
        c1_0.active,
        c1_0.avatar_url,
        c1_0.bank_bin,
        c1_0.bank_name,
        c1_0.created_at,
        c1_0.display_name,
        c1_0.email,
        c1_0.password_hash,
        c1_0.qr_code_url,
        c1_0.reset_code_expires_at,
        c1_0.reset_code_hash,
        c1_0.role,
        c1_0.updated_at,
        i1_0.drink_name,
        i1_0.line_total,
        i1_0.quantity,
        i1_0.unit_price,
        do1_0.note,
        do1_0.order_date,
        do1_0.payer_member_id,
        p1_0.id,
        p1_0.account_name,
        p1_0.account_number,
        p1_0.active,
        p1_0.avatar_url,
        p1_0.bank_bin,
        p1_0.bank_name,
        p1_0.created_at,
        p1_0.display_name,
        p1_0.email,
        p1_0.password_hash,
        p1_0.qr_code_url,
        p1_0.reset_code_expires_at,
        p1_0.reset_code_hash,
        p1_0.role,
        p1_0.updated_at,
        do1_0.total_amount,
        do1_0.updated_at 
    from
        drink_orders do1_0 
    join
        members p1_0 
            on p1_0.id=do1_0.payer_member_id 
    left join
        order_items i1_0 
            on do1_0.id=i1_0.order_id 
    left join
        members c1_0 
            on c1_0.id=i1_0.consumer_member_id 
    where
        do1_0.order_date between ? and ? 
    order by
        do1_0.order_date,
        do1_0.id
2026-09-14T00:40:14.383+07:00 DEBUG 15036 --- [tea-attendance-api] [nio-8080-exec-2] org.hibernate.SQL                        : 
    select
        distinct cm1_0.id,
        cm1_0.content,
        cm1_0.created_at,
        cm1_0.deleted_at,
        rt1_0.id,
        rt1_0.content,
        rt1_0.created_at,
        rt1_0.deleted_at,
        rt1_0.reply_to_message_id,
        rt1_0.sender_member_id,
        s2_0.id,
        s2_0.account_name,
        s2_0.account_number,
        s2_0.active,
        s2_0.avatar_url,
        s2_0.bank_bin,
        s2_0.bank_name,
        s2_0.created_at,
        s2_0.display_name,
        s2_0.email,
        s2_0.password_hash,
        s2_0.qr_code_url,
        s2_0.reset_code_expires_at,
        s2_0.reset_code_hash,
        s2_0.role,
        s2_0.updated_at,
        cm1_0.sender_member_id,
        s1_0.id,
        s1_0.account_name,
        s1_0.account_number,
        s1_0.active,
        s1_0.avatar_url,
        s1_0.bank_bin,
        s1_0.bank_name,
        s1_0.created_at,
        s1_0.display_name,
        s1_0.email,
        s1_0.password_hash,
        s1_0.qr_code_url,
        s1_0.reset_code_expires_at,
        s1_0.reset_code_hash,
        s1_0.role,
        s1_0.updated_at 
    from
        chat_messages cm1_0 
    join
        members s1_0 
            on s1_0.id=cm1_0.sender_member_id 
    left join
        chat_messages rt1_0 
            on rt1_0.id=cm1_0.reply_to_message_id 
    left join
        members s2_0 
            on s2_0.id=rt1_0.sender_member_id 
    order by
        cm1_0.created_at desc 
    limit
        ?
2026-09-14T00:40:14.386+07:00 DEBUG 15036 --- [tea-attendance-api] [nio-8080-exec-6] org.hibernate.SQL                        : 
    select
        n1_0.id,
        n1_0.body,
        n1_0.created_at,
        n1_0.read_at,
        n1_0.recipient_member_id,
        r1_0.id,
        r1_0.account_name,
        r1_0.account_number,
        r1_0.active,
        r1_0.avatar_url,
        r1_0.bank_bin,
        r1_0.bank_name,
        r1_0.created_at,
        r1_0.display_name,
        r1_0.email,
        r1_0.password_hash,
        r1_0.qr_code_url,
        r1_0.reset_code_expires_at,
        r1_0.reset_code_hash,
        r1_0.role,
        r1_0.updated_at,
        n1_0.settlement_id,
        n1_0.title,
        n1_0.transfer_id,
        n1_0.type 
    from
        notifications n1_0 
    join
        members r1_0 
            on r1_0.id=n1_0.recipient_member_id 
    where
        r1_0.id=? 
    order by
        n1_0.created_at desc
2026-09-14T00:40:14.392+07:00 DEBUG 15036 --- [tea-attendance-api] [nio-8080-exec-8] m.m.a.RequestResponseBodyMethodProcessor : Using 'application/json', given [*/*] and supported [application/json, application/*+json]
2026-09-14T00:40:14.393+07:00 DEBUG 15036 --- [tea-attendance-api] [nio-8080-exec-8] m.m.a.RequestResponseBodyMethodProcessor : Writing [[MemberResponse[id=1, displayName=Minh Anh, email=minh.anh@example.test, bankName=MB Bank, bankBin=9 (truncated)...]
2026-09-14T00:40:14.393+07:00 DEBUG 15036 --- [tea-attendance-api] [nio-8080-exec-2] org.hibernate.SQL                        : 
    select
        a1_0.message_id,
        a1_0.id,
        a1_0.byte_size,
        a1_0.content_type,
        a1_0.created_at,
        a1_0.original_filename,
        a1_0.storage_key 
    from
        chat_attachments a1_0 
    where
        a1_0.message_id=? 
    order by
        a1_0.id
2026-09-14T00:40:14.394+07:00 DEBUG 15036 --- [tea-attendance-api] [nio-8080-exec-8] o.s.web.servlet.DispatcherServlet        : Completed 200 OK
2026-09-14T00:40:14.396+07:00 DEBUG 15036 --- [tea-attendance-api] [nio-8080-exec-4] m.m.a.RequestResponseBodyMethodProcessor : Using 'application/json', given [*/*] and supported [application/json, application/*+json]
2026-09-14T00:40:14.397+07:00 DEBUG 15036 --- [tea-attendance-api] [nio-8080-exec-4] m.m.a.RequestResponseBodyMethodProcessor : Writing [[DrinkCatalogResponse[id=1, name=Tra da, price=5000, icon=?, active=true], DrinkCatalogResponse[id= (truncated)...]
2026-09-14T00:40:14.398+07:00 DEBUG 15036 --- [tea-attendance-api] [nio-8080-exec-2] org.hibernate.SQL                        : 
    select
        a1_0.message_id,
        a1_0.id,
        a1_0.byte_size,
        a1_0.content_type,
        a1_0.created_at,
        a1_0.original_filename,
        a1_0.storage_key 
    from
        chat_attachments a1_0 
    where
        a1_0.message_id=? 
    order by
        a1_0.id
2026-09-14T00:40:14.399+07:00 DEBUG 15036 --- [tea-attendance-api] [nio-8080-exec-4] o.s.web.servlet.DispatcherServlet        : Completed 200 OK
2026-09-14T00:40:14.403+07:00 DEBUG 15036 --- [tea-attendance-api] [nio-8080-exec-2] org.hibernate.SQL                        : 
    select
        a1_0.message_id,
        a1_0.id,
        a1_0.byte_size,
        a1_0.content_type,
        a1_0.created_at,
        a1_0.original_filename,
        a1_0.storage_key 
    from
        chat_attachments a1_0 
    where
        a1_0.message_id=? 
    order by
        a1_0.id
2026-09-14T00:40:14.405+07:00 DEBUG 15036 --- [tea-attendance-api] [io-8080-exec-10] m.m.a.RequestResponseBodyMethodProcessor : Using 'application/json', given [*/*] and supported [application/json, application/*+json]
2026-09-14T00:40:14.405+07:00 DEBUG 15036 --- [tea-attendance-api] [nio-8080-exec-6] m.m.a.RequestResponseBodyMethodProcessor : Using 'application/json', given [*/*] and supported [application/json, application/*+json]
2026-09-14T00:40:14.406+07:00 DEBUG 15036 --- [tea-attendance-api] [io-8080-exec-10] m.m.a.RequestResponseBodyMethodProcessor : Writing [[]]
2026-09-14T00:40:14.406+07:00 DEBUG 15036 --- [tea-attendance-api] [nio-8080-exec-6] m.m.a.RequestResponseBodyMethodProcessor : Writing [[]]
2026-09-14T00:40:14.407+07:00 DEBUG 15036 --- [tea-attendance-api] [nio-8080-exec-6] o.s.web.servlet.DispatcherServlet        : Completed 200 OK
2026-09-14T00:40:14.407+07:00 DEBUG 15036 --- [tea-attendance-api] [io-8080-exec-10] o.s.web.servlet.DispatcherServlet        : Completed 200 OK
2026-09-14T00:40:14.410+07:00 DEBUG 15036 --- [tea-attendance-api] [nio-8080-exec-2] org.hibernate.SQL                        : 
    select
        a1_0.message_id,
        a1_0.id,
        a1_0.byte_size,
        a1_0.content_type,
        a1_0.created_at,
        a1_0.original_filename,
        a1_0.storage_key 
    from
        chat_attachments a1_0 
    where
        a1_0.message_id=? 
    order by
        a1_0.id
2026-09-14T00:40:14.414+07:00 DEBUG 15036 --- [tea-attendance-api] [nio-8080-exec-2] org.hibernate.SQL                        : 
    select
        a1_0.message_id,
        a1_0.id,
        a1_0.byte_size,
        a1_0.content_type,
        a1_0.created_at,
        a1_0.original_filename,
        a1_0.storage_key 
    from
        chat_attachments a1_0 
    where
        a1_0.message_id=? 
    order by
        a1_0.id
2026-09-14T00:40:14.427+07:00 DEBUG 15036 --- [tea-attendance-api] [nio-8080-exec-2] m.m.a.RequestResponseBodyMethodProcessor : Using 'application/json', given [*/*] and supported [application/json, application/*+json]
2026-09-14T00:40:14.427+07:00 DEBUG 15036 --- [tea-attendance-api] [nio-8080-exec-2] m.m.a.RequestResponseBodyMethodProcessor : Writing [[ChatMessageResponse[id=2, sender=MemberBriefResponse[id=1, displayName=Minh Anh, avatarUrl=null], c (truncated)...]
2026-09-14T00:40:14.429+07:00 DEBUG 15036 --- [tea-attendance-api] [nio-8080-exec-2] o.s.web.servlet.DispatcherServlet        : Completed 200 OK
2026-09-14T00:41:00.019+07:00 DEBUG 15036 --- [tea-attendance-api] [MessageBroker-1] org.hibernate.SQL                        : 
    select
        wns1_0.id,
        wns1_0.creditor_body,
        wns1_0.creditor_title,
        wns1_0.debtor_body,
        wns1_0.debtor_title,
        wns1_0.send_day,
        wns1_0.send_time,
        wns1_0.updated_at 
    from
        weekly_notification_settings wns1_0 
    where
        wns1_0.id=?
2026-09-14T00:41:11.313+07:00 DEBUG 15036 --- [tea-attendance-api] [nio-8080-exec-9] o.s.web.servlet.DispatcherServlet        : GET "/api/members?includeInactive=true", parameters={masked}
2026-09-14T00:41:11.313+07:00 DEBUG 15036 --- [tea-attendance-api] [nio-8080-exec-5] o.s.web.servlet.DispatcherServlet        : GET "/api/drinks?includeInactive=true", parameters={masked}
2026-09-14T00:41:11.314+07:00 DEBUG 15036 --- [tea-attendance-api] [nio-8080-exec-9] s.w.s.m.m.a.RequestMappingHandlerMapping : Mapped to com.trasua.api.MemberController#list(boolean)
2026-09-14T00:41:11.314+07:00 DEBUG 15036 --- [tea-attendance-api] [nio-8080-exec-5] s.w.s.m.m.a.RequestMappingHandlerMapping : Mapped to com.trasua.api.DrinkCatalogController#list(boolean)
2026-09-14T00:41:11.316+07:00 DEBUG 15036 --- [tea-attendance-api] [nio-8080-exec-7] o.s.web.servlet.DispatcherServlet        : GET "/api/chat/messages", parameters={}
2026-09-14T00:41:11.316+07:00 DEBUG 15036 --- [tea-attendance-api] [nio-8080-exec-3] o.s.web.servlet.DispatcherServlet        : GET "/api/expenses/range?from=2026-09-14&to=2026-09-20", parameters={masked}
2026-09-14T00:41:11.316+07:00 DEBUG 15036 --- [tea-attendance-api] [nio-8080-exec-7] s.w.s.m.m.a.RequestMappingHandlerMapping : Mapped to com.trasua.api.ChatController#list(Instant, int)
2026-09-14T00:41:11.317+07:00 DEBUG 15036 --- [tea-attendance-api] [nio-8080-exec-3] s.w.s.m.m.a.RequestMappingHandlerMapping : Mapped to com.trasua.api.ExpenseController#range(LocalDate, LocalDate)
2026-09-14T00:41:11.324+07:00 DEBUG 15036 --- [tea-attendance-api] [nio-8080-exec-1] o.s.web.servlet.DispatcherServlet        : GET "/api/notifications?memberId=6", parameters={masked}
2026-09-14T00:41:11.326+07:00 DEBUG 15036 --- [tea-attendance-api] [nio-8080-exec-1] s.w.s.m.m.a.RequestMappingHandlerMapping : Mapped to com.trasua.api.NotificationController#list(Long)
2026-09-14T00:41:11.332+07:00 DEBUG 15036 --- [tea-attendance-api] [nio-8080-exec-9] org.hibernate.SQL                        : 
    select
        m1_0.id,
        m1_0.account_name,
        m1_0.account_number,
        m1_0.active,
        m1_0.avatar_url,
        m1_0.bank_bin,
        m1_0.bank_name,
        m1_0.created_at,
        m1_0.display_name,
        m1_0.email,
        m1_0.password_hash,
        m1_0.qr_code_url,
        m1_0.reset_code_expires_at,
        m1_0.reset_code_hash,
        m1_0.role,
        m1_0.updated_at 
    from
        members m1_0
2026-09-14T00:41:11.332+07:00 DEBUG 15036 --- [tea-attendance-api] [nio-8080-exec-5] org.hibernate.SQL                        : 
    select
        dci1_0.id,
        dci1_0.active,
        dci1_0.created_at,
        dci1_0.icon,
        dci1_0.name,
        dci1_0.price,
        dci1_0.updated_at 
    from
        drink_catalog dci1_0
2026-09-14T00:41:11.346+07:00 DEBUG 15036 --- [tea-attendance-api] [nio-8080-exec-7] org.hibernate.SQL                        : 
    select
        distinct cm1_0.id,
        cm1_0.content,
        cm1_0.created_at,
        cm1_0.deleted_at,
        rt1_0.id,
        rt1_0.content,
        rt1_0.created_at,
        rt1_0.deleted_at,
        rt1_0.reply_to_message_id,
        rt1_0.sender_member_id,
        s2_0.id,
        s2_0.account_name,
        s2_0.account_number,
        s2_0.active,
        s2_0.avatar_url,
        s2_0.bank_bin,
        s2_0.bank_name,
        s2_0.created_at,
        s2_0.display_name,
        s2_0.email,
        s2_0.password_hash,
        s2_0.qr_code_url,
        s2_0.reset_code_expires_at,
        s2_0.reset_code_hash,
        s2_0.role,
        s2_0.updated_at,
        cm1_0.sender_member_id,
        s1_0.id,
        s1_0.account_name,
        s1_0.account_number,
        s1_0.active,
        s1_0.avatar_url,
        s1_0.bank_bin,
        s1_0.bank_name,
        s1_0.created_at,
        s1_0.display_name,
        s1_0.email,
        s1_0.password_hash,
        s1_0.qr_code_url,
        s1_0.reset_code_expires_at,
        s1_0.reset_code_hash,
        s1_0.role,
        s1_0.updated_at 
    from
        chat_messages cm1_0 
    join
        members s1_0 
            on s1_0.id=cm1_0.sender_member_id 
    left join
        chat_messages rt1_0 
            on rt1_0.id=cm1_0.reply_to_message_id 
    left join
        members s2_0 
            on s2_0.id=rt1_0.sender_member_id 
    order by
        cm1_0.created_at desc 
    limit
        ?
2026-09-14T00:41:11.346+07:00 DEBUG 15036 --- [tea-attendance-api] [nio-8080-exec-3] org.hibernate.SQL                        : 
    select
        distinct do1_0.id,
        do1_0.created_at,
        i1_0.order_id,
        i1_0.id,
        i1_0.consumer_member_id,
        c1_0.id,
        c1_0.account_name,
        c1_0.account_number,
        c1_0.active,
        c1_0.avatar_url,
        c1_0.bank_bin,
        c1_0.bank_name,
        c1_0.created_at,
        c1_0.display_name,
        c1_0.email,
        c1_0.password_hash,
        c1_0.qr_code_url,
        c1_0.reset_code_expires_at,
        c1_0.reset_code_hash,
        c1_0.role,
        c1_0.updated_at,
        i1_0.drink_name,
        i1_0.line_total,
        i1_0.quantity,
        i1_0.unit_price,
        do1_0.note,
        do1_0.order_date,
        do1_0.payer_member_id,
        p1_0.id,
        p1_0.account_name,
        p1_0.account_number,
        p1_0.active,
        p1_0.avatar_url,
        p1_0.bank_bin,
        p1_0.bank_name,
        p1_0.created_at,
        p1_0.display_name,
        p1_0.email,
        p1_0.password_hash,
        p1_0.qr_code_url,
        p1_0.reset_code_expires_at,
        p1_0.reset_code_hash,
        p1_0.role,
        p1_0.updated_at,
        do1_0.total_amount,
        do1_0.updated_at 
    from
        drink_orders do1_0 
    join
        members p1_0 
            on p1_0.id=do1_0.payer_member_id 
    left join
        order_items i1_0 
            on do1_0.id=i1_0.order_id 
    left join
        members c1_0 
            on c1_0.id=i1_0.consumer_member_id 
    where
        do1_0.order_date between ? and ? 
    order by
        do1_0.order_date,
        do1_0.id
2026-09-14T00:41:11.350+07:00 DEBUG 15036 --- [tea-attendance-api] [nio-8080-exec-1] org.hibernate.SQL                        : 
    select
        n1_0.id,
        n1_0.body,
        n1_0.created_at,
        n1_0.read_at,
        n1_0.recipient_member_id,
        r1_0.id,
        r1_0.account_name,
        r1_0.account_number,
        r1_0.active,
        r1_0.avatar_url,
        r1_0.bank_bin,
        r1_0.bank_name,
        r1_0.created_at,
        r1_0.display_name,
        r1_0.email,
        r1_0.password_hash,
        r1_0.qr_code_url,
        r1_0.reset_code_expires_at,
        r1_0.reset_code_hash,
        r1_0.role,
        r1_0.updated_at,
        n1_0.settlement_id,
        n1_0.title,
        n1_0.transfer_id,
        n1_0.type 
    from
        notifications n1_0 
    join
        members r1_0 
            on r1_0.id=n1_0.recipient_member_id 
    where
        r1_0.id=? 
    order by
        n1_0.created_at desc
2026-09-14T00:41:11.355+07:00 DEBUG 15036 --- [tea-attendance-api] [nio-8080-exec-7] org.hibernate.SQL                        : 
    select
        a1_0.message_id,
        a1_0.id,
        a1_0.byte_size,
        a1_0.content_type,
        a1_0.created_at,
        a1_0.original_filename,
        a1_0.storage_key 
    from
        chat_attachments a1_0 
    where
        a1_0.message_id=? 
    order by
        a1_0.id
2026-09-14T00:41:11.356+07:00 DEBUG 15036 --- [tea-attendance-api] [nio-8080-exec-9] m.m.a.RequestResponseBodyMethodProcessor : Using 'application/json', given [*/*] and supported [application/json, application/*+json]
2026-09-14T00:41:11.356+07:00 DEBUG 15036 --- [tea-attendance-api] [nio-8080-exec-5] m.m.a.RequestResponseBodyMethodProcessor : Using 'application/json', given [*/*] and supported [application/json, application/*+json]
2026-09-14T00:41:11.358+07:00 DEBUG 15036 --- [tea-attendance-api] [nio-8080-exec-9] m.m.a.RequestResponseBodyMethodProcessor : Writing [[MemberResponse[id=1, displayName=Minh Anh, email=minh.anh@example.test, bankName=MB Bank, bankBin=9 (truncated)...]
2026-09-14T00:41:11.358+07:00 DEBUG 15036 --- [tea-attendance-api] [nio-8080-exec-5] m.m.a.RequestResponseBodyMethodProcessor : Writing [[DrinkCatalogResponse[id=1, name=Tra da, price=5000, icon=?, active=true], DrinkCatalogResponse[id= (truncated)...]
2026-09-14T00:41:11.360+07:00 DEBUG 15036 --- [tea-attendance-api] [nio-8080-exec-5] o.s.web.servlet.DispatcherServlet        : Completed 200 OK
2026-09-14T00:41:11.360+07:00 DEBUG 15036 --- [tea-attendance-api] [nio-8080-exec-9] o.s.web.servlet.DispatcherServlet        : Completed 200 OK
2026-09-14T00:41:11.372+07:00 DEBUG 15036 --- [tea-attendance-api] [nio-8080-exec-7] org.hibernate.SQL                        : 
    select
        a1_0.message_id,
        a1_0.id,
        a1_0.byte_size,
        a1_0.content_type,
        a1_0.created_at,
        a1_0.original_filename,
        a1_0.storage_key 
    from
        chat_attachments a1_0 
    where
        a1_0.message_id=? 
    order by
        a1_0.id
2026-09-14T00:41:11.374+07:00 DEBUG 15036 --- [tea-attendance-api] [nio-8080-exec-3] m.m.a.RequestResponseBodyMethodProcessor : Using 'application/json', given [*/*] and supported [application/json, application/*+json]
2026-09-14T00:41:11.374+07:00 DEBUG 15036 --- [tea-attendance-api] [nio-8080-exec-3] m.m.a.RequestResponseBodyMethodProcessor : Writing [[]]
2026-09-14T00:41:11.376+07:00 DEBUG 15036 --- [tea-attendance-api] [nio-8080-exec-3] o.s.web.servlet.DispatcherServlet        : Completed 200 OK
2026-09-14T00:41:11.386+07:00 DEBUG 15036 --- [tea-attendance-api] [nio-8080-exec-1] m.m.a.RequestResponseBodyMethodProcessor : Using 'application/json', given [*/*] and supported [application/json, application/*+json]
2026-09-14T00:41:11.386+07:00 DEBUG 15036 --- [tea-attendance-api] [nio-8080-exec-7] org.hibernate.SQL                        : 
    select
        a1_0.message_id,
        a1_0.id,
        a1_0.byte_size,
        a1_0.content_type,
        a1_0.created_at,
        a1_0.original_filename,
        a1_0.storage_key 
    from
        chat_attachments a1_0 
    where
        a1_0.message_id=? 
    order by
        a1_0.id
2026-09-14T00:41:11.387+07:00 DEBUG 15036 --- [tea-attendance-api] [nio-8080-exec-1] m.m.a.RequestResponseBodyMethodProcessor : Writing [[]]
2026-09-14T00:41:11.389+07:00 DEBUG 15036 --- [tea-attendance-api] [nio-8080-exec-1] o.s.web.servlet.DispatcherServlet        : Completed 200 OK
2026-09-14T00:41:11.417+07:00 DEBUG 15036 --- [tea-attendance-api] [nio-8080-exec-7] org.hibernate.SQL                        : 
    select
        a1_0.message_id,
        a1_0.id,
        a1_0.byte_size,
        a1_0.content_type,
        a1_0.created_at,
        a1_0.original_filename,
        a1_0.storage_key 
    from
        chat_attachments a1_0 
    where
        a1_0.message_id=? 
    order by
        a1_0.id
2026-09-14T00:41:11.439+07:00 DEBUG 15036 --- [tea-attendance-api] [nio-8080-exec-7] org.hibernate.SQL                        : 
    select
        a1_0.message_id,
        a1_0.id,
        a1_0.byte_size,
        a1_0.content_type,
        a1_0.created_at,
        a1_0.original_filename,
        a1_0.storage_key 
    from
        chat_attachments a1_0 
    where
        a1_0.message_id=? 
    order by
        a1_0.id
2026-09-14T00:41:11.515+07:00 DEBUG 15036 --- [tea-attendance-api] [nio-8080-exec-7] m.m.a.RequestResponseBodyMethodProcessor : Using 'application/json', given [*/*] and supported [application/json, application/*+json]
2026-09-14T00:41:11.517+07:00 DEBUG 15036 --- [tea-attendance-api] [nio-8080-exec-7] m.m.a.RequestResponseBodyMethodProcessor : Writing [[ChatMessageResponse[id=2, sender=MemberBriefResponse[id=1, displayName=Minh Anh, avatarUrl=null], c (truncated)...]
2026-09-14T00:41:11.518+07:00 DEBUG 15036 --- [tea-attendance-api] [nio-8080-exec-7] o.s.web.servlet.DispatcherServlet        : Completed 200 OK
2026-09-14T00:42:00.017+07:00 DEBUG 15036 --- [tea-attendance-api] [MessageBroker-1] org.hibernate.SQL                        : 
    select
        wns1_0.id,
        wns1_0.creditor_body,
        wns1_0.creditor_title,
        wns1_0.debtor_body,
        wns1_0.debtor_title,
        wns1_0.send_day,
        wns1_0.send_time,
        wns1_0.updated_at 
    from
        weekly_notification_settings wns1_0 
    where
        wns1_0.id=?
2026-09-14T00:42:11.307+07:00 DEBUG 15036 --- [tea-attendance-api] [nio-8080-exec-8] o.s.web.servlet.DispatcherServlet        : GET "/api/members?includeInactive=true", parameters={masked}
2026-09-14T00:42:11.308+07:00 DEBUG 15036 --- [tea-attendance-api] [nio-8080-exec-8] s.w.s.m.m.a.RequestMappingHandlerMapping : Mapped to com.trasua.api.MemberController#list(boolean)
2026-09-14T00:42:11.316+07:00 DEBUG 15036 --- [tea-attendance-api] [nio-8080-exec-4] o.s.web.servlet.DispatcherServlet        : GET "/api/drinks?includeInactive=true", parameters={masked}
2026-09-14T00:42:11.317+07:00 DEBUG 15036 --- [tea-attendance-api] [nio-8080-exec-4] s.w.s.m.m.a.RequestMappingHandlerMapping : Mapped to com.trasua.api.DrinkCatalogController#list(boolean)
2026-09-14T00:42:11.319+07:00 DEBUG 15036 --- [tea-attendance-api] [nio-8080-exec-6] o.s.web.servlet.DispatcherServlet        : GET "/api/expenses/range?from=2026-09-14&to=2026-09-20", parameters={masked}
2026-09-14T00:42:11.323+07:00 DEBUG 15036 --- [tea-attendance-api] [nio-8080-exec-6] s.w.s.m.m.a.RequestMappingHandlerMapping : Mapped to com.trasua.api.ExpenseController#range(LocalDate, LocalDate)
2026-09-14T00:42:11.327+07:00 DEBUG 15036 --- [tea-attendance-api] [io-8080-exec-10] o.s.web.servlet.DispatcherServlet        : GET "/api/chat/messages", parameters={}
2026-09-14T00:42:11.328+07:00 DEBUG 15036 --- [tea-attendance-api] [io-8080-exec-10] s.w.s.m.m.a.RequestMappingHandlerMapping : Mapped to com.trasua.api.ChatController#list(Instant, int)
2026-09-14T00:42:11.335+07:00 DEBUG 15036 --- [tea-attendance-api] [nio-8080-exec-2] o.s.web.servlet.DispatcherServlet        : GET "/api/notifications?memberId=6", parameters={masked}
2026-09-14T00:42:11.336+07:00 DEBUG 15036 --- [tea-attendance-api] [nio-8080-exec-2] s.w.s.m.m.a.RequestMappingHandlerMapping : Mapped to com.trasua.api.NotificationController#list(Long)
2026-09-14T00:42:11.344+07:00 DEBUG 15036 --- [tea-attendance-api] [nio-8080-exec-6] org.hibernate.SQL                        : 
    select
        distinct do1_0.id,
        do1_0.created_at,
        i1_0.order_id,
        i1_0.id,
        i1_0.consumer_member_id,
        c1_0.id,
        c1_0.account_name,
        c1_0.account_number,
        c1_0.active,
        c1_0.avatar_url,
        c1_0.bank_bin,
        c1_0.bank_name,
        c1_0.created_at,
        c1_0.display_name,
        c1_0.email,
        c1_0.password_hash,
        c1_0.qr_code_url,
        c1_0.reset_code_expires_at,
        c1_0.reset_code_hash,
        c1_0.role,
        c1_0.updated_at,
        i1_0.drink_name,
        i1_0.line_total,
        i1_0.quantity,
        i1_0.unit_price,
        do1_0.note,
        do1_0.order_date,
        do1_0.payer_member_id,
        p1_0.id,
        p1_0.account_name,
        p1_0.account_number,
        p1_0.active,
        p1_0.avatar_url,
        p1_0.bank_bin,
        p1_0.bank_name,
        p1_0.created_at,
        p1_0.display_name,
        p1_0.email,
        p1_0.password_hash,
        p1_0.qr_code_url,
        p1_0.reset_code_expires_at,
        p1_0.reset_code_hash,
        p1_0.role,
        p1_0.updated_at,
        do1_0.total_amount,
        do1_0.updated_at 
    from
        drink_orders do1_0 
    join
        members p1_0 
            on p1_0.id=do1_0.payer_member_id 
    left join
        order_items i1_0 
            on do1_0.id=i1_0.order_id 
    left join
        members c1_0 
            on c1_0.id=i1_0.consumer_member_id 
    where
        do1_0.order_date between ? and ? 
    order by
        do1_0.order_date,
        do1_0.id
2026-09-14T00:42:11.348+07:00 DEBUG 15036 --- [tea-attendance-api] [nio-8080-exec-2] org.hibernate.SQL                        : 
    select
        n1_0.id,
        n1_0.body,
        n1_0.created_at,
        n1_0.read_at,
        n1_0.recipient_member_id,
        r1_0.id,
        r1_0.account_name,
        r1_0.account_number,
        r1_0.active,
        r1_0.avatar_url,
        r1_0.bank_bin,
        r1_0.bank_name,
        r1_0.created_at,
        r1_0.display_name,
        r1_0.email,
        r1_0.password_hash,
        r1_0.qr_code_url,
        r1_0.reset_code_expires_at,
        r1_0.reset_code_hash,
        r1_0.role,
        r1_0.updated_at,
        n1_0.settlement_id,
        n1_0.title,
        n1_0.transfer_id,
        n1_0.type 
    from
        notifications n1_0 
    join
        members r1_0 
            on r1_0.id=n1_0.recipient_member_id 
    where
        r1_0.id=? 
    order by
        n1_0.created_at desc
2026-09-14T00:42:11.350+07:00 DEBUG 15036 --- [tea-attendance-api] [nio-8080-exec-4] org.hibernate.SQL                        : 
    select
        dci1_0.id,
        dci1_0.active,
        dci1_0.created_at,
        dci1_0.icon,
        dci1_0.name,
        dci1_0.price,
        dci1_0.updated_at 
    from
        drink_catalog dci1_0
2026-09-14T00:42:11.355+07:00 DEBUG 15036 --- [tea-attendance-api] [nio-8080-exec-8] org.hibernate.SQL                        : 
    select
        m1_0.id,
        m1_0.account_name,
        m1_0.account_number,
        m1_0.active,
        m1_0.avatar_url,
        m1_0.bank_bin,
        m1_0.bank_name,
        m1_0.created_at,
        m1_0.display_name,
        m1_0.email,
        m1_0.password_hash,
        m1_0.qr_code_url,
        m1_0.reset_code_expires_at,
        m1_0.reset_code_hash,
        m1_0.role,
        m1_0.updated_at 
    from
        members m1_0
2026-09-14T00:42:11.358+07:00 DEBUG 15036 --- [tea-attendance-api] [io-8080-exec-10] org.hibernate.SQL                        : 
    select
        distinct cm1_0.id,
        cm1_0.content,
        cm1_0.created_at,
        cm1_0.deleted_at,
        rt1_0.id,
        rt1_0.content,
        rt1_0.created_at,
        rt1_0.deleted_at,
        rt1_0.reply_to_message_id,
        rt1_0.sender_member_id,
        s2_0.id,
        s2_0.account_name,
        s2_0.account_number,
        s2_0.active,
        s2_0.avatar_url,
        s2_0.bank_bin,
        s2_0.bank_name,
        s2_0.created_at,
        s2_0.display_name,
        s2_0.email,
        s2_0.password_hash,
        s2_0.qr_code_url,
        s2_0.reset_code_expires_at,
        s2_0.reset_code_hash,
        s2_0.role,
        s2_0.updated_at,
        cm1_0.sender_member_id,
        s1_0.id,
        s1_0.account_name,
        s1_0.account_number,
        s1_0.active,
        s1_0.avatar_url,
        s1_0.bank_bin,
        s1_0.bank_name,
        s1_0.created_at,
        s1_0.display_name,
        s1_0.email,
        s1_0.password_hash,
        s1_0.qr_code_url,
        s1_0.reset_code_expires_at,
        s1_0.reset_code_hash,
        s1_0.role,
        s1_0.updated_at 
    from
        chat_messages cm1_0 
    join
        members s1_0 
            on s1_0.id=cm1_0.sender_member_id 
    left join
        chat_messages rt1_0 
            on rt1_0.id=cm1_0.reply_to_message_id 
    left join
        members s2_0 
            on s2_0.id=rt1_0.sender_member_id 
    order by
        cm1_0.created_at desc 
    limit
        ?
2026-09-14T00:42:11.366+07:00 DEBUG 15036 --- [tea-attendance-api] [io-8080-exec-10] org.hibernate.SQL                        : 
    select
        a1_0.message_id,
        a1_0.id,
        a1_0.byte_size,
        a1_0.content_type,
        a1_0.created_at,
        a1_0.original_filename,
        a1_0.storage_key 
    from
        chat_attachments a1_0 
    where
        a1_0.message_id=? 
    order by
        a1_0.id
2026-09-14T00:42:11.375+07:00 DEBUG 15036 --- [tea-attendance-api] [io-8080-exec-10] org.hibernate.SQL                        : 
    select
        a1_0.message_id,
        a1_0.id,
        a1_0.byte_size,
        a1_0.content_type,
        a1_0.created_at,
        a1_0.original_filename,
        a1_0.storage_key 
    from
        chat_attachments a1_0 
    where
        a1_0.message_id=? 
    order by
        a1_0.id
2026-09-14T00:42:11.381+07:00 DEBUG 15036 --- [tea-attendance-api] [nio-8080-exec-6] m.m.a.RequestResponseBodyMethodProcessor : Using 'application/json', given [*/*] and supported [application/json, application/*+json]
2026-09-14T00:42:11.381+07:00 DEBUG 15036 --- [tea-attendance-api] [nio-8080-exec-2] m.m.a.RequestResponseBodyMethodProcessor : Using 'application/json', given [*/*] and supported [application/json, application/*+json]
2026-09-14T00:42:11.382+07:00 DEBUG 15036 --- [tea-attendance-api] [nio-8080-exec-6] m.m.a.RequestResponseBodyMethodProcessor : Writing [[]]
2026-09-14T00:42:11.383+07:00 DEBUG 15036 --- [tea-attendance-api] [nio-8080-exec-2] m.m.a.RequestResponseBodyMethodProcessor : Writing [[]]
2026-09-14T00:42:11.384+07:00 DEBUG 15036 --- [tea-attendance-api] [nio-8080-exec-6] o.s.web.servlet.DispatcherServlet        : Completed 200 OK
2026-09-14T00:42:11.384+07:00 DEBUG 15036 --- [tea-attendance-api] [nio-8080-exec-2] o.s.web.servlet.DispatcherServlet        : Completed 200 OK
2026-09-14T00:42:11.397+07:00 DEBUG 15036 --- [tea-attendance-api] [nio-8080-exec-4] m.m.a.RequestResponseBodyMethodProcessor : Using 'application/json', given [*/*] and supported [application/json, application/*+json]
2026-09-14T00:42:11.397+07:00 DEBUG 15036 --- [tea-attendance-api] [io-8080-exec-10] org.hibernate.SQL                        : 
    select
        a1_0.message_id,
        a1_0.id,
        a1_0.byte_size,
        a1_0.content_type,
        a1_0.created_at,
        a1_0.original_filename,
        a1_0.storage_key 
    from
        chat_attachments a1_0 
    where
        a1_0.message_id=? 
    order by
        a1_0.id
2026-09-14T00:42:11.398+07:00 DEBUG 15036 --- [tea-attendance-api] [nio-8080-exec-4] m.m.a.RequestResponseBodyMethodProcessor : Writing [[DrinkCatalogResponse[id=1, name=Tra da, price=5000, icon=?, active=true], DrinkCatalogResponse[id= (truncated)...]
2026-09-14T00:42:11.400+07:00 DEBUG 15036 --- [tea-attendance-api] [nio-8080-exec-4] o.s.web.servlet.DispatcherServlet        : Completed 200 OK
2026-09-14T00:42:11.409+07:00 DEBUG 15036 --- [tea-attendance-api] [nio-8080-exec-8] m.m.a.RequestResponseBodyMethodProcessor : Using 'application/json', given [*/*] and supported [application/json, application/*+json]
2026-09-14T00:42:11.410+07:00 DEBUG 15036 --- [tea-attendance-api] [io-8080-exec-10] org.hibernate.SQL                        : 
    select
        a1_0.message_id,
        a1_0.id,
        a1_0.byte_size,
        a1_0.content_type,
        a1_0.created_at,
        a1_0.original_filename,
        a1_0.storage_key 
    from
        chat_attachments a1_0 
    where
        a1_0.message_id=? 
    order by
        a1_0.id
2026-09-14T00:42:11.411+07:00 DEBUG 15036 --- [tea-attendance-api] [nio-8080-exec-8] m.m.a.RequestResponseBodyMethodProcessor : Writing [[MemberResponse[id=1, displayName=Minh Anh, email=minh.anh@example.test, bankName=MB Bank, bankBin=9 (truncated)...]
2026-09-14T00:42:11.413+07:00 DEBUG 15036 --- [tea-attendance-api] [nio-8080-exec-8] o.s.web.servlet.DispatcherServlet        : Completed 200 OK
2026-09-14T00:42:11.420+07:00 DEBUG 15036 --- [tea-attendance-api] [io-8080-exec-10] org.hibernate.SQL                        : 
    select
        a1_0.message_id,
        a1_0.id,
        a1_0.byte_size,
        a1_0.content_type,
        a1_0.created_at,
        a1_0.original_filename,
        a1_0.storage_key 
    from
        chat_attachments a1_0 
    where
        a1_0.message_id=? 
    order by
        a1_0.id
2026-09-14T00:42:11.452+07:00 DEBUG 15036 --- [tea-attendance-api] [io-8080-exec-10] m.m.a.RequestResponseBodyMethodProcessor : Using 'application/json', given [*/*] and supported [application/json, application/*+json]
2026-09-14T00:42:11.453+07:00 DEBUG 15036 --- [tea-attendance-api] [io-8080-exec-10] m.m.a.RequestResponseBodyMethodProcessor : Writing [[ChatMessageResponse[id=2, sender=MemberBriefResponse[id=1, displayName=Minh Anh, avatarUrl=null], c (truncated)...]
2026-09-14T00:42:11.454+07:00 DEBUG 15036 --- [tea-attendance-api] [io-8080-exec-10] o.s.web.servlet.DispatcherServlet        : Completed 200 OK
2026-09-14T00:43:00.015+07:00 DEBUG 15036 --- [tea-attendance-api] [MessageBroker-7] org.hibernate.SQL                        : 
    select
        wns1_0.id,
        wns1_0.creditor_body,
        wns1_0.creditor_title,
        wns1_0.debtor_body,
        wns1_0.debtor_title,
        wns1_0.send_day,
        wns1_0.send_time,
        wns1_0.updated_at 
    from
        weekly_notification_settings wns1_0 
    where
        wns1_0.id=?
2026-09-14T00:43:11.308+07:00 DEBUG 15036 --- [tea-attendance-api] [nio-8080-exec-5] o.s.web.servlet.DispatcherServlet        : GET "/api/members?includeInactive=true", parameters={masked}
2026-09-14T00:43:11.308+07:00 DEBUG 15036 --- [tea-attendance-api] [nio-8080-exec-9] o.s.web.servlet.DispatcherServlet        : GET "/api/drinks?includeInactive=true", parameters={masked}
2026-09-14T00:43:11.309+07:00 DEBUG 15036 --- [tea-attendance-api] [nio-8080-exec-5] s.w.s.m.m.a.RequestMappingHandlerMapping : Mapped to com.trasua.api.MemberController#list(boolean)
2026-09-14T00:43:11.309+07:00 DEBUG 15036 --- [tea-attendance-api] [nio-8080-exec-9] s.w.s.m.m.a.RequestMappingHandlerMapping : Mapped to com.trasua.api.DrinkCatalogController#list(boolean)
2026-09-14T00:43:11.310+07:00 DEBUG 15036 --- [tea-attendance-api] [nio-8080-exec-3] o.s.web.servlet.DispatcherServlet        : GET "/api/expenses/range?from=2026-09-14&to=2026-09-20", parameters={masked}
2026-09-14T00:43:11.311+07:00 DEBUG 15036 --- [tea-attendance-api] [nio-8080-exec-3] s.w.s.m.m.a.RequestMappingHandlerMapping : Mapped to com.trasua.api.ExpenseController#range(LocalDate, LocalDate)
2026-09-14T00:43:11.312+07:00 DEBUG 15036 --- [tea-attendance-api] [nio-8080-exec-7] o.s.web.servlet.DispatcherServlet        : GET "/api/notifications?memberId=6", parameters={masked}
2026-09-14T00:43:11.312+07:00 DEBUG 15036 --- [tea-attendance-api] [nio-8080-exec-1] o.s.web.servlet.DispatcherServlet        : GET "/api/chat/messages", parameters={}
2026-09-14T00:43:11.313+07:00 DEBUG 15036 --- [tea-attendance-api] [nio-8080-exec-7] s.w.s.m.m.a.RequestMappingHandlerMapping : Mapped to com.trasua.api.NotificationController#list(Long)
2026-09-14T00:43:11.313+07:00 DEBUG 15036 --- [tea-attendance-api] [nio-8080-exec-1] s.w.s.m.m.a.RequestMappingHandlerMapping : Mapped to com.trasua.api.ChatController#list(Instant, int)
2026-09-14T00:43:11.323+07:00 DEBUG 15036 --- [tea-attendance-api] [nio-8080-exec-5] org.hibernate.SQL                        : 
    select
        m1_0.id,
        m1_0.account_name,
        m1_0.account_number,
        m1_0.active,
        m1_0.avatar_url,
        m1_0.bank_bin,
        m1_0.bank_name,
        m1_0.created_at,
        m1_0.display_name,
        m1_0.email,
        m1_0.password_hash,
        m1_0.qr_code_url,
        m1_0.reset_code_expires_at,
        m1_0.reset_code_hash,
        m1_0.role,
        m1_0.updated_at 
    from
        members m1_0
2026-09-14T00:43:11.323+07:00 DEBUG 15036 --- [tea-attendance-api] [nio-8080-exec-9] org.hibernate.SQL                        : 
    select
        dci1_0.id,
        dci1_0.active,
        dci1_0.created_at,
        dci1_0.icon,
        dci1_0.name,
        dci1_0.price,
        dci1_0.updated_at 
    from
        drink_catalog dci1_0
2026-09-14T00:43:11.326+07:00 DEBUG 15036 --- [tea-attendance-api] [nio-8080-exec-3] org.hibernate.SQL                        : 
    select
        distinct do1_0.id,
        do1_0.created_at,
        i1_0.order_id,
        i1_0.id,
        i1_0.consumer_member_id,
        c1_0.id,
        c1_0.account_name,
        c1_0.account_number,
        c1_0.active,
        c1_0.avatar_url,
        c1_0.bank_bin,
        c1_0.bank_name,
        c1_0.created_at,
        c1_0.display_name,
        c1_0.email,
        c1_0.password_hash,
        c1_0.qr_code_url,
        c1_0.reset_code_expires_at,
        c1_0.reset_code_hash,
        c1_0.role,
        c1_0.updated_at,
        i1_0.drink_name,
        i1_0.line_total,
        i1_0.quantity,
        i1_0.unit_price,
        do1_0.note,
        do1_0.order_date,
        do1_0.payer_member_id,
        p1_0.id,
        p1_0.account_name,
        p1_0.account_number,
        p1_0.active,
        p1_0.avatar_url,
        p1_0.bank_bin,
        p1_0.bank_name,
        p1_0.created_at,
        p1_0.display_name,
        p1_0.email,
        p1_0.password_hash,
        p1_0.qr_code_url,
        p1_0.reset_code_expires_at,
        p1_0.reset_code_hash,
        p1_0.role,
        p1_0.updated_at,
        do1_0.total_amount,
        do1_0.updated_at 
    from
        drink_orders do1_0 
    join
        members p1_0 
            on p1_0.id=do1_0.payer_member_id 
    left join
        order_items i1_0 
            on do1_0.id=i1_0.order_id 
    left join
        members c1_0 
            on c1_0.id=i1_0.consumer_member_id 
    where
        do1_0.order_date between ? and ? 
    order by
        do1_0.order_date,
        do1_0.id
2026-09-14T00:43:11.330+07:00 DEBUG 15036 --- [tea-attendance-api] [nio-8080-exec-1] org.hibernate.SQL                        : 
    select
        distinct cm1_0.id,
        cm1_0.content,
        cm1_0.created_at,
        cm1_0.deleted_at,
        rt1_0.id,
        rt1_0.content,
        rt1_0.created_at,
        rt1_0.deleted_at,
        rt1_0.reply_to_message_id,
        rt1_0.sender_member_id,
        s2_0.id,
        s2_0.account_name,
        s2_0.account_number,
        s2_0.active,
        s2_0.avatar_url,
        s2_0.bank_bin,
        s2_0.bank_name,
        s2_0.created_at,
        s2_0.display_name,
        s2_0.email,
        s2_0.password_hash,
        s2_0.qr_code_url,
        s2_0.reset_code_expires_at,
        s2_0.reset_code_hash,
        s2_0.role,
        s2_0.updated_at,
        cm1_0.sender_member_id,
        s1_0.id,
        s1_0.account_name,
        s1_0.account_number,
        s1_0.active,
        s1_0.avatar_url,
        s1_0.bank_bin,
        s1_0.bank_name,
        s1_0.created_at,
        s1_0.display_name,
        s1_0.email,
        s1_0.password_hash,
        s1_0.qr_code_url,
        s1_0.reset_code_expires_at,
        s1_0.reset_code_hash,
        s1_0.role,
        s1_0.updated_at 
    from
        chat_messages cm1_0 
    join
        members s1_0 
            on s1_0.id=cm1_0.sender_member_id 
    left join
        chat_messages rt1_0 
            on rt1_0.id=cm1_0.reply_to_message_id 
    left join
        members s2_0 
            on s2_0.id=rt1_0.sender_member_id 
    order by
        cm1_0.created_at desc 
    limit
        ?
2026-09-14T00:43:11.331+07:00 DEBUG 15036 --- [tea-attendance-api] [nio-8080-exec-7] org.hibernate.SQL                        : 
    select
        n1_0.id,
        n1_0.body,
        n1_0.created_at,
        n1_0.read_at,
        n1_0.recipient_member_id,
        r1_0.id,
        r1_0.account_name,
        r1_0.account_number,
        r1_0.active,
        r1_0.avatar_url,
        r1_0.bank_bin,
        r1_0.bank_name,
        r1_0.created_at,
        r1_0.display_name,
        r1_0.email,
        r1_0.password_hash,
        r1_0.qr_code_url,
        r1_0.reset_code_expires_at,
        r1_0.reset_code_hash,
        r1_0.role,
        r1_0.updated_at,
        n1_0.settlement_id,
        n1_0.title,
        n1_0.transfer_id,
        n1_0.type 
    from
        notifications n1_0 
    join
        members r1_0 
            on r1_0.id=n1_0.recipient_member_id 
    where
        r1_0.id=? 
    order by
        n1_0.created_at desc
2026-09-14T00:43:11.337+07:00 DEBUG 15036 --- [tea-attendance-api] [nio-8080-exec-1] org.hibernate.SQL                        : 
    select
        a1_0.message_id,
        a1_0.id,
        a1_0.byte_size,
        a1_0.content_type,
        a1_0.created_at,
        a1_0.original_filename,
        a1_0.storage_key 
    from
        chat_attachments a1_0 
    where
        a1_0.message_id=? 
    order by
        a1_0.id
2026-09-14T00:43:11.345+07:00 DEBUG 15036 --- [tea-attendance-api] [nio-8080-exec-1] org.hibernate.SQL                        : 
    select
        a1_0.message_id,
        a1_0.id,
        a1_0.byte_size,
        a1_0.content_type,
        a1_0.created_at,
        a1_0.original_filename,
        a1_0.storage_key 
    from
        chat_attachments a1_0 
    where
        a1_0.message_id=? 
    order by
        a1_0.id
2026-09-14T00:43:11.346+07:00 DEBUG 15036 --- [tea-attendance-api] [nio-8080-exec-5] m.m.a.RequestResponseBodyMethodProcessor : Using 'application/json', given [*/*] and supported [application/json, application/*+json]
2026-09-14T00:43:11.347+07:00 DEBUG 15036 --- [tea-attendance-api] [nio-8080-exec-5] m.m.a.RequestResponseBodyMethodProcessor : Writing [[MemberResponse[id=1, displayName=Minh Anh, email=minh.anh@example.test, bankName=MB Bank, bankBin=9 (truncated)...]
2026-09-14T00:43:11.349+07:00 DEBUG 15036 --- [tea-attendance-api] [nio-8080-exec-5] o.s.web.servlet.DispatcherServlet        : Completed 200 OK
2026-09-14T00:43:11.353+07:00 DEBUG 15036 --- [tea-attendance-api] [nio-8080-exec-3] m.m.a.RequestResponseBodyMethodProcessor : Using 'application/json', given [*/*] and supported [application/json, application/*+json]
2026-09-14T00:43:11.353+07:00 DEBUG 15036 --- [tea-attendance-api] [nio-8080-exec-9] m.m.a.RequestResponseBodyMethodProcessor : Using 'application/json', given [*/*] and supported [application/json, application/*+json]
2026-09-14T00:43:11.354+07:00 DEBUG 15036 --- [tea-attendance-api] [nio-8080-exec-3] m.m.a.RequestResponseBodyMethodProcessor : Writing [[]]
2026-09-14T00:43:11.354+07:00 DEBUG 15036 --- [tea-attendance-api] [nio-8080-exec-9] m.m.a.RequestResponseBodyMethodProcessor : Writing [[DrinkCatalogResponse[id=1, name=Tra da, price=5000, icon=?, active=true], DrinkCatalogResponse[id= (truncated)...]
2026-09-14T00:43:11.355+07:00 DEBUG 15036 --- [tea-attendance-api] [nio-8080-exec-3] o.s.web.servlet.DispatcherServlet        : Completed 200 OK
2026-09-14T00:43:11.356+07:00 DEBUG 15036 --- [tea-attendance-api] [nio-8080-exec-9] o.s.web.servlet.DispatcherServlet        : Completed 200 OK
2026-09-14T00:43:11.356+07:00 DEBUG 15036 --- [tea-attendance-api] [nio-8080-exec-7] m.m.a.RequestResponseBodyMethodProcessor : Using 'application/json', given [*/*] and supported [application/json, application/*+json]
2026-09-14T00:43:11.356+07:00 DEBUG 15036 --- [tea-attendance-api] [nio-8080-exec-1] org.hibernate.SQL                        : 
    select
        a1_0.message_id,
        a1_0.id,
        a1_0.byte_size,
        a1_0.content_type,
        a1_0.created_at,
        a1_0.original_filename,
        a1_0.storage_key 
    from
        chat_attachments a1_0 
    where
        a1_0.message_id=? 
    order by
        a1_0.id
2026-09-14T00:43:11.357+07:00 DEBUG 15036 --- [tea-attendance-api] [nio-8080-exec-7] m.m.a.RequestResponseBodyMethodProcessor : Writing [[]]
2026-09-14T00:43:11.358+07:00 DEBUG 15036 --- [tea-attendance-api] [nio-8080-exec-7] o.s.web.servlet.DispatcherServlet        : Completed 200 OK
2026-09-14T00:43:11.366+07:00 DEBUG 15036 --- [tea-attendance-api] [nio-8080-exec-1] org.hibernate.SQL                        : 
    select
        a1_0.message_id,
        a1_0.id,
        a1_0.byte_size,
        a1_0.content_type,
        a1_0.created_at,
        a1_0.original_filename,
        a1_0.storage_key 
    from
        chat_attachments a1_0 
    where
        a1_0.message_id=? 
    order by
        a1_0.id
2026-09-14T00:43:11.369+07:00 DEBUG 15036 --- [tea-attendance-api] [nio-8080-exec-1] org.hibernate.SQL                        : 
    select
        a1_0.message_id,
        a1_0.id,
        a1_0.byte_size,
        a1_0.content_type,
        a1_0.created_at,
        a1_0.original_filename,
        a1_0.storage_key 
    from
        chat_attachments a1_0 
    where
        a1_0.message_id=? 
    order by
        a1_0.id
2026-09-14T00:43:11.385+07:00 DEBUG 15036 --- [tea-attendance-api] [nio-8080-exec-1] m.m.a.RequestResponseBodyMethodProcessor : Using 'application/json', given [*/*] and supported [application/json, application/*+json]
2026-09-14T00:43:11.386+07:00 DEBUG 15036 --- [tea-attendance-api] [nio-8080-exec-1] m.m.a.RequestResponseBodyMethodProcessor : Writing [[ChatMessageResponse[id=2, sender=MemberBriefResponse[id=1, displayName=Minh Anh, avatarUrl=null], c (truncated)...]
2026-09-14T00:43:11.387+07:00 DEBUG 15036 --- [tea-attendance-api] [nio-8080-exec-1] o.s.web.servlet.DispatcherServlet        : Completed 200 OK
2026-09-14T00:44:00.013+07:00 DEBUG 15036 --- [tea-attendance-api] [MessageBroker-7] org.hibernate.SQL                        : 
    select
        wns1_0.id,
        wns1_0.creditor_body,
        wns1_0.creditor_title,
        wns1_0.debtor_body,
        wns1_0.debtor_title,
        wns1_0.send_day,
        wns1_0.send_time,
        wns1_0.updated_at 
    from
        weekly_notification_settings wns1_0 
    where
        wns1_0.id=?
2026-09-14T00:44:11.430+07:00 DEBUG 15036 --- [tea-attendance-api] [nio-8080-exec-6] o.s.web.servlet.DispatcherServlet        : GET "/api/members?includeInactive=true", parameters={masked}
2026-09-14T00:44:11.430+07:00 DEBUG 15036 --- [tea-attendance-api] [nio-8080-exec-4] o.s.web.servlet.DispatcherServlet        : GET "/api/expenses/range?from=2026-09-14&to=2026-09-20", parameters={masked}
2026-09-14T00:44:11.431+07:00 DEBUG 15036 --- [tea-attendance-api] [nio-8080-exec-6] s.w.s.m.m.a.RequestMappingHandlerMapping : Mapped to com.trasua.api.MemberController#list(boolean)
2026-09-14T00:44:11.431+07:00 DEBUG 15036 --- [tea-attendance-api] [nio-8080-exec-8] o.s.web.servlet.DispatcherServlet        : GET "/api/chat/messages", parameters={}
2026-09-14T00:44:11.431+07:00 DEBUG 15036 --- [tea-attendance-api] [nio-8080-exec-2] o.s.web.servlet.DispatcherServlet        : GET "/api/drinks?includeInactive=true", parameters={masked}
2026-09-14T00:44:11.432+07:00 DEBUG 15036 --- [tea-attendance-api] [nio-8080-exec-4] s.w.s.m.m.a.RequestMappingHandlerMapping : Mapped to com.trasua.api.ExpenseController#range(LocalDate, LocalDate)
2026-09-14T00:44:11.433+07:00 DEBUG 15036 --- [tea-attendance-api] [nio-8080-exec-8] s.w.s.m.m.a.RequestMappingHandlerMapping : Mapped to com.trasua.api.ChatController#list(Instant, int)
2026-09-14T00:44:11.433+07:00 DEBUG 15036 --- [tea-attendance-api] [io-8080-exec-10] o.s.web.servlet.DispatcherServlet        : GET "/api/notifications?memberId=6", parameters={masked}
2026-09-14T00:44:11.433+07:00 DEBUG 15036 --- [tea-attendance-api] [nio-8080-exec-2] s.w.s.m.m.a.RequestMappingHandlerMapping : Mapped to com.trasua.api.DrinkCatalogController#list(boolean)
2026-09-14T00:44:11.435+07:00 DEBUG 15036 --- [tea-attendance-api] [io-8080-exec-10] s.w.s.m.m.a.RequestMappingHandlerMapping : Mapped to com.trasua.api.NotificationController#list(Long)
2026-09-14T00:44:11.461+07:00 DEBUG 15036 --- [tea-attendance-api] [nio-8080-exec-8] org.hibernate.SQL                        : 
    select
        distinct cm1_0.id,
        cm1_0.content,
        cm1_0.created_at,
        cm1_0.deleted_at,
        rt1_0.id,
        rt1_0.content,
        rt1_0.created_at,
        rt1_0.deleted_at,
        rt1_0.reply_to_message_id,
        rt1_0.sender_member_id,
        s2_0.id,
        s2_0.account_name,
        s2_0.account_number,
        s2_0.active,
        s2_0.avatar_url,
        s2_0.bank_bin,
        s2_0.bank_name,
        s2_0.created_at,
        s2_0.display_name,
        s2_0.email,
        s2_0.password_hash,
        s2_0.qr_code_url,
        s2_0.reset_code_expires_at,
        s2_0.reset_code_hash,
        s2_0.role,
        s2_0.updated_at,
        cm1_0.sender_member_id,
        s1_0.id,
        s1_0.account_name,
        s1_0.account_number,
        s1_0.active,
        s1_0.avatar_url,
        s1_0.bank_bin,
        s1_0.bank_name,
        s1_0.created_at,
        s1_0.display_name,
        s1_0.email,
        s1_0.password_hash,
        s1_0.qr_code_url,
        s1_0.reset_code_expires_at,
        s1_0.reset_code_hash,
        s1_0.role,
        s1_0.updated_at 
    from
        chat_messages cm1_0 
    join
        members s1_0 
            on s1_0.id=cm1_0.sender_member_id 
    left join
        chat_messages rt1_0 
            on rt1_0.id=cm1_0.reply_to_message_id 
    left join
        members s2_0 
            on s2_0.id=rt1_0.sender_member_id 
    order by
        cm1_0.created_at desc 
    limit
        ?
2026-09-14T00:44:11.463+07:00 DEBUG 15036 --- [tea-attendance-api] [nio-8080-exec-4] org.hibernate.SQL                        : 
    select
        distinct do1_0.id,
        do1_0.created_at,
        i1_0.order_id,
        i1_0.id,
        i1_0.consumer_member_id,
        c1_0.id,
        c1_0.account_name,
        c1_0.account_number,
        c1_0.active,
        c1_0.avatar_url,
        c1_0.bank_bin,
        c1_0.bank_name,
        c1_0.created_at,
        c1_0.display_name,
        c1_0.email,
        c1_0.password_hash,
        c1_0.qr_code_url,
        c1_0.reset_code_expires_at,
        c1_0.reset_code_hash,
        c1_0.role,
        c1_0.updated_at,
        i1_0.drink_name,
        i1_0.line_total,
        i1_0.quantity,
        i1_0.unit_price,
        do1_0.note,
        do1_0.order_date,
        do1_0.payer_member_id,
        p1_0.id,
        p1_0.account_name,
        p1_0.account_number,
        p1_0.active,
        p1_0.avatar_url,
        p1_0.bank_bin,
        p1_0.bank_name,
        p1_0.created_at,
        p1_0.display_name,
        p1_0.email,
        p1_0.password_hash,
        p1_0.qr_code_url,
        p1_0.reset_code_expires_at,
        p1_0.reset_code_hash,
        p1_0.role,
        p1_0.updated_at,
        do1_0.total_amount,
        do1_0.updated_at 
    from
        drink_orders do1_0 
    join
        members p1_0 
            on p1_0.id=do1_0.payer_member_id 
    left join
        order_items i1_0 
            on do1_0.id=i1_0.order_id 
    left join
        members c1_0 
            on c1_0.id=i1_0.consumer_member_id 
    where
        do1_0.order_date between ? and ? 
    order by
        do1_0.order_date,
        do1_0.id
2026-09-14T00:44:11.464+07:00 DEBUG 15036 --- [tea-attendance-api] [nio-8080-exec-2] org.hibernate.SQL                        : 
    select
        dci1_0.id,
        dci1_0.active,
        dci1_0.created_at,
        dci1_0.icon,
        dci1_0.name,
        dci1_0.price,
        dci1_0.updated_at 
    from
        drink_catalog dci1_0
2026-09-14T00:44:11.464+07:00 DEBUG 15036 --- [tea-attendance-api] [nio-8080-exec-6] org.hibernate.SQL                        : 
    select
        m1_0.id,
        m1_0.account_name,
        m1_0.account_number,
        m1_0.active,
        m1_0.avatar_url,
        m1_0.bank_bin,
        m1_0.bank_name,
        m1_0.created_at,
        m1_0.display_name,
        m1_0.email,
        m1_0.password_hash,
        m1_0.qr_code_url,
        m1_0.reset_code_expires_at,
        m1_0.reset_code_hash,
        m1_0.role,
        m1_0.updated_at 
    from
        members m1_0
2026-09-14T00:44:11.470+07:00 DEBUG 15036 --- [tea-attendance-api] [io-8080-exec-10] org.hibernate.SQL                        : 
    select
        n1_0.id,
        n1_0.body,
        n1_0.created_at,
        n1_0.read_at,
        n1_0.recipient_member_id,
        r1_0.id,
        r1_0.account_name,
        r1_0.account_number,
        r1_0.active,
        r1_0.avatar_url,
        r1_0.bank_bin,
        r1_0.bank_name,
        r1_0.created_at,
        r1_0.display_name,
        r1_0.email,
        r1_0.password_hash,
        r1_0.qr_code_url,
        r1_0.reset_code_expires_at,
        r1_0.reset_code_hash,
        r1_0.role,
        r1_0.updated_at,
        n1_0.settlement_id,
        n1_0.title,
        n1_0.transfer_id,
        n1_0.type 
    from
        notifications n1_0 
    join
        members r1_0 
            on r1_0.id=n1_0.recipient_member_id 
    where
        r1_0.id=? 
    order by
        n1_0.created_at desc
2026-09-14T00:44:11.527+07:00 DEBUG 15036 --- [tea-attendance-api] [nio-8080-exec-8] org.hibernate.SQL                        : 
    select
        a1_0.message_id,
        a1_0.id,
        a1_0.byte_size,
        a1_0.content_type,
        a1_0.created_at,
        a1_0.original_filename,
        a1_0.storage_key 
    from
        chat_attachments a1_0 
    where
        a1_0.message_id=? 
    order by
        a1_0.id
2026-09-14T00:44:11.533+07:00 DEBUG 15036 --- [tea-attendance-api] [nio-8080-exec-8] org.hibernate.SQL                        : 
    select
        a1_0.message_id,
        a1_0.id,
        a1_0.byte_size,
        a1_0.content_type,
        a1_0.created_at,
        a1_0.original_filename,
        a1_0.storage_key 
    from
        chat_attachments a1_0 
    where
        a1_0.message_id=? 
    order by
        a1_0.id
2026-09-14T00:44:11.565+07:00 DEBUG 15036 --- [tea-attendance-api] [nio-8080-exec-8] org.hibernate.SQL                        : 
    select
        a1_0.message_id,
        a1_0.id,
        a1_0.byte_size,
        a1_0.content_type,
        a1_0.created_at,
        a1_0.original_filename,
        a1_0.storage_key 
    from
        chat_attachments a1_0 
    where
        a1_0.message_id=? 
    order by
        a1_0.id
2026-09-14T00:44:11.571+07:00 DEBUG 15036 --- [tea-attendance-api] [nio-8080-exec-4] m.m.a.RequestResponseBodyMethodProcessor : Using 'application/json', given [*/*] and supported [application/json, application/*+json]
2026-09-14T00:44:11.571+07:00 DEBUG 15036 --- [tea-attendance-api] [nio-8080-exec-6] m.m.a.RequestResponseBodyMethodProcessor : Using 'application/json', given [*/*] and supported [application/json, application/*+json]
2026-09-14T00:44:11.572+07:00 DEBUG 15036 --- [tea-attendance-api] [nio-8080-exec-2] m.m.a.RequestResponseBodyMethodProcessor : Using 'application/json', given [*/*] and supported [application/json, application/*+json]
2026-09-14T00:44:11.572+07:00 DEBUG 15036 --- [tea-attendance-api] [nio-8080-exec-8] org.hibernate.SQL                        : 
    select
        a1_0.message_id,
        a1_0.id,
        a1_0.byte_size,
        a1_0.content_type,
        a1_0.created_at,
        a1_0.original_filename,
        a1_0.storage_key 
    from
        chat_attachments a1_0 
    where
        a1_0.message_id=? 
    order by
        a1_0.id
2026-09-14T00:44:11.572+07:00 DEBUG 15036 --- [tea-attendance-api] [nio-8080-exec-4] m.m.a.RequestResponseBodyMethodProcessor : Writing [[]]
2026-09-14T00:44:11.573+07:00 DEBUG 15036 --- [tea-attendance-api] [nio-8080-exec-6] m.m.a.RequestResponseBodyMethodProcessor : Writing [[MemberResponse[id=1, displayName=Minh Anh, email=minh.anh@example.test, bankName=MB Bank, bankBin=9 (truncated)...]
2026-09-14T00:44:11.574+07:00 DEBUG 15036 --- [tea-attendance-api] [nio-8080-exec-2] m.m.a.RequestResponseBodyMethodProcessor : Writing [[DrinkCatalogResponse[id=1, name=Tra da, price=5000, icon=?, active=true], DrinkCatalogResponse[id= (truncated)...]
2026-09-14T00:44:11.575+07:00 DEBUG 15036 --- [tea-attendance-api] [nio-8080-exec-4] o.s.web.servlet.DispatcherServlet        : Completed 200 OK
2026-09-14T00:44:11.576+07:00 DEBUG 15036 --- [tea-attendance-api] [nio-8080-exec-2] o.s.web.servlet.DispatcherServlet        : Completed 200 OK
2026-09-14T00:44:11.576+07:00 DEBUG 15036 --- [tea-attendance-api] [nio-8080-exec-6] o.s.web.servlet.DispatcherServlet        : Completed 200 OK
2026-09-14T00:44:11.593+07:00 DEBUG 15036 --- [tea-attendance-api] [io-8080-exec-10] m.m.a.RequestResponseBodyMethodProcessor : Using 'application/json', given [*/*] and supported [application/json, application/*+json]
2026-09-14T00:44:11.599+07:00 DEBUG 15036 --- [tea-attendance-api] [io-8080-exec-10] m.m.a.RequestResponseBodyMethodProcessor : Writing [[]]
2026-09-14T00:44:11.601+07:00 DEBUG 15036 --- [tea-attendance-api] [io-8080-exec-10] o.s.web.servlet.DispatcherServlet        : Completed 200 OK
2026-09-14T00:44:11.613+07:00 DEBUG 15036 --- [tea-attendance-api] [nio-8080-exec-8] org.hibernate.SQL                        : 
    select
        a1_0.message_id,
        a1_0.id,
        a1_0.byte_size,
        a1_0.content_type,
        a1_0.created_at,
        a1_0.original_filename,
        a1_0.storage_key 
    from
        chat_attachments a1_0 
    where
        a1_0.message_id=? 
    order by
        a1_0.id
2026-09-14T00:44:11.686+07:00 DEBUG 15036 --- [tea-attendance-api] [nio-8080-exec-8] m.m.a.RequestResponseBodyMethodProcessor : Using 'application/json', given [*/*] and supported [application/json, application/*+json]
2026-09-14T00:44:11.689+07:00 DEBUG 15036 --- [tea-attendance-api] [nio-8080-exec-8] m.m.a.RequestResponseBodyMethodProcessor : Writing [[ChatMessageResponse[id=2, sender=MemberBriefResponse[id=1, displayName=Minh Anh, avatarUrl=null], c (truncated)...]
2026-09-14T00:44:11.690+07:00 DEBUG 15036 --- [tea-attendance-api] [nio-8080-exec-8] o.s.web.servlet.DispatcherServlet        : Completed 200 OK
2026-09-14T00:45:00.024+07:00 DEBUG 15036 --- [tea-attendance-api] [MessageBroker-7] org.hibernate.SQL                        : 
    select
        wns1_0.id,
        wns1_0.creditor_body,
        wns1_0.creditor_title,
        wns1_0.debtor_body,
        wns1_0.debtor_title,
        wns1_0.send_day,
        wns1_0.send_time,
        wns1_0.updated_at 
    from
        weekly_notification_settings wns1_0 
    where
        wns1_0.id=?
2026-09-14T00:45:11.348+07:00 DEBUG 15036 --- [tea-attendance-api] [nio-8080-exec-5] o.s.web.servlet.DispatcherServlet        : GET "/api/members?includeInactive=true", parameters={masked}
2026-09-14T00:45:11.348+07:00 DEBUG 15036 --- [tea-attendance-api] [nio-8080-exec-5] s.w.s.m.m.a.RequestMappingHandlerMapping : Mapped to com.trasua.api.MemberController#list(boolean)
2026-09-14T00:45:11.359+07:00 DEBUG 15036 --- [tea-attendance-api] [nio-8080-exec-5] org.hibernate.SQL                        : 
    select
        m1_0.id,
        m1_0.account_name,
        m1_0.account_number,
        m1_0.active,
        m1_0.avatar_url,
        m1_0.bank_bin,
        m1_0.bank_name,
        m1_0.created_at,
        m1_0.display_name,
        m1_0.email,
        m1_0.password_hash,
        m1_0.qr_code_url,
        m1_0.reset_code_expires_at,
        m1_0.reset_code_hash,
        m1_0.role,
        m1_0.updated_at 
    from
        members m1_0
2026-09-14T00:45:11.380+07:00 DEBUG 15036 --- [tea-attendance-api] [nio-8080-exec-5] m.m.a.RequestResponseBodyMethodProcessor : Using 'application/json', given [*/*] and supported [application/json, application/*+json]
2026-09-14T00:45:11.382+07:00 DEBUG 15036 --- [tea-attendance-api] [nio-8080-exec-5] m.m.a.RequestResponseBodyMethodProcessor : Writing [[MemberResponse[id=1, displayName=Minh Anh, email=minh.anh@example.test, bankName=MB Bank, bankBin=9 (truncated)...]
2026-09-14T00:45:11.384+07:00 DEBUG 15036 --- [tea-attendance-api] [nio-8080-exec-5] o.s.web.servlet.DispatcherServlet        : Completed 200 OK
2026-09-14T00:45:12.134+07:00 DEBUG 15036 --- [tea-attendance-api] [nio-8080-exec-3] o.s.web.servlet.DispatcherServlet        : GET "/api/drinks?includeInactive=true", parameters={masked}
2026-09-14T00:45:12.135+07:00 DEBUG 15036 --- [tea-attendance-api] [nio-8080-exec-9] o.s.web.servlet.DispatcherServlet        : GET "/api/expenses/range?from=2026-09-14&to=2026-09-20", parameters={masked}
2026-09-14T00:45:12.141+07:00 DEBUG 15036 --- [tea-attendance-api] [nio-8080-exec-7] o.s.web.servlet.DispatcherServlet        : GET "/api/chat/messages", parameters={}
2026-09-14T00:45:12.154+07:00 DEBUG 15036 --- [tea-attendance-api] [nio-8080-exec-1] o.s.web.servlet.DispatcherServlet        : GET "/api/notifications?memberId=6", parameters={masked}
2026-09-14T00:45:12.362+07:00 DEBUG 15036 --- [tea-attendance-api] [nio-8080-exec-3] s.w.s.m.m.a.RequestMappingHandlerMapping : Mapped to com.trasua.api.DrinkCatalogController#list(boolean)
2026-09-14T00:45:12.363+07:00 DEBUG 15036 --- [tea-attendance-api] [nio-8080-exec-9] s.w.s.m.m.a.RequestMappingHandlerMapping : Mapped to com.trasua.api.ExpenseController#range(LocalDate, LocalDate)
2026-09-14T00:45:12.481+07:00 DEBUG 15036 --- [tea-attendance-api] [nio-8080-exec-7] s.w.s.m.m.a.RequestMappingHandlerMapping : Mapped to com.trasua.api.ChatController#list(Instant, int)
2026-09-14T00:45:12.481+07:00 DEBUG 15036 --- [tea-attendance-api] [nio-8080-exec-1] s.w.s.m.m.a.RequestMappingHandlerMapping : Mapped to com.trasua.api.NotificationController#list(Long)
2026-09-14T00:45:12.502+07:00 DEBUG 15036 --- [tea-attendance-api] [nio-8080-exec-3] org.hibernate.SQL                        : 
    select
        dci1_0.id,
        dci1_0.active,
        dci1_0.created_at,
        dci1_0.icon,
        dci1_0.name,
        dci1_0.price,
        dci1_0.updated_at 
    from
        drink_catalog dci1_0
2026-09-14T00:45:12.508+07:00 DEBUG 15036 --- [tea-attendance-api] [nio-8080-exec-1] org.hibernate.SQL                        : 
    select
        n1_0.id,
        n1_0.body,
        n1_0.created_at,
        n1_0.read_at,
        n1_0.recipient_member_id,
        r1_0.id,
        r1_0.account_name,
        r1_0.account_number,
        r1_0.active,
        r1_0.avatar_url,
        r1_0.bank_bin,
        r1_0.bank_name,
        r1_0.created_at,
        r1_0.display_name,
        r1_0.email,
        r1_0.password_hash,
        r1_0.qr_code_url,
        r1_0.reset_code_expires_at,
        r1_0.reset_code_hash,
        r1_0.role,
        r1_0.updated_at,
        n1_0.settlement_id,
        n1_0.title,
        n1_0.transfer_id,
        n1_0.type 
    from
        notifications n1_0 
    join
        members r1_0 
            on r1_0.id=n1_0.recipient_member_id 
    where
        r1_0.id=? 
    order by
        n1_0.created_at desc
2026-09-14T00:45:12.508+07:00 DEBUG 15036 --- [tea-attendance-api] [nio-8080-exec-9] org.hibernate.SQL                        : 
    select
        distinct do1_0.id,
        do1_0.created_at,
        i1_0.order_id,
        i1_0.id,
        i1_0.consumer_member_id,
        c1_0.id,
        c1_0.account_name,
        c1_0.account_number,
        c1_0.active,
        c1_0.avatar_url,
        c1_0.bank_bin,
        c1_0.bank_name,
        c1_0.created_at,
        c1_0.display_name,
        c1_0.email,
        c1_0.password_hash,
        c1_0.qr_code_url,
        c1_0.reset_code_expires_at,
        c1_0.reset_code_hash,
        c1_0.role,
        c1_0.updated_at,
        i1_0.drink_name,
        i1_0.line_total,
        i1_0.quantity,
        i1_0.unit_price,
        do1_0.note,
        do1_0.order_date,
        do1_0.payer_member_id,
        p1_0.id,
        p1_0.account_name,
        p1_0.account_number,
        p1_0.active,
        p1_0.avatar_url,
        p1_0.bank_bin,
        p1_0.bank_name,
        p1_0.created_at,
        p1_0.display_name,
        p1_0.email,
        p1_0.password_hash,
        p1_0.qr_code_url,
        p1_0.reset_code_expires_at,
        p1_0.reset_code_hash,
        p1_0.role,
        p1_0.updated_at,
        do1_0.total_amount,
        do1_0.updated_at 
    from
        drink_orders do1_0 
    join
        members p1_0 
            on p1_0.id=do1_0.payer_member_id 
    left join
        order_items i1_0 
            on do1_0.id=i1_0.order_id 
    left join
        members c1_0 
            on c1_0.id=i1_0.consumer_member_id 
    where
        do1_0.order_date between ? and ? 
    order by
        do1_0.order_date,
        do1_0.id
2026-09-14T00:45:12.508+07:00 DEBUG 15036 --- [tea-attendance-api] [nio-8080-exec-7] org.hibernate.SQL                        : 
    select
        distinct cm1_0.id,
        cm1_0.content,
        cm1_0.created_at,
        cm1_0.deleted_at,
        rt1_0.id,
        rt1_0.content,
        rt1_0.created_at,
        rt1_0.deleted_at,
        rt1_0.reply_to_message_id,
        rt1_0.sender_member_id,
        s2_0.id,
        s2_0.account_name,
        s2_0.account_number,
        s2_0.active,
        s2_0.avatar_url,
        s2_0.bank_bin,
        s2_0.bank_name,
        s2_0.created_at,
        s2_0.display_name,
        s2_0.email,
        s2_0.password_hash,
        s2_0.qr_code_url,
        s2_0.reset_code_expires_at,
        s2_0.reset_code_hash,
        s2_0.role,
        s2_0.updated_at,
        cm1_0.sender_member_id,
        s1_0.id,
        s1_0.account_name,
        s1_0.account_number,
        s1_0.active,
        s1_0.avatar_url,
        s1_0.bank_bin,
        s1_0.bank_name,
        s1_0.created_at,
        s1_0.display_name,
        s1_0.email,
        s1_0.password_hash,
        s1_0.qr_code_url,
        s1_0.reset_code_expires_at,
        s1_0.reset_code_hash,
        s1_0.role,
        s1_0.updated_at 
    from
        chat_messages cm1_0 
    join
        members s1_0 
            on s1_0.id=cm1_0.sender_member_id 
    left join
        chat_messages rt1_0 
            on rt1_0.id=cm1_0.reply_to_message_id 
    left join
        members s2_0 
            on s2_0.id=rt1_0.sender_member_id 
    order by
        cm1_0.created_at desc 
    limit
        ?
2026-09-14T00:45:12.613+07:00 DEBUG 15036 --- [tea-attendance-api] [nio-8080-exec-3] m.m.a.RequestResponseBodyMethodProcessor : Using 'application/json', given [*/*] and supported [application/json, application/*+json]
2026-09-14T00:45:12.731+07:00 DEBUG 15036 --- [tea-attendance-api] [nio-8080-exec-1] m.m.a.RequestResponseBodyMethodProcessor : Using 'application/json', given [*/*] and supported [application/json, application/*+json]
2026-09-14T00:45:12.969+07:00 DEBUG 15036 --- [tea-attendance-api] [nio-8080-exec-9] m.m.a.RequestResponseBodyMethodProcessor : Using 'application/json', given [*/*] and supported [application/json, application/*+json]
2026-09-14T00:45:13.192+07:00 DEBUG 15036 --- [tea-attendance-api] [nio-8080-exec-7] org.hibernate.SQL                        : 
    select
        a1_0.message_id,
        a1_0.id,
        a1_0.byte_size,
        a1_0.content_type,
        a1_0.created_at,
        a1_0.original_filename,
        a1_0.storage_key 
    from
        chat_attachments a1_0 
    where
        a1_0.message_id=? 
    order by
        a1_0.id
2026-09-14T00:45:13.300+07:00 DEBUG 15036 --- [tea-attendance-api] [nio-8080-exec-3] m.m.a.RequestResponseBodyMethodProcessor : Writing [[DrinkCatalogResponse[id=1, name=Tra da, price=5000, icon=?, active=true], DrinkCatalogResponse[id= (truncated)...]
2026-09-14T00:45:13.768+07:00 DEBUG 15036 --- [tea-attendance-api] [nio-8080-exec-1] m.m.a.RequestResponseBodyMethodProcessor : Writing [[]]
2026-09-14T00:45:13.768+07:00 DEBUG 15036 --- [tea-attendance-api] [nio-8080-exec-9] m.m.a.RequestResponseBodyMethodProcessor : Writing [[]]
2026-09-14T00:45:13.888+07:00 DEBUG 15036 --- [tea-attendance-api] [nio-8080-exec-7] org.hibernate.SQL                        : 
    select
        a1_0.message_id,
        a1_0.id,
        a1_0.byte_size,
        a1_0.content_type,
        a1_0.created_at,
        a1_0.original_filename,
        a1_0.storage_key 
    from
        chat_attachments a1_0 
    where
        a1_0.message_id=? 
    order by
        a1_0.id
2026-09-14T00:45:13.895+07:00 DEBUG 15036 --- [tea-attendance-api] [nio-8080-exec-3] o.s.web.servlet.DispatcherServlet        : Completed 200 OK
2026-09-14T00:45:13.896+07:00 DEBUG 15036 --- [tea-attendance-api] [nio-8080-exec-1] o.s.web.servlet.DispatcherServlet        : Completed 200 OK
2026-09-14T00:45:13.898+07:00 DEBUG 15036 --- [tea-attendance-api] [nio-8080-exec-9] o.s.web.servlet.DispatcherServlet        : Completed 200 OK
2026-09-14T00:45:13.908+07:00 DEBUG 15036 --- [tea-attendance-api] [nio-8080-exec-7] org.hibernate.SQL                        : 
    select
        a1_0.message_id,
        a1_0.id,
        a1_0.byte_size,
        a1_0.content_type,
        a1_0.created_at,
        a1_0.original_filename,
        a1_0.storage_key 
    from
        chat_attachments a1_0 
    where
        a1_0.message_id=? 
    order by
        a1_0.id
2026-09-14T00:45:14.023+07:00 DEBUG 15036 --- [tea-attendance-api] [nio-8080-exec-7] org.hibernate.SQL                        : 
    select
        a1_0.message_id,
        a1_0.id,
        a1_0.byte_size,
        a1_0.content_type,
        a1_0.created_at,
        a1_0.original_filename,
        a1_0.storage_key 
    from
        chat_attachments a1_0 
    where
        a1_0.message_id=? 
    order by
        a1_0.id
2026-09-14T00:45:14.030+07:00 DEBUG 15036 --- [tea-attendance-api] [nio-8080-exec-7] org.hibernate.SQL                        : 
    select
        a1_0.message_id,
        a1_0.id,
        a1_0.byte_size,
        a1_0.content_type,
        a1_0.created_at,
        a1_0.original_filename,
        a1_0.storage_key 
    from
        chat_attachments a1_0 
    where
        a1_0.message_id=? 
    order by
        a1_0.id
2026-09-14T00:45:14.267+07:00 DEBUG 15036 --- [tea-attendance-api] [nio-8080-exec-7] m.m.a.RequestResponseBodyMethodProcessor : Using 'application/json', given [*/*] and supported [application/json, application/*+json]
2026-09-14T00:45:14.586+07:00 DEBUG 15036 --- [tea-attendance-api] [nio-8080-exec-7] m.m.a.RequestResponseBodyMethodProcessor : Writing [[ChatMessageResponse[id=2, sender=MemberBriefResponse[id=1, displayName=Minh Anh, avatarUrl=null], c (truncated)...]
2026-09-14T00:45:14.703+07:00 DEBUG 15036 --- [tea-attendance-api] [nio-8080-exec-7] o.s.web.servlet.DispatcherServlet        : Completed 200 OK
2026-09-14T00:46:00.048+07:00 DEBUG 15036 --- [tea-attendance-api] [MessageBroker-3] org.hibernate.SQL                        : 
    select
        wns1_0.id,
        wns1_0.creditor_body,
        wns1_0.creditor_title,
        wns1_0.debtor_body,
        wns1_0.debtor_title,
        wns1_0.send_day,
        wns1_0.send_time,
        wns1_0.updated_at 
    from
        weekly_notification_settings wns1_0 
    where
        wns1_0.id=?
2026-09-14T00:46:11.310+07:00 DEBUG 15036 --- [tea-attendance-api] [nio-8080-exec-5] o.s.web.servlet.DispatcherServlet        : GET "/api/members?includeInactive=true", parameters={masked}
2026-09-14T00:46:11.311+07:00 DEBUG 15036 --- [tea-attendance-api] [nio-8080-exec-5] s.w.s.m.m.a.RequestMappingHandlerMapping : Mapped to com.trasua.api.MemberController#list(boolean)
2026-09-14T00:46:11.325+07:00 DEBUG 15036 --- [tea-attendance-api] [nio-8080-exec-2] o.s.web.servlet.DispatcherServlet        : GET "/api/drinks?includeInactive=true", parameters={masked}
2026-09-14T00:46:11.327+07:00 DEBUG 15036 --- [tea-attendance-api] [nio-8080-exec-2] s.w.s.m.m.a.RequestMappingHandlerMapping : Mapped to com.trasua.api.DrinkCatalogController#list(boolean)
2026-09-14T00:46:11.336+07:00 DEBUG 15036 --- [tea-attendance-api] [nio-8080-exec-1] o.s.web.servlet.DispatcherServlet        : GET "/api/chat/messages", parameters={}
2026-09-14T00:46:11.336+07:00 DEBUG 15036 --- [tea-attendance-api] [nio-8080-exec-9] o.s.web.servlet.DispatcherServlet        : GET "/api/notifications?memberId=6", parameters={masked}
2026-09-14T00:46:11.339+07:00 DEBUG 15036 --- [tea-attendance-api] [nio-8080-exec-3] o.s.web.servlet.DispatcherServlet        : GET "/api/expenses/range?from=2026-09-14&to=2026-09-20", parameters={masked}
2026-09-14T00:46:11.341+07:00 DEBUG 15036 --- [tea-attendance-api] [nio-8080-exec-5] org.hibernate.SQL                        : 
    select
        m1_0.id,
        m1_0.account_name,
        m1_0.account_number,
        m1_0.active,
        m1_0.avatar_url,
        m1_0.bank_bin,
        m1_0.bank_name,
        m1_0.created_at,
        m1_0.display_name,
        m1_0.email,
        m1_0.password_hash,
        m1_0.qr_code_url,
        m1_0.reset_code_expires_at,
        m1_0.reset_code_hash,
        m1_0.role,
        m1_0.updated_at 
    from
        members m1_0
2026-09-14T00:46:11.362+07:00 DEBUG 15036 --- [tea-attendance-api] [nio-8080-exec-1] s.w.s.m.m.a.RequestMappingHandlerMapping : Mapped to com.trasua.api.ChatController#list(Instant, int)
2026-09-14T00:46:11.370+07:00 DEBUG 15036 --- [tea-attendance-api] [nio-8080-exec-2] org.hibernate.SQL                        : 
    select
        dci1_0.id,
        dci1_0.active,
        dci1_0.created_at,
        dci1_0.icon,
        dci1_0.name,
        dci1_0.price,
        dci1_0.updated_at 
    from
        drink_catalog dci1_0
2026-09-14T00:46:11.398+07:00 DEBUG 15036 --- [tea-attendance-api] [nio-8080-exec-9] s.w.s.m.m.a.RequestMappingHandlerMapping : Mapped to com.trasua.api.NotificationController#list(Long)
2026-09-14T00:46:11.414+07:00 DEBUG 15036 --- [tea-attendance-api] [nio-8080-exec-3] s.w.s.m.m.a.RequestMappingHandlerMapping : Mapped to com.trasua.api.ExpenseController#range(LocalDate, LocalDate)
2026-09-14T00:46:11.437+07:00 DEBUG 15036 --- [tea-attendance-api] [nio-8080-exec-5] m.m.a.RequestResponseBodyMethodProcessor : Using 'application/json', given [*/*] and supported [application/json, application/*+json]
2026-09-14T00:46:11.438+07:00 DEBUG 15036 --- [tea-attendance-api] [nio-8080-exec-5] m.m.a.RequestResponseBodyMethodProcessor : Writing [[MemberResponse[id=1, displayName=Minh Anh, email=minh.anh@example.test, bankName=MB Bank, bankBin=9 (truncated)...]
2026-09-14T00:46:11.440+07:00 DEBUG 15036 --- [tea-attendance-api] [nio-8080-exec-5] o.s.web.servlet.DispatcherServlet        : Completed 200 OK
2026-09-14T00:46:11.446+07:00 DEBUG 15036 --- [tea-attendance-api] [nio-8080-exec-1] org.hibernate.SQL                        : 
    select
        distinct cm1_0.id,
        cm1_0.content,
        cm1_0.created_at,
        cm1_0.deleted_at,
        rt1_0.id,
        rt1_0.content,
        rt1_0.created_at,
        rt1_0.deleted_at,
        rt1_0.reply_to_message_id,
        rt1_0.sender_member_id,
        s2_0.id,
        s2_0.account_name,
        s2_0.account_number,
        s2_0.active,
        s2_0.avatar_url,
        s2_0.bank_bin,
        s2_0.bank_name,
        s2_0.created_at,
        s2_0.display_name,
        s2_0.email,
        s2_0.password_hash,
        s2_0.qr_code_url,
        s2_0.reset_code_expires_at,
        s2_0.reset_code_hash,
        s2_0.role,
        s2_0.updated_at,
        cm1_0.sender_member_id,
        s1_0.id,
        s1_0.account_name,
        s1_0.account_number,
        s1_0.active,
        s1_0.avatar_url,
        s1_0.bank_bin,
        s1_0.bank_name,
        s1_0.created_at,
        s1_0.display_name,
        s1_0.email,
        s1_0.password_hash,
        s1_0.qr_code_url,
        s1_0.reset_code_expires_at,
        s1_0.reset_code_hash,
        s1_0.role,
        s1_0.updated_at 
    from
        chat_messages cm1_0 
    join
        members s1_0 
            on s1_0.id=cm1_0.sender_member_id 
    left join
        chat_messages rt1_0 
            on rt1_0.id=cm1_0.reply_to_message_id 
    left join
        members s2_0 
            on s2_0.id=rt1_0.sender_member_id 
    order by
        cm1_0.created_at desc 
    limit
        ?
2026-09-14T00:46:11.448+07:00 DEBUG 15036 --- [tea-attendance-api] [nio-8080-exec-2] m.m.a.RequestResponseBodyMethodProcessor : Using 'application/json', given [*/*] and supported [application/json, application/*+json]
2026-09-14T00:46:11.449+07:00 DEBUG 15036 --- [tea-attendance-api] [nio-8080-exec-9] org.hibernate.SQL                        : 
    select
        n1_0.id,
        n1_0.body,
        n1_0.created_at,
        n1_0.read_at,
        n1_0.recipient_member_id,
        r1_0.id,
        r1_0.account_name,
        r1_0.account_number,
        r1_0.active,
        r1_0.avatar_url,
        r1_0.bank_bin,
        r1_0.bank_name,
        r1_0.created_at,
        r1_0.display_name,
        r1_0.email,
        r1_0.password_hash,
        r1_0.qr_code_url,
        r1_0.reset_code_expires_at,
        r1_0.reset_code_hash,
        r1_0.role,
        r1_0.updated_at,
        n1_0.settlement_id,
        n1_0.title,
        n1_0.transfer_id,
        n1_0.type 
    from
        notifications n1_0 
    join
        members r1_0 
            on r1_0.id=n1_0.recipient_member_id 
    where
        r1_0.id=? 
    order by
        n1_0.created_at desc
2026-09-14T00:46:11.453+07:00 DEBUG 15036 --- [tea-attendance-api] [nio-8080-exec-3] org.hibernate.SQL                        : 
    select
        distinct do1_0.id,
        do1_0.created_at,
        i1_0.order_id,
        i1_0.id,
        i1_0.consumer_member_id,
        c1_0.id,
        c1_0.account_name,
        c1_0.account_number,
        c1_0.active,
        c1_0.avatar_url,
        c1_0.bank_bin,
        c1_0.bank_name,
        c1_0.created_at,
        c1_0.display_name,
        c1_0.email,
        c1_0.password_hash,
        c1_0.qr_code_url,
        c1_0.reset_code_expires_at,
        c1_0.reset_code_hash,
        c1_0.role,
        c1_0.updated_at,
        i1_0.drink_name,
        i1_0.line_total,
        i1_0.quantity,
        i1_0.unit_price,
        do1_0.note,
        do1_0.order_date,
        do1_0.payer_member_id,
        p1_0.id,
        p1_0.account_name,
        p1_0.account_number,
        p1_0.active,
        p1_0.avatar_url,
        p1_0.bank_bin,
        p1_0.bank_name,
        p1_0.created_at,
        p1_0.display_name,
        p1_0.email,
        p1_0.password_hash,
        p1_0.qr_code_url,
        p1_0.reset_code_expires_at,
        p1_0.reset_code_hash,
        p1_0.role,
        p1_0.updated_at,
        do1_0.total_amount,
        do1_0.updated_at 
    from
        drink_orders do1_0 
    join
        members p1_0 
            on p1_0.id=do1_0.payer_member_id 
    left join
        order_items i1_0 
            on do1_0.id=i1_0.order_id 
    left join
        members c1_0 
            on c1_0.id=i1_0.consumer_member_id 
    where
        do1_0.order_date between ? and ? 
    order by
        do1_0.order_date,
        do1_0.id
2026-09-14T00:46:11.478+07:00 DEBUG 15036 --- [tea-attendance-api] [nio-8080-exec-1] org.hibernate.SQL                        : 
    select
        a1_0.message_id,
        a1_0.id,
        a1_0.byte_size,
        a1_0.content_type,
        a1_0.created_at,
        a1_0.original_filename,
        a1_0.storage_key 
    from
        chat_attachments a1_0 
    where
        a1_0.message_id=? 
    order by
        a1_0.id
2026-09-14T00:46:11.481+07:00 DEBUG 15036 --- [tea-attendance-api] [nio-8080-exec-2] m.m.a.RequestResponseBodyMethodProcessor : Writing [[DrinkCatalogResponse[id=1, name=Tra da, price=5000, icon=?, active=true], DrinkCatalogResponse[id= (truncated)...]
2026-09-14T00:46:11.502+07:00 DEBUG 15036 --- [tea-attendance-api] [nio-8080-exec-3] m.m.a.RequestResponseBodyMethodProcessor : Using 'application/json', given [*/*] and supported [application/json, application/*+json]
2026-09-14T00:46:11.503+07:00 DEBUG 15036 --- [tea-attendance-api] [nio-8080-exec-2] o.s.web.servlet.DispatcherServlet        : Completed 200 OK
2026-09-14T00:46:11.503+07:00 DEBUG 15036 --- [tea-attendance-api] [nio-8080-exec-9] m.m.a.RequestResponseBodyMethodProcessor : Using 'application/json', given [*/*] and supported [application/json, application/*+json]
2026-09-14T00:46:11.509+07:00 DEBUG 15036 --- [tea-attendance-api] [nio-8080-exec-1] org.hibernate.SQL                        : 
    select
        a1_0.message_id,
        a1_0.id,
        a1_0.byte_size,
        a1_0.content_type,
        a1_0.created_at,
        a1_0.original_filename,
        a1_0.storage_key 
    from
        chat_attachments a1_0 
    where
        a1_0.message_id=? 
    order by
        a1_0.id
2026-09-14T00:46:11.513+07:00 DEBUG 15036 --- [tea-attendance-api] [nio-8080-exec-3] m.m.a.RequestResponseBodyMethodProcessor : Writing [[]]
2026-09-14T00:46:11.534+07:00 DEBUG 15036 --- [tea-attendance-api] [nio-8080-exec-9] m.m.a.RequestResponseBodyMethodProcessor : Writing [[]]
2026-09-14T00:46:11.549+07:00 DEBUG 15036 --- [tea-attendance-api] [nio-8080-exec-1] org.hibernate.SQL                        : 
    select
        a1_0.message_id,
        a1_0.id,
        a1_0.byte_size,
        a1_0.content_type,
        a1_0.created_at,
        a1_0.original_filename,
        a1_0.storage_key 
    from
        chat_attachments a1_0 
    where
        a1_0.message_id=? 
    order by
        a1_0.id
2026-09-14T00:46:11.576+07:00 DEBUG 15036 --- [tea-attendance-api] [nio-8080-exec-3] o.s.web.servlet.DispatcherServlet        : Completed 200 OK
2026-09-14T00:46:11.601+07:00 DEBUG 15036 --- [tea-attendance-api] [nio-8080-exec-9] o.s.web.servlet.DispatcherServlet        : Completed 200 OK
2026-09-14T00:46:11.619+07:00 DEBUG 15036 --- [tea-attendance-api] [nio-8080-exec-1] org.hibernate.SQL                        : 
    select
        a1_0.message_id,
        a1_0.id,
        a1_0.byte_size,
        a1_0.content_type,
        a1_0.created_at,
        a1_0.original_filename,
        a1_0.storage_key 
    from
        chat_attachments a1_0 
    where
        a1_0.message_id=? 
    order by
        a1_0.id
2026-09-14T00:46:11.626+07:00 DEBUG 15036 --- [tea-attendance-api] [nio-8080-exec-1] org.hibernate.SQL                        : 
    select
        a1_0.message_id,
        a1_0.id,
        a1_0.byte_size,
        a1_0.content_type,
        a1_0.created_at,
        a1_0.original_filename,
        a1_0.storage_key 
    from
        chat_attachments a1_0 
    where
        a1_0.message_id=? 
    order by
        a1_0.id
2026-09-14T00:46:11.678+07:00 DEBUG 15036 --- [tea-attendance-api] [nio-8080-exec-1] m.m.a.RequestResponseBodyMethodProcessor : Using 'application/json', given [*/*] and supported [application/json, application/*+json]
2026-09-14T00:46:11.679+07:00 DEBUG 15036 --- [tea-attendance-api] [nio-8080-exec-1] m.m.a.RequestResponseBodyMethodProcessor : Writing [[ChatMessageResponse[id=2, sender=MemberBriefResponse[id=1, displayName=Minh Anh, avatarUrl=null], c (truncated)...]
2026-09-14T00:46:11.679+07:00 DEBUG 15036 --- [tea-attendance-api] [nio-8080-exec-1] o.s.web.servlet.DispatcherServlet        : Completed 200 OK
2026-09-14T00:47:00.028+07:00 DEBUG 15036 --- [tea-attendance-api] [MessageBroker-3] org.hibernate.SQL                        : 
    select
        wns1_0.id,
        wns1_0.creditor_body,
        wns1_0.creditor_title,
        wns1_0.debtor_body,
        wns1_0.debtor_title,
        wns1_0.send_day,
        wns1_0.send_time,
        wns1_0.updated_at 
    from
        weekly_notification_settings wns1_0 
    where
        wns1_0.id=?
2026-09-14T00:47:11.314+07:00 DEBUG 15036 --- [tea-attendance-api] [nio-8080-exec-7] o.s.web.servlet.DispatcherServlet        : GET "/api/members?includeInactive=true", parameters={masked}
2026-09-14T00:47:11.314+07:00 DEBUG 15036 --- [tea-attendance-api] [io-8080-exec-10] o.s.web.servlet.DispatcherServlet        : GET "/api/drinks?includeInactive=true", parameters={masked}
2026-09-14T00:47:11.314+07:00 DEBUG 15036 --- [tea-attendance-api] [nio-8080-exec-8] o.s.web.servlet.DispatcherServlet        : GET "/api/expenses/range?from=2026-09-14&to=2026-09-20", parameters={masked}
2026-09-14T00:47:11.319+07:00 DEBUG 15036 --- [tea-attendance-api] [nio-8080-exec-7] s.w.s.m.m.a.RequestMappingHandlerMapping : Mapped to com.trasua.api.MemberController#list(boolean)
2026-09-14T00:47:11.326+07:00 DEBUG 15036 --- [tea-attendance-api] [nio-8080-exec-8] s.w.s.m.m.a.RequestMappingHandlerMapping : Mapped to com.trasua.api.ExpenseController#range(LocalDate, LocalDate)
2026-09-14T00:47:11.321+07:00 DEBUG 15036 --- [tea-attendance-api] [nio-8080-exec-4] o.s.web.servlet.DispatcherServlet        : GET "/api/chat/messages", parameters={}
2026-09-14T00:47:11.325+07:00 DEBUG 15036 --- [tea-attendance-api] [nio-8080-exec-6] o.s.web.servlet.DispatcherServlet        : GET "/api/notifications?memberId=6", parameters={masked}
2026-09-14T00:47:11.325+07:00 DEBUG 15036 --- [tea-attendance-api] [io-8080-exec-10] s.w.s.m.m.a.RequestMappingHandlerMapping : Mapped to com.trasua.api.DrinkCatalogController#list(boolean)
2026-09-14T00:47:11.331+07:00 DEBUG 15036 --- [tea-attendance-api] [nio-8080-exec-4] s.w.s.m.m.a.RequestMappingHandlerMapping : Mapped to com.trasua.api.ChatController#list(Instant, int)
2026-09-14T00:47:11.332+07:00 DEBUG 15036 --- [tea-attendance-api] [nio-8080-exec-6] s.w.s.m.m.a.RequestMappingHandlerMapping : Mapped to com.trasua.api.NotificationController#list(Long)
2026-09-14T00:47:11.345+07:00 DEBUG 15036 --- [tea-attendance-api] [nio-8080-exec-7] org.hibernate.SQL                        : 
    select
        m1_0.id,
        m1_0.account_name,
        m1_0.account_number,
        m1_0.active,
        m1_0.avatar_url,
        m1_0.bank_bin,
        m1_0.bank_name,
        m1_0.created_at,
        m1_0.display_name,
        m1_0.email,
        m1_0.password_hash,
        m1_0.qr_code_url,
        m1_0.reset_code_expires_at,
        m1_0.reset_code_hash,
        m1_0.role,
        m1_0.updated_at 
    from
        members m1_0
2026-09-14T00:47:11.345+07:00 DEBUG 15036 --- [tea-attendance-api] [nio-8080-exec-8] org.hibernate.SQL                        : 
    select
        distinct do1_0.id,
        do1_0.created_at,
        i1_0.order_id,
        i1_0.id,
        i1_0.consumer_member_id,
        c1_0.id,
        c1_0.account_name,
        c1_0.account_number,
        c1_0.active,
        c1_0.avatar_url,
        c1_0.bank_bin,
        c1_0.bank_name,
        c1_0.created_at,
        c1_0.display_name,
        c1_0.email,
        c1_0.password_hash,
        c1_0.qr_code_url,
        c1_0.reset_code_expires_at,
        c1_0.reset_code_hash,
        c1_0.role,
        c1_0.updated_at,
        i1_0.drink_name,
        i1_0.line_total,
        i1_0.quantity,
        i1_0.unit_price,
        do1_0.note,
        do1_0.order_date,
        do1_0.payer_member_id,
        p1_0.id,
        p1_0.account_name,
        p1_0.account_number,
        p1_0.active,
        p1_0.avatar_url,
        p1_0.bank_bin,
        p1_0.bank_name,
        p1_0.created_at,
        p1_0.display_name,
        p1_0.email,
        p1_0.password_hash,
        p1_0.qr_code_url,
        p1_0.reset_code_expires_at,
        p1_0.reset_code_hash,
        p1_0.role,
        p1_0.updated_at,
        do1_0.total_amount,
        do1_0.updated_at 
    from
        drink_orders do1_0 
    join
        members p1_0 
            on p1_0.id=do1_0.payer_member_id 
    left join
        order_items i1_0 
            on do1_0.id=i1_0.order_id 
    left join
        members c1_0 
            on c1_0.id=i1_0.consumer_member_id 
    where
        do1_0.order_date between ? and ? 
    order by
        do1_0.order_date,
        do1_0.id
2026-09-14T00:47:11.347+07:00 DEBUG 15036 --- [tea-attendance-api] [nio-8080-exec-6] org.hibernate.SQL                        : 
    select
        n1_0.id,
        n1_0.body,
        n1_0.created_at,
        n1_0.read_at,
        n1_0.recipient_member_id,
        r1_0.id,
        r1_0.account_name,
        r1_0.account_number,
        r1_0.active,
        r1_0.avatar_url,
        r1_0.bank_bin,
        r1_0.bank_name,
        r1_0.created_at,
        r1_0.display_name,
        r1_0.email,
        r1_0.password_hash,
        r1_0.qr_code_url,
        r1_0.reset_code_expires_at,
        r1_0.reset_code_hash,
        r1_0.role,
        r1_0.updated_at,
        n1_0.settlement_id,
        n1_0.title,
        n1_0.transfer_id,
        n1_0.type 
    from
        notifications n1_0 
    join
        members r1_0 
            on r1_0.id=n1_0.recipient_member_id 
    where
        r1_0.id=? 
    order by
        n1_0.created_at desc
2026-09-14T00:47:11.348+07:00 DEBUG 15036 --- [tea-attendance-api] [io-8080-exec-10] org.hibernate.SQL                        : 
    select
        dci1_0.id,
        dci1_0.active,
        dci1_0.created_at,
        dci1_0.icon,
        dci1_0.name,
        dci1_0.price,
        dci1_0.updated_at 
    from
        drink_catalog dci1_0
2026-09-14T00:47:11.353+07:00 DEBUG 15036 --- [tea-attendance-api] [nio-8080-exec-4] org.hibernate.SQL                        : 
    select
        distinct cm1_0.id,
        cm1_0.content,
        cm1_0.created_at,
        cm1_0.deleted_at,
        rt1_0.id,
        rt1_0.content,
        rt1_0.created_at,
        rt1_0.deleted_at,
        rt1_0.reply_to_message_id,
        rt1_0.sender_member_id,
        s2_0.id,
        s2_0.account_name,
        s2_0.account_number,
        s2_0.active,
        s2_0.avatar_url,
        s2_0.bank_bin,
        s2_0.bank_name,
        s2_0.created_at,
        s2_0.display_name,
        s2_0.email,
        s2_0.password_hash,
        s2_0.qr_code_url,
        s2_0.reset_code_expires_at,
        s2_0.reset_code_hash,
        s2_0.role,
        s2_0.updated_at,
        cm1_0.sender_member_id,
        s1_0.id,
        s1_0.account_name,
        s1_0.account_number,
        s1_0.active,
        s1_0.avatar_url,
        s1_0.bank_bin,
        s1_0.bank_name,
        s1_0.created_at,
        s1_0.display_name,
        s1_0.email,
        s1_0.password_hash,
        s1_0.qr_code_url,
        s1_0.reset_code_expires_at,
        s1_0.reset_code_hash,
        s1_0.role,
        s1_0.updated_at 
    from
        chat_messages cm1_0 
    join
        members s1_0 
            on s1_0.id=cm1_0.sender_member_id 
    left join
        chat_messages rt1_0 
            on rt1_0.id=cm1_0.reply_to_message_id 
    left join
        members s2_0 
            on s2_0.id=rt1_0.sender_member_id 
    order by
        cm1_0.created_at desc 
    limit
        ?
2026-09-14T00:47:11.364+07:00 DEBUG 15036 --- [tea-attendance-api] [nio-8080-exec-4] org.hibernate.SQL                        : 
    select
        a1_0.message_id,
        a1_0.id,
        a1_0.byte_size,
        a1_0.content_type,
        a1_0.created_at,
        a1_0.original_filename,
        a1_0.storage_key 
    from
        chat_attachments a1_0 
    where
        a1_0.message_id=? 
    order by
        a1_0.id
2026-09-14T00:47:11.375+07:00 DEBUG 15036 --- [tea-attendance-api] [io-8080-exec-10] m.m.a.RequestResponseBodyMethodProcessor : Using 'application/json', given [*/*] and supported [application/json, application/*+json]
2026-09-14T00:47:11.376+07:00 DEBUG 15036 --- [tea-attendance-api] [nio-8080-exec-4] org.hibernate.SQL                        : 
    select
        a1_0.message_id,
        a1_0.id,
        a1_0.byte_size,
        a1_0.content_type,
        a1_0.created_at,
        a1_0.original_filename,
        a1_0.storage_key 
    from
        chat_attachments a1_0 
    where
        a1_0.message_id=? 
    order by
        a1_0.id
2026-09-14T00:47:11.376+07:00 DEBUG 15036 --- [tea-attendance-api] [nio-8080-exec-7] m.m.a.RequestResponseBodyMethodProcessor : Using 'application/json', given [*/*] and supported [application/json, application/*+json]
2026-09-14T00:47:11.377+07:00 DEBUG 15036 --- [tea-attendance-api] [nio-8080-exec-6] m.m.a.RequestResponseBodyMethodProcessor : Using 'application/json', given [*/*] and supported [application/json, application/*+json]
2026-09-14T00:47:11.377+07:00 DEBUG 15036 --- [tea-attendance-api] [nio-8080-exec-8] m.m.a.RequestResponseBodyMethodProcessor : Using 'application/json', given [*/*] and supported [application/json, application/*+json]
2026-09-14T00:47:11.377+07:00 DEBUG 15036 --- [tea-attendance-api] [io-8080-exec-10] m.m.a.RequestResponseBodyMethodProcessor : Writing [[DrinkCatalogResponse[id=1, name=Tra da, price=5000, icon=?, active=true], DrinkCatalogResponse[id= (truncated)...]
2026-09-14T00:47:11.378+07:00 DEBUG 15036 --- [tea-attendance-api] [nio-8080-exec-6] m.m.a.RequestResponseBodyMethodProcessor : Writing [[]]
2026-09-14T00:47:11.378+07:00 DEBUG 15036 --- [tea-attendance-api] [nio-8080-exec-7] m.m.a.RequestResponseBodyMethodProcessor : Writing [[MemberResponse[id=1, displayName=Minh Anh, email=minh.anh@example.test, bankName=MB Bank, bankBin=9 (truncated)...]
2026-09-14T00:47:11.379+07:00 DEBUG 15036 --- [tea-attendance-api] [nio-8080-exec-8] m.m.a.RequestResponseBodyMethodProcessor : Writing [[]]
2026-09-14T00:47:11.379+07:00 DEBUG 15036 --- [tea-attendance-api] [io-8080-exec-10] o.s.web.servlet.DispatcherServlet        : Completed 200 OK
2026-09-14T00:47:11.379+07:00 DEBUG 15036 --- [tea-attendance-api] [nio-8080-exec-6] o.s.web.servlet.DispatcherServlet        : Completed 200 OK
2026-09-14T00:47:11.379+07:00 DEBUG 15036 --- [tea-attendance-api] [nio-8080-exec-7] o.s.web.servlet.DispatcherServlet        : Completed 200 OK
2026-09-14T00:47:11.379+07:00 DEBUG 15036 --- [tea-attendance-api] [nio-8080-exec-8] o.s.web.servlet.DispatcherServlet        : Completed 200 OK
2026-09-14T00:47:11.388+07:00 DEBUG 15036 --- [tea-attendance-api] [nio-8080-exec-4] org.hibernate.SQL                        : 
    select
        a1_0.message_id,
        a1_0.id,
        a1_0.byte_size,
        a1_0.content_type,
        a1_0.created_at,
        a1_0.original_filename,
        a1_0.storage_key 
    from
        chat_attachments a1_0 
    where
        a1_0.message_id=? 
    order by
        a1_0.id
2026-09-14T00:47:11.407+07:00 DEBUG 15036 --- [tea-attendance-api] [nio-8080-exec-4] org.hibernate.SQL                        : 
    select
        a1_0.message_id,
        a1_0.id,
        a1_0.byte_size,
        a1_0.content_type,
        a1_0.created_at,
        a1_0.original_filename,
        a1_0.storage_key 
    from
        chat_attachments a1_0 
    where
        a1_0.message_id=? 
    order by
        a1_0.id
2026-09-14T00:47:11.421+07:00 DEBUG 15036 --- [tea-attendance-api] [nio-8080-exec-4] org.hibernate.SQL                        : 
    select
        a1_0.message_id,
        a1_0.id,
        a1_0.byte_size,
        a1_0.content_type,
        a1_0.created_at,
        a1_0.original_filename,
        a1_0.storage_key 
    from
        chat_attachments a1_0 
    where
        a1_0.message_id=? 
    order by
        a1_0.id
2026-09-14T00:47:11.547+07:00 DEBUG 15036 --- [tea-attendance-api] [nio-8080-exec-4] m.m.a.RequestResponseBodyMethodProcessor : Using 'application/json', given [*/*] and supported [application/json, application/*+json]
2026-09-14T00:47:11.551+07:00 DEBUG 15036 --- [tea-attendance-api] [nio-8080-exec-4] m.m.a.RequestResponseBodyMethodProcessor : Writing [[ChatMessageResponse[id=2, sender=MemberBriefResponse[id=1, displayName=Minh Anh, avatarUrl=null], c (truncated)...]
2026-09-14T00:47:11.553+07:00 DEBUG 15036 --- [tea-attendance-api] [nio-8080-exec-4] o.s.web.servlet.DispatcherServlet        : Completed 200 OK
2026-09-14T00:48:00.019+07:00 DEBUG 15036 --- [tea-attendance-api] [MessageBroker-3] org.hibernate.SQL                        : 
    select
        wns1_0.id,
        wns1_0.creditor_body,
        wns1_0.creditor_title,
        wns1_0.debtor_body,
        wns1_0.debtor_title,
        wns1_0.send_day,
        wns1_0.send_time,
        wns1_0.updated_at 
    from
        weekly_notification_settings wns1_0 
    where
        wns1_0.id=?
2026-09-14T00:48:11.319+07:00 DEBUG 15036 --- [tea-attendance-api] [nio-8080-exec-5] o.s.web.servlet.DispatcherServlet        : GET "/api/members?includeInactive=true", parameters={masked}
2026-09-14T00:48:11.320+07:00 DEBUG 15036 --- [tea-attendance-api] [nio-8080-exec-5] s.w.s.m.m.a.RequestMappingHandlerMapping : Mapped to com.trasua.api.MemberController#list(boolean)
2026-09-14T00:48:11.331+07:00 DEBUG 15036 --- [tea-attendance-api] [nio-8080-exec-2] o.s.web.servlet.DispatcherServlet        : GET "/api/drinks?includeInactive=true", parameters={masked}
2026-09-14T00:48:11.332+07:00 DEBUG 15036 --- [tea-attendance-api] [nio-8080-exec-2] s.w.s.m.m.a.RequestMappingHandlerMapping : Mapped to com.trasua.api.DrinkCatalogController#list(boolean)
2026-09-14T00:48:11.332+07:00 DEBUG 15036 --- [tea-attendance-api] [nio-8080-exec-3] o.s.web.servlet.DispatcherServlet        : GET "/api/expenses/range?from=2026-09-14&to=2026-09-20", parameters={masked}
2026-09-14T00:48:11.333+07:00 DEBUG 15036 --- [tea-attendance-api] [nio-8080-exec-3] s.w.s.m.m.a.RequestMappingHandlerMapping : Mapped to com.trasua.api.ExpenseController#range(LocalDate, LocalDate)
2026-09-14T00:48:11.340+07:00 DEBUG 15036 --- [tea-attendance-api] [nio-8080-exec-9] o.s.web.servlet.DispatcherServlet        : GET "/api/chat/messages", parameters={}
2026-09-14T00:48:11.341+07:00 DEBUG 15036 --- [tea-attendance-api] [nio-8080-exec-9] s.w.s.m.m.a.RequestMappingHandlerMapping : Mapped to com.trasua.api.ChatController#list(Instant, int)
2026-09-14T00:48:11.345+07:00 DEBUG 15036 --- [tea-attendance-api] [nio-8080-exec-5] org.hibernate.SQL                        : 
    select
        m1_0.id,
        m1_0.account_name,
        m1_0.account_number,
        m1_0.active,
        m1_0.avatar_url,
        m1_0.bank_bin,
        m1_0.bank_name,
        m1_0.created_at,
        m1_0.display_name,
        m1_0.email,
        m1_0.password_hash,
        m1_0.qr_code_url,
        m1_0.reset_code_expires_at,
        m1_0.reset_code_hash,
        m1_0.role,
        m1_0.updated_at 
    from
        members m1_0
2026-09-14T00:48:11.349+07:00 DEBUG 15036 --- [tea-attendance-api] [nio-8080-exec-1] o.s.web.servlet.DispatcherServlet        : GET "/api/notifications?memberId=6", parameters={masked}
2026-09-14T00:48:11.352+07:00 DEBUG 15036 --- [tea-attendance-api] [nio-8080-exec-1] s.w.s.m.m.a.RequestMappingHandlerMapping : Mapped to com.trasua.api.NotificationController#list(Long)
2026-09-14T00:48:11.352+07:00 DEBUG 15036 --- [tea-attendance-api] [nio-8080-exec-2] org.hibernate.SQL                        : 
    select
        dci1_0.id,
        dci1_0.active,
        dci1_0.created_at,
        dci1_0.icon,
        dci1_0.name,
        dci1_0.price,
        dci1_0.updated_at 
    from
        drink_catalog dci1_0
2026-09-14T00:48:11.354+07:00 DEBUG 15036 --- [tea-attendance-api] [nio-8080-exec-3] org.hibernate.SQL                        : 
    select
        distinct do1_0.id,
        do1_0.created_at,
        i1_0.order_id,
        i1_0.id,
        i1_0.consumer_member_id,
        c1_0.id,
        c1_0.account_name,
        c1_0.account_number,
        c1_0.active,
        c1_0.avatar_url,
        c1_0.bank_bin,
        c1_0.bank_name,
        c1_0.created_at,
        c1_0.display_name,
        c1_0.email,
        c1_0.password_hash,
        c1_0.qr_code_url,
        c1_0.reset_code_expires_at,
        c1_0.reset_code_hash,
        c1_0.role,
        c1_0.updated_at,
        i1_0.drink_name,
        i1_0.line_total,
        i1_0.quantity,
        i1_0.unit_price,
        do1_0.note,
        do1_0.order_date,
        do1_0.payer_member_id,
        p1_0.id,
        p1_0.account_name,
        p1_0.account_number,
        p1_0.active,
        p1_0.avatar_url,
        p1_0.bank_bin,
        p1_0.bank_name,
        p1_0.created_at,
        p1_0.display_name,
        p1_0.email,
        p1_0.password_hash,
        p1_0.qr_code_url,
        p1_0.reset_code_expires_at,
        p1_0.reset_code_hash,
        p1_0.role,
        p1_0.updated_at,
        do1_0.total_amount,
        do1_0.updated_at 
    from
        drink_orders do1_0 
    join
        members p1_0 
            on p1_0.id=do1_0.payer_member_id 
    left join
        order_items i1_0 
            on do1_0.id=i1_0.order_id 
    left join
        members c1_0 
            on c1_0.id=i1_0.consumer_member_id 
    where
        do1_0.order_date between ? and ? 
    order by
        do1_0.order_date,
        do1_0.id
2026-09-14T00:48:11.362+07:00 DEBUG 15036 --- [tea-attendance-api] [nio-8080-exec-9] org.hibernate.SQL                        : 
    select
        distinct cm1_0.id,
        cm1_0.content,
        cm1_0.created_at,
        cm1_0.deleted_at,
        rt1_0.id,
        rt1_0.content,
        rt1_0.created_at,
        rt1_0.deleted_at,
        rt1_0.reply_to_message_id,
        rt1_0.sender_member_id,
        s2_0.id,
        s2_0.account_name,
        s2_0.account_number,
        s2_0.active,
        s2_0.avatar_url,
        s2_0.bank_bin,
        s2_0.bank_name,
        s2_0.created_at,
        s2_0.display_name,
        s2_0.email,
        s2_0.password_hash,
        s2_0.qr_code_url,
        s2_0.reset_code_expires_at,
        s2_0.reset_code_hash,
        s2_0.role,
        s2_0.updated_at,
        cm1_0.sender_member_id,
        s1_0.id,
        s1_0.account_name,
        s1_0.account_number,
        s1_0.active,
        s1_0.avatar_url,
        s1_0.bank_bin,
        s1_0.bank_name,
        s1_0.created_at,
        s1_0.display_name,
        s1_0.email,
        s1_0.password_hash,
        s1_0.qr_code_url,
        s1_0.reset_code_expires_at,
        s1_0.reset_code_hash,
        s1_0.role,
        s1_0.updated_at 
    from
        chat_messages cm1_0 
    join
        members s1_0 
            on s1_0.id=cm1_0.sender_member_id 
    left join
        chat_messages rt1_0 
            on rt1_0.id=cm1_0.reply_to_message_id 
    left join
        members s2_0 
            on s2_0.id=rt1_0.sender_member_id 
    order by
        cm1_0.created_at desc 
    limit
        ?
2026-09-14T00:48:11.369+07:00 DEBUG 15036 --- [tea-attendance-api] [nio-8080-exec-1] org.hibernate.SQL                        : 
    select
        n1_0.id,
        n1_0.body,
        n1_0.created_at,
        n1_0.read_at,
        n1_0.recipient_member_id,
        r1_0.id,
        r1_0.account_name,
        r1_0.account_number,
        r1_0.active,
        r1_0.avatar_url,
        r1_0.bank_bin,
        r1_0.bank_name,
        r1_0.created_at,
        r1_0.display_name,
        r1_0.email,
        r1_0.password_hash,
        r1_0.qr_code_url,
        r1_0.reset_code_expires_at,
        r1_0.reset_code_hash,
        r1_0.role,
        r1_0.updated_at,
        n1_0.settlement_id,
        n1_0.title,
        n1_0.transfer_id,
        n1_0.type 
    from
        notifications n1_0 
    join
        members r1_0 
            on r1_0.id=n1_0.recipient_member_id 
    where
        r1_0.id=? 
    order by
        n1_0.created_at desc
2026-09-14T00:48:11.371+07:00 DEBUG 15036 --- [tea-attendance-api] [nio-8080-exec-5] m.m.a.RequestResponseBodyMethodProcessor : Using 'application/json', given [*/*] and supported [application/json, application/*+json]
2026-09-14T00:48:11.372+07:00 DEBUG 15036 --- [tea-attendance-api] [nio-8080-exec-5] m.m.a.RequestResponseBodyMethodProcessor : Writing [[MemberResponse[id=1, displayName=Minh Anh, email=minh.anh@example.test, bankName=MB Bank, bankBin=9 (truncated)...]
2026-09-14T00:48:11.372+07:00 DEBUG 15036 --- [tea-attendance-api] [nio-8080-exec-9] org.hibernate.SQL                        : 
    select
        a1_0.message_id,
        a1_0.id,
        a1_0.byte_size,
        a1_0.content_type,
        a1_0.created_at,
        a1_0.original_filename,
        a1_0.storage_key 
    from
        chat_attachments a1_0 
    where
        a1_0.message_id=? 
    order by
        a1_0.id
2026-09-14T00:48:11.374+07:00 DEBUG 15036 --- [tea-attendance-api] [nio-8080-exec-5] o.s.web.servlet.DispatcherServlet        : Completed 200 OK
2026-09-14T00:48:11.383+07:00 DEBUG 15036 --- [tea-attendance-api] [nio-8080-exec-3] m.m.a.RequestResponseBodyMethodProcessor : Using 'application/json', given [*/*] and supported [application/json, application/*+json]
2026-09-14T00:48:11.384+07:00 DEBUG 15036 --- [tea-attendance-api] [nio-8080-exec-2] m.m.a.RequestResponseBodyMethodProcessor : Using 'application/json', given [*/*] and supported [application/json, application/*+json]
2026-09-14T00:48:11.384+07:00 DEBUG 15036 --- [tea-attendance-api] [nio-8080-exec-9] org.hibernate.SQL                        : 
    select
        a1_0.message_id,
        a1_0.id,
        a1_0.byte_size,
        a1_0.content_type,
        a1_0.created_at,
        a1_0.original_filename,
        a1_0.storage_key 
    from
        chat_attachments a1_0 
    where
        a1_0.message_id=? 
    order by
        a1_0.id
2026-09-14T00:48:11.384+07:00 DEBUG 15036 --- [tea-attendance-api] [nio-8080-exec-3] m.m.a.RequestResponseBodyMethodProcessor : Writing [[]]
2026-09-14T00:48:11.385+07:00 DEBUG 15036 --- [tea-attendance-api] [nio-8080-exec-2] m.m.a.RequestResponseBodyMethodProcessor : Writing [[DrinkCatalogResponse[id=1, name=Tra da, price=5000, icon=?, active=true], DrinkCatalogResponse[id= (truncated)...]
2026-09-14T00:48:11.386+07:00 DEBUG 15036 --- [tea-attendance-api] [nio-8080-exec-3] o.s.web.servlet.DispatcherServlet        : Completed 200 OK
2026-09-14T00:48:11.386+07:00 DEBUG 15036 --- [tea-attendance-api] [nio-8080-exec-2] o.s.web.servlet.DispatcherServlet        : Completed 200 OK
2026-09-14T00:48:11.398+07:00 DEBUG 15036 --- [tea-attendance-api] [nio-8080-exec-9] org.hibernate.SQL                        : 
    select
        a1_0.message_id,
        a1_0.id,
        a1_0.byte_size,
        a1_0.content_type,
        a1_0.created_at,
        a1_0.original_filename,
        a1_0.storage_key 
    from
        chat_attachments a1_0 
    where
        a1_0.message_id=? 
    order by
        a1_0.id
2026-09-14T00:48:11.402+07:00 DEBUG 15036 --- [tea-attendance-api] [nio-8080-exec-9] org.hibernate.SQL                        : 
    select
        a1_0.message_id,
        a1_0.id,
        a1_0.byte_size,
        a1_0.content_type,
        a1_0.created_at,
        a1_0.original_filename,
        a1_0.storage_key 
    from
        chat_attachments a1_0 
    where
        a1_0.message_id=? 
    order by
        a1_0.id
2026-09-14T00:48:11.405+07:00 DEBUG 15036 --- [tea-attendance-api] [nio-8080-exec-1] m.m.a.RequestResponseBodyMethodProcessor : Using 'application/json', given [*/*] and supported [application/json, application/*+json]
2026-09-14T00:48:11.405+07:00 DEBUG 15036 --- [tea-attendance-api] [nio-8080-exec-1] m.m.a.RequestResponseBodyMethodProcessor : Writing [[]]
2026-09-14T00:48:11.407+07:00 DEBUG 15036 --- [tea-attendance-api] [nio-8080-exec-1] o.s.web.servlet.DispatcherServlet        : Completed 200 OK
2026-09-14T00:48:11.410+07:00 DEBUG 15036 --- [tea-attendance-api] [nio-8080-exec-9] org.hibernate.SQL                        : 
    select
        a1_0.message_id,
        a1_0.id,
        a1_0.byte_size,
        a1_0.content_type,
        a1_0.created_at,
        a1_0.original_filename,
        a1_0.storage_key 
    from
        chat_attachments a1_0 
    where
        a1_0.message_id=? 
    order by
        a1_0.id
2026-09-14T00:48:11.432+07:00 DEBUG 15036 --- [tea-attendance-api] [nio-8080-exec-9] m.m.a.RequestResponseBodyMethodProcessor : Using 'application/json', given [*/*] and supported [application/json, application/*+json]
2026-09-14T00:48:11.433+07:00 DEBUG 15036 --- [tea-attendance-api] [nio-8080-exec-9] m.m.a.RequestResponseBodyMethodProcessor : Writing [[ChatMessageResponse[id=2, sender=MemberBriefResponse[id=1, displayName=Minh Anh, avatarUrl=null], c (truncated)...]
2026-09-14T00:48:11.435+07:00 DEBUG 15036 --- [tea-attendance-api] [nio-8080-exec-9] o.s.web.servlet.DispatcherServlet        : Completed 200 OK
2026-09-14T00:49:00.020+07:00 DEBUG 15036 --- [tea-attendance-api] [MessageBroker-3] org.hibernate.SQL                        : 
    select
        wns1_0.id,
        wns1_0.creditor_body,
        wns1_0.creditor_title,
        wns1_0.debtor_body,
        wns1_0.debtor_title,
        wns1_0.send_day,
        wns1_0.send_time,
        wns1_0.updated_at 
    from
        weekly_notification_settings wns1_0 
    where
        wns1_0.id=?
2026-09-14T00:49:11.293+07:00 DEBUG 15036 --- [tea-attendance-api] [nio-8080-exec-6] o.s.web.servlet.DispatcherServlet        : GET "/api/members?includeInactive=true", parameters={masked}
2026-09-14T00:49:11.293+07:00 DEBUG 15036 --- [tea-attendance-api] [io-8080-exec-10] o.s.web.servlet.DispatcherServlet        : GET "/api/drinks?includeInactive=true", parameters={masked}
2026-09-14T00:49:11.294+07:00 DEBUG 15036 --- [tea-attendance-api] [nio-8080-exec-7] o.s.web.servlet.DispatcherServlet        : GET "/api/expenses/range?from=2026-09-14&to=2026-09-20", parameters={masked}
2026-09-14T00:49:11.296+07:00 DEBUG 15036 --- [tea-attendance-api] [nio-8080-exec-7] s.w.s.m.m.a.RequestMappingHandlerMapping : Mapped to com.trasua.api.ExpenseController#range(LocalDate, LocalDate)
2026-09-14T00:49:11.296+07:00 DEBUG 15036 --- [tea-attendance-api] [nio-8080-exec-6] s.w.s.m.m.a.RequestMappingHandlerMapping : Mapped to com.trasua.api.MemberController#list(boolean)
2026-09-14T00:49:11.295+07:00 DEBUG 15036 --- [tea-attendance-api] [io-8080-exec-10] s.w.s.m.m.a.RequestMappingHandlerMapping : Mapped to com.trasua.api.DrinkCatalogController#list(boolean)
2026-09-14T00:49:11.305+07:00 DEBUG 15036 --- [tea-attendance-api] [nio-8080-exec-8] o.s.web.servlet.DispatcherServlet        : GET "/api/chat/messages", parameters={}
2026-09-14T00:49:11.306+07:00 DEBUG 15036 --- [tea-attendance-api] [nio-8080-exec-4] o.s.web.servlet.DispatcherServlet        : GET "/api/notifications?memberId=6", parameters={masked}
2026-09-14T00:49:11.309+07:00 DEBUG 15036 --- [tea-attendance-api] [nio-8080-exec-8] s.w.s.m.m.a.RequestMappingHandlerMapping : Mapped to com.trasua.api.ChatController#list(Instant, int)
2026-09-14T00:49:11.310+07:00 DEBUG 15036 --- [tea-attendance-api] [nio-8080-exec-4] s.w.s.m.m.a.RequestMappingHandlerMapping : Mapped to com.trasua.api.NotificationController#list(Long)
2026-09-14T00:49:11.322+07:00 DEBUG 15036 --- [tea-attendance-api] [nio-8080-exec-7] org.hibernate.SQL                        : 
    select
        distinct do1_0.id,
        do1_0.created_at,
        i1_0.order_id,
        i1_0.id,
        i1_0.consumer_member_id,
        c1_0.id,
        c1_0.account_name,
        c1_0.account_number,
        c1_0.active,
        c1_0.avatar_url,
        c1_0.bank_bin,
        c1_0.bank_name,
        c1_0.created_at,
        c1_0.display_name,
        c1_0.email,
        c1_0.password_hash,
        c1_0.qr_code_url,
        c1_0.reset_code_expires_at,
        c1_0.reset_code_hash,
        c1_0.role,
        c1_0.updated_at,
        i1_0.drink_name,
        i1_0.line_total,
        i1_0.quantity,
        i1_0.unit_price,
        do1_0.note,
        do1_0.order_date,
        do1_0.payer_member_id,
        p1_0.id,
        p1_0.account_name,
        p1_0.account_number,
        p1_0.active,
        p1_0.avatar_url,
        p1_0.bank_bin,
        p1_0.bank_name,
        p1_0.created_at,
        p1_0.display_name,
        p1_0.email,
        p1_0.password_hash,
        p1_0.qr_code_url,
        p1_0.reset_code_expires_at,
        p1_0.reset_code_hash,
        p1_0.role,
        p1_0.updated_at,
        do1_0.total_amount,
        do1_0.updated_at 
    from
        drink_orders do1_0 
    join
        members p1_0 
            on p1_0.id=do1_0.payer_member_id 
    left join
        order_items i1_0 
            on do1_0.id=i1_0.order_id 
    left join
        members c1_0 
            on c1_0.id=i1_0.consumer_member_id 
    where
        do1_0.order_date between ? and ? 
    order by
        do1_0.order_date,
        do1_0.id
2026-09-14T00:49:11.323+07:00 DEBUG 15036 --- [tea-attendance-api] [nio-8080-exec-6] org.hibernate.SQL                        : 
    select
        m1_0.id,
        m1_0.account_name,
        m1_0.account_number,
        m1_0.active,
        m1_0.avatar_url,
        m1_0.bank_bin,
        m1_0.bank_name,
        m1_0.created_at,
        m1_0.display_name,
        m1_0.email,
        m1_0.password_hash,
        m1_0.qr_code_url,
        m1_0.reset_code_expires_at,
        m1_0.reset_code_hash,
        m1_0.role,
        m1_0.updated_at 
    from
        members m1_0
2026-09-14T00:49:11.332+07:00 DEBUG 15036 --- [tea-attendance-api] [io-8080-exec-10] org.hibernate.SQL                        : 
    select
        dci1_0.id,
        dci1_0.active,
        dci1_0.created_at,
        dci1_0.icon,
        dci1_0.name,
        dci1_0.price,
        dci1_0.updated_at 
    from
        drink_catalog dci1_0
2026-09-14T00:49:11.333+07:00 DEBUG 15036 --- [tea-attendance-api] [nio-8080-exec-4] org.hibernate.SQL                        : 
    select
        n1_0.id,
        n1_0.body,
        n1_0.created_at,
        n1_0.read_at,
        n1_0.recipient_member_id,
        r1_0.id,
        r1_0.account_name,
        r1_0.account_number,
        r1_0.active,
        r1_0.avatar_url,
        r1_0.bank_bin,
        r1_0.bank_name,
        r1_0.created_at,
        r1_0.display_name,
        r1_0.email,
        r1_0.password_hash,
        r1_0.qr_code_url,
        r1_0.reset_code_expires_at,
        r1_0.reset_code_hash,
        r1_0.role,
        r1_0.updated_at,
        n1_0.settlement_id,
        n1_0.title,
        n1_0.transfer_id,
        n1_0.type 
    from
        notifications n1_0 
    join
        members r1_0 
            on r1_0.id=n1_0.recipient_member_id 
    where
        r1_0.id=? 
    order by
        n1_0.created_at desc
2026-09-14T00:49:11.343+07:00 DEBUG 15036 --- [tea-attendance-api] [nio-8080-exec-8] org.hibernate.SQL                        : 
    select
        distinct cm1_0.id,
        cm1_0.content,
        cm1_0.created_at,
        cm1_0.deleted_at,
        rt1_0.id,
        rt1_0.content,
        rt1_0.created_at,
        rt1_0.deleted_at,
        rt1_0.reply_to_message_id,
        rt1_0.sender_member_id,
        s2_0.id,
        s2_0.account_name,
        s2_0.account_number,
        s2_0.active,
        s2_0.avatar_url,
        s2_0.bank_bin,
        s2_0.bank_name,
        s2_0.created_at,
        s2_0.display_name,
        s2_0.email,
        s2_0.password_hash,
        s2_0.qr_code_url,
        s2_0.reset_code_expires_at,
        s2_0.reset_code_hash,
        s2_0.role,
        s2_0.updated_at,
        cm1_0.sender_member_id,
        s1_0.id,
        s1_0.account_name,
        s1_0.account_number,
        s1_0.active,
        s1_0.avatar_url,
        s1_0.bank_bin,
        s1_0.bank_name,
        s1_0.created_at,
        s1_0.display_name,
        s1_0.email,
        s1_0.password_hash,
        s1_0.qr_code_url,
        s1_0.reset_code_expires_at,
        s1_0.reset_code_hash,
        s1_0.role,
        s1_0.updated_at 
    from
        chat_messages cm1_0 
    join
        members s1_0 
            on s1_0.id=cm1_0.sender_member_id 
    left join
        chat_messages rt1_0 
            on rt1_0.id=cm1_0.reply_to_message_id 
    left join
        members s2_0 
            on s2_0.id=rt1_0.sender_member_id 
    order by
        cm1_0.created_at desc 
    limit
        ?
2026-09-14T00:49:11.351+07:00 DEBUG 15036 --- [tea-attendance-api] [nio-8080-exec-7] m.m.a.RequestResponseBodyMethodProcessor : Using 'application/json', given [*/*] and supported [application/json, application/*+json]
2026-09-14T00:49:11.352+07:00 DEBUG 15036 --- [tea-attendance-api] [nio-8080-exec-7] m.m.a.RequestResponseBodyMethodProcessor : Writing [[]]
2026-09-14T00:49:11.353+07:00 DEBUG 15036 --- [tea-attendance-api] [nio-8080-exec-6] m.m.a.RequestResponseBodyMethodProcessor : Using 'application/json', given [*/*] and supported [application/json, application/*+json]
2026-09-14T00:49:11.354+07:00 DEBUG 15036 --- [tea-attendance-api] [nio-8080-exec-7] o.s.web.servlet.DispatcherServlet        : Completed 200 OK
2026-09-14T00:49:11.354+07:00 DEBUG 15036 --- [tea-attendance-api] [nio-8080-exec-6] m.m.a.RequestResponseBodyMethodProcessor : Writing [[MemberResponse[id=1, displayName=Minh Anh, email=minh.anh@example.test, bankName=MB Bank, bankBin=9 (truncated)...]
2026-09-14T00:49:11.354+07:00 DEBUG 15036 --- [tea-attendance-api] [nio-8080-exec-8] org.hibernate.SQL                        : 
    select
        a1_0.message_id,
        a1_0.id,
        a1_0.byte_size,
        a1_0.content_type,
        a1_0.created_at,
        a1_0.original_filename,
        a1_0.storage_key 
    from
        chat_attachments a1_0 
    where
        a1_0.message_id=? 
    order by
        a1_0.id
2026-09-14T00:49:11.355+07:00 DEBUG 15036 --- [tea-attendance-api] [nio-8080-exec-6] o.s.web.servlet.DispatcherServlet        : Completed 200 OK
2026-09-14T00:49:11.361+07:00 DEBUG 15036 --- [tea-attendance-api] [nio-8080-exec-4] m.m.a.RequestResponseBodyMethodProcessor : Using 'application/json', given [*/*] and supported [application/json, application/*+json]
2026-09-14T00:49:11.362+07:00 DEBUG 15036 --- [tea-attendance-api] [nio-8080-exec-4] m.m.a.RequestResponseBodyMethodProcessor : Writing [[]]
2026-09-14T00:49:11.363+07:00 DEBUG 15036 --- [tea-attendance-api] [nio-8080-exec-4] o.s.web.servlet.DispatcherServlet        : Completed 200 OK
2026-09-14T00:49:11.371+07:00 DEBUG 15036 --- [tea-attendance-api] [nio-8080-exec-8] org.hibernate.SQL                        : 
    select
        a1_0.message_id,
        a1_0.id,
        a1_0.byte_size,
        a1_0.content_type,
        a1_0.created_at,
        a1_0.original_filename,
        a1_0.storage_key 
    from
        chat_attachments a1_0 
    where
        a1_0.message_id=? 
    order by
        a1_0.id
2026-09-14T00:49:11.373+07:00 DEBUG 15036 --- [tea-attendance-api] [io-8080-exec-10] m.m.a.RequestResponseBodyMethodProcessor : Using 'application/json', given [*/*] and supported [application/json, application/*+json]
2026-09-14T00:49:11.374+07:00 DEBUG 15036 --- [tea-attendance-api] [io-8080-exec-10] m.m.a.RequestResponseBodyMethodProcessor : Writing [[DrinkCatalogResponse[id=1, name=Tra da, price=5000, icon=?, active=true], DrinkCatalogResponse[id= (truncated)...]
2026-09-14T00:49:11.375+07:00 DEBUG 15036 --- [tea-attendance-api] [io-8080-exec-10] o.s.web.servlet.DispatcherServlet        : Completed 200 OK
2026-09-14T00:49:11.376+07:00 DEBUG 15036 --- [tea-attendance-api] [nio-8080-exec-8] org.hibernate.SQL                        : 
    select
        a1_0.message_id,
        a1_0.id,
        a1_0.byte_size,
        a1_0.content_type,
        a1_0.created_at,
        a1_0.original_filename,
        a1_0.storage_key 
    from
        chat_attachments a1_0 
    where
        a1_0.message_id=? 
    order by
        a1_0.id
2026-09-14T00:49:11.386+07:00 DEBUG 15036 --- [tea-attendance-api] [nio-8080-exec-8] org.hibernate.SQL                        : 
    select
        a1_0.message_id,
        a1_0.id,
        a1_0.byte_size,
        a1_0.content_type,
        a1_0.created_at,
        a1_0.original_filename,
        a1_0.storage_key 
    from
        chat_attachments a1_0 
    where
        a1_0.message_id=? 
    order by
        a1_0.id
2026-09-14T00:49:11.393+07:00 DEBUG 15036 --- [tea-attendance-api] [nio-8080-exec-8] org.hibernate.SQL                        : 
    select
        a1_0.message_id,
        a1_0.id,
        a1_0.byte_size,
        a1_0.content_type,
        a1_0.created_at,
        a1_0.original_filename,
        a1_0.storage_key 
    from
        chat_attachments a1_0 
    where
        a1_0.message_id=? 
    order by
        a1_0.id
2026-09-14T00:49:11.405+07:00 DEBUG 15036 --- [tea-attendance-api] [nio-8080-exec-8] m.m.a.RequestResponseBodyMethodProcessor : Using 'application/json', given [*/*] and supported [application/json, application/*+json]
2026-09-14T00:49:11.406+07:00 DEBUG 15036 --- [tea-attendance-api] [nio-8080-exec-8] m.m.a.RequestResponseBodyMethodProcessor : Writing [[ChatMessageResponse[id=2, sender=MemberBriefResponse[id=1, displayName=Minh Anh, avatarUrl=null], c (truncated)...]
2026-09-14T00:49:11.408+07:00 DEBUG 15036 --- [tea-attendance-api] [nio-8080-exec-8] o.s.web.servlet.DispatcherServlet        : Completed 200 OK
2026-09-14T00:50:00.040+07:00 DEBUG 15036 --- [tea-attendance-api] [MessageBroker-3] org.hibernate.SQL                        : 
    select
        wns1_0.id,
        wns1_0.creditor_body,
        wns1_0.creditor_title,
        wns1_0.debtor_body,
        wns1_0.debtor_title,
        wns1_0.send_day,
        wns1_0.send_time,
        wns1_0.updated_at 
    from
        weekly_notification_settings wns1_0 
    where
        wns1_0.id=?
2026-09-14T00:50:11.317+07:00 DEBUG 15036 --- [tea-attendance-api] [nio-8080-exec-5] o.s.web.servlet.DispatcherServlet        : GET "/api/members?includeInactive=true", parameters={masked}
2026-09-14T00:50:11.318+07:00 DEBUG 15036 --- [tea-attendance-api] [nio-8080-exec-3] o.s.web.servlet.DispatcherServlet        : GET "/api/drinks?includeInactive=true", parameters={masked}
2026-09-14T00:50:11.319+07:00 DEBUG 15036 --- [tea-attendance-api] [nio-8080-exec-3] s.w.s.m.m.a.RequestMappingHandlerMapping : Mapped to com.trasua.api.DrinkCatalogController#list(boolean)
2026-09-14T00:50:11.319+07:00 DEBUG 15036 --- [tea-attendance-api] [nio-8080-exec-5] s.w.s.m.m.a.RequestMappingHandlerMapping : Mapped to com.trasua.api.MemberController#list(boolean)
2026-09-14T00:50:11.322+07:00 DEBUG 15036 --- [tea-attendance-api] [nio-8080-exec-2] o.s.web.servlet.DispatcherServlet        : GET "/api/expenses/range?from=2026-09-14&to=2026-09-20", parameters={masked}
2026-09-14T00:50:11.324+07:00 DEBUG 15036 --- [tea-attendance-api] [nio-8080-exec-1] o.s.web.servlet.DispatcherServlet        : GET "/api/chat/messages", parameters={}
2026-09-14T00:50:11.324+07:00 DEBUG 15036 --- [tea-attendance-api] [nio-8080-exec-9] o.s.web.servlet.DispatcherServlet        : GET "/api/notifications?memberId=6", parameters={masked}
2026-09-14T00:50:11.324+07:00 DEBUG 15036 --- [tea-attendance-api] [nio-8080-exec-2] s.w.s.m.m.a.RequestMappingHandlerMapping : Mapped to com.trasua.api.ExpenseController#range(LocalDate, LocalDate)
2026-09-14T00:50:11.324+07:00 DEBUG 15036 --- [tea-attendance-api] [nio-8080-exec-1] s.w.s.m.m.a.RequestMappingHandlerMapping : Mapped to com.trasua.api.ChatController#list(Instant, int)
2026-09-14T00:50:11.325+07:00 DEBUG 15036 --- [tea-attendance-api] [nio-8080-exec-9] s.w.s.m.m.a.RequestMappingHandlerMapping : Mapped to com.trasua.api.NotificationController#list(Long)
2026-09-14T00:50:11.342+07:00 DEBUG 15036 --- [tea-attendance-api] [nio-8080-exec-3] org.hibernate.SQL                        : 
    select
        dci1_0.id,
        dci1_0.active,
        dci1_0.created_at,
        dci1_0.icon,
        dci1_0.name,
        dci1_0.price,
        dci1_0.updated_at 
    from
        drink_catalog dci1_0
2026-09-14T00:50:11.343+07:00 DEBUG 15036 --- [tea-attendance-api] [nio-8080-exec-5] org.hibernate.SQL                        : 
    select
        m1_0.id,
        m1_0.account_name,
        m1_0.account_number,
        m1_0.active,
        m1_0.avatar_url,
        m1_0.bank_bin,
        m1_0.bank_name,
        m1_0.created_at,
        m1_0.display_name,
        m1_0.email,
        m1_0.password_hash,
        m1_0.qr_code_url,
        m1_0.reset_code_expires_at,
        m1_0.reset_code_hash,
        m1_0.role,
        m1_0.updated_at 
    from
        members m1_0
2026-09-14T00:50:11.349+07:00 DEBUG 15036 --- [tea-attendance-api] [nio-8080-exec-1] org.hibernate.SQL                        : 
    select
        distinct cm1_0.id,
        cm1_0.content,
        cm1_0.created_at,
        cm1_0.deleted_at,
        rt1_0.id,
        rt1_0.content,
        rt1_0.created_at,
        rt1_0.deleted_at,
        rt1_0.reply_to_message_id,
        rt1_0.sender_member_id,
        s2_0.id,
        s2_0.account_name,
        s2_0.account_number,
        s2_0.active,
        s2_0.avatar_url,
        s2_0.bank_bin,
        s2_0.bank_name,
        s2_0.created_at,
        s2_0.display_name,
        s2_0.email,
        s2_0.password_hash,
        s2_0.qr_code_url,
        s2_0.reset_code_expires_at,
        s2_0.reset_code_hash,
        s2_0.role,
        s2_0.updated_at,
        cm1_0.sender_member_id,
        s1_0.id,
        s1_0.account_name,
        s1_0.account_number,
        s1_0.active,
        s1_0.avatar_url,
        s1_0.bank_bin,
        s1_0.bank_name,
        s1_0.created_at,
        s1_0.display_name,
        s1_0.email,
        s1_0.password_hash,
        s1_0.qr_code_url,
        s1_0.reset_code_expires_at,
        s1_0.reset_code_hash,
        s1_0.role,
        s1_0.updated_at 
    from
        chat_messages cm1_0 
    join
        members s1_0 
            on s1_0.id=cm1_0.sender_member_id 
    left join
        chat_messages rt1_0 
            on rt1_0.id=cm1_0.reply_to_message_id 
    left join
        members s2_0 
            on s2_0.id=rt1_0.sender_member_id 
    order by
        cm1_0.created_at desc 
    limit
        ?
2026-09-14T00:50:11.351+07:00 DEBUG 15036 --- [tea-attendance-api] [nio-8080-exec-9] org.hibernate.SQL                        : 
    select
        n1_0.id,
        n1_0.body,
        n1_0.created_at,
        n1_0.read_at,
        n1_0.recipient_member_id,
        r1_0.id,
        r1_0.account_name,
        r1_0.account_number,
        r1_0.active,
        r1_0.avatar_url,
        r1_0.bank_bin,
        r1_0.bank_name,
        r1_0.created_at,
        r1_0.display_name,
        r1_0.email,
        r1_0.password_hash,
        r1_0.qr_code_url,
        r1_0.reset_code_expires_at,
        r1_0.reset_code_hash,
        r1_0.role,
        r1_0.updated_at,
        n1_0.settlement_id,
        n1_0.title,
        n1_0.transfer_id,
        n1_0.type 
    from
        notifications n1_0 
    join
        members r1_0 
            on r1_0.id=n1_0.recipient_member_id 
    where
        r1_0.id=? 
    order by
        n1_0.created_at desc
2026-09-14T00:50:11.351+07:00 DEBUG 15036 --- [tea-attendance-api] [nio-8080-exec-2] org.hibernate.SQL                        : 
    select
        distinct do1_0.id,
        do1_0.created_at,
        i1_0.order_id,
        i1_0.id,
        i1_0.consumer_member_id,
        c1_0.id,
        c1_0.account_name,
        c1_0.account_number,
        c1_0.active,
        c1_0.avatar_url,
        c1_0.bank_bin,
        c1_0.bank_name,
        c1_0.created_at,
        c1_0.display_name,
        c1_0.email,
        c1_0.password_hash,
        c1_0.qr_code_url,
        c1_0.reset_code_expires_at,
        c1_0.reset_code_hash,
        c1_0.role,
        c1_0.updated_at,
        i1_0.drink_name,
        i1_0.line_total,
        i1_0.quantity,
        i1_0.unit_price,
        do1_0.note,
        do1_0.order_date,
        do1_0.payer_member_id,
        p1_0.id,
        p1_0.account_name,
        p1_0.account_number,
        p1_0.active,
        p1_0.avatar_url,
        p1_0.bank_bin,
        p1_0.bank_name,
        p1_0.created_at,
        p1_0.display_name,
        p1_0.email,
        p1_0.password_hash,
        p1_0.qr_code_url,
        p1_0.reset_code_expires_at,
        p1_0.reset_code_hash,
        p1_0.role,
        p1_0.updated_at,
        do1_0.total_amount,
        do1_0.updated_at 
    from
        drink_orders do1_0 
    join
        members p1_0 
            on p1_0.id=do1_0.payer_member_id 
    left join
        order_items i1_0 
            on do1_0.id=i1_0.order_id 
    left join
        members c1_0 
            on c1_0.id=i1_0.consumer_member_id 
    where
        do1_0.order_date between ? and ? 
    order by
        do1_0.order_date,
        do1_0.id
2026-09-14T00:50:11.362+07:00 DEBUG 15036 --- [tea-attendance-api] [nio-8080-exec-1] org.hibernate.SQL                        : 
    select
        a1_0.message_id,
        a1_0.id,
        a1_0.byte_size,
        a1_0.content_type,
        a1_0.created_at,
        a1_0.original_filename,
        a1_0.storage_key 
    from
        chat_attachments a1_0 
    where
        a1_0.message_id=? 
    order by
        a1_0.id
2026-09-14T00:50:11.393+07:00 DEBUG 15036 --- [tea-attendance-api] [nio-8080-exec-3] m.m.a.RequestResponseBodyMethodProcessor : Using 'application/json', given [*/*] and supported [application/json, application/*+json]
2026-09-14T00:50:11.393+07:00 DEBUG 15036 --- [tea-attendance-api] [nio-8080-exec-5] m.m.a.RequestResponseBodyMethodProcessor : Using 'application/json', given [*/*] and supported [application/json, application/*+json]
2026-09-14T00:50:11.394+07:00 DEBUG 15036 --- [tea-attendance-api] [nio-8080-exec-3] m.m.a.RequestResponseBodyMethodProcessor : Writing [[DrinkCatalogResponse[id=1, name=Tra da, price=5000, icon=?, active=true], DrinkCatalogResponse[id= (truncated)...]
2026-09-14T00:50:11.395+07:00 DEBUG 15036 --- [tea-attendance-api] [nio-8080-exec-5] m.m.a.RequestResponseBodyMethodProcessor : Writing [[MemberResponse[id=1, displayName=Minh Anh, email=minh.anh@example.test, bankName=MB Bank, bankBin=9 (truncated)...]
2026-09-14T00:50:11.395+07:00 DEBUG 15036 --- [tea-attendance-api] [nio-8080-exec-1] org.hibernate.SQL                        : 
    select
        a1_0.message_id,
        a1_0.id,
        a1_0.byte_size,
        a1_0.content_type,
        a1_0.created_at,
        a1_0.original_filename,
        a1_0.storage_key 
    from
        chat_attachments a1_0 
    where
        a1_0.message_id=? 
    order by
        a1_0.id
2026-09-14T00:50:11.396+07:00 DEBUG 15036 --- [tea-attendance-api] [nio-8080-exec-3] o.s.web.servlet.DispatcherServlet        : Completed 200 OK
2026-09-14T00:50:11.397+07:00 DEBUG 15036 --- [tea-attendance-api] [nio-8080-exec-5] o.s.web.servlet.DispatcherServlet        : Completed 200 OK
2026-09-14T00:50:11.412+07:00 DEBUG 15036 --- [tea-attendance-api] [nio-8080-exec-1] org.hibernate.SQL                        : 
    select
        a1_0.message_id,
        a1_0.id,
        a1_0.byte_size,
        a1_0.content_type,
        a1_0.created_at,
        a1_0.original_filename,
        a1_0.storage_key 
    from
        chat_attachments a1_0 
    where
        a1_0.message_id=? 
    order by
        a1_0.id
2026-09-14T00:50:11.415+07:00 DEBUG 15036 --- [tea-attendance-api] [nio-8080-exec-9] m.m.a.RequestResponseBodyMethodProcessor : Using 'application/json', given [*/*] and supported [application/json, application/*+json]
2026-09-14T00:50:11.416+07:00 DEBUG 15036 --- [tea-attendance-api] [nio-8080-exec-9] m.m.a.RequestResponseBodyMethodProcessor : Writing [[]]
2026-09-14T00:50:11.417+07:00 DEBUG 15036 --- [tea-attendance-api] [nio-8080-exec-2] m.m.a.RequestResponseBodyMethodProcessor : Using 'application/json', given [*/*] and supported [application/json, application/*+json]
2026-09-14T00:50:11.417+07:00 DEBUG 15036 --- [tea-attendance-api] [nio-8080-exec-1] org.hibernate.SQL                        : 
    select
        a1_0.message_id,
        a1_0.id,
        a1_0.byte_size,
        a1_0.content_type,
        a1_0.created_at,
        a1_0.original_filename,
        a1_0.storage_key 
    from
        chat_attachments a1_0 
    where
        a1_0.message_id=? 
    order by
        a1_0.id
2026-09-14T00:50:11.417+07:00 DEBUG 15036 --- [tea-attendance-api] [nio-8080-exec-9] o.s.web.servlet.DispatcherServlet        : Completed 200 OK
2026-09-14T00:50:11.418+07:00 DEBUG 15036 --- [tea-attendance-api] [nio-8080-exec-2] m.m.a.RequestResponseBodyMethodProcessor : Writing [[]]
2026-09-14T00:50:11.421+07:00 DEBUG 15036 --- [tea-attendance-api] [nio-8080-exec-2] o.s.web.servlet.DispatcherServlet        : Completed 200 OK
2026-09-14T00:50:11.426+07:00 DEBUG 15036 --- [tea-attendance-api] [nio-8080-exec-1] org.hibernate.SQL                        : 
    select
        a1_0.message_id,
        a1_0.id,
        a1_0.byte_size,
        a1_0.content_type,
        a1_0.created_at,
        a1_0.original_filename,
        a1_0.storage_key 
    from
        chat_attachments a1_0 
    where
        a1_0.message_id=? 
    order by
        a1_0.id
2026-09-14T00:50:11.449+07:00 DEBUG 15036 --- [tea-attendance-api] [nio-8080-exec-1] m.m.a.RequestResponseBodyMethodProcessor : Using 'application/json', given [*/*] and supported [application/json, application/*+json]
2026-09-14T00:50:11.450+07:00 DEBUG 15036 --- [tea-attendance-api] [nio-8080-exec-1] m.m.a.RequestResponseBodyMethodProcessor : Writing [[ChatMessageResponse[id=2, sender=MemberBriefResponse[id=1, displayName=Minh Anh, avatarUrl=null], c (truncated)...]
2026-09-14T00:50:11.453+07:00 DEBUG 15036 --- [tea-attendance-api] [nio-8080-exec-1] o.s.web.servlet.DispatcherServlet        : Completed 200 OK
2026-09-14T00:51:00.024+07:00 DEBUG 15036 --- [tea-attendance-api] [MessageBroker-2] org.hibernate.SQL                        : 
    select
        wns1_0.id,
        wns1_0.creditor_body,
        wns1_0.creditor_title,
        wns1_0.debtor_body,
        wns1_0.debtor_title,
        wns1_0.send_day,
        wns1_0.send_time,
        wns1_0.updated_at 
    from
        weekly_notification_settings wns1_0 
    where
        wns1_0.id=?
2026-09-14T00:51:11.328+07:00 DEBUG 15036 --- [tea-attendance-api] [nio-8080-exec-7] o.s.web.servlet.DispatcherServlet        : GET "/api/members?includeInactive=true", parameters={masked}
2026-09-14T00:51:11.330+07:00 DEBUG 15036 --- [tea-attendance-api] [nio-8080-exec-6] o.s.web.servlet.DispatcherServlet        : GET "/api/drinks?includeInactive=true", parameters={masked}
2026-09-14T00:51:11.330+07:00 DEBUG 15036 --- [tea-attendance-api] [io-8080-exec-10] o.s.web.servlet.DispatcherServlet        : GET "/api/chat/messages", parameters={}
2026-09-14T00:51:11.336+07:00 DEBUG 15036 --- [tea-attendance-api] [io-8080-exec-10] s.w.s.m.m.a.RequestMappingHandlerMapping : Mapped to com.trasua.api.ChatController#list(Instant, int)
2026-09-14T00:51:11.330+07:00 DEBUG 15036 --- [tea-attendance-api] [nio-8080-exec-4] o.s.web.servlet.DispatcherServlet        : GET "/api/expenses/range?from=2026-09-14&to=2026-09-20", parameters={masked}
2026-09-14T00:51:11.331+07:00 DEBUG 15036 --- [tea-attendance-api] [nio-8080-exec-7] s.w.s.m.m.a.RequestMappingHandlerMapping : Mapped to com.trasua.api.MemberController#list(boolean)
2026-09-14T00:51:11.334+07:00 DEBUG 15036 --- [tea-attendance-api] [nio-8080-exec-6] s.w.s.m.m.a.RequestMappingHandlerMapping : Mapped to com.trasua.api.DrinkCatalogController#list(boolean)
2026-09-14T00:51:11.338+07:00 DEBUG 15036 --- [tea-attendance-api] [nio-8080-exec-4] s.w.s.m.m.a.RequestMappingHandlerMapping : Mapped to com.trasua.api.ExpenseController#range(LocalDate, LocalDate)
2026-09-14T00:51:11.331+07:00 DEBUG 15036 --- [tea-attendance-api] [nio-8080-exec-8] o.s.web.servlet.DispatcherServlet        : GET "/api/notifications?memberId=6", parameters={masked}
2026-09-14T00:51:11.353+07:00 DEBUG 15036 --- [tea-attendance-api] [nio-8080-exec-8] s.w.s.m.m.a.RequestMappingHandlerMapping : Mapped to com.trasua.api.NotificationController#list(Long)
2026-09-14T00:51:11.375+07:00 DEBUG 15036 --- [tea-attendance-api] [io-8080-exec-10] org.hibernate.SQL                        : 
    select
        distinct cm1_0.id,
        cm1_0.content,
        cm1_0.created_at,
        cm1_0.deleted_at,
        rt1_0.id,
        rt1_0.content,
        rt1_0.created_at,
        rt1_0.deleted_at,
        rt1_0.reply_to_message_id,
        rt1_0.sender_member_id,
        s2_0.id,
        s2_0.account_name,
        s2_0.account_number,
        s2_0.active,
        s2_0.avatar_url,
        s2_0.bank_bin,
        s2_0.bank_name,
        s2_0.created_at,
        s2_0.display_name,
        s2_0.email,
        s2_0.password_hash,
        s2_0.qr_code_url,
        s2_0.reset_code_expires_at,
        s2_0.reset_code_hash,
        s2_0.role,
        s2_0.updated_at,
        cm1_0.sender_member_id,
        s1_0.id,
        s1_0.account_name,
        s1_0.account_number,
        s1_0.active,
        s1_0.avatar_url,
        s1_0.bank_bin,
        s1_0.bank_name,
        s1_0.created_at,
        s1_0.display_name,
        s1_0.email,
        s1_0.password_hash,
        s1_0.qr_code_url,
        s1_0.reset_code_expires_at,
        s1_0.reset_code_hash,
        s1_0.role,
        s1_0.updated_at 
    from
        chat_messages cm1_0 
    join
        members s1_0 
            on s1_0.id=cm1_0.sender_member_id 
    left join
        chat_messages rt1_0 
            on rt1_0.id=cm1_0.reply_to_message_id 
    left join
        members s2_0 
            on s2_0.id=rt1_0.sender_member_id 
    order by
        cm1_0.created_at desc 
    limit
        ?
2026-09-14T00:51:11.385+07:00 DEBUG 15036 --- [tea-attendance-api] [nio-8080-exec-7] org.hibernate.SQL                        : 
    select
        m1_0.id,
        m1_0.account_name,
        m1_0.account_number,
        m1_0.active,
        m1_0.avatar_url,
        m1_0.bank_bin,
        m1_0.bank_name,
        m1_0.created_at,
        m1_0.display_name,
        m1_0.email,
        m1_0.password_hash,
        m1_0.qr_code_url,
        m1_0.reset_code_expires_at,
        m1_0.reset_code_hash,
        m1_0.role,
        m1_0.updated_at 
    from
        members m1_0
2026-09-14T00:51:11.386+07:00 DEBUG 15036 --- [tea-attendance-api] [nio-8080-exec-6] org.hibernate.SQL                        : 
    select
        dci1_0.id,
        dci1_0.active,
        dci1_0.created_at,
        dci1_0.icon,
        dci1_0.name,
        dci1_0.price,
        dci1_0.updated_at 
    from
        drink_catalog dci1_0
2026-09-14T00:51:11.391+07:00 DEBUG 15036 --- [tea-attendance-api] [io-8080-exec-10] org.hibernate.SQL                        : 
    select
        a1_0.message_id,
        a1_0.id,
        a1_0.byte_size,
        a1_0.content_type,
        a1_0.created_at,
        a1_0.original_filename,
        a1_0.storage_key 
    from
        chat_attachments a1_0 
    where
        a1_0.message_id=? 
    order by
        a1_0.id
2026-09-14T00:51:11.404+07:00 DEBUG 15036 --- [tea-attendance-api] [nio-8080-exec-4] org.hibernate.SQL                        : 
    select
        distinct do1_0.id,
        do1_0.created_at,
        i1_0.order_id,
        i1_0.id,
        i1_0.consumer_member_id,
        c1_0.id,
        c1_0.account_name,
        c1_0.account_number,
        c1_0.active,
        c1_0.avatar_url,
        c1_0.bank_bin,
        c1_0.bank_name,
        c1_0.created_at,
        c1_0.display_name,
        c1_0.email,
        c1_0.password_hash,
        c1_0.qr_code_url,
        c1_0.reset_code_expires_at,
        c1_0.reset_code_hash,
        c1_0.role,
        c1_0.updated_at,
        i1_0.drink_name,
        i1_0.line_total,
        i1_0.quantity,
        i1_0.unit_price,
        do1_0.note,
        do1_0.order_date,
        do1_0.payer_member_id,
        p1_0.id,
        p1_0.account_name,
        p1_0.account_number,
        p1_0.active,
        p1_0.avatar_url,
        p1_0.bank_bin,
        p1_0.bank_name,
        p1_0.created_at,
        p1_0.display_name,
        p1_0.email,
        p1_0.password_hash,
        p1_0.qr_code_url,
        p1_0.reset_code_expires_at,
        p1_0.reset_code_hash,
        p1_0.role,
        p1_0.updated_at,
        do1_0.total_amount,
        do1_0.updated_at 
    from
        drink_orders do1_0 
    join
        members p1_0 
            on p1_0.id=do1_0.payer_member_id 
    left join
        order_items i1_0 
            on do1_0.id=i1_0.order_id 
    left join
        members c1_0 
            on c1_0.id=i1_0.consumer_member_id 
    where
        do1_0.order_date between ? and ? 
    order by
        do1_0.order_date,
        do1_0.id
2026-09-14T00:51:11.404+07:00 DEBUG 15036 --- [tea-attendance-api] [io-8080-exec-10] org.hibernate.SQL                        : 
    select
        a1_0.message_id,
        a1_0.id,
        a1_0.byte_size,
        a1_0.content_type,
        a1_0.created_at,
        a1_0.original_filename,
        a1_0.storage_key 
    from
        chat_attachments a1_0 
    where
        a1_0.message_id=? 
    order by
        a1_0.id
2026-09-14T00:51:11.423+07:00 DEBUG 15036 --- [tea-attendance-api] [io-8080-exec-10] org.hibernate.SQL                        : 
    select
        a1_0.message_id,
        a1_0.id,
        a1_0.byte_size,
        a1_0.content_type,
        a1_0.created_at,
        a1_0.original_filename,
        a1_0.storage_key 
    from
        chat_attachments a1_0 
    where
        a1_0.message_id=? 
    order by
        a1_0.id
2026-09-14T00:51:11.433+07:00 DEBUG 15036 --- [tea-attendance-api] [nio-8080-exec-8] org.hibernate.SQL                        : 
    select
        n1_0.id,
        n1_0.body,
        n1_0.created_at,
        n1_0.read_at,
        n1_0.recipient_member_id,
        r1_0.id,
        r1_0.account_name,
        r1_0.account_number,
        r1_0.active,
        r1_0.avatar_url,
        r1_0.bank_bin,
        r1_0.bank_name,
        r1_0.created_at,
        r1_0.display_name,
        r1_0.email,
        r1_0.password_hash,
        r1_0.qr_code_url,
        r1_0.reset_code_expires_at,
        r1_0.reset_code_hash,
        r1_0.role,
        r1_0.updated_at,
        n1_0.settlement_id,
        n1_0.title,
        n1_0.transfer_id,
        n1_0.type 
    from
        notifications n1_0 
    join
        members r1_0 
            on r1_0.id=n1_0.recipient_member_id 
    where
        r1_0.id=? 
    order by
        n1_0.created_at desc
2026-09-14T00:51:11.436+07:00 DEBUG 15036 --- [tea-attendance-api] [io-8080-exec-10] org.hibernate.SQL                        : 
    select
        a1_0.message_id,
        a1_0.id,
        a1_0.byte_size,
        a1_0.content_type,
        a1_0.created_at,
        a1_0.original_filename,
        a1_0.storage_key 
    from
        chat_attachments a1_0 
    where
        a1_0.message_id=? 
    order by
        a1_0.id
2026-09-14T00:51:11.438+07:00 DEBUG 15036 --- [tea-attendance-api] [nio-8080-exec-6] m.m.a.RequestResponseBodyMethodProcessor : Using 'application/json', given [*/*] and supported [application/json, application/*+json]
2026-09-14T00:51:11.440+07:00 DEBUG 15036 --- [tea-attendance-api] [nio-8080-exec-6] m.m.a.RequestResponseBodyMethodProcessor : Writing [[DrinkCatalogResponse[id=1, name=Tra da, price=5000, icon=?, active=true], DrinkCatalogResponse[id= (truncated)...]
2026-09-14T00:51:11.440+07:00 DEBUG 15036 --- [tea-attendance-api] [io-8080-exec-10] org.hibernate.SQL                        : 
    select
        a1_0.message_id,
        a1_0.id,
        a1_0.byte_size,
        a1_0.content_type,
        a1_0.created_at,
        a1_0.original_filename,
        a1_0.storage_key 
    from
        chat_attachments a1_0 
    where
        a1_0.message_id=? 
    order by
        a1_0.id
2026-09-14T00:51:11.442+07:00 DEBUG 15036 --- [tea-attendance-api] [nio-8080-exec-6] o.s.web.servlet.DispatcherServlet        : Completed 200 OK
2026-09-14T00:51:11.451+07:00 DEBUG 15036 --- [tea-attendance-api] [nio-8080-exec-7] m.m.a.RequestResponseBodyMethodProcessor : Using 'application/json', given [*/*] and supported [application/json, application/*+json]
2026-09-14T00:51:11.458+07:00 DEBUG 15036 --- [tea-attendance-api] [nio-8080-exec-7] m.m.a.RequestResponseBodyMethodProcessor : Writing [[MemberResponse[id=1, displayName=Minh Anh, email=minh.anh@example.test, bankName=MB Bank, bankBin=9 (truncated)...]
2026-09-14T00:51:11.463+07:00 DEBUG 15036 --- [tea-attendance-api] [nio-8080-exec-7] o.s.web.servlet.DispatcherServlet        : Completed 200 OK
2026-09-14T00:51:11.479+07:00 DEBUG 15036 --- [tea-attendance-api] [io-8080-exec-10] m.m.a.RequestResponseBodyMethodProcessor : Using 'application/json', given [*/*] and supported [application/json, application/*+json]
2026-09-14T00:51:11.480+07:00 DEBUG 15036 --- [tea-attendance-api] [io-8080-exec-10] m.m.a.RequestResponseBodyMethodProcessor : Writing [[ChatMessageResponse[id=2, sender=MemberBriefResponse[id=1, displayName=Minh Anh, avatarUrl=null], c (truncated)...]
2026-09-14T00:51:11.482+07:00 DEBUG 15036 --- [tea-attendance-api] [io-8080-exec-10] o.s.web.servlet.DispatcherServlet        : Completed 200 OK
2026-09-14T00:51:11.488+07:00 DEBUG 15036 --- [tea-attendance-api] [nio-8080-exec-4] m.m.a.RequestResponseBodyMethodProcessor : Using 'application/json', given [*/*] and supported [application/json, application/*+json]
2026-09-14T00:51:11.489+07:00 DEBUG 15036 --- [tea-attendance-api] [nio-8080-exec-4] m.m.a.RequestResponseBodyMethodProcessor : Writing [[]]
2026-09-14T00:51:11.491+07:00 DEBUG 15036 --- [tea-attendance-api] [nio-8080-exec-4] o.s.web.servlet.DispatcherServlet        : Completed 200 OK
2026-09-14T00:51:11.495+07:00 DEBUG 15036 --- [tea-attendance-api] [nio-8080-exec-8] m.m.a.RequestResponseBodyMethodProcessor : Using 'application/json', given [*/*] and supported [application/json, application/*+json]
2026-09-14T00:51:11.496+07:00 DEBUG 15036 --- [tea-attendance-api] [nio-8080-exec-8] m.m.a.RequestResponseBodyMethodProcessor : Writing [[]]
2026-09-14T00:51:11.497+07:00 DEBUG 15036 --- [tea-attendance-api] [nio-8080-exec-8] o.s.web.servlet.DispatcherServlet        : Completed 200 OK
2026-09-14T00:52:00.009+07:00 DEBUG 15036 --- [tea-attendance-api] [MessageBroker-2] org.hibernate.SQL                        : 
    select
        wns1_0.id,
        wns1_0.creditor_body,
        wns1_0.creditor_title,
        wns1_0.debtor_body,
        wns1_0.debtor_title,
        wns1_0.send_day,
        wns1_0.send_time,
        wns1_0.updated_at 
    from
        weekly_notification_settings wns1_0 
    where
        wns1_0.id=?
2026-09-14T00:52:11.308+07:00 DEBUG 15036 --- [tea-attendance-api] [nio-8080-exec-3] o.s.web.servlet.DispatcherServlet        : GET "/api/members?includeInactive=true", parameters={masked}
2026-09-14T00:52:11.309+07:00 DEBUG 15036 --- [tea-attendance-api] [nio-8080-exec-5] o.s.web.servlet.DispatcherServlet        : GET "/api/drinks?includeInactive=true", parameters={masked}
2026-09-14T00:52:11.309+07:00 DEBUG 15036 --- [tea-attendance-api] [nio-8080-exec-9] o.s.web.servlet.DispatcherServlet        : GET "/api/expenses/range?from=2026-09-14&to=2026-09-20", parameters={masked}
2026-09-14T00:52:11.309+07:00 DEBUG 15036 --- [tea-attendance-api] [nio-8080-exec-3] s.w.s.m.m.a.RequestMappingHandlerMapping : Mapped to com.trasua.api.MemberController#list(boolean)
2026-09-14T00:52:11.311+07:00 DEBUG 15036 --- [tea-attendance-api] [nio-8080-exec-1] o.s.web.servlet.DispatcherServlet        : GET "/api/notifications?memberId=6", parameters={masked}
2026-09-14T00:52:11.310+07:00 DEBUG 15036 --- [tea-attendance-api] [nio-8080-exec-5] s.w.s.m.m.a.RequestMappingHandlerMapping : Mapped to com.trasua.api.DrinkCatalogController#list(boolean)
2026-09-14T00:52:11.311+07:00 DEBUG 15036 --- [tea-attendance-api] [nio-8080-exec-9] s.w.s.m.m.a.RequestMappingHandlerMapping : Mapped to com.trasua.api.ExpenseController#range(LocalDate, LocalDate)
2026-09-14T00:52:11.311+07:00 DEBUG 15036 --- [tea-attendance-api] [nio-8080-exec-2] o.s.web.servlet.DispatcherServlet        : GET "/api/chat/messages", parameters={}
2026-09-14T00:52:11.312+07:00 DEBUG 15036 --- [tea-attendance-api] [nio-8080-exec-1] s.w.s.m.m.a.RequestMappingHandlerMapping : Mapped to com.trasua.api.NotificationController#list(Long)
2026-09-14T00:52:11.317+07:00 DEBUG 15036 --- [tea-attendance-api] [nio-8080-exec-2] s.w.s.m.m.a.RequestMappingHandlerMapping : Mapped to com.trasua.api.ChatController#list(Instant, int)
2026-09-14T00:52:11.340+07:00 DEBUG 15036 --- [tea-attendance-api] [nio-8080-exec-2] org.hibernate.SQL                        : 
    select
        distinct cm1_0.id,
        cm1_0.content,
        cm1_0.created_at,
        cm1_0.deleted_at,
        rt1_0.id,
        rt1_0.content,
        rt1_0.created_at,
        rt1_0.deleted_at,
        rt1_0.reply_to_message_id,
        rt1_0.sender_member_id,
        s2_0.id,
        s2_0.account_name,
        s2_0.account_number,
        s2_0.active,
        s2_0.avatar_url,
        s2_0.bank_bin,
        s2_0.bank_name,
        s2_0.created_at,
        s2_0.display_name,
        s2_0.email,
        s2_0.password_hash,
        s2_0.qr_code_url,
        s2_0.reset_code_expires_at,
        s2_0.reset_code_hash,
        s2_0.role,
        s2_0.updated_at,
        cm1_0.sender_member_id,
        s1_0.id,
        s1_0.account_name,
        s1_0.account_number,
        s1_0.active,
        s1_0.avatar_url,
        s1_0.bank_bin,
        s1_0.bank_name,
        s1_0.created_at,
        s1_0.display_name,
        s1_0.email,
        s1_0.password_hash,
        s1_0.qr_code_url,
        s1_0.reset_code_expires_at,
        s1_0.reset_code_hash,
        s1_0.role,
        s1_0.updated_at 
    from
        chat_messages cm1_0 
    join
        members s1_0 
            on s1_0.id=cm1_0.sender_member_id 
    left join
        chat_messages rt1_0 
            on rt1_0.id=cm1_0.reply_to_message_id 
    left join
        members s2_0 
            on s2_0.id=rt1_0.sender_member_id 
    order by
        cm1_0.created_at desc 
    limit
        ?
2026-09-14T00:52:11.340+07:00 DEBUG 15036 --- [tea-attendance-api] [nio-8080-exec-1] org.hibernate.SQL                        : 
    select
        n1_0.id,
        n1_0.body,
        n1_0.created_at,
        n1_0.read_at,
        n1_0.recipient_member_id,
        r1_0.id,
        r1_0.account_name,
        r1_0.account_number,
        r1_0.active,
        r1_0.avatar_url,
        r1_0.bank_bin,
        r1_0.bank_name,
        r1_0.created_at,
        r1_0.display_name,
        r1_0.email,
        r1_0.password_hash,
        r1_0.qr_code_url,
        r1_0.reset_code_expires_at,
        r1_0.reset_code_hash,
        r1_0.role,
        r1_0.updated_at,
        n1_0.settlement_id,
        n1_0.title,
        n1_0.transfer_id,
        n1_0.type 
    from
        notifications n1_0 
    join
        members r1_0 
            on r1_0.id=n1_0.recipient_member_id 
    where
        r1_0.id=? 
    order by
        n1_0.created_at desc
2026-09-14T00:52:11.340+07:00 DEBUG 15036 --- [tea-attendance-api] [nio-8080-exec-9] org.hibernate.SQL                        : 
    select
        distinct do1_0.id,
        do1_0.created_at,
        i1_0.order_id,
        i1_0.id,
        i1_0.consumer_member_id,
        c1_0.id,
        c1_0.account_name,
        c1_0.account_number,
        c1_0.active,
        c1_0.avatar_url,
        c1_0.bank_bin,
        c1_0.bank_name,
        c1_0.created_at,
        c1_0.display_name,
        c1_0.email,
        c1_0.password_hash,
        c1_0.qr_code_url,
        c1_0.reset_code_expires_at,
        c1_0.reset_code_hash,
        c1_0.role,
        c1_0.updated_at,
        i1_0.drink_name,
        i1_0.line_total,
        i1_0.quantity,
        i1_0.unit_price,
        do1_0.note,
        do1_0.order_date,
        do1_0.payer_member_id,
        p1_0.id,
        p1_0.account_name,
        p1_0.account_number,
        p1_0.active,
        p1_0.avatar_url,
        p1_0.bank_bin,
        p1_0.bank_name,
        p1_0.created_at,
        p1_0.display_name,
        p1_0.email,
        p1_0.password_hash,
        p1_0.qr_code_url,
        p1_0.reset_code_expires_at,
        p1_0.reset_code_hash,
        p1_0.role,
        p1_0.updated_at,
        do1_0.total_amount,
        do1_0.updated_at 
    from
        drink_orders do1_0 
    join
        members p1_0 
            on p1_0.id=do1_0.payer_member_id 
    left join
        order_items i1_0 
            on do1_0.id=i1_0.order_id 
    left join
        members c1_0 
            on c1_0.id=i1_0.consumer_member_id 
    where
        do1_0.order_date between ? and ? 
    order by
        do1_0.order_date,
        do1_0.id
2026-09-14T00:52:11.342+07:00 DEBUG 15036 --- [tea-attendance-api] [nio-8080-exec-5] org.hibernate.SQL                        : 
    select
        dci1_0.id,
        dci1_0.active,
        dci1_0.created_at,
        dci1_0.icon,
        dci1_0.name,
        dci1_0.price,
        dci1_0.updated_at 
    from
        drink_catalog dci1_0
2026-09-14T00:52:11.342+07:00 DEBUG 15036 --- [tea-attendance-api] [nio-8080-exec-3] org.hibernate.SQL                        : 
    select
        m1_0.id,
        m1_0.account_name,
        m1_0.account_number,
        m1_0.active,
        m1_0.avatar_url,
        m1_0.bank_bin,
        m1_0.bank_name,
        m1_0.created_at,
        m1_0.display_name,
        m1_0.email,
        m1_0.password_hash,
        m1_0.qr_code_url,
        m1_0.reset_code_expires_at,
        m1_0.reset_code_hash,
        m1_0.role,
        m1_0.updated_at 
    from
        members m1_0
2026-09-14T00:52:11.368+07:00 DEBUG 15036 --- [tea-attendance-api] [nio-8080-exec-5] m.m.a.RequestResponseBodyMethodProcessor : Using 'application/json', given [*/*] and supported [application/json, application/*+json]
2026-09-14T00:52:11.369+07:00 DEBUG 15036 --- [tea-attendance-api] [nio-8080-exec-5] m.m.a.RequestResponseBodyMethodProcessor : Writing [[DrinkCatalogResponse[id=1, name=Tra da, price=5000, icon=?, active=true], DrinkCatalogResponse[id= (truncated)...]
2026-09-14T00:52:11.370+07:00 DEBUG 15036 --- [tea-attendance-api] [nio-8080-exec-5] o.s.web.servlet.DispatcherServlet        : Completed 200 OK
2026-09-14T00:52:11.376+07:00 DEBUG 15036 --- [tea-attendance-api] [nio-8080-exec-3] m.m.a.RequestResponseBodyMethodProcessor : Using 'application/json', given [*/*] and supported [application/json, application/*+json]
2026-09-14T00:52:11.377+07:00 DEBUG 15036 --- [tea-attendance-api] [nio-8080-exec-3] m.m.a.RequestResponseBodyMethodProcessor : Writing [[MemberResponse[id=1, displayName=Minh Anh, email=minh.anh@example.test, bankName=MB Bank, bankBin=9 (truncated)...]
2026-09-14T00:52:11.377+07:00 DEBUG 15036 --- [tea-attendance-api] [nio-8080-exec-2] org.hibernate.SQL                        : 
    select
        a1_0.message_id,
        a1_0.id,
        a1_0.byte_size,
        a1_0.content_type,
        a1_0.created_at,
        a1_0.original_filename,
        a1_0.storage_key 
    from
        chat_attachments a1_0 
    where
        a1_0.message_id=? 
    order by
        a1_0.id
2026-09-14T00:52:11.379+07:00 DEBUG 15036 --- [tea-attendance-api] [nio-8080-exec-3] o.s.web.servlet.DispatcherServlet        : Completed 200 OK
2026-09-14T00:52:11.386+07:00 DEBUG 15036 --- [tea-attendance-api] [nio-8080-exec-2] org.hibernate.SQL                        : 
    select
        a1_0.message_id,
        a1_0.id,
        a1_0.byte_size,
        a1_0.content_type,
        a1_0.created_at,
        a1_0.original_filename,
        a1_0.storage_key 
    from
        chat_attachments a1_0 
    where
        a1_0.message_id=? 
    order by
        a1_0.id
2026-09-14T00:52:11.392+07:00 DEBUG 15036 --- [tea-attendance-api] [nio-8080-exec-2] org.hibernate.SQL                        : 
    select
        a1_0.message_id,
        a1_0.id,
        a1_0.byte_size,
        a1_0.content_type,
        a1_0.created_at,
        a1_0.original_filename,
        a1_0.storage_key 
    from
        chat_attachments a1_0 
    where
        a1_0.message_id=? 
    order by
        a1_0.id
2026-09-14T00:52:11.397+07:00 DEBUG 15036 --- [tea-attendance-api] [nio-8080-exec-2] org.hibernate.SQL                        : 
    select
        a1_0.message_id,
        a1_0.id,
        a1_0.byte_size,
        a1_0.content_type,
        a1_0.created_at,
        a1_0.original_filename,
        a1_0.storage_key 
    from
        chat_attachments a1_0 
    where
        a1_0.message_id=? 
    order by
        a1_0.id
2026-09-14T00:52:11.401+07:00 DEBUG 15036 --- [tea-attendance-api] [nio-8080-exec-1] m.m.a.RequestResponseBodyMethodProcessor : Using 'application/json', given [*/*] and supported [application/json, application/*+json]
2026-09-14T00:52:11.402+07:00 DEBUG 15036 --- [tea-attendance-api] [nio-8080-exec-1] m.m.a.RequestResponseBodyMethodProcessor : Writing [[]]
2026-09-14T00:52:11.403+07:00 DEBUG 15036 --- [tea-attendance-api] [nio-8080-exec-1] o.s.web.servlet.DispatcherServlet        : Completed 200 OK
2026-09-14T00:52:11.407+07:00 DEBUG 15036 --- [tea-attendance-api] [nio-8080-exec-9] m.m.a.RequestResponseBodyMethodProcessor : Using 'application/json', given [*/*] and supported [application/json, application/*+json]
2026-09-14T00:52:11.407+07:00 DEBUG 15036 --- [tea-attendance-api] [nio-8080-exec-2] org.hibernate.SQL                        : 
    select
        a1_0.message_id,
        a1_0.id,
        a1_0.byte_size,
        a1_0.content_type,
        a1_0.created_at,
        a1_0.original_filename,
        a1_0.storage_key 
    from
        chat_attachments a1_0 
    where
        a1_0.message_id=? 
    order by
        a1_0.id
2026-09-14T00:52:11.407+07:00 DEBUG 15036 --- [tea-attendance-api] [nio-8080-exec-9] m.m.a.RequestResponseBodyMethodProcessor : Writing [[]]
2026-09-14T00:52:11.409+07:00 DEBUG 15036 --- [tea-attendance-api] [nio-8080-exec-9] o.s.web.servlet.DispatcherServlet        : Completed 200 OK
2026-09-14T00:52:11.425+07:00 DEBUG 15036 --- [tea-attendance-api] [nio-8080-exec-2] m.m.a.RequestResponseBodyMethodProcessor : Using 'application/json', given [*/*] and supported [application/json, application/*+json]
2026-09-14T00:52:11.426+07:00 DEBUG 15036 --- [tea-attendance-api] [nio-8080-exec-2] m.m.a.RequestResponseBodyMethodProcessor : Writing [[ChatMessageResponse[id=2, sender=MemberBriefResponse[id=1, displayName=Minh Anh, avatarUrl=null], c (truncated)...]
2026-09-14T00:52:11.428+07:00 DEBUG 15036 --- [tea-attendance-api] [nio-8080-exec-2] o.s.web.servlet.DispatcherServlet        : Completed 200 OK
2026-09-14T00:52:44.828+07:00 DEBUG 15036 --- [tea-attendance-api] [nio-8080-exec-6] o.s.web.servlet.DispatcherServlet        : GET "/api/members/avatar/804f70eb-3f82-4311-a406-7e4da6c3d178.jpg", parameters={}
2026-09-14T00:52:44.830+07:00 DEBUG 15036 --- [tea-attendance-api] [nio-8080-exec-6] s.w.s.m.m.a.RequestMappingHandlerMapping : Mapped to com.trasua.api.MemberController#avatar(String)
2026-09-14T00:52:44.835+07:00 DEBUG 15036 --- [tea-attendance-api] [nio-8080-exec-6] o.s.w.s.m.m.a.HttpEntityMethodProcessor  : Found 'Content-Type:image/jpeg' in response
2026-09-14T00:52:44.838+07:00 DEBUG 15036 --- [tea-attendance-api] [nio-8080-exec-6] o.s.w.s.m.m.a.HttpEntityMethodProcessor  : Writing [file [D:\web_diem_danh_tra_da\backend\uploads\chat\804f70eb-3f82-4311-a406-7e4da6c3d178.jpg]]
2026-09-14T00:52:44.846+07:00 DEBUG 15036 --- [tea-attendance-api] [nio-8080-exec-6] o.s.web.servlet.DispatcherServlet        : Completed 200 OK
2026-09-14T00:52:45.119+07:00 DEBUG 15036 --- [tea-attendance-api] [nio-8080-exec-7] o.s.web.servlet.DispatcherServlet        : GET "/api/members?includeInactive=true", parameters={masked}
2026-09-14T00:52:45.122+07:00 DEBUG 15036 --- [tea-attendance-api] [nio-8080-exec-7] s.w.s.m.m.a.RequestMappingHandlerMapping : Mapped to com.trasua.api.MemberController#list(boolean)
2026-09-14T00:52:45.122+07:00 DEBUG 15036 --- [tea-attendance-api] [nio-8080-exec-4] o.s.web.servlet.DispatcherServlet        : GET "/api/expenses/range?from=2026-09-14&to=2026-09-20", parameters={masked}
2026-09-14T00:52:45.122+07:00 DEBUG 15036 --- [tea-attendance-api] [io-8080-exec-10] o.s.web.servlet.DispatcherServlet        : GET "/api/drinks?includeInactive=true", parameters={masked}
2026-09-14T00:52:45.122+07:00 DEBUG 15036 --- [tea-attendance-api] [nio-8080-exec-4] s.w.s.m.m.a.RequestMappingHandlerMapping : Mapped to com.trasua.api.ExpenseController#range(LocalDate, LocalDate)
2026-09-14T00:52:45.122+07:00 DEBUG 15036 --- [tea-attendance-api] [io-8080-exec-10] s.w.s.m.m.a.RequestMappingHandlerMapping : Mapped to com.trasua.api.DrinkCatalogController#list(boolean)
2026-09-14T00:52:45.171+07:00 DEBUG 15036 --- [tea-attendance-api] [nio-8080-exec-4] org.hibernate.SQL                        : 
    select
        distinct do1_0.id,
        do1_0.created_at,
        i1_0.order_id,
        i1_0.id,
        i1_0.consumer_member_id,
        c1_0.id,
        c1_0.account_name,
        c1_0.account_number,
        c1_0.active,
        c1_0.avatar_url,
        c1_0.bank_bin,
        c1_0.bank_name,
        c1_0.created_at,
        c1_0.display_name,
        c1_0.email,
        c1_0.password_hash,
        c1_0.qr_code_url,
        c1_0.reset_code_expires_at,
        c1_0.reset_code_hash,
        c1_0.role,
        c1_0.updated_at,
        i1_0.drink_name,
        i1_0.line_total,
        i1_0.quantity,
        i1_0.unit_price,
        do1_0.note,
        do1_0.order_date,
        do1_0.payer_member_id,
        p1_0.id,
        p1_0.account_name,
        p1_0.account_number,
        p1_0.active,
        p1_0.avatar_url,
        p1_0.bank_bin,
        p1_0.bank_name,
        p1_0.created_at,
        p1_0.display_name,
        p1_0.email,
        p1_0.password_hash,
        p1_0.qr_code_url,
        p1_0.reset_code_expires_at,
        p1_0.reset_code_hash,
        p1_0.role,
        p1_0.updated_at,
        do1_0.total_amount,
        do1_0.updated_at 
    from
        drink_orders do1_0 
    join
        members p1_0 
            on p1_0.id=do1_0.payer_member_id 
    left join
        order_items i1_0 
            on do1_0.id=i1_0.order_id 
    left join
        members c1_0 
            on c1_0.id=i1_0.consumer_member_id 
    where
        do1_0.order_date between ? and ? 
    order by
        do1_0.order_date,
        do1_0.id
2026-09-14T00:52:45.171+07:00 DEBUG 15036 --- [tea-attendance-api] [io-8080-exec-10] org.hibernate.SQL                        : 
    select
        dci1_0.id,
        dci1_0.active,
        dci1_0.created_at,
        dci1_0.icon,
        dci1_0.name,
        dci1_0.price,
        dci1_0.updated_at 
    from
        drink_catalog dci1_0
2026-09-14T00:52:45.180+07:00 DEBUG 15036 --- [tea-attendance-api] [nio-8080-exec-7] org.hibernate.SQL                        : 
    select
        m1_0.id,
        m1_0.account_name,
        m1_0.account_number,
        m1_0.active,
        m1_0.avatar_url,
        m1_0.bank_bin,
        m1_0.bank_name,
        m1_0.created_at,
        m1_0.display_name,
        m1_0.email,
        m1_0.password_hash,
        m1_0.qr_code_url,
        m1_0.reset_code_expires_at,
        m1_0.reset_code_hash,
        m1_0.role,
        m1_0.updated_at 
    from
        members m1_0
2026-09-14T00:52:45.216+07:00 DEBUG 15036 --- [tea-attendance-api] [nio-8080-exec-8] o.s.web.servlet.DispatcherServlet        : OPTIONS "/api/chat/messages?limit=50", parameters={masked}
2026-09-14T00:52:45.217+07:00 DEBUG 15036 --- [tea-attendance-api] [nio-8080-exec-8] s.w.s.m.m.a.RequestMappingHandlerMapping : Mapped to com.trasua.api.ChatController#list(Instant, int)
2026-09-14T00:52:45.219+07:00 DEBUG 15036 --- [tea-attendance-api] [nio-8080-exec-8] o.s.web.servlet.DispatcherServlet        : Completed 200 OK
2026-09-14T00:52:45.230+07:00 DEBUG 15036 --- [tea-attendance-api] [io-8080-exec-10] m.m.a.RequestResponseBodyMethodProcessor : Using 'application/json', given [*/*] and supported [application/json, application/*+json]
2026-09-14T00:52:45.230+07:00 DEBUG 15036 --- [tea-attendance-api] [nio-8080-exec-7] m.m.a.RequestResponseBodyMethodProcessor : Using 'application/json', given [*/*] and supported [application/json, application/*+json]
2026-09-14T00:52:45.232+07:00 DEBUG 15036 --- [tea-attendance-api] [io-8080-exec-10] m.m.a.RequestResponseBodyMethodProcessor : Writing [[DrinkCatalogResponse[id=1, name=Tra da, price=5000, icon=?, active=true], DrinkCatalogResponse[id= (truncated)...]
2026-09-14T00:52:45.233+07:00 DEBUG 15036 --- [tea-attendance-api] [nio-8080-exec-7] m.m.a.RequestResponseBodyMethodProcessor : Writing [[MemberResponse[id=1, displayName=Minh Anh, email=minh.anh@example.test, bankName=MB Bank, bankBin=9 (truncated)...]
2026-09-14T00:52:45.233+07:00 DEBUG 15036 --- [tea-attendance-api] [nio-8080-exec-5] o.s.web.servlet.DispatcherServlet        : GET "/api/chat/messages?limit=50", parameters={masked}
2026-09-14T00:52:45.234+07:00 DEBUG 15036 --- [tea-attendance-api] [io-8080-exec-10] o.s.web.servlet.DispatcherServlet        : Completed 200 OK
2026-09-14T00:52:45.234+07:00 DEBUG 15036 --- [tea-attendance-api] [nio-8080-exec-7] o.s.web.servlet.DispatcherServlet        : Completed 200 OK
2026-09-14T00:52:45.234+07:00 DEBUG 15036 --- [tea-attendance-api] [nio-8080-exec-5] s.w.s.m.m.a.RequestMappingHandlerMapping : Mapped to com.trasua.api.ChatController#list(Instant, int)
2026-09-14T00:52:45.247+07:00 DEBUG 15036 --- [tea-attendance-api] [nio-8080-exec-4] m.m.a.RequestResponseBodyMethodProcessor : Using 'application/json', given [*/*] and supported [application/json, application/*+json]
2026-09-14T00:52:45.247+07:00 DEBUG 15036 --- [tea-attendance-api] [nio-8080-exec-5] org.hibernate.SQL                        : 
    select
        distinct cm1_0.id,
        cm1_0.content,
        cm1_0.created_at,
        cm1_0.deleted_at,
        rt1_0.id,
        rt1_0.content,
        rt1_0.created_at,
        rt1_0.deleted_at,
        rt1_0.reply_to_message_id,
        rt1_0.sender_member_id,
        s2_0.id,
        s2_0.account_name,
        s2_0.account_number,
        s2_0.active,
        s2_0.avatar_url,
        s2_0.bank_bin,
        s2_0.bank_name,
        s2_0.created_at,
        s2_0.display_name,
        s2_0.email,
        s2_0.password_hash,
        s2_0.qr_code_url,
        s2_0.reset_code_expires_at,
        s2_0.reset_code_hash,
        s2_0.role,
        s2_0.updated_at,
        cm1_0.sender_member_id,
        s1_0.id,
        s1_0.account_name,
        s1_0.account_number,
        s1_0.active,
        s1_0.avatar_url,
        s1_0.bank_bin,
        s1_0.bank_name,
        s1_0.created_at,
        s1_0.display_name,
        s1_0.email,
        s1_0.password_hash,
        s1_0.qr_code_url,
        s1_0.reset_code_expires_at,
        s1_0.reset_code_hash,
        s1_0.role,
        s1_0.updated_at 
    from
        chat_messages cm1_0 
    join
        members s1_0 
            on s1_0.id=cm1_0.sender_member_id 
    left join
        chat_messages rt1_0 
            on rt1_0.id=cm1_0.reply_to_message_id 
    left join
        members s2_0 
            on s2_0.id=rt1_0.sender_member_id 
    order by
        cm1_0.created_at desc 
    limit
        ?
2026-09-14T00:52:45.247+07:00 DEBUG 15036 --- [tea-attendance-api] [nio-8080-exec-4] m.m.a.RequestResponseBodyMethodProcessor : Writing [[]]
2026-09-14T00:52:45.247+07:00 DEBUG 15036 --- [tea-attendance-api] [nio-8080-exec-4] o.s.web.servlet.DispatcherServlet        : Completed 200 OK
2026-09-14T00:52:45.261+07:00 DEBUG 15036 --- [tea-attendance-api] [nio-8080-exec-3] o.s.web.servlet.DispatcherServlet        : GET "/api/notifications?memberId=6", parameters={masked}
2026-09-14T00:52:45.262+07:00 DEBUG 15036 --- [tea-attendance-api] [nio-8080-exec-3] s.w.s.m.m.a.RequestMappingHandlerMapping : Mapped to com.trasua.api.NotificationController#list(Long)
2026-09-14T00:52:45.263+07:00 DEBUG 15036 --- [tea-attendance-api] [nio-8080-exec-1] o.s.web.servlet.DispatcherServlet        : GET "/api/members?includeInactive=true", parameters={masked}
2026-09-14T00:52:45.264+07:00 DEBUG 15036 --- [tea-attendance-api] [nio-8080-exec-1] s.w.s.m.m.a.RequestMappingHandlerMapping : Mapped to com.trasua.api.MemberController#list(boolean)
2026-09-14T00:52:45.271+07:00 DEBUG 15036 --- [tea-attendance-api] [nio-8080-exec-9] o.s.web.servlet.DispatcherServlet        : GET "/api/drinks?includeInactive=true", parameters={masked}
2026-09-14T00:52:45.271+07:00 DEBUG 15036 --- [tea-attendance-api] [nio-8080-exec-2] o.s.web.servlet.DispatcherServlet        : GET "/api/expenses/range?from=2026-09-14&to=2026-09-20", parameters={masked}
2026-09-14T00:52:45.272+07:00 DEBUG 15036 --- [tea-attendance-api] [nio-8080-exec-9] s.w.s.m.m.a.RequestMappingHandlerMapping : Mapped to com.trasua.api.DrinkCatalogController#list(boolean)
2026-09-14T00:52:45.273+07:00 DEBUG 15036 --- [tea-attendance-api] [nio-8080-exec-2] s.w.s.m.m.a.RequestMappingHandlerMapping : Mapped to com.trasua.api.ExpenseController#range(LocalDate, LocalDate)
2026-09-14T00:52:45.275+07:00 DEBUG 15036 --- [tea-attendance-api] [nio-8080-exec-3] org.hibernate.SQL                        : 
    select
        n1_0.id,
        n1_0.body,
        n1_0.created_at,
        n1_0.read_at,
        n1_0.recipient_member_id,
        r1_0.id,
        r1_0.account_name,
        r1_0.account_number,
        r1_0.active,
        r1_0.avatar_url,
        r1_0.bank_bin,
        r1_0.bank_name,
        r1_0.created_at,
        r1_0.display_name,
        r1_0.email,
        r1_0.password_hash,
        r1_0.qr_code_url,
        r1_0.reset_code_expires_at,
        r1_0.reset_code_hash,
        r1_0.role,
        r1_0.updated_at,
        n1_0.settlement_id,
        n1_0.title,
        n1_0.transfer_id,
        n1_0.type 
    from
        notifications n1_0 
    join
        members r1_0 
            on r1_0.id=n1_0.recipient_member_id 
    where
        r1_0.id=? 
    order by
        n1_0.created_at desc
2026-09-14T00:52:45.285+07:00 DEBUG 15036 --- [tea-attendance-api] [nio-8080-exec-1] org.hibernate.SQL                        : 
    select
        m1_0.id,
        m1_0.account_name,
        m1_0.account_number,
        m1_0.active,
        m1_0.avatar_url,
        m1_0.bank_bin,
        m1_0.bank_name,
        m1_0.created_at,
        m1_0.display_name,
        m1_0.email,
        m1_0.password_hash,
        m1_0.qr_code_url,
        m1_0.reset_code_expires_at,
        m1_0.reset_code_hash,
        m1_0.role,
        m1_0.updated_at 
    from
        members m1_0
2026-09-14T00:52:45.292+07:00 DEBUG 15036 --- [tea-attendance-api] [nio-8080-exec-9] org.hibernate.SQL                        : 
    select
        dci1_0.id,
        dci1_0.active,
        dci1_0.created_at,
        dci1_0.icon,
        dci1_0.name,
        dci1_0.price,
        dci1_0.updated_at 
    from
        drink_catalog dci1_0
2026-09-14T00:52:45.294+07:00 DEBUG 15036 --- [tea-attendance-api] [nio-8080-exec-2] org.hibernate.SQL                        : 
    select
        distinct do1_0.id,
        do1_0.created_at,
        i1_0.order_id,
        i1_0.id,
        i1_0.consumer_member_id,
        c1_0.id,
        c1_0.account_name,
        c1_0.account_number,
        c1_0.active,
        c1_0.avatar_url,
        c1_0.bank_bin,
        c1_0.bank_name,
        c1_0.created_at,
        c1_0.display_name,
        c1_0.email,
        c1_0.password_hash,
        c1_0.qr_code_url,
        c1_0.reset_code_expires_at,
        c1_0.reset_code_hash,
        c1_0.role,
        c1_0.updated_at,
        i1_0.drink_name,
        i1_0.line_total,
        i1_0.quantity,
        i1_0.unit_price,
        do1_0.note,
        do1_0.order_date,
        do1_0.payer_member_id,
        p1_0.id,
        p1_0.account_name,
        p1_0.account_number,
        p1_0.active,
        p1_0.avatar_url,
        p1_0.bank_bin,
        p1_0.bank_name,
        p1_0.created_at,
        p1_0.display_name,
        p1_0.email,
        p1_0.password_hash,
        p1_0.qr_code_url,
        p1_0.reset_code_expires_at,
        p1_0.reset_code_hash,
        p1_0.role,
        p1_0.updated_at,
        do1_0.total_amount,
        do1_0.updated_at 
    from
        drink_orders do1_0 
    join
        members p1_0 
            on p1_0.id=do1_0.payer_member_id 
    left join
        order_items i1_0 
            on do1_0.id=i1_0.order_id 
    left join
        members c1_0 
            on c1_0.id=i1_0.consumer_member_id 
    where
        do1_0.order_date between ? and ? 
    order by
        do1_0.order_date,
        do1_0.id
2026-09-14T00:52:45.308+07:00 DEBUG 15036 --- [tea-attendance-api] [nio-8080-exec-3] m.m.a.RequestResponseBodyMethodProcessor : Using 'application/json', given [*/*] and supported [application/json, application/*+json]
2026-09-14T00:52:45.308+07:00 DEBUG 15036 --- [tea-attendance-api] [nio-8080-exec-1] m.m.a.RequestResponseBodyMethodProcessor : Using 'application/json', given [*/*] and supported [application/json, application/*+json]
2026-09-14T00:52:45.309+07:00 DEBUG 15036 --- [tea-attendance-api] [nio-8080-exec-3] m.m.a.RequestResponseBodyMethodProcessor : Writing [[]]
2026-09-14T00:52:45.310+07:00 DEBUG 15036 --- [tea-attendance-api] [nio-8080-exec-1] m.m.a.RequestResponseBodyMethodProcessor : Writing [[MemberResponse[id=1, displayName=Minh Anh, email=minh.anh@example.test, bankName=MB Bank, bankBin=9 (truncated)...]
2026-09-14T00:52:45.312+07:00 DEBUG 15036 --- [tea-attendance-api] [nio-8080-exec-3] o.s.web.servlet.DispatcherServlet        : Completed 200 OK
2026-09-14T00:52:45.313+07:00 DEBUG 15036 --- [tea-attendance-api] [nio-8080-exec-1] o.s.web.servlet.DispatcherServlet        : Completed 200 OK
2026-09-14T00:52:45.317+07:00 DEBUG 15036 --- [tea-attendance-api] [nio-8080-exec-9] m.m.a.RequestResponseBodyMethodProcessor : Using 'application/json', given [*/*] and supported [application/json, application/*+json]
2026-09-14T00:52:45.319+07:00 DEBUG 15036 --- [tea-attendance-api] [nio-8080-exec-6] o.s.web.servlet.DispatcherServlet        : GET "/api/notifications?memberId=6", parameters={masked}
2026-09-14T00:52:45.319+07:00 DEBUG 15036 --- [tea-attendance-api] [nio-8080-exec-9] m.m.a.RequestResponseBodyMethodProcessor : Writing [[DrinkCatalogResponse[id=1, name=Tra da, price=5000, icon=?, active=true], DrinkCatalogResponse[id= (truncated)...]
2026-09-14T00:52:45.320+07:00 DEBUG 15036 --- [tea-attendance-api] [nio-8080-exec-6] s.w.s.m.m.a.RequestMappingHandlerMapping : Mapped to com.trasua.api.NotificationController#list(Long)
2026-09-14T00:52:45.320+07:00 DEBUG 15036 --- [tea-attendance-api] [nio-8080-exec-9] o.s.web.servlet.DispatcherServlet        : Completed 200 OK
2026-09-14T00:52:45.334+07:00 DEBUG 15036 --- [tea-attendance-api] [nio-8080-exec-6] org.hibernate.SQL                        : 
    select
        n1_0.id,
        n1_0.body,
        n1_0.created_at,
        n1_0.read_at,
        n1_0.recipient_member_id,
        r1_0.id,
        r1_0.account_name,
        r1_0.account_number,
        r1_0.active,
        r1_0.avatar_url,
        r1_0.bank_bin,
        r1_0.bank_name,
        r1_0.created_at,
        r1_0.display_name,
        r1_0.email,
        r1_0.password_hash,
        r1_0.qr_code_url,
        r1_0.reset_code_expires_at,
        r1_0.reset_code_hash,
        r1_0.role,
        r1_0.updated_at,
        n1_0.settlement_id,
        n1_0.title,
        n1_0.transfer_id,
        n1_0.type 
    from
        notifications n1_0 
    join
        members r1_0 
            on r1_0.id=n1_0.recipient_member_id 
    where
        r1_0.id=? 
    order by
        n1_0.created_at desc
2026-09-14T00:52:45.343+07:00 DEBUG 15036 --- [tea-attendance-api] [nio-8080-exec-5] org.hibernate.SQL                        : 
    select
        a1_0.message_id,
        a1_0.id,
        a1_0.byte_size,
        a1_0.content_type,
        a1_0.created_at,
        a1_0.original_filename,
        a1_0.storage_key 
    from
        chat_attachments a1_0 
    where
        a1_0.message_id=? 
    order by
        a1_0.id
2026-09-14T00:52:45.343+07:00 DEBUG 15036 --- [tea-attendance-api] [nio-8080-exec-2] m.m.a.RequestResponseBodyMethodProcessor : Using 'application/json', given [*/*] and supported [application/json, application/*+json]
2026-09-14T00:52:45.345+07:00 DEBUG 15036 --- [tea-attendance-api] [nio-8080-exec-2] m.m.a.RequestResponseBodyMethodProcessor : Writing [[]]
2026-09-14T00:52:45.348+07:00 DEBUG 15036 --- [tea-attendance-api] [nio-8080-exec-2] o.s.web.servlet.DispatcherServlet        : Completed 200 OK
2026-09-14T00:52:45.352+07:00 DEBUG 15036 --- [tea-attendance-api] [nio-8080-exec-6] m.m.a.RequestResponseBodyMethodProcessor : Using 'application/json', given [*/*] and supported [application/json, application/*+json]
2026-09-14T00:52:45.353+07:00 DEBUG 15036 --- [tea-attendance-api] [nio-8080-exec-5] org.hibernate.SQL                        : 
    select
        a1_0.message_id,
        a1_0.id,
        a1_0.byte_size,
        a1_0.content_type,
        a1_0.created_at,
        a1_0.original_filename,
        a1_0.storage_key 
    from
        chat_attachments a1_0 
    where
        a1_0.message_id=? 
    order by
        a1_0.id
2026-09-14T00:52:45.353+07:00 DEBUG 15036 --- [tea-attendance-api] [nio-8080-exec-6] m.m.a.RequestResponseBodyMethodProcessor : Writing [[]]
2026-09-14T00:52:45.355+07:00 DEBUG 15036 --- [tea-attendance-api] [nio-8080-exec-6] o.s.web.servlet.DispatcherServlet        : Completed 200 OK
2026-09-14T00:52:45.358+07:00 DEBUG 15036 --- [tea-attendance-api] [nio-8080-exec-5] org.hibernate.SQL                        : 
    select
        a1_0.message_id,
        a1_0.id,
        a1_0.byte_size,
        a1_0.content_type,
        a1_0.created_at,
        a1_0.original_filename,
        a1_0.storage_key 
    from
        chat_attachments a1_0 
    where
        a1_0.message_id=? 
    order by
        a1_0.id
2026-09-14T00:52:45.365+07:00 DEBUG 15036 --- [tea-attendance-api] [nio-8080-exec-5] org.hibernate.SQL                        : 
    select
        a1_0.message_id,
        a1_0.id,
        a1_0.byte_size,
        a1_0.content_type,
        a1_0.created_at,
        a1_0.original_filename,
        a1_0.storage_key 
    from
        chat_attachments a1_0 
    where
        a1_0.message_id=? 
    order by
        a1_0.id
2026-09-14T00:52:45.370+07:00 DEBUG 15036 --- [tea-attendance-api] [nio-8080-exec-5] org.hibernate.SQL                        : 
    select
        a1_0.message_id,
        a1_0.id,
        a1_0.byte_size,
        a1_0.content_type,
        a1_0.created_at,
        a1_0.original_filename,
        a1_0.storage_key 
    from
        chat_attachments a1_0 
    where
        a1_0.message_id=? 
    order by
        a1_0.id
2026-09-14T00:52:45.384+07:00 DEBUG 15036 --- [tea-attendance-api] [nio-8080-exec-5] m.m.a.RequestResponseBodyMethodProcessor : Using 'application/json', given [*/*] and supported [application/json, application/*+json]
2026-09-14T00:52:45.385+07:00 DEBUG 15036 --- [tea-attendance-api] [nio-8080-exec-5] m.m.a.RequestResponseBodyMethodProcessor : Writing [[ChatMessageResponse[id=2, sender=MemberBriefResponse[id=1, displayName=Minh Anh, avatarUrl=null], c (truncated)...]
2026-09-14T00:52:45.386+07:00 DEBUG 15036 --- [tea-attendance-api] [nio-8080-exec-5] o.s.web.servlet.DispatcherServlet        : Completed 200 OK
2026-09-14T00:52:45.389+07:00 DEBUG 15036 --- [tea-attendance-api] [nio-8080-exec-8] o.s.web.servlet.DispatcherServlet        : GET "/api/chat/messages?limit=50", parameters={masked}
2026-09-14T00:52:45.390+07:00 DEBUG 15036 --- [tea-attendance-api] [nio-8080-exec-8] s.w.s.m.m.a.RequestMappingHandlerMapping : Mapped to com.trasua.api.ChatController#list(Instant, int)
2026-09-14T00:52:45.402+07:00 DEBUG 15036 --- [tea-attendance-api] [nio-8080-exec-8] org.hibernate.SQL                        : 
    select
        distinct cm1_0.id,
        cm1_0.content,
        cm1_0.created_at,
        cm1_0.deleted_at,
        rt1_0.id,
        rt1_0.content,
        rt1_0.created_at,
        rt1_0.deleted_at,
        rt1_0.reply_to_message_id,
        rt1_0.sender_member_id,
        s2_0.id,
        s2_0.account_name,
        s2_0.account_number,
        s2_0.active,
        s2_0.avatar_url,
        s2_0.bank_bin,
        s2_0.bank_name,
        s2_0.created_at,
        s2_0.display_name,
        s2_0.email,
        s2_0.password_hash,
        s2_0.qr_code_url,
        s2_0.reset_code_expires_at,
        s2_0.reset_code_hash,
        s2_0.role,
        s2_0.updated_at,
        cm1_0.sender_member_id,
        s1_0.id,
        s1_0.account_name,
        s1_0.account_number,
        s1_0.active,
        s1_0.avatar_url,
        s1_0.bank_bin,
        s1_0.bank_name,
        s1_0.created_at,
        s1_0.display_name,
        s1_0.email,
        s1_0.password_hash,
        s1_0.qr_code_url,
        s1_0.reset_code_expires_at,
        s1_0.reset_code_hash,
        s1_0.role,
        s1_0.updated_at 
    from
        chat_messages cm1_0 
    join
        members s1_0 
            on s1_0.id=cm1_0.sender_member_id 
    left join
        chat_messages rt1_0 
            on rt1_0.id=cm1_0.reply_to_message_id 
    left join
        members s2_0 
            on s2_0.id=rt1_0.sender_member_id 
    order by
        cm1_0.created_at desc 
    limit
        ?
2026-09-14T00:52:45.421+07:00 DEBUG 15036 --- [tea-attendance-api] [nio-8080-exec-8] org.hibernate.SQL                        : 
    select
        a1_0.message_id,
        a1_0.id,
        a1_0.byte_size,
        a1_0.content_type,
        a1_0.created_at,
        a1_0.original_filename,
        a1_0.storage_key 
    from
        chat_attachments a1_0 
    where
        a1_0.message_id=? 
    order by
        a1_0.id
2026-09-14T00:52:45.427+07:00 DEBUG 15036 --- [tea-attendance-api] [nio-8080-exec-8] org.hibernate.SQL                        : 
    select
        a1_0.message_id,
        a1_0.id,
        a1_0.byte_size,
        a1_0.content_type,
        a1_0.created_at,
        a1_0.original_filename,
        a1_0.storage_key 
    from
        chat_attachments a1_0 
    where
        a1_0.message_id=? 
    order by
        a1_0.id
2026-09-14T00:52:45.434+07:00 DEBUG 15036 --- [tea-attendance-api] [nio-8080-exec-8] org.hibernate.SQL                        : 
    select
        a1_0.message_id,
        a1_0.id,
        a1_0.byte_size,
        a1_0.content_type,
        a1_0.created_at,
        a1_0.original_filename,
        a1_0.storage_key 
    from
        chat_attachments a1_0 
    where
        a1_0.message_id=? 
    order by
        a1_0.id
2026-09-14T00:52:45.440+07:00 DEBUG 15036 --- [tea-attendance-api] [nio-8080-exec-8] org.hibernate.SQL                        : 
    select
        a1_0.message_id,
        a1_0.id,
        a1_0.byte_size,
        a1_0.content_type,
        a1_0.created_at,
        a1_0.original_filename,
        a1_0.storage_key 
    from
        chat_attachments a1_0 
    where
        a1_0.message_id=? 
    order by
        a1_0.id
2026-09-14T00:52:45.448+07:00 DEBUG 15036 --- [tea-attendance-api] [nio-8080-exec-8] org.hibernate.SQL                        : 
    select
        a1_0.message_id,
        a1_0.id,
        a1_0.byte_size,
        a1_0.content_type,
        a1_0.created_at,
        a1_0.original_filename,
        a1_0.storage_key 
    from
        chat_attachments a1_0 
    where
        a1_0.message_id=? 
    order by
        a1_0.id
2026-09-14T00:52:45.471+07:00 DEBUG 15036 --- [tea-attendance-api] [nio-8080-exec-8] m.m.a.RequestResponseBodyMethodProcessor : Using 'application/json', given [*/*] and supported [application/json, application/*+json]
2026-09-14T00:52:45.472+07:00 DEBUG 15036 --- [tea-attendance-api] [nio-8080-exec-8] m.m.a.RequestResponseBodyMethodProcessor : Writing [[ChatMessageResponse[id=2, sender=MemberBriefResponse[id=1, displayName=Minh Anh, avatarUrl=null], c (truncated)...]
2026-09-14T00:52:45.473+07:00 DEBUG 15036 --- [tea-attendance-api] [nio-8080-exec-8] o.s.web.servlet.DispatcherServlet        : Completed 200 OK
2026-09-14T00:52:54.436+07:00  INFO 15036 --- [tea-attendance-api] [MessageBroker-8] o.s.w.s.c.WebSocketMessageBrokerStats    : WebSocketSession[0 current WS(0)-HttpStream(0)-HttpPoll(0), 0 total, 0 closed abnormally (0 connect failure, 0 send limit, 0 transport error)], stompSubProtocol[processed CONNECT(0)-CONNECTED(0)-DISCONNECT(0)], stompBrokerRelay[null], inboundChannel[pool size = 0, active threads = 0, queued tasks = 0, completed tasks = 0], outboundChannel[pool size = 0, active threads = 0, queued tasks = 0, completed tasks = 0], sockJsScheduler[pool size = 8, active threads = 1, queued tasks = 1, completed tasks = 32]
2026-09-14T00:53:00.043+07:00 DEBUG 15036 --- [tea-attendance-api] [MessageBroker-4] org.hibernate.SQL                        : 
    select
        wns1_0.id,
        wns1_0.creditor_body,
        wns1_0.creditor_title,
        wns1_0.debtor_body,
        wns1_0.debtor_title,
        wns1_0.send_day,
        wns1_0.send_time,
        wns1_0.updated_at 
    from
        weekly_notification_settings wns1_0 
    where
        wns1_0.id=?
2026-09-14T00:54:00.022+07:00 DEBUG 15036 --- [tea-attendance-api] [MessageBroker-3] org.hibernate.SQL                        : 
    select
        wns1_0.id,
        wns1_0.creditor_body,
        wns1_0.creditor_title,
        wns1_0.debtor_body,
        wns1_0.debtor_title,
        wns1_0.send_day,
        wns1_0.send_time,
        wns1_0.updated_at 
    from
        weekly_notification_settings wns1_0 
    where
        wns1_0.id=?
2026-09-14T00:54:15.459+07:00 DEBUG 15036 --- [tea-attendance-api] [nio-8080-exec-2] o.s.web.servlet.DispatcherServlet        : GET "/api/members/avatar/804f70eb-3f82-4311-a406-7e4da6c3d178.jpg", parameters={}
2026-09-14T00:54:15.464+07:00 DEBUG 15036 --- [tea-attendance-api] [nio-8080-exec-2] s.w.s.m.m.a.RequestMappingHandlerMapping : Mapped to com.trasua.api.MemberController#avatar(String)
2026-09-14T00:54:15.468+07:00 DEBUG 15036 --- [tea-attendance-api] [nio-8080-exec-2] o.s.w.s.m.m.a.HttpEntityMethodProcessor  : Found 'Content-Type:image/jpeg' in response
2026-09-14T00:54:15.470+07:00 DEBUG 15036 --- [tea-attendance-api] [nio-8080-exec-2] o.s.w.s.m.m.a.HttpEntityMethodProcessor  : Writing [file [D:\web_diem_danh_tra_da\backend\uploads\chat\804f70eb-3f82-4311-a406-7e4da6c3d178.jpg]]
2026-09-14T00:54:15.470+07:00 DEBUG 15036 --- [tea-attendance-api] [nio-8080-exec-2] o.s.web.servlet.DispatcherServlet        : Completed 200 OK
2026-09-14T00:54:15.596+07:00 DEBUG 15036 --- [tea-attendance-api] [nio-8080-exec-6] o.s.web.servlet.DispatcherServlet        : GET "/api/members?includeInactive=true", parameters={masked}
2026-09-14T00:54:15.600+07:00 DEBUG 15036 --- [tea-attendance-api] [nio-8080-exec-6] s.w.s.m.m.a.RequestMappingHandlerMapping : Mapped to com.trasua.api.MemberController#list(boolean)
2026-09-14T00:54:15.656+07:00 DEBUG 15036 --- [tea-attendance-api] [nio-8080-exec-6] org.hibernate.SQL                        : 
    select
        m1_0.id,
        m1_0.account_name,
        m1_0.account_number,
        m1_0.active,
        m1_0.avatar_url,
        m1_0.bank_bin,
        m1_0.bank_name,
        m1_0.created_at,
        m1_0.display_name,
        m1_0.email,
        m1_0.password_hash,
        m1_0.qr_code_url,
        m1_0.reset_code_expires_at,
        m1_0.reset_code_hash,
        m1_0.role,
        m1_0.updated_at 
    from
        members m1_0
2026-09-14T00:54:15.757+07:00 DEBUG 15036 --- [tea-attendance-api] [nio-8080-exec-5] o.s.web.servlet.DispatcherServlet        : GET "/api/drinks?includeInactive=true", parameters={masked}
2026-09-14T00:54:15.757+07:00 DEBUG 15036 --- [tea-attendance-api] [nio-8080-exec-8] o.s.web.servlet.DispatcherServlet        : GET "/api/expenses/range?from=2026-09-14&to=2026-09-20", parameters={masked}
2026-09-14T00:54:15.757+07:00 DEBUG 15036 --- [tea-attendance-api] [io-8080-exec-10] o.s.web.servlet.DispatcherServlet        : GET "/api/chat/messages?limit=50", parameters={masked}
2026-09-14T00:54:15.758+07:00 DEBUG 15036 --- [tea-attendance-api] [nio-8080-exec-5] s.w.s.m.m.a.RequestMappingHandlerMapping : Mapped to com.trasua.api.DrinkCatalogController#list(boolean)
2026-09-14T00:54:15.759+07:00 DEBUG 15036 --- [tea-attendance-api] [nio-8080-exec-8] s.w.s.m.m.a.RequestMappingHandlerMapping : Mapped to com.trasua.api.ExpenseController#range(LocalDate, LocalDate)
2026-09-14T00:54:15.760+07:00 DEBUG 15036 --- [tea-attendance-api] [io-8080-exec-10] s.w.s.m.m.a.RequestMappingHandlerMapping : Mapped to com.trasua.api.ChatController#list(Instant, int)
2026-09-14T00:54:15.761+07:00 DEBUG 15036 --- [tea-attendance-api] [nio-8080-exec-7] o.s.web.servlet.DispatcherServlet        : GET "/api/notifications?memberId=6", parameters={masked}
2026-09-14T00:54:15.765+07:00 DEBUG 15036 --- [tea-attendance-api] [nio-8080-exec-7] s.w.s.m.m.a.RequestMappingHandlerMapping : Mapped to com.trasua.api.NotificationController#list(Long)
2026-09-14T00:54:15.813+07:00 DEBUG 15036 --- [tea-attendance-api] [nio-8080-exec-8] org.hibernate.SQL                        : 
    select
        distinct do1_0.id,
        do1_0.created_at,
        i1_0.order_id,
        i1_0.id,
        i1_0.consumer_member_id,
        c1_0.id,
        c1_0.account_name,
        c1_0.account_number,
        c1_0.active,
        c1_0.avatar_url,
        c1_0.bank_bin,
        c1_0.bank_name,
        c1_0.created_at,
        c1_0.display_name,
        c1_0.email,
        c1_0.password_hash,
        c1_0.qr_code_url,
        c1_0.reset_code_expires_at,
        c1_0.reset_code_hash,
        c1_0.role,
        c1_0.updated_at,
        i1_0.drink_name,
        i1_0.line_total,
        i1_0.quantity,
        i1_0.unit_price,
        do1_0.note,
        do1_0.order_date,
        do1_0.payer_member_id,
        p1_0.id,
        p1_0.account_name,
        p1_0.account_number,
        p1_0.active,
        p1_0.avatar_url,
        p1_0.bank_bin,
        p1_0.bank_name,
        p1_0.created_at,
        p1_0.display_name,
        p1_0.email,
        p1_0.password_hash,
        p1_0.qr_code_url,
        p1_0.reset_code_expires_at,
        p1_0.reset_code_hash,
        p1_0.role,
        p1_0.updated_at,
        do1_0.total_amount,
        do1_0.updated_at 
    from
        drink_orders do1_0 
    join
        members p1_0 
            on p1_0.id=do1_0.payer_member_id 
    left join
        order_items i1_0 
            on do1_0.id=i1_0.order_id 
    left join
        members c1_0 
            on c1_0.id=i1_0.consumer_member_id 
    where
        do1_0.order_date between ? and ? 
    order by
        do1_0.order_date,
        do1_0.id
2026-09-14T00:54:15.814+07:00 DEBUG 15036 --- [tea-attendance-api] [io-8080-exec-10] org.hibernate.SQL                        : 
    select
        distinct cm1_0.id,
        cm1_0.content,
        cm1_0.created_at,
        cm1_0.deleted_at,
        rt1_0.id,
        rt1_0.content,
        rt1_0.created_at,
        rt1_0.deleted_at,
        rt1_0.reply_to_message_id,
        rt1_0.sender_member_id,
        s2_0.id,
        s2_0.account_name,
        s2_0.account_number,
        s2_0.active,
        s2_0.avatar_url,
        s2_0.bank_bin,
        s2_0.bank_name,
        s2_0.created_at,
        s2_0.display_name,
        s2_0.email,
        s2_0.password_hash,
        s2_0.qr_code_url,
        s2_0.reset_code_expires_at,
        s2_0.reset_code_hash,
        s2_0.role,
        s2_0.updated_at,
        cm1_0.sender_member_id,
        s1_0.id,
        s1_0.account_name,
        s1_0.account_number,
        s1_0.active,
        s1_0.avatar_url,
        s1_0.bank_bin,
        s1_0.bank_name,
        s1_0.created_at,
        s1_0.display_name,
        s1_0.email,
        s1_0.password_hash,
        s1_0.qr_code_url,
        s1_0.reset_code_expires_at,
        s1_0.reset_code_hash,
        s1_0.role,
        s1_0.updated_at 
    from
        chat_messages cm1_0 
    join
        members s1_0 
            on s1_0.id=cm1_0.sender_member_id 
    left join
        chat_messages rt1_0 
            on rt1_0.id=cm1_0.reply_to_message_id 
    left join
        members s2_0 
            on s2_0.id=rt1_0.sender_member_id 
    order by
        cm1_0.created_at desc 
    limit
        ?
2026-09-14T00:54:15.816+07:00 DEBUG 15036 --- [tea-attendance-api] [nio-8080-exec-7] org.hibernate.SQL                        : 
    select
        n1_0.id,
        n1_0.body,
        n1_0.created_at,
        n1_0.read_at,
        n1_0.recipient_member_id,
        r1_0.id,
        r1_0.account_name,
        r1_0.account_number,
        r1_0.active,
        r1_0.avatar_url,
        r1_0.bank_bin,
        r1_0.bank_name,
        r1_0.created_at,
        r1_0.display_name,
        r1_0.email,
        r1_0.password_hash,
        r1_0.qr_code_url,
        r1_0.reset_code_expires_at,
        r1_0.reset_code_hash,
        r1_0.role,
        r1_0.updated_at,
        n1_0.settlement_id,
        n1_0.title,
        n1_0.transfer_id,
        n1_0.type 
    from
        notifications n1_0 
    join
        members r1_0 
            on r1_0.id=n1_0.recipient_member_id 
    where
        r1_0.id=? 
    order by
        n1_0.created_at desc
2026-09-14T00:54:15.820+07:00 DEBUG 15036 --- [tea-attendance-api] [nio-8080-exec-5] org.hibernate.SQL                        : 
    select
        dci1_0.id,
        dci1_0.active,
        dci1_0.created_at,
        dci1_0.icon,
        dci1_0.name,
        dci1_0.price,
        dci1_0.updated_at 
    from
        drink_catalog dci1_0
2026-09-14T00:54:15.840+07:00 DEBUG 15036 --- [tea-attendance-api] [nio-8080-exec-6] m.m.a.RequestResponseBodyMethodProcessor : Using 'application/json', given [*/*] and supported [application/json, application/*+json]
2026-09-14T00:54:15.842+07:00 DEBUG 15036 --- [tea-attendance-api] [nio-8080-exec-6] m.m.a.RequestResponseBodyMethodProcessor : Writing [[MemberResponse[id=1, displayName=Minh Anh, email=minh.anh@example.test, bankName=MB Bank, bankBin=9 (truncated)...]
2026-09-14T00:54:15.843+07:00 DEBUG 15036 --- [tea-attendance-api] [nio-8080-exec-6] o.s.web.servlet.DispatcherServlet        : Completed 200 OK
2026-09-14T00:54:15.890+07:00 DEBUG 15036 --- [tea-attendance-api] [nio-8080-exec-8] m.m.a.RequestResponseBodyMethodProcessor : Using 'application/json', given [*/*] and supported [application/json, application/*+json]
2026-09-14T00:54:15.892+07:00 DEBUG 15036 --- [tea-attendance-api] [nio-8080-exec-8] m.m.a.RequestResponseBodyMethodProcessor : Writing [[]]
2026-09-14T00:54:15.893+07:00 DEBUG 15036 --- [tea-attendance-api] [nio-8080-exec-8] o.s.web.servlet.DispatcherServlet        : Completed 200 OK
2026-09-14T00:54:15.902+07:00 DEBUG 15036 --- [tea-attendance-api] [nio-8080-exec-4] o.s.web.servlet.DispatcherServlet        : GET "/api/members?includeInactive=true", parameters={masked}
2026-09-14T00:54:15.904+07:00 DEBUG 15036 --- [tea-attendance-api] [nio-8080-exec-4] s.w.s.m.m.a.RequestMappingHandlerMapping : Mapped to com.trasua.api.MemberController#list(boolean)
2026-09-14T00:54:15.924+07:00 DEBUG 15036 --- [tea-attendance-api] [nio-8080-exec-5] m.m.a.RequestResponseBodyMethodProcessor : Using 'application/json', given [*/*] and supported [application/json, application/*+json]
2026-09-14T00:54:15.924+07:00 DEBUG 15036 --- [tea-attendance-api] [nio-8080-exec-7] m.m.a.RequestResponseBodyMethodProcessor : Using 'application/json', given [*/*] and supported [application/json, application/*+json]
2026-09-14T00:54:15.924+07:00 DEBUG 15036 --- [tea-attendance-api] [nio-8080-exec-5] m.m.a.RequestResponseBodyMethodProcessor : Writing [[DrinkCatalogResponse[id=1, name=Tra da, price=5000, icon=?, active=true], DrinkCatalogResponse[id= (truncated)...]
2026-09-14T00:54:15.924+07:00 DEBUG 15036 --- [tea-attendance-api] [nio-8080-exec-7] m.m.a.RequestResponseBodyMethodProcessor : Writing [[]]
2026-09-14T00:54:15.924+07:00 DEBUG 15036 --- [tea-attendance-api] [nio-8080-exec-1] o.s.web.servlet.DispatcherServlet        : GET "/api/expenses/range?from=2026-09-14&to=2026-09-20", parameters={masked}
2026-09-14T00:54:15.928+07:00 DEBUG 15036 --- [tea-attendance-api] [nio-8080-exec-5] o.s.web.servlet.DispatcherServlet        : Completed 200 OK
2026-09-14T00:54:15.928+07:00 DEBUG 15036 --- [tea-attendance-api] [nio-8080-exec-7] o.s.web.servlet.DispatcherServlet        : Completed 200 OK
2026-09-14T00:54:15.934+07:00 DEBUG 15036 --- [tea-attendance-api] [nio-8080-exec-1] s.w.s.m.m.a.RequestMappingHandlerMapping : Mapped to com.trasua.api.ExpenseController#range(LocalDate, LocalDate)
2026-09-14T00:54:15.959+07:00 DEBUG 15036 --- [tea-attendance-api] [nio-8080-exec-9] o.s.web.servlet.DispatcherServlet        : GET "/api/drinks?includeInactive=true", parameters={masked}
2026-09-14T00:54:15.959+07:00 DEBUG 15036 --- [tea-attendance-api] [nio-8080-exec-4] org.hibernate.SQL                        : 
    select
        m1_0.id,
        m1_0.account_name,
        m1_0.account_number,
        m1_0.active,
        m1_0.avatar_url,
        m1_0.bank_bin,
        m1_0.bank_name,
        m1_0.created_at,
        m1_0.display_name,
        m1_0.email,
        m1_0.password_hash,
        m1_0.qr_code_url,
        m1_0.reset_code_expires_at,
        m1_0.reset_code_hash,
        m1_0.role,
        m1_0.updated_at 
    from
        members m1_0
2026-09-14T00:54:15.961+07:00 DEBUG 15036 --- [tea-attendance-api] [nio-8080-exec-9] s.w.s.m.m.a.RequestMappingHandlerMapping : Mapped to com.trasua.api.DrinkCatalogController#list(boolean)
2026-09-14T00:54:15.967+07:00 DEBUG 15036 --- [tea-attendance-api] [nio-8080-exec-1] org.hibernate.SQL                        : 
    select
        distinct do1_0.id,
        do1_0.created_at,
        i1_0.order_id,
        i1_0.id,
        i1_0.consumer_member_id,
        c1_0.id,
        c1_0.account_name,
        c1_0.account_number,
        c1_0.active,
        c1_0.avatar_url,
        c1_0.bank_bin,
        c1_0.bank_name,
        c1_0.created_at,
        c1_0.display_name,
        c1_0.email,
        c1_0.password_hash,
        c1_0.qr_code_url,
        c1_0.reset_code_expires_at,
        c1_0.reset_code_hash,
        c1_0.role,
        c1_0.updated_at,
        i1_0.drink_name,
        i1_0.line_total,
        i1_0.quantity,
        i1_0.unit_price,
        do1_0.note,
        do1_0.order_date,
        do1_0.payer_member_id,
        p1_0.id,
        p1_0.account_name,
        p1_0.account_number,
        p1_0.active,
        p1_0.avatar_url,
        p1_0.bank_bin,
        p1_0.bank_name,
        p1_0.created_at,
        p1_0.display_name,
        p1_0.email,
        p1_0.password_hash,
        p1_0.qr_code_url,
        p1_0.reset_code_expires_at,
        p1_0.reset_code_hash,
        p1_0.role,
        p1_0.updated_at,
        do1_0.total_amount,
        do1_0.updated_at 
    from
        drink_orders do1_0 
    join
        members p1_0 
            on p1_0.id=do1_0.payer_member_id 
    left join
        order_items i1_0 
            on do1_0.id=i1_0.order_id 
    left join
        members c1_0 
            on c1_0.id=i1_0.consumer_member_id 
    where
        do1_0.order_date between ? and ? 
    order by
        do1_0.order_date,
        do1_0.id
2026-09-14T00:54:15.972+07:00 DEBUG 15036 --- [tea-attendance-api] [nio-8080-exec-3] o.s.web.servlet.DispatcherServlet        : GET "/api/notifications?memberId=6", parameters={masked}
2026-09-14T00:54:15.974+07:00 DEBUG 15036 --- [tea-attendance-api] [nio-8080-exec-3] s.w.s.m.m.a.RequestMappingHandlerMapping : Mapped to com.trasua.api.NotificationController#list(Long)
2026-09-14T00:54:15.988+07:00 DEBUG 15036 --- [tea-attendance-api] [nio-8080-exec-9] org.hibernate.SQL                        : 
    select
        dci1_0.id,
        dci1_0.active,
        dci1_0.created_at,
        dci1_0.icon,
        dci1_0.name,
        dci1_0.price,
        dci1_0.updated_at 
    from
        drink_catalog dci1_0
2026-09-14T00:54:15.999+07:00 DEBUG 15036 --- [tea-attendance-api] [nio-8080-exec-3] org.hibernate.SQL                        : 
    select
        n1_0.id,
        n1_0.body,
        n1_0.created_at,
        n1_0.read_at,
        n1_0.recipient_member_id,
        r1_0.id,
        r1_0.account_name,
        r1_0.account_number,
        r1_0.active,
        r1_0.avatar_url,
        r1_0.bank_bin,
        r1_0.bank_name,
        r1_0.created_at,
        r1_0.display_name,
        r1_0.email,
        r1_0.password_hash,
        r1_0.qr_code_url,
        r1_0.reset_code_expires_at,
        r1_0.reset_code_hash,
        r1_0.role,
        r1_0.updated_at,
        n1_0.settlement_id,
        n1_0.title,
        n1_0.transfer_id,
        n1_0.type 
    from
        notifications n1_0 
    join
        members r1_0 
            on r1_0.id=n1_0.recipient_member_id 
    where
        r1_0.id=? 
    order by
        n1_0.created_at desc
2026-09-14T00:54:16.018+07:00 DEBUG 15036 --- [tea-attendance-api] [nio-8080-exec-4] m.m.a.RequestResponseBodyMethodProcessor : Using 'application/json', given [*/*] and supported [application/json, application/*+json]
2026-09-14T00:54:16.020+07:00 DEBUG 15036 --- [tea-attendance-api] [nio-8080-exec-4] m.m.a.RequestResponseBodyMethodProcessor : Writing [[MemberResponse[id=1, displayName=Minh Anh, email=minh.anh@example.test, bankName=MB Bank, bankBin=9 (truncated)...]
2026-09-14T00:54:16.022+07:00 DEBUG 15036 --- [tea-attendance-api] [nio-8080-exec-4] o.s.web.servlet.DispatcherServlet        : Completed 200 OK
2026-09-14T00:54:16.076+07:00 DEBUG 15036 --- [tea-attendance-api] [nio-8080-exec-9] m.m.a.RequestResponseBodyMethodProcessor : Using 'application/json', given [*/*] and supported [application/json, application/*+json]
2026-09-14T00:54:16.077+07:00 DEBUG 15036 --- [tea-attendance-api] [nio-8080-exec-9] m.m.a.RequestResponseBodyMethodProcessor : Writing [[DrinkCatalogResponse[id=1, name=Tra da, price=5000, icon=?, active=true], DrinkCatalogResponse[id= (truncated)...]
2026-09-14T00:54:16.078+07:00 DEBUG 15036 --- [tea-attendance-api] [nio-8080-exec-9] o.s.web.servlet.DispatcherServlet        : Completed 200 OK
2026-09-14T00:54:16.119+07:00 DEBUG 15036 --- [tea-attendance-api] [nio-8080-exec-3] m.m.a.RequestResponseBodyMethodProcessor : Using 'application/json', given [*/*] and supported [application/json, application/*+json]
2026-09-14T00:54:16.120+07:00 DEBUG 15036 --- [tea-attendance-api] [nio-8080-exec-3] m.m.a.RequestResponseBodyMethodProcessor : Writing [[]]
2026-09-14T00:54:16.121+07:00 DEBUG 15036 --- [tea-attendance-api] [nio-8080-exec-3] o.s.web.servlet.DispatcherServlet        : Completed 200 OK
2026-09-14T00:54:16.273+07:00 DEBUG 15036 --- [tea-attendance-api] [io-8080-exec-10] org.hibernate.SQL                        : 
    select
        a1_0.message_id,
        a1_0.id,
        a1_0.byte_size,
        a1_0.content_type,
        a1_0.created_at,
        a1_0.original_filename,
        a1_0.storage_key 
    from
        chat_attachments a1_0 
    where
        a1_0.message_id=? 
    order by
        a1_0.id
2026-09-14T00:54:16.279+07:00 DEBUG 15036 --- [tea-attendance-api] [nio-8080-exec-1] m.m.a.RequestResponseBodyMethodProcessor : Using 'application/json', given [*/*] and supported [application/json, application/*+json]
2026-09-14T00:54:16.281+07:00 DEBUG 15036 --- [tea-attendance-api] [nio-8080-exec-1] m.m.a.RequestResponseBodyMethodProcessor : Writing [[]]
2026-09-14T00:54:16.282+07:00 DEBUG 15036 --- [tea-attendance-api] [nio-8080-exec-1] o.s.web.servlet.DispatcherServlet        : Completed 200 OK
2026-09-14T00:54:16.290+07:00 DEBUG 15036 --- [tea-attendance-api] [io-8080-exec-10] org.hibernate.SQL                        : 
    select
        a1_0.message_id,
        a1_0.id,
        a1_0.byte_size,
        a1_0.content_type,
        a1_0.created_at,
        a1_0.original_filename,
        a1_0.storage_key 
    from
        chat_attachments a1_0 
    where
        a1_0.message_id=? 
    order by
        a1_0.id
2026-09-14T00:54:16.302+07:00 DEBUG 15036 --- [tea-attendance-api] [io-8080-exec-10] org.hibernate.SQL                        : 
    select
        a1_0.message_id,
        a1_0.id,
        a1_0.byte_size,
        a1_0.content_type,
        a1_0.created_at,
        a1_0.original_filename,
        a1_0.storage_key 
    from
        chat_attachments a1_0 
    where
        a1_0.message_id=? 
    order by
        a1_0.id
2026-09-14T00:54:16.326+07:00 DEBUG 15036 --- [tea-attendance-api] [io-8080-exec-10] org.hibernate.SQL                        : 
    select
        a1_0.message_id,
        a1_0.id,
        a1_0.byte_size,
        a1_0.content_type,
        a1_0.created_at,
        a1_0.original_filename,
        a1_0.storage_key 
    from
        chat_attachments a1_0 
    where
        a1_0.message_id=? 
    order by
        a1_0.id
2026-09-14T00:54:16.354+07:00 DEBUG 15036 --- [tea-attendance-api] [io-8080-exec-10] org.hibernate.SQL                        : 
    select
        a1_0.message_id,
        a1_0.id,
        a1_0.byte_size,
        a1_0.content_type,
        a1_0.created_at,
        a1_0.original_filename,
        a1_0.storage_key 
    from
        chat_attachments a1_0 
    where
        a1_0.message_id=? 
    order by
        a1_0.id
2026-09-14T00:54:16.387+07:00 DEBUG 15036 --- [tea-attendance-api] [io-8080-exec-10] m.m.a.RequestResponseBodyMethodProcessor : Using 'application/json', given [*/*] and supported [application/json, application/*+json]
2026-09-14T00:54:16.388+07:00 DEBUG 15036 --- [tea-attendance-api] [io-8080-exec-10] m.m.a.RequestResponseBodyMethodProcessor : Writing [[ChatMessageResponse[id=2, sender=MemberBriefResponse[id=1, displayName=Minh Anh, avatarUrl=null], c (truncated)...]
2026-09-14T00:54:16.390+07:00 DEBUG 15036 --- [tea-attendance-api] [io-8080-exec-10] o.s.web.servlet.DispatcherServlet        : Completed 200 OK
2026-09-14T00:54:16.393+07:00 DEBUG 15036 --- [tea-attendance-api] [nio-8080-exec-2] o.s.web.servlet.DispatcherServlet        : GET "/api/chat/messages?limit=50", parameters={masked}
2026-09-14T00:54:16.395+07:00 DEBUG 15036 --- [tea-attendance-api] [nio-8080-exec-2] s.w.s.m.m.a.RequestMappingHandlerMapping : Mapped to com.trasua.api.ChatController#list(Instant, int)
2026-09-14T00:54:16.405+07:00 DEBUG 15036 --- [tea-attendance-api] [nio-8080-exec-2] org.hibernate.SQL                        : 
    select
        distinct cm1_0.id,
        cm1_0.content,
        cm1_0.created_at,
        cm1_0.deleted_at,
        rt1_0.id,
        rt1_0.content,
        rt1_0.created_at,
        rt1_0.deleted_at,
        rt1_0.reply_to_message_id,
        rt1_0.sender_member_id,
        s2_0.id,
        s2_0.account_name,
        s2_0.account_number,
        s2_0.active,
        s2_0.avatar_url,
        s2_0.bank_bin,
        s2_0.bank_name,
        s2_0.created_at,
        s2_0.display_name,
        s2_0.email,
        s2_0.password_hash,
        s2_0.qr_code_url,
        s2_0.reset_code_expires_at,
        s2_0.reset_code_hash,
        s2_0.role,
        s2_0.updated_at,
        cm1_0.sender_member_id,
        s1_0.id,
        s1_0.account_name,
        s1_0.account_number,
        s1_0.active,
        s1_0.avatar_url,
        s1_0.bank_bin,
        s1_0.bank_name,
        s1_0.created_at,
        s1_0.display_name,
        s1_0.email,
        s1_0.password_hash,
        s1_0.qr_code_url,
        s1_0.reset_code_expires_at,
        s1_0.reset_code_hash,
        s1_0.role,
        s1_0.updated_at 
    from
        chat_messages cm1_0 
    join
        members s1_0 
            on s1_0.id=cm1_0.sender_member_id 
    left join
        chat_messages rt1_0 
            on rt1_0.id=cm1_0.reply_to_message_id 
    left join
        members s2_0 
            on s2_0.id=rt1_0.sender_member_id 
    order by
        cm1_0.created_at desc 
    limit
        ?
2026-09-14T00:54:16.415+07:00 DEBUG 15036 --- [tea-attendance-api] [nio-8080-exec-2] org.hibernate.SQL                        : 
    select
        a1_0.message_id,
        a1_0.id,
        a1_0.byte_size,
        a1_0.content_type,
        a1_0.created_at,
        a1_0.original_filename,
        a1_0.storage_key 
    from
        chat_attachments a1_0 
    where
        a1_0.message_id=? 
    order by
        a1_0.id
2026-09-14T00:54:16.422+07:00 DEBUG 15036 --- [tea-attendance-api] [nio-8080-exec-2] org.hibernate.SQL                        : 
    select
        a1_0.message_id,
        a1_0.id,
        a1_0.byte_size,
        a1_0.content_type,
        a1_0.created_at,
        a1_0.original_filename,
        a1_0.storage_key 
    from
        chat_attachments a1_0 
    where
        a1_0.message_id=? 
    order by
        a1_0.id
2026-09-14T00:54:16.431+07:00 DEBUG 15036 --- [tea-attendance-api] [nio-8080-exec-2] org.hibernate.SQL                        : 
    select
        a1_0.message_id,
        a1_0.id,
        a1_0.byte_size,
        a1_0.content_type,
        a1_0.created_at,
        a1_0.original_filename,
        a1_0.storage_key 
    from
        chat_attachments a1_0 
    where
        a1_0.message_id=? 
    order by
        a1_0.id
2026-09-14T00:54:16.437+07:00 DEBUG 15036 --- [tea-attendance-api] [nio-8080-exec-2] org.hibernate.SQL                        : 
    select
        a1_0.message_id,
        a1_0.id,
        a1_0.byte_size,
        a1_0.content_type,
        a1_0.created_at,
        a1_0.original_filename,
        a1_0.storage_key 
    from
        chat_attachments a1_0 
    where
        a1_0.message_id=? 
    order by
        a1_0.id
2026-09-14T00:54:16.451+07:00 DEBUG 15036 --- [tea-attendance-api] [nio-8080-exec-2] org.hibernate.SQL                        : 
    select
        a1_0.message_id,
        a1_0.id,
        a1_0.byte_size,
        a1_0.content_type,
        a1_0.created_at,
        a1_0.original_filename,
        a1_0.storage_key 
    from
        chat_attachments a1_0 
    where
        a1_0.message_id=? 
    order by
        a1_0.id
2026-09-14T00:54:16.481+07:00 DEBUG 15036 --- [tea-attendance-api] [nio-8080-exec-2] m.m.a.RequestResponseBodyMethodProcessor : Using 'application/json', given [*/*] and supported [application/json, application/*+json]
2026-09-14T00:54:16.483+07:00 DEBUG 15036 --- [tea-attendance-api] [nio-8080-exec-2] m.m.a.RequestResponseBodyMethodProcessor : Writing [[ChatMessageResponse[id=2, sender=MemberBriefResponse[id=1, displayName=Minh Anh, avatarUrl=null], c (truncated)...]
2026-09-14T00:54:16.485+07:00 DEBUG 15036 --- [tea-attendance-api] [nio-8080-exec-2] o.s.web.servlet.DispatcherServlet        : Completed 200 OK
2026-09-14T00:55:00.011+07:00 DEBUG 15036 --- [tea-attendance-api] [MessageBroker-3] org.hibernate.SQL                        : 
    select
        wns1_0.id,
        wns1_0.creditor_body,
        wns1_0.creditor_title,
        wns1_0.debtor_body,
        wns1_0.debtor_title,
        wns1_0.send_day,
        wns1_0.send_time,
        wns1_0.updated_at 
    from
        weekly_notification_settings wns1_0 
    where
        wns1_0.id=?
2026-09-14T00:55:05.510+07:00 DEBUG 15036 --- [tea-attendance-api] [nio-8080-exec-6] o.s.web.servlet.DispatcherServlet        : POST "/api/auth/login", parameters={}
2026-09-14T00:55:05.511+07:00 DEBUG 15036 --- [tea-attendance-api] [nio-8080-exec-6] s.w.s.m.m.a.RequestMappingHandlerMapping : Mapped to com.trasua.api.AuthController#login(Login)
2026-09-14T00:55:05.517+07:00 DEBUG 15036 --- [tea-attendance-api] [nio-8080-exec-6] m.m.a.RequestResponseBodyMethodProcessor : Read "application/json;charset=UTF-8" to [Login[email=minh.anh@example.test, password=123456789]]
2026-09-14T00:55:05.530+07:00 DEBUG 15036 --- [tea-attendance-api] [nio-8080-exec-6] org.hibernate.SQL                        : 
    select
        m1_0.id,
        m1_0.account_name,
        m1_0.account_number,
        m1_0.active,
        m1_0.avatar_url,
        m1_0.bank_bin,
        m1_0.bank_name,
        m1_0.created_at,
        m1_0.display_name,
        m1_0.email,
        m1_0.password_hash,
        m1_0.qr_code_url,
        m1_0.reset_code_expires_at,
        m1_0.reset_code_hash,
        m1_0.role,
        m1_0.updated_at 
    from
        members m1_0 
    where
        upper(m1_0.email)=upper(?)
2026-09-14T00:55:05.672+07:00 DEBUG 15036 --- [tea-attendance-api] [nio-8080-exec-6] org.hibernate.SQL                        : 
    insert 
    into
        auth_sessions
        (created_at, expires_at, member_id, token_hash) 
    values
        (?, ?, ?, ?)
2026-09-14T00:55:05.727+07:00 DEBUG 15036 --- [tea-attendance-api] [nio-8080-exec-6] m.m.a.RequestResponseBodyMethodProcessor : Using 'application/json', given [*/*] and supported [application/json, application/*+json]
2026-09-14T00:55:05.727+07:00 DEBUG 15036 --- [tea-attendance-api] [nio-8080-exec-6] m.m.a.RequestResponseBodyMethodProcessor : Writing [AuthResponse[token=q1Wpxg15JmIBdnr8JqwWt65_1RAlP_5OzceyxAXrnAs, member=MemberResponse[id=1, displayN (truncated)...]
2026-09-14T00:55:05.728+07:00 DEBUG 15036 --- [tea-attendance-api] [nio-8080-exec-6] o.s.web.servlet.DispatcherServlet        : Completed 200 OK
2026-09-14T00:55:05.734+07:00 DEBUG 15036 --- [tea-attendance-api] [nio-8080-exec-8] o.s.web.servlet.DispatcherServlet        : OPTIONS "/api/members", parameters={}
2026-09-14T00:55:05.736+07:00 DEBUG 15036 --- [tea-attendance-api] [nio-8080-exec-8] s.w.s.m.m.a.RequestMappingHandlerMapping : Mapped to com.trasua.api.MemberController#list(boolean)
2026-09-14T00:55:05.737+07:00 DEBUG 15036 --- [tea-attendance-api] [nio-8080-exec-5] o.s.web.servlet.DispatcherServlet        : OPTIONS "/api/members", parameters={}
2026-09-14T00:55:05.737+07:00 DEBUG 15036 --- [tea-attendance-api] [nio-8080-exec-8] o.s.web.servlet.DispatcherServlet        : Completed 200 OK
2026-09-14T00:55:05.738+07:00 DEBUG 15036 --- [tea-attendance-api] [nio-8080-exec-5] s.w.s.m.m.a.RequestMappingHandlerMapping : Mapped to com.trasua.api.MemberController#list(boolean)
2026-09-14T00:55:05.739+07:00 DEBUG 15036 --- [tea-attendance-api] [nio-8080-exec-5] o.s.web.servlet.DispatcherServlet        : Completed 200 OK
2026-09-14T00:55:05.740+07:00 DEBUG 15036 --- [tea-attendance-api] [nio-8080-exec-8] o.s.web.servlet.DispatcherServlet        : GET "/api/chat/messages?limit=50", parameters={masked}
2026-09-14T00:55:05.740+07:00 DEBUG 15036 --- [tea-attendance-api] [nio-8080-exec-4] o.s.web.servlet.DispatcherServlet        : GET "/api/notifications?memberId=1", parameters={masked}
2026-09-14T00:55:05.740+07:00 DEBUG 15036 --- [tea-attendance-api] [nio-8080-exec-7] o.s.web.servlet.DispatcherServlet        : GET "/api/expenses/range?from=2026-09-14&to=2026-09-20", parameters={masked}
2026-09-14T00:55:05.740+07:00 DEBUG 15036 --- [tea-attendance-api] [nio-8080-exec-8] s.w.s.m.m.a.RequestMappingHandlerMapping : Mapped to com.trasua.api.ChatController#list(Instant, int)
2026-09-14T00:55:05.742+07:00 DEBUG 15036 --- [tea-attendance-api] [nio-8080-exec-4] s.w.s.m.m.a.RequestMappingHandlerMapping : Mapped to com.trasua.api.NotificationController#list(Long)
2026-09-14T00:55:05.743+07:00 DEBUG 15036 --- [tea-attendance-api] [nio-8080-exec-3] o.s.web.servlet.DispatcherServlet        : GET "/api/drinks", parameters={}
2026-09-14T00:55:05.742+07:00 DEBUG 15036 --- [tea-attendance-api] [nio-8080-exec-7] s.w.s.m.m.a.RequestMappingHandlerMapping : Mapped to com.trasua.api.ExpenseController#range(LocalDate, LocalDate)
2026-09-14T00:55:05.744+07:00 DEBUG 15036 --- [tea-attendance-api] [nio-8080-exec-1] o.s.web.servlet.DispatcherServlet        : GET "/api/members", parameters={}
2026-09-14T00:55:05.746+07:00 DEBUG 15036 --- [tea-attendance-api] [nio-8080-exec-3] s.w.s.m.m.a.RequestMappingHandlerMapping : Mapped to com.trasua.api.DrinkCatalogController#list(boolean)
2026-09-14T00:55:05.748+07:00 DEBUG 15036 --- [tea-attendance-api] [nio-8080-exec-1] s.w.s.m.m.a.RequestMappingHandlerMapping : Mapped to com.trasua.api.MemberController#list(boolean)
2026-09-14T00:55:05.756+07:00 DEBUG 15036 --- [tea-attendance-api] [nio-8080-exec-4] org.hibernate.SQL                        : 
    select
        n1_0.id,
        n1_0.body,
        n1_0.created_at,
        n1_0.read_at,
        n1_0.recipient_member_id,
        r1_0.id,
        r1_0.account_name,
        r1_0.account_number,
        r1_0.active,
        r1_0.avatar_url,
        r1_0.bank_bin,
        r1_0.bank_name,
        r1_0.created_at,
        r1_0.display_name,
        r1_0.email,
        r1_0.password_hash,
        r1_0.qr_code_url,
        r1_0.reset_code_expires_at,
        r1_0.reset_code_hash,
        r1_0.role,
        r1_0.updated_at,
        n1_0.settlement_id,
        n1_0.title,
        n1_0.transfer_id,
        n1_0.type 
    from
        notifications n1_0 
    join
        members r1_0 
            on r1_0.id=n1_0.recipient_member_id 
    where
        r1_0.id=? 
    order by
        n1_0.created_at desc
2026-09-14T00:55:05.756+07:00 DEBUG 15036 --- [tea-attendance-api] [nio-8080-exec-8] org.hibernate.SQL                        : 
    select
        distinct cm1_0.id,
        cm1_0.content,
        cm1_0.created_at,
        cm1_0.deleted_at,
        rt1_0.id,
        rt1_0.content,
        rt1_0.created_at,
        rt1_0.deleted_at,
        rt1_0.reply_to_message_id,
        rt1_0.sender_member_id,
        s2_0.id,
        s2_0.account_name,
        s2_0.account_number,
        s2_0.active,
        s2_0.avatar_url,
        s2_0.bank_bin,
        s2_0.bank_name,
        s2_0.created_at,
        s2_0.display_name,
        s2_0.email,
        s2_0.password_hash,
        s2_0.qr_code_url,
        s2_0.reset_code_expires_at,
        s2_0.reset_code_hash,
        s2_0.role,
        s2_0.updated_at,
        cm1_0.sender_member_id,
        s1_0.id,
        s1_0.account_name,
        s1_0.account_number,
        s1_0.active,
        s1_0.avatar_url,
        s1_0.bank_bin,
        s1_0.bank_name,
        s1_0.created_at,
        s1_0.display_name,
        s1_0.email,
        s1_0.password_hash,
        s1_0.qr_code_url,
        s1_0.reset_code_expires_at,
        s1_0.reset_code_hash,
        s1_0.role,
        s1_0.updated_at 
    from
        chat_messages cm1_0 
    join
        members s1_0 
            on s1_0.id=cm1_0.sender_member_id 
    left join
        chat_messages rt1_0 
            on rt1_0.id=cm1_0.reply_to_message_id 
    left join
        members s2_0 
            on s2_0.id=rt1_0.sender_member_id 
    order by
        cm1_0.created_at desc 
    limit
        ?
2026-09-14T00:55:05.760+07:00 DEBUG 15036 --- [tea-attendance-api] [nio-8080-exec-3] org.hibernate.SQL                        : 
    select
        dci1_0.id,
        dci1_0.active,
        dci1_0.created_at,
        dci1_0.icon,
        dci1_0.name,
        dci1_0.price,
        dci1_0.updated_at 
    from
        drink_catalog dci1_0 
    where
        dci1_0.active 
    order by
        dci1_0.name
2026-09-14T00:55:05.760+07:00 DEBUG 15036 --- [tea-attendance-api] [nio-8080-exec-1] org.hibernate.SQL                        : 
    select
        m1_0.id,
        m1_0.account_name,
        m1_0.account_number,
        m1_0.active,
        m1_0.avatar_url,
        m1_0.bank_bin,
        m1_0.bank_name,
        m1_0.created_at,
        m1_0.display_name,
        m1_0.email,
        m1_0.password_hash,
        m1_0.qr_code_url,
        m1_0.reset_code_expires_at,
        m1_0.reset_code_hash,
        m1_0.role,
        m1_0.updated_at 
    from
        members m1_0 
    where
        m1_0.active 
    order by
        m1_0.display_name
2026-09-14T00:55:05.762+07:00 DEBUG 15036 --- [tea-attendance-api] [nio-8080-exec-7] org.hibernate.SQL                        : 
    select
        distinct do1_0.id,
        do1_0.created_at,
        i1_0.order_id,
        i1_0.id,
        i1_0.consumer_member_id,
        c1_0.id,
        c1_0.account_name,
        c1_0.account_number,
        c1_0.active,
        c1_0.avatar_url,
        c1_0.bank_bin,
        c1_0.bank_name,
        c1_0.created_at,
        c1_0.display_name,
        c1_0.email,
        c1_0.password_hash,
        c1_0.qr_code_url,
        c1_0.reset_code_expires_at,
        c1_0.reset_code_hash,
        c1_0.role,
        c1_0.updated_at,
        i1_0.drink_name,
        i1_0.line_total,
        i1_0.quantity,
        i1_0.unit_price,
        do1_0.note,
        do1_0.order_date,
        do1_0.payer_member_id,
        p1_0.id,
        p1_0.account_name,
        p1_0.account_number,
        p1_0.active,
        p1_0.avatar_url,
        p1_0.bank_bin,
        p1_0.bank_name,
        p1_0.created_at,
        p1_0.display_name,
        p1_0.email,
        p1_0.password_hash,
        p1_0.qr_code_url,
        p1_0.reset_code_expires_at,
        p1_0.reset_code_hash,
        p1_0.role,
        p1_0.updated_at,
        do1_0.total_amount,
        do1_0.updated_at 
    from
        drink_orders do1_0 
    join
        members p1_0 
            on p1_0.id=do1_0.payer_member_id 
    left join
        order_items i1_0 
            on do1_0.id=i1_0.order_id 
    left join
        members c1_0 
            on c1_0.id=i1_0.consumer_member_id 
    where
        do1_0.order_date between ? and ? 
    order by
        do1_0.order_date,
        do1_0.id
2026-09-14T00:55:05.765+07:00 DEBUG 15036 --- [tea-attendance-api] [nio-8080-exec-8] org.hibernate.SQL                        : 
    select
        a1_0.message_id,
        a1_0.id,
        a1_0.byte_size,
        a1_0.content_type,
        a1_0.created_at,
        a1_0.original_filename,
        a1_0.storage_key 
    from
        chat_attachments a1_0 
    where
        a1_0.message_id=? 
    order by
        a1_0.id
2026-09-14T00:55:05.770+07:00 DEBUG 15036 --- [tea-attendance-api] [nio-8080-exec-8] org.hibernate.SQL                        : 
    select
        a1_0.message_id,
        a1_0.id,
        a1_0.byte_size,
        a1_0.content_type,
        a1_0.created_at,
        a1_0.original_filename,
        a1_0.storage_key 
    from
        chat_attachments a1_0 
    where
        a1_0.message_id=? 
    order by
        a1_0.id
2026-09-14T00:55:05.774+07:00 DEBUG 15036 --- [tea-attendance-api] [nio-8080-exec-4] m.m.a.RequestResponseBodyMethodProcessor : Using 'application/json', given [*/*] and supported [application/json, application/*+json]
2026-09-14T00:55:05.775+07:00 DEBUG 15036 --- [tea-attendance-api] [nio-8080-exec-4] m.m.a.RequestResponseBodyMethodProcessor : Writing [[]]
2026-09-14T00:55:05.775+07:00 DEBUG 15036 --- [tea-attendance-api] [nio-8080-exec-8] org.hibernate.SQL                        : 
    select
        a1_0.message_id,
        a1_0.id,
        a1_0.byte_size,
        a1_0.content_type,
        a1_0.created_at,
        a1_0.original_filename,
        a1_0.storage_key 
    from
        chat_attachments a1_0 
    where
        a1_0.message_id=? 
    order by
        a1_0.id
2026-09-14T00:55:05.776+07:00 DEBUG 15036 --- [tea-attendance-api] [nio-8080-exec-4] o.s.web.servlet.DispatcherServlet        : Completed 200 OK
2026-09-14T00:55:05.777+07:00 DEBUG 15036 --- [tea-attendance-api] [nio-8080-exec-3] m.m.a.RequestResponseBodyMethodProcessor : Using 'application/json', given [*/*] and supported [application/json, application/*+json]
2026-09-14T00:55:05.778+07:00 DEBUG 15036 --- [tea-attendance-api] [nio-8080-exec-3] m.m.a.RequestResponseBodyMethodProcessor : Writing [[DrinkCatalogResponse[id=5, name=Bac xiu, price=22000, icon=?, active=true], DrinkCatalogResponse[i (truncated)...]
2026-09-14T00:55:05.778+07:00 DEBUG 15036 --- [tea-attendance-api] [nio-8080-exec-1] m.m.a.RequestResponseBodyMethodProcessor : Using 'application/json', given [*/*] and supported [application/json, application/*+json]
2026-09-14T00:55:05.778+07:00 DEBUG 15036 --- [tea-attendance-api] [nio-8080-exec-8] org.hibernate.SQL                        : 
    select
        a1_0.message_id,
        a1_0.id,
        a1_0.byte_size,
        a1_0.content_type,
        a1_0.created_at,
        a1_0.original_filename,
        a1_0.storage_key 
    from
        chat_attachments a1_0 
    where
        a1_0.message_id=? 
    order by
        a1_0.id
2026-09-14T00:55:05.779+07:00 DEBUG 15036 --- [tea-attendance-api] [nio-8080-exec-3] o.s.web.servlet.DispatcherServlet        : Completed 200 OK
2026-09-14T00:55:05.780+07:00 DEBUG 15036 --- [tea-attendance-api] [nio-8080-exec-7] m.m.a.RequestResponseBodyMethodProcessor : Using 'application/json', given [*/*] and supported [application/json, application/*+json]
2026-09-14T00:55:05.780+07:00 DEBUG 15036 --- [tea-attendance-api] [nio-8080-exec-1] m.m.a.RequestResponseBodyMethodProcessor : Writing [[MemberResponse[id=4, displayName=H??ng, email=huong@example.test, bankName=Techcombank, bankBin=970 (truncated)...]
2026-09-14T00:55:05.780+07:00 DEBUG 15036 --- [tea-attendance-api] [io-8080-exec-10] o.s.web.servlet.DispatcherServlet        : GET "/api/notifications?memberId=1", parameters={masked}
2026-09-14T00:55:05.781+07:00 DEBUG 15036 --- [tea-attendance-api] [nio-8080-exec-7] m.m.a.RequestResponseBodyMethodProcessor : Writing [[]]
2026-09-14T00:55:05.782+07:00 DEBUG 15036 --- [tea-attendance-api] [nio-8080-exec-1] o.s.web.servlet.DispatcherServlet        : Completed 200 OK
2026-09-14T00:55:05.782+07:00 DEBUG 15036 --- [tea-attendance-api] [io-8080-exec-10] s.w.s.m.m.a.RequestMappingHandlerMapping : Mapped to com.trasua.api.NotificationController#list(Long)
2026-09-14T00:55:05.783+07:00 DEBUG 15036 --- [tea-attendance-api] [nio-8080-exec-7] o.s.web.servlet.DispatcherServlet        : Completed 200 OK
2026-09-14T00:55:05.783+07:00 DEBUG 15036 --- [tea-attendance-api] [nio-8080-exec-8] org.hibernate.SQL                        : 
    select
        a1_0.message_id,
        a1_0.id,
        a1_0.byte_size,
        a1_0.content_type,
        a1_0.created_at,
        a1_0.original_filename,
        a1_0.storage_key 
    from
        chat_attachments a1_0 
    where
        a1_0.message_id=? 
    order by
        a1_0.id
2026-09-14T00:55:05.786+07:00 DEBUG 15036 --- [tea-attendance-api] [nio-8080-exec-2] o.s.web.servlet.DispatcherServlet        : GET "/api/drinks", parameters={}
2026-09-14T00:55:05.786+07:00 DEBUG 15036 --- [tea-attendance-api] [nio-8080-exec-2] s.w.s.m.m.a.RequestMappingHandlerMapping : Mapped to com.trasua.api.DrinkCatalogController#list(boolean)
2026-09-14T00:55:05.788+07:00 DEBUG 15036 --- [tea-attendance-api] [nio-8080-exec-6] o.s.web.servlet.DispatcherServlet        : GET "/api/members", parameters={}
2026-09-14T00:55:05.789+07:00 DEBUG 15036 --- [tea-attendance-api] [nio-8080-exec-9] o.s.web.servlet.DispatcherServlet        : GET "/api/expenses/range?from=2026-09-14&to=2026-09-20", parameters={masked}
2026-09-14T00:55:05.789+07:00 DEBUG 15036 --- [tea-attendance-api] [nio-8080-exec-6] s.w.s.m.m.a.RequestMappingHandlerMapping : Mapped to com.trasua.api.MemberController#list(boolean)
2026-09-14T00:55:05.789+07:00 DEBUG 15036 --- [tea-attendance-api] [nio-8080-exec-9] s.w.s.m.m.a.RequestMappingHandlerMapping : Mapped to com.trasua.api.ExpenseController#range(LocalDate, LocalDate)
2026-09-14T00:55:05.792+07:00 DEBUG 15036 --- [tea-attendance-api] [io-8080-exec-10] org.hibernate.SQL                        : 
    select
        n1_0.id,
        n1_0.body,
        n1_0.created_at,
        n1_0.read_at,
        n1_0.recipient_member_id,
        r1_0.id,
        r1_0.account_name,
        r1_0.account_number,
        r1_0.active,
        r1_0.avatar_url,
        r1_0.bank_bin,
        r1_0.bank_name,
        r1_0.created_at,
        r1_0.display_name,
        r1_0.email,
        r1_0.password_hash,
        r1_0.qr_code_url,
        r1_0.reset_code_expires_at,
        r1_0.reset_code_hash,
        r1_0.role,
        r1_0.updated_at,
        n1_0.settlement_id,
        n1_0.title,
        n1_0.transfer_id,
        n1_0.type 
    from
        notifications n1_0 
    join
        members r1_0 
            on r1_0.id=n1_0.recipient_member_id 
    where
        r1_0.id=? 
    order by
        n1_0.created_at desc
2026-09-14T00:55:05.796+07:00 DEBUG 15036 --- [tea-attendance-api] [nio-8080-exec-2] org.hibernate.SQL                        : 
    select
        dci1_0.id,
        dci1_0.active,
        dci1_0.created_at,
        dci1_0.icon,
        dci1_0.name,
        dci1_0.price,
        dci1_0.updated_at 
    from
        drink_catalog dci1_0 
    where
        dci1_0.active 
    order by
        dci1_0.name
2026-09-14T00:55:05.797+07:00 DEBUG 15036 --- [tea-attendance-api] [nio-8080-exec-9] org.hibernate.SQL                        : 
    select
        distinct do1_0.id,
        do1_0.created_at,
        i1_0.order_id,
        i1_0.id,
        i1_0.consumer_member_id,
        c1_0.id,
        c1_0.account_name,
        c1_0.account_number,
        c1_0.active,
        c1_0.avatar_url,
        c1_0.bank_bin,
        c1_0.bank_name,
        c1_0.created_at,
        c1_0.display_name,
        c1_0.email,
        c1_0.password_hash,
        c1_0.qr_code_url,
        c1_0.reset_code_expires_at,
        c1_0.reset_code_hash,
        c1_0.role,
        c1_0.updated_at,
        i1_0.drink_name,
        i1_0.line_total,
        i1_0.quantity,
        i1_0.unit_price,
        do1_0.note,
        do1_0.order_date,
        do1_0.payer_member_id,
        p1_0.id,
        p1_0.account_name,
        p1_0.account_number,
        p1_0.active,
        p1_0.avatar_url,
        p1_0.bank_bin,
        p1_0.bank_name,
        p1_0.created_at,
        p1_0.display_name,
        p1_0.email,
        p1_0.password_hash,
        p1_0.qr_code_url,
        p1_0.reset_code_expires_at,
        p1_0.reset_code_hash,
        p1_0.role,
        p1_0.updated_at,
        do1_0.total_amount,
        do1_0.updated_at 
    from
        drink_orders do1_0 
    join
        members p1_0 
            on p1_0.id=do1_0.payer_member_id 
    left join
        order_items i1_0 
            on do1_0.id=i1_0.order_id 
    left join
        members c1_0 
            on c1_0.id=i1_0.consumer_member_id 
    where
        do1_0.order_date between ? and ? 
    order by
        do1_0.order_date,
        do1_0.id
2026-09-14T00:55:05.798+07:00 DEBUG 15036 --- [tea-attendance-api] [nio-8080-exec-8] m.m.a.RequestResponseBodyMethodProcessor : Using 'application/json', given [*/*] and supported [application/json, application/*+json]
2026-09-14T00:55:05.798+07:00 DEBUG 15036 --- [tea-attendance-api] [nio-8080-exec-6] org.hibernate.SQL                        : 
    select
        m1_0.id,
        m1_0.account_name,
        m1_0.account_number,
        m1_0.active,
        m1_0.avatar_url,
        m1_0.bank_bin,
        m1_0.bank_name,
        m1_0.created_at,
        m1_0.display_name,
        m1_0.email,
        m1_0.password_hash,
        m1_0.qr_code_url,
        m1_0.reset_code_expires_at,
        m1_0.reset_code_hash,
        m1_0.role,
        m1_0.updated_at 
    from
        members m1_0 
    where
        m1_0.active 
    order by
        m1_0.display_name
2026-09-14T00:55:05.798+07:00 DEBUG 15036 --- [tea-attendance-api] [nio-8080-exec-8] m.m.a.RequestResponseBodyMethodProcessor : Writing [[ChatMessageResponse[id=2, sender=MemberBriefResponse[id=1, displayName=Minh Anh, avatarUrl=null], c (truncated)...]
2026-09-14T00:55:05.800+07:00 DEBUG 15036 --- [tea-attendance-api] [nio-8080-exec-8] o.s.web.servlet.DispatcherServlet        : Completed 200 OK
2026-09-14T00:55:05.803+07:00 DEBUG 15036 --- [tea-attendance-api] [io-8080-exec-10] m.m.a.RequestResponseBodyMethodProcessor : Using 'application/json', given [*/*] and supported [application/json, application/*+json]
2026-09-14T00:55:05.803+07:00 DEBUG 15036 --- [tea-attendance-api] [nio-8080-exec-5] o.s.web.servlet.DispatcherServlet        : GET "/api/chat/messages?limit=50", parameters={masked}
2026-09-14T00:55:05.804+07:00 DEBUG 15036 --- [tea-attendance-api] [io-8080-exec-10] m.m.a.RequestResponseBodyMethodProcessor : Writing [[]]
2026-09-14T00:55:05.806+07:00 DEBUG 15036 --- [tea-attendance-api] [nio-8080-exec-5] s.w.s.m.m.a.RequestMappingHandlerMapping : Mapped to com.trasua.api.ChatController#list(Instant, int)
2026-09-14T00:55:05.806+07:00 DEBUG 15036 --- [tea-attendance-api] [io-8080-exec-10] o.s.web.servlet.DispatcherServlet        : Completed 200 OK
2026-09-14T00:55:05.810+07:00 DEBUG 15036 --- [tea-attendance-api] [nio-8080-exec-9] m.m.a.RequestResponseBodyMethodProcessor : Using 'application/json', given [*/*] and supported [application/json, application/*+json]
2026-09-14T00:55:05.810+07:00 DEBUG 15036 --- [tea-attendance-api] [nio-8080-exec-9] m.m.a.RequestResponseBodyMethodProcessor : Writing [[]]
2026-09-14T00:55:05.812+07:00 DEBUG 15036 --- [tea-attendance-api] [nio-8080-exec-9] o.s.web.servlet.DispatcherServlet        : Completed 200 OK
2026-09-14T00:55:05.813+07:00 DEBUG 15036 --- [tea-attendance-api] [nio-8080-exec-6] m.m.a.RequestResponseBodyMethodProcessor : Using 'application/json', given [*/*] and supported [application/json, application/*+json]
2026-09-14T00:55:05.812+07:00 DEBUG 15036 --- [tea-attendance-api] [nio-8080-exec-2] m.m.a.RequestResponseBodyMethodProcessor : Using 'application/json', given [*/*] and supported [application/json, application/*+json]
2026-09-14T00:55:05.814+07:00 DEBUG 15036 --- [tea-attendance-api] [nio-8080-exec-6] m.m.a.RequestResponseBodyMethodProcessor : Writing [[MemberResponse[id=4, displayName=H??ng, email=huong@example.test, bankName=Techcombank, bankBin=970 (truncated)...]
2026-09-14T00:55:05.814+07:00 DEBUG 15036 --- [tea-attendance-api] [nio-8080-exec-2] m.m.a.RequestResponseBodyMethodProcessor : Writing [[DrinkCatalogResponse[id=5, name=Bac xiu, price=22000, icon=?, active=true], DrinkCatalogResponse[i (truncated)...]
2026-09-14T00:55:05.814+07:00 DEBUG 15036 --- [tea-attendance-api] [nio-8080-exec-5] org.hibernate.SQL                        : 
    select
        distinct cm1_0.id,
        cm1_0.content,
        cm1_0.created_at,
        cm1_0.deleted_at,
        rt1_0.id,
        rt1_0.content,
        rt1_0.created_at,
        rt1_0.deleted_at,
        rt1_0.reply_to_message_id,
        rt1_0.sender_member_id,
        s2_0.id,
        s2_0.account_name,
        s2_0.account_number,
        s2_0.active,
        s2_0.avatar_url,
        s2_0.bank_bin,
        s2_0.bank_name,
        s2_0.created_at,
        s2_0.display_name,
        s2_0.email,
        s2_0.password_hash,
        s2_0.qr_code_url,
        s2_0.reset_code_expires_at,
        s2_0.reset_code_hash,
        s2_0.role,
        s2_0.updated_at,
        cm1_0.sender_member_id,
        s1_0.id,
        s1_0.account_name,
        s1_0.account_number,
        s1_0.active,
        s1_0.avatar_url,
        s1_0.bank_bin,
        s1_0.bank_name,
        s1_0.created_at,
        s1_0.display_name,
        s1_0.email,
        s1_0.password_hash,
        s1_0.qr_code_url,
        s1_0.reset_code_expires_at,
        s1_0.reset_code_hash,
        s1_0.role,
        s1_0.updated_at 
    from
        chat_messages cm1_0 
    join
        members s1_0 
            on s1_0.id=cm1_0.sender_member_id 
    left join
        chat_messages rt1_0 
            on rt1_0.id=cm1_0.reply_to_message_id 
    left join
        members s2_0 
            on s2_0.id=rt1_0.sender_member_id 
    order by
        cm1_0.created_at desc 
    limit
        ?
2026-09-14T00:55:05.824+07:00 DEBUG 15036 --- [tea-attendance-api] [nio-8080-exec-6] o.s.web.servlet.DispatcherServlet        : Completed 200 OK
2026-09-14T00:55:05.824+07:00 DEBUG 15036 --- [tea-attendance-api] [nio-8080-exec-2] o.s.web.servlet.DispatcherServlet        : Completed 200 OK
2026-09-14T00:55:05.836+07:00 DEBUG 15036 --- [tea-attendance-api] [nio-8080-exec-5] org.hibernate.SQL                        : 
    select
        a1_0.message_id,
        a1_0.id,
        a1_0.byte_size,
        a1_0.content_type,
        a1_0.created_at,
        a1_0.original_filename,
        a1_0.storage_key 
    from
        chat_attachments a1_0 
    where
        a1_0.message_id=? 
    order by
        a1_0.id
2026-09-14T00:55:05.844+07:00 DEBUG 15036 --- [tea-attendance-api] [nio-8080-exec-5] org.hibernate.SQL                        : 
    select
        a1_0.message_id,
        a1_0.id,
        a1_0.byte_size,
        a1_0.content_type,
        a1_0.created_at,
        a1_0.original_filename,
        a1_0.storage_key 
    from
        chat_attachments a1_0 
    where
        a1_0.message_id=? 
    order by
        a1_0.id
2026-09-14T00:55:05.848+07:00 DEBUG 15036 --- [tea-attendance-api] [nio-8080-exec-5] org.hibernate.SQL                        : 
    select
        a1_0.message_id,
        a1_0.id,
        a1_0.byte_size,
        a1_0.content_type,
        a1_0.created_at,
        a1_0.original_filename,
        a1_0.storage_key 
    from
        chat_attachments a1_0 
    where
        a1_0.message_id=? 
    order by
        a1_0.id
2026-09-14T00:55:05.853+07:00 DEBUG 15036 --- [tea-attendance-api] [nio-8080-exec-5] org.hibernate.SQL                        : 
    select
        a1_0.message_id,
        a1_0.id,
        a1_0.byte_size,
        a1_0.content_type,
        a1_0.created_at,
        a1_0.original_filename,
        a1_0.storage_key 
    from
        chat_attachments a1_0 
    where
        a1_0.message_id=? 
    order by
        a1_0.id
2026-09-14T00:55:05.856+07:00 DEBUG 15036 --- [tea-attendance-api] [nio-8080-exec-5] org.hibernate.SQL                        : 
    select
        a1_0.message_id,
        a1_0.id,
        a1_0.byte_size,
        a1_0.content_type,
        a1_0.created_at,
        a1_0.original_filename,
        a1_0.storage_key 
    from
        chat_attachments a1_0 
    where
        a1_0.message_id=? 
    order by
        a1_0.id
2026-09-14T00:55:05.864+07:00 DEBUG 15036 --- [tea-attendance-api] [nio-8080-exec-5] m.m.a.RequestResponseBodyMethodProcessor : Using 'application/json', given [*/*] and supported [application/json, application/*+json]
2026-09-14T00:55:05.865+07:00 DEBUG 15036 --- [tea-attendance-api] [nio-8080-exec-5] m.m.a.RequestResponseBodyMethodProcessor : Writing [[ChatMessageResponse[id=2, sender=MemberBriefResponse[id=1, displayName=Minh Anh, avatarUrl=null], c (truncated)...]
2026-09-14T00:55:05.866+07:00 DEBUG 15036 --- [tea-attendance-api] [nio-8080-exec-5] o.s.web.servlet.DispatcherServlet        : Completed 200 OK
2026-09-14T00:55:15.419+07:00 DEBUG 15036 --- [tea-attendance-api] [nio-8080-exec-4] o.s.web.servlet.DispatcherServlet        : GET "/api/members", parameters={}
2026-09-14T00:55:15.420+07:00 DEBUG 15036 --- [tea-attendance-api] [nio-8080-exec-4] s.w.s.m.m.a.RequestMappingHandlerMapping : Mapped to com.trasua.api.MemberController#list(boolean)
2026-09-14T00:55:15.421+07:00 DEBUG 15036 --- [tea-attendance-api] [nio-8080-exec-1] o.s.web.servlet.DispatcherServlet        : GET "/api/expenses/range?from=2026-09-14&to=2026-09-20", parameters={masked}
2026-09-14T00:55:15.421+07:00 DEBUG 15036 --- [tea-attendance-api] [nio-8080-exec-3] o.s.web.servlet.DispatcherServlet        : GET "/api/drinks", parameters={}
2026-09-14T00:55:15.421+07:00 DEBUG 15036 --- [tea-attendance-api] [nio-8080-exec-7] o.s.web.servlet.DispatcherServlet        : GET "/api/chat/messages?limit=50", parameters={masked}
2026-09-14T00:55:15.421+07:00 DEBUG 15036 --- [tea-attendance-api] [nio-8080-exec-8] o.s.web.servlet.DispatcherServlet        : GET "/api/notifications?memberId=1", parameters={masked}
2026-09-14T00:55:15.422+07:00 DEBUG 15036 --- [tea-attendance-api] [nio-8080-exec-1] s.w.s.m.m.a.RequestMappingHandlerMapping : Mapped to com.trasua.api.ExpenseController#range(LocalDate, LocalDate)
2026-09-14T00:55:15.422+07:00 DEBUG 15036 --- [tea-attendance-api] [nio-8080-exec-3] s.w.s.m.m.a.RequestMappingHandlerMapping : Mapped to com.trasua.api.DrinkCatalogController#list(boolean)
2026-09-14T00:55:15.423+07:00 DEBUG 15036 --- [tea-attendance-api] [nio-8080-exec-7] s.w.s.m.m.a.RequestMappingHandlerMapping : Mapped to com.trasua.api.ChatController#list(Instant, int)
2026-09-14T00:55:15.423+07:00 DEBUG 15036 --- [tea-attendance-api] [nio-8080-exec-8] s.w.s.m.m.a.RequestMappingHandlerMapping : Mapped to com.trasua.api.NotificationController#list(Long)
2026-09-14T00:55:15.431+07:00 DEBUG 15036 --- [tea-attendance-api] [nio-8080-exec-4] org.hibernate.SQL                        : 
    select
        m1_0.id,
        m1_0.account_name,
        m1_0.account_number,
        m1_0.active,
        m1_0.avatar_url,
        m1_0.bank_bin,
        m1_0.bank_name,
        m1_0.created_at,
        m1_0.display_name,
        m1_0.email,
        m1_0.password_hash,
        m1_0.qr_code_url,
        m1_0.reset_code_expires_at,
        m1_0.reset_code_hash,
        m1_0.role,
        m1_0.updated_at 
    from
        members m1_0 
    where
        m1_0.active 
    order by
        m1_0.display_name
2026-09-14T00:55:15.432+07:00 DEBUG 15036 --- [tea-attendance-api] [nio-8080-exec-8] org.hibernate.SQL                        : 
    select
        n1_0.id,
        n1_0.body,
        n1_0.created_at,
        n1_0.read_at,
        n1_0.recipient_member_id,
        r1_0.id,
        r1_0.account_name,
        r1_0.account_number,
        r1_0.active,
        r1_0.avatar_url,
        r1_0.bank_bin,
        r1_0.bank_name,
        r1_0.created_at,
        r1_0.display_name,
        r1_0.email,
        r1_0.password_hash,
        r1_0.qr_code_url,
        r1_0.reset_code_expires_at,
        r1_0.reset_code_hash,
        r1_0.role,
        r1_0.updated_at,
        n1_0.settlement_id,
        n1_0.title,
        n1_0.transfer_id,
        n1_0.type 
    from
        notifications n1_0 
    join
        members r1_0 
            on r1_0.id=n1_0.recipient_member_id 
    where
        r1_0.id=? 
    order by
        n1_0.created_at desc
2026-09-14T00:55:15.432+07:00 DEBUG 15036 --- [tea-attendance-api] [nio-8080-exec-7] org.hibernate.SQL                        : 
    select
        distinct cm1_0.id,
        cm1_0.content,
        cm1_0.created_at,
        cm1_0.deleted_at,
        rt1_0.id,
        rt1_0.content,
        rt1_0.created_at,
        rt1_0.deleted_at,
        rt1_0.reply_to_message_id,
        rt1_0.sender_member_id,
        s2_0.id,
        s2_0.account_name,
        s2_0.account_number,
        s2_0.active,
        s2_0.avatar_url,
        s2_0.bank_bin,
        s2_0.bank_name,
        s2_0.created_at,
        s2_0.display_name,
        s2_0.email,
        s2_0.password_hash,
        s2_0.qr_code_url,
        s2_0.reset_code_expires_at,
        s2_0.reset_code_hash,
        s2_0.role,
        s2_0.updated_at,
        cm1_0.sender_member_id,
        s1_0.id,
        s1_0.account_name,
        s1_0.account_number,
        s1_0.active,
        s1_0.avatar_url,
        s1_0.bank_bin,
        s1_0.bank_name,
        s1_0.created_at,
        s1_0.display_name,
        s1_0.email,
        s1_0.password_hash,
        s1_0.qr_code_url,
        s1_0.reset_code_expires_at,
        s1_0.reset_code_hash,
        s1_0.role,
        s1_0.updated_at 
    from
        chat_messages cm1_0 
    join
        members s1_0 
            on s1_0.id=cm1_0.sender_member_id 
    left join
        chat_messages rt1_0 
            on rt1_0.id=cm1_0.reply_to_message_id 
    left join
        members s2_0 
            on s2_0.id=rt1_0.sender_member_id 
    order by
        cm1_0.created_at desc 
    limit
        ?
2026-09-14T00:55:15.432+07:00 DEBUG 15036 --- [tea-attendance-api] [nio-8080-exec-1] org.hibernate.SQL                        : 
    select
        distinct do1_0.id,
        do1_0.created_at,
        i1_0.order_id,
        i1_0.id,
        i1_0.consumer_member_id,
        c1_0.id,
        c1_0.account_name,
        c1_0.account_number,
        c1_0.active,
        c1_0.avatar_url,
        c1_0.bank_bin,
        c1_0.bank_name,
        c1_0.created_at,
        c1_0.display_name,
        c1_0.email,
        c1_0.password_hash,
        c1_0.qr_code_url,
        c1_0.reset_code_expires_at,
        c1_0.reset_code_hash,
        c1_0.role,
        c1_0.updated_at,
        i1_0.drink_name,
        i1_0.line_total,
        i1_0.quantity,
        i1_0.unit_price,
        do1_0.note,
        do1_0.order_date,
        do1_0.payer_member_id,
        p1_0.id,
        p1_0.account_name,
        p1_0.account_number,
        p1_0.active,
        p1_0.avatar_url,
        p1_0.bank_bin,
        p1_0.bank_name,
        p1_0.created_at,
        p1_0.display_name,
        p1_0.email,
        p1_0.password_hash,
        p1_0.qr_code_url,
        p1_0.reset_code_expires_at,
        p1_0.reset_code_hash,
        p1_0.role,
        p1_0.updated_at,
        do1_0.total_amount,
        do1_0.updated_at 
    from
        drink_orders do1_0 
    join
        members p1_0 
            on p1_0.id=do1_0.payer_member_id 
    left join
        order_items i1_0 
            on do1_0.id=i1_0.order_id 
    left join
        members c1_0 
            on c1_0.id=i1_0.consumer_member_id 
    where
        do1_0.order_date between ? and ? 
    order by
        do1_0.order_date,
        do1_0.id
2026-09-14T00:55:15.434+07:00 DEBUG 15036 --- [tea-attendance-api] [nio-8080-exec-3] org.hibernate.SQL                        : 
    select
        dci1_0.id,
        dci1_0.active,
        dci1_0.created_at,
        dci1_0.icon,
        dci1_0.name,
        dci1_0.price,
        dci1_0.updated_at 
    from
        drink_catalog dci1_0 
    where
        dci1_0.active 
    order by
        dci1_0.name
2026-09-14T00:55:15.438+07:00 DEBUG 15036 --- [tea-attendance-api] [nio-8080-exec-7] org.hibernate.SQL                        : 
    select
        a1_0.message_id,
        a1_0.id,
        a1_0.byte_size,
        a1_0.content_type,
        a1_0.created_at,
        a1_0.original_filename,
        a1_0.storage_key 
    from
        chat_attachments a1_0 
    where
        a1_0.message_id=? 
    order by
        a1_0.id
2026-09-14T00:55:15.442+07:00 DEBUG 15036 --- [tea-attendance-api] [nio-8080-exec-7] org.hibernate.SQL                        : 
    select
        a1_0.message_id,
        a1_0.id,
        a1_0.byte_size,
        a1_0.content_type,
        a1_0.created_at,
        a1_0.original_filename,
        a1_0.storage_key 
    from
        chat_attachments a1_0 
    where
        a1_0.message_id=? 
    order by
        a1_0.id
2026-09-14T00:55:15.442+07:00 DEBUG 15036 --- [tea-attendance-api] [nio-8080-exec-4] m.m.a.RequestResponseBodyMethodProcessor : Using 'application/json', given [*/*] and supported [application/json, application/*+json]
2026-09-14T00:55:15.442+07:00 DEBUG 15036 --- [tea-attendance-api] [nio-8080-exec-8] m.m.a.RequestResponseBodyMethodProcessor : Using 'application/json', given [*/*] and supported [application/json, application/*+json]
2026-09-14T00:55:15.444+07:00 DEBUG 15036 --- [tea-attendance-api] [nio-8080-exec-8] m.m.a.RequestResponseBodyMethodProcessor : Writing [[]]
2026-09-14T00:55:15.444+07:00 DEBUG 15036 --- [tea-attendance-api] [nio-8080-exec-4] m.m.a.RequestResponseBodyMethodProcessor : Writing [[MemberResponse[id=4, displayName=H??ng, email=huong@example.test, bankName=Techcombank, bankBin=970 (truncated)...]
2026-09-14T00:55:15.444+07:00 DEBUG 15036 --- [tea-attendance-api] [nio-8080-exec-3] m.m.a.RequestResponseBodyMethodProcessor : Using 'application/json', given [*/*] and supported [application/json, application/*+json]
2026-09-14T00:55:15.445+07:00 DEBUG 15036 --- [tea-attendance-api] [nio-8080-exec-8] o.s.web.servlet.DispatcherServlet        : Completed 200 OK
2026-09-14T00:55:15.446+07:00 DEBUG 15036 --- [tea-attendance-api] [nio-8080-exec-7] org.hibernate.SQL                        : 
    select
        a1_0.message_id,
        a1_0.id,
        a1_0.byte_size,
        a1_0.content_type,
        a1_0.created_at,
        a1_0.original_filename,
        a1_0.storage_key 
    from
        chat_attachments a1_0 
    where
        a1_0.message_id=? 
    order by
        a1_0.id
2026-09-14T00:55:15.446+07:00 DEBUG 15036 --- [tea-attendance-api] [nio-8080-exec-4] o.s.web.servlet.DispatcherServlet        : Completed 200 OK
2026-09-14T00:55:15.446+07:00 DEBUG 15036 --- [tea-attendance-api] [nio-8080-exec-3] m.m.a.RequestResponseBodyMethodProcessor : Writing [[DrinkCatalogResponse[id=5, name=Bac xiu, price=22000, icon=?, active=true], DrinkCatalogResponse[i (truncated)...]
2026-09-14T00:55:15.449+07:00 DEBUG 15036 --- [tea-attendance-api] [nio-8080-exec-3] o.s.web.servlet.DispatcherServlet        : Completed 200 OK
2026-09-14T00:55:15.450+07:00 DEBUG 15036 --- [tea-attendance-api] [nio-8080-exec-7] org.hibernate.SQL                        : 
    select
        a1_0.message_id,
        a1_0.id,
        a1_0.byte_size,
        a1_0.content_type,
        a1_0.created_at,
        a1_0.original_filename,
        a1_0.storage_key 
    from
        chat_attachments a1_0 
    where
        a1_0.message_id=? 
    order by
        a1_0.id
2026-09-14T00:55:15.453+07:00 DEBUG 15036 --- [tea-attendance-api] [nio-8080-exec-7] org.hibernate.SQL                        : 
    select
        a1_0.message_id,
        a1_0.id,
        a1_0.byte_size,
        a1_0.content_type,
        a1_0.created_at,
        a1_0.original_filename,
        a1_0.storage_key 
    from
        chat_attachments a1_0 
    where
        a1_0.message_id=? 
    order by
        a1_0.id
2026-09-14T00:55:15.461+07:00 DEBUG 15036 --- [tea-attendance-api] [nio-8080-exec-7] m.m.a.RequestResponseBodyMethodProcessor : Using 'application/json', given [*/*] and supported [application/json, application/*+json]
2026-09-14T00:55:15.462+07:00 DEBUG 15036 --- [tea-attendance-api] [nio-8080-exec-7] m.m.a.RequestResponseBodyMethodProcessor : Writing [[ChatMessageResponse[id=2, sender=MemberBriefResponse[id=1, displayName=Minh Anh, avatarUrl=null], c (truncated)...]
2026-09-14T00:55:15.464+07:00 DEBUG 15036 --- [tea-attendance-api] [nio-8080-exec-7] o.s.web.servlet.DispatcherServlet        : Completed 200 OK
2026-09-14T00:55:15.465+07:00 DEBUG 15036 --- [tea-attendance-api] [nio-8080-exec-1] m.m.a.RequestResponseBodyMethodProcessor : Using 'application/json', given [*/*] and supported [application/json, application/*+json]
2026-09-14T00:55:15.465+07:00 DEBUG 15036 --- [tea-attendance-api] [nio-8080-exec-1] m.m.a.RequestResponseBodyMethodProcessor : Writing [[]]
2026-09-14T00:55:15.466+07:00 DEBUG 15036 --- [tea-attendance-api] [nio-8080-exec-1] o.s.web.servlet.DispatcherServlet        : Completed 200 OK
2026-09-14T00:55:16.327+07:00 DEBUG 15036 --- [tea-attendance-api] [io-8080-exec-10] o.s.web.servlet.DispatcherServlet        : GET "/api/members/avatar/804f70eb-3f82-4311-a406-7e4da6c3d178.jpg", parameters={}
2026-09-14T00:55:16.328+07:00 DEBUG 15036 --- [tea-attendance-api] [io-8080-exec-10] s.w.s.m.m.a.RequestMappingHandlerMapping : Mapped to com.trasua.api.MemberController#avatar(String)
2026-09-14T00:55:16.333+07:00 DEBUG 15036 --- [tea-attendance-api] [io-8080-exec-10] o.s.w.s.m.m.a.HttpEntityMethodProcessor  : Found 'Content-Type:image/jpeg' in response
2026-09-14T00:55:16.333+07:00 DEBUG 15036 --- [tea-attendance-api] [io-8080-exec-10] o.s.w.s.m.m.a.HttpEntityMethodProcessor  : Writing [file [D:\web_diem_danh_tra_da\backend\uploads\chat\804f70eb-3f82-4311-a406-7e4da6c3d178.jpg]]
2026-09-14T00:55:16.337+07:00 DEBUG 15036 --- [tea-attendance-api] [io-8080-exec-10] o.s.web.servlet.DispatcherServlet        : Completed 200 OK
2026-09-14T00:55:24.332+07:00 DEBUG 15036 --- [tea-attendance-api] [nio-8080-exec-9] o.s.web.servlet.DispatcherServlet        : GET "/api/members", parameters={}
2026-09-14T00:55:24.332+07:00 DEBUG 15036 --- [tea-attendance-api] [nio-8080-exec-6] o.s.web.servlet.DispatcherServlet        : GET "/api/drinks", parameters={}
2026-09-14T00:55:24.332+07:00 DEBUG 15036 --- [tea-attendance-api] [nio-8080-exec-5] o.s.web.servlet.DispatcherServlet        : GET "/api/chat/messages?limit=50", parameters={masked}
2026-09-14T00:55:24.335+07:00 DEBUG 15036 --- [tea-attendance-api] [nio-8080-exec-8] o.s.web.servlet.DispatcherServlet        : GET "/api/notifications?memberId=1", parameters={masked}
2026-09-14T00:55:24.332+07:00 DEBUG 15036 --- [tea-attendance-api] [nio-8080-exec-2] o.s.web.servlet.DispatcherServlet        : GET "/api/expenses/range?from=2026-09-14&to=2026-09-20", parameters={masked}
2026-09-14T00:55:24.333+07:00 DEBUG 15036 --- [tea-attendance-api] [nio-8080-exec-9] s.w.s.m.m.a.RequestMappingHandlerMapping : Mapped to com.trasua.api.MemberController#list(boolean)
2026-09-14T00:55:24.334+07:00 DEBUG 15036 --- [tea-attendance-api] [nio-8080-exec-6] s.w.s.m.m.a.RequestMappingHandlerMapping : Mapped to com.trasua.api.DrinkCatalogController#list(boolean)
2026-09-14T00:55:24.335+07:00 DEBUG 15036 --- [tea-attendance-api] [nio-8080-exec-5] s.w.s.m.m.a.RequestMappingHandlerMapping : Mapped to com.trasua.api.ChatController#list(Instant, int)
2026-09-14T00:55:24.337+07:00 DEBUG 15036 --- [tea-attendance-api] [nio-8080-exec-8] s.w.s.m.m.a.RequestMappingHandlerMapping : Mapped to com.trasua.api.NotificationController#list(Long)
2026-09-14T00:55:24.338+07:00 DEBUG 15036 --- [tea-attendance-api] [nio-8080-exec-2] s.w.s.m.m.a.RequestMappingHandlerMapping : Mapped to com.trasua.api.ExpenseController#range(LocalDate, LocalDate)
2026-09-14T00:55:24.390+07:00 DEBUG 15036 --- [tea-attendance-api] [nio-8080-exec-8] org.hibernate.SQL                        : 
    select
        n1_0.id,
        n1_0.body,
        n1_0.created_at,
        n1_0.read_at,
        n1_0.recipient_member_id,
        r1_0.id,
        r1_0.account_name,
        r1_0.account_number,
        r1_0.active,
        r1_0.avatar_url,
        r1_0.bank_bin,
        r1_0.bank_name,
        r1_0.created_at,
        r1_0.display_name,
        r1_0.email,
        r1_0.password_hash,
        r1_0.qr_code_url,
        r1_0.reset_code_expires_at,
        r1_0.reset_code_hash,
        r1_0.role,
        r1_0.updated_at,
        n1_0.settlement_id,
        n1_0.title,
        n1_0.transfer_id,
        n1_0.type 
    from
        notifications n1_0 
    join
        members r1_0 
            on r1_0.id=n1_0.recipient_member_id 
    where
        r1_0.id=? 
    order by
        n1_0.created_at desc
2026-09-14T00:55:24.391+07:00 DEBUG 15036 --- [tea-attendance-api] [nio-8080-exec-6] org.hibernate.SQL                        : 
    select
        dci1_0.id,
        dci1_0.active,
        dci1_0.created_at,
        dci1_0.icon,
        dci1_0.name,
        dci1_0.price,
        dci1_0.updated_at 
    from
        drink_catalog dci1_0 
    where
        dci1_0.active 
    order by
        dci1_0.name
2026-09-14T00:55:24.390+07:00 DEBUG 15036 --- [tea-attendance-api] [nio-8080-exec-2] org.hibernate.SQL                        : 
    select
        distinct do1_0.id,
        do1_0.created_at,
        i1_0.order_id,
        i1_0.id,
        i1_0.consumer_member_id,
        c1_0.id,
        c1_0.account_name,
        c1_0.account_number,
        c1_0.active,
        c1_0.avatar_url,
        c1_0.bank_bin,
        c1_0.bank_name,
        c1_0.created_at,
        c1_0.display_name,
        c1_0.email,
        c1_0.password_hash,
        c1_0.qr_code_url,
        c1_0.reset_code_expires_at,
        c1_0.reset_code_hash,
        c1_0.role,
        c1_0.updated_at,
        i1_0.drink_name,
        i1_0.line_total,
        i1_0.quantity,
        i1_0.unit_price,
        do1_0.note,
        do1_0.order_date,
        do1_0.payer_member_id,
        p1_0.id,
        p1_0.account_name,
        p1_0.account_number,
        p1_0.active,
        p1_0.avatar_url,
        p1_0.bank_bin,
        p1_0.bank_name,
        p1_0.created_at,
        p1_0.display_name,
        p1_0.email,
        p1_0.password_hash,
        p1_0.qr_code_url,
        p1_0.reset_code_expires_at,
        p1_0.reset_code_hash,
        p1_0.role,
        p1_0.updated_at,
        do1_0.total_amount,
        do1_0.updated_at 
    from
        drink_orders do1_0 
    join
        members p1_0 
            on p1_0.id=do1_0.payer_member_id 
    left join
        order_items i1_0 
            on do1_0.id=i1_0.order_id 
    left join
        members c1_0 
            on c1_0.id=i1_0.consumer_member_id 
    where
        do1_0.order_date between ? and ? 
    order by
        do1_0.order_date,
        do1_0.id
2026-09-14T00:55:24.397+07:00 DEBUG 15036 --- [tea-attendance-api] [nio-8080-exec-9] org.hibernate.SQL                        : 
    select
        m1_0.id,
        m1_0.account_name,
        m1_0.account_number,
        m1_0.active,
        m1_0.avatar_url,
        m1_0.bank_bin,
        m1_0.bank_name,
        m1_0.created_at,
        m1_0.display_name,
        m1_0.email,
        m1_0.password_hash,
        m1_0.qr_code_url,
        m1_0.reset_code_expires_at,
        m1_0.reset_code_hash,
        m1_0.role,
        m1_0.updated_at 
    from
        members m1_0 
    where
        m1_0.active 
    order by
        m1_0.display_name
2026-09-14T00:55:24.399+07:00 DEBUG 15036 --- [tea-attendance-api] [nio-8080-exec-5] org.hibernate.SQL                        : 
    select
        distinct cm1_0.id,
        cm1_0.content,
        cm1_0.created_at,
        cm1_0.deleted_at,
        rt1_0.id,
        rt1_0.content,
        rt1_0.created_at,
        rt1_0.deleted_at,
        rt1_0.reply_to_message_id,
        rt1_0.sender_member_id,
        s2_0.id,
        s2_0.account_name,
        s2_0.account_number,
        s2_0.active,
        s2_0.avatar_url,
        s2_0.bank_bin,
        s2_0.bank_name,
        s2_0.created_at,
        s2_0.display_name,
        s2_0.email,
        s2_0.password_hash,
        s2_0.qr_code_url,
        s2_0.reset_code_expires_at,
        s2_0.reset_code_hash,
        s2_0.role,
        s2_0.updated_at,
        cm1_0.sender_member_id,
        s1_0.id,
        s1_0.account_name,
        s1_0.account_number,
        s1_0.active,
        s1_0.avatar_url,
        s1_0.bank_bin,
        s1_0.bank_name,
        s1_0.created_at,
        s1_0.display_name,
        s1_0.email,
        s1_0.password_hash,
        s1_0.qr_code_url,
        s1_0.reset_code_expires_at,
        s1_0.reset_code_hash,
        s1_0.role,
        s1_0.updated_at 
    from
        chat_messages cm1_0 
    join
        members s1_0 
            on s1_0.id=cm1_0.sender_member_id 
    left join
        chat_messages rt1_0 
            on rt1_0.id=cm1_0.reply_to_message_id 
    left join
        members s2_0 
            on s2_0.id=rt1_0.sender_member_id 
    order by
        cm1_0.created_at desc 
    limit
        ?
2026-09-14T00:55:24.409+07:00 DEBUG 15036 --- [tea-attendance-api] [nio-8080-exec-5] org.hibernate.SQL                        : 
    select
        a1_0.message_id,
        a1_0.id,
        a1_0.byte_size,
        a1_0.content_type,
        a1_0.created_at,
        a1_0.original_filename,
        a1_0.storage_key 
    from
        chat_attachments a1_0 
    where
        a1_0.message_id=? 
    order by
        a1_0.id
2026-09-14T00:55:24.414+07:00 DEBUG 15036 --- [tea-attendance-api] [nio-8080-exec-8] m.m.a.RequestResponseBodyMethodProcessor : Using 'application/json', given [*/*] and supported [application/json, application/*+json]
2026-09-14T00:55:24.414+07:00 DEBUG 15036 --- [tea-attendance-api] [nio-8080-exec-2] m.m.a.RequestResponseBodyMethodProcessor : Using 'application/json', given [*/*] and supported [application/json, application/*+json]
2026-09-14T00:55:24.414+07:00 DEBUG 15036 --- [tea-attendance-api] [nio-8080-exec-5] org.hibernate.SQL                        : 
    select
        a1_0.message_id,
        a1_0.id,
        a1_0.byte_size,
        a1_0.content_type,
        a1_0.created_at,
        a1_0.original_filename,
        a1_0.storage_key 
    from
        chat_attachments a1_0 
    where
        a1_0.message_id=? 
    order by
        a1_0.id
2026-09-14T00:55:24.414+07:00 DEBUG 15036 --- [tea-attendance-api] [nio-8080-exec-9] m.m.a.RequestResponseBodyMethodProcessor : Using 'application/json', given [*/*] and supported [application/json, application/*+json]
2026-09-14T00:55:24.415+07:00 DEBUG 15036 --- [tea-attendance-api] [nio-8080-exec-8] m.m.a.RequestResponseBodyMethodProcessor : Writing [[]]
2026-09-14T00:55:24.415+07:00 DEBUG 15036 --- [tea-attendance-api] [nio-8080-exec-6] m.m.a.RequestResponseBodyMethodProcessor : Using 'application/json', given [*/*] and supported [application/json, application/*+json]
2026-09-14T00:55:24.415+07:00 DEBUG 15036 --- [tea-attendance-api] [nio-8080-exec-2] m.m.a.RequestResponseBodyMethodProcessor : Writing [[]]
2026-09-14T00:55:24.417+07:00 DEBUG 15036 --- [tea-attendance-api] [nio-8080-exec-9] m.m.a.RequestResponseBodyMethodProcessor : Writing [[MemberResponse[id=4, displayName=H??ng, email=huong@example.test, bankName=Techcombank, bankBin=970 (truncated)...]
2026-09-14T00:55:24.418+07:00 DEBUG 15036 --- [tea-attendance-api] [nio-8080-exec-6] m.m.a.RequestResponseBodyMethodProcessor : Writing [[DrinkCatalogResponse[id=5, name=Bac xiu, price=22000, icon=?, active=true], DrinkCatalogResponse[i (truncated)...]
2026-09-14T00:55:24.418+07:00 DEBUG 15036 --- [tea-attendance-api] [nio-8080-exec-8] o.s.web.servlet.DispatcherServlet        : Completed 200 OK
2026-09-14T00:55:24.420+07:00 DEBUG 15036 --- [tea-attendance-api] [nio-8080-exec-9] o.s.web.servlet.DispatcherServlet        : Completed 200 OK
2026-09-14T00:55:24.419+07:00 DEBUG 15036 --- [tea-attendance-api] [nio-8080-exec-2] o.s.web.servlet.DispatcherServlet        : Completed 200 OK
2026-09-14T00:55:24.420+07:00 DEBUG 15036 --- [tea-attendance-api] [nio-8080-exec-6] o.s.web.servlet.DispatcherServlet        : Completed 200 OK
2026-09-14T00:55:24.428+07:00 DEBUG 15036 --- [tea-attendance-api] [nio-8080-exec-5] org.hibernate.SQL                        : 
    select
        a1_0.message_id,
        a1_0.id,
        a1_0.byte_size,
        a1_0.content_type,
        a1_0.created_at,
        a1_0.original_filename,
        a1_0.storage_key 
    from
        chat_attachments a1_0 
    where
        a1_0.message_id=? 
    order by
        a1_0.id
2026-09-14T00:55:24.433+07:00 DEBUG 15036 --- [tea-attendance-api] [nio-8080-exec-5] org.hibernate.SQL                        : 
    select
        a1_0.message_id,
        a1_0.id,
        a1_0.byte_size,
        a1_0.content_type,
        a1_0.created_at,
        a1_0.original_filename,
        a1_0.storage_key 
    from
        chat_attachments a1_0 
    where
        a1_0.message_id=? 
    order by
        a1_0.id
2026-09-14T00:55:24.437+07:00 DEBUG 15036 --- [tea-attendance-api] [nio-8080-exec-5] org.hibernate.SQL                        : 
    select
        a1_0.message_id,
        a1_0.id,
        a1_0.byte_size,
        a1_0.content_type,
        a1_0.created_at,
        a1_0.original_filename,
        a1_0.storage_key 
    from
        chat_attachments a1_0 
    where
        a1_0.message_id=? 
    order by
        a1_0.id
2026-09-14T00:55:24.456+07:00 DEBUG 15036 --- [tea-attendance-api] [nio-8080-exec-5] m.m.a.RequestResponseBodyMethodProcessor : Using 'application/json', given [*/*] and supported [application/json, application/*+json]
2026-09-14T00:55:24.457+07:00 DEBUG 15036 --- [tea-attendance-api] [nio-8080-exec-5] m.m.a.RequestResponseBodyMethodProcessor : Writing [[ChatMessageResponse[id=2, sender=MemberBriefResponse[id=1, displayName=Minh Anh, avatarUrl=null], c (truncated)...]
2026-09-14T00:55:24.458+07:00 DEBUG 15036 --- [tea-attendance-api] [nio-8080-exec-5] o.s.web.servlet.DispatcherServlet        : Completed 200 OK
