[INFO] Scanning for projects...
[INFO] 
[INFO] -------------------< com.trasua:tea-attendance-api >--------------------
[INFO] Building tea-attendance-api 0.0.1-SNAPSHOT
[INFO]   from pom.xml
[INFO] --------------------------------[ jar ]---------------------------------
[INFO] 
[INFO] >>> spring-boot:3.4.5:run (default-cli) > test-compile @ tea-attendance-api >>>
[INFO] 
[INFO] --- resources:3.3.1:resources (default-resources) @ tea-attendance-api ---
[INFO] Copying 1 resource from src\main\resources to target\classes
[INFO] Copying 5 resources from src\main\resources to target\classes
[INFO] 
[INFO] --- compiler:3.13.0:compile (default-compile) @ tea-attendance-api ---
[INFO] Nothing to compile - all classes are up to date.
[INFO] 
[INFO] --- resources:3.3.1:testResources (default-testResources) @ tea-attendance-api ---
[INFO] skip non existing resourceDirectory D:\web_diem_danh_tra_da\backend\src\test\resources
[INFO] 
[INFO] --- compiler:3.13.0:testCompile (default-testCompile) @ tea-attendance-api ---
[INFO] No sources to compile
[INFO] 
[INFO] <<< spring-boot:3.4.5:run (default-cli) < test-compile @ tea-attendance-api <<<
[INFO] 
[INFO] 
[INFO] --- spring-boot:3.4.5:run (default-cli) @ tea-attendance-api ---
[INFO] Attaching agents: []

  .   ____          _            __ _ _
 /\\ / ___'_ __ _ _(_)_ __  __ _ \ \ \ \
( ( )\___ | '_ | '_| | '_ \/ _` | \ \ \ \
 \\/  ___)| |_)| | | | | || (_| |  ) ) ) )
  '  |____| .__|_| |_|_| |_\__, | / / / /
 =========|_|==============|___/=/_/_/_/

 :: Spring Boot ::                (v3.4.5)

2026-09-13T23:35:40.875+07:00  INFO 16684 --- [tea-attendance-api] [           main] com.trasua.TeaAttendanceApplication      : Starting TeaAttendanceApplication using Java 17.0.20 with PID 16684 (D:\web_diem_danh_tra_da\backend\target\classes started by Admin in D:\web_diem_danh_tra_da\backend)
2026-09-13T23:35:40.883+07:00  INFO 16684 --- [tea-attendance-api] [           main] com.trasua.TeaAttendanceApplication      : No active profile set, falling back to 1 default profile: "default"
2026-09-13T23:35:40.884+07:00 DEBUG 16684 --- [tea-attendance-api] [           main] o.s.boot.SpringApplication               : Loading source class com.trasua.TeaAttendanceApplication
2026-09-13T23:35:41.028+07:00 DEBUG 16684 --- [tea-attendance-api] [           main] ConfigServletWebServerApplicationContext : Refreshing org.springframework.boot.web.servlet.context.AnnotationConfigServletWebServerApplicationContext@291f18
2026-09-13T23:35:42.599+07:00  INFO 16684 --- [tea-attendance-api] [           main] .s.d.r.c.RepositoryConfigurationDelegate : Bootstrapping Spring Data JPA repositories in DEFAULT mode.
2026-09-13T23:35:42.651+07:00 DEBUG 16684 --- [tea-attendance-api] [           main] o.s.b.a.AutoConfigurationPackages        : @EnableAutoConfiguration was declared on a class in the package 'com.trasua'. Automatic @Repository and @Entity scanning is enabled.
2026-09-13T23:35:42.812+07:00  INFO 16684 --- [tea-attendance-api] [           main] .s.d.r.c.RepositoryConfigurationDelegate : Finished Spring Data repository scanning in 188 ms. Found 10 JPA repository interfaces.
2026-09-13T23:35:52.214+07:00 DEBUG 16684 --- [tea-attendance-api] [           main] .s.b.w.e.t.TomcatServletWebServerFactory : Code archive: C:\Users\CodexSandboxOffline\.m2\repository\org\springframework\boot\spring-boot\3.4.5\spring-boot-3.4.5.jar
2026-09-13T23:35:52.214+07:00 DEBUG 16684 --- [tea-attendance-api] [           main] .s.b.w.e.t.TomcatServletWebServerFactory : Code archive: C:\Users\CodexSandboxOffline\.m2\repository\org\springframework\boot\spring-boot\3.4.5\spring-boot-3.4.5.jar
2026-09-13T23:35:52.215+07:00 DEBUG 16684 --- [tea-attendance-api] [           main] .s.b.w.e.t.TomcatServletWebServerFactory : None of the document roots [src/main/webapp, public, static] point to a directory and will be ignored.
2026-09-13T23:35:52.270+07:00  INFO 16684 --- [tea-attendance-api] [           main] o.s.b.w.embedded.tomcat.TomcatWebServer  : Tomcat initialized with port 8080 (http)
2026-09-13T23:35:52.305+07:00  INFO 16684 --- [tea-attendance-api] [           main] o.apache.catalina.core.StandardService   : Starting service [Tomcat]
2026-09-13T23:35:52.306+07:00  INFO 16684 --- [tea-attendance-api] [           main] o.apache.catalina.core.StandardEngine    : Starting Servlet engine: [Apache Tomcat/10.1.40]
2026-09-13T23:35:52.459+07:00  INFO 16684 --- [tea-attendance-api] [           main] o.a.c.c.C.[Tomcat].[localhost].[/]       : Initializing Spring embedded WebApplicationContext
2026-09-13T23:35:52.460+07:00 DEBUG 16684 --- [tea-attendance-api] [           main] w.s.c.ServletWebServerApplicationContext : Published root WebApplicationContext as ServletContext attribute with name [org.springframework.web.context.WebApplicationContext.ROOT]
2026-09-13T23:35:52.464+07:00  INFO 16684 --- [tea-attendance-api] [           main] w.s.c.ServletWebServerApplicationContext : Root WebApplicationContext: initialization completed in 11433 ms
2026-09-13T23:35:52.526+07:00 DEBUG 16684 --- [tea-attendance-api] [           main] o.s.b.w.s.ServletContextInitializerBeans : Mapping filters: characterEncodingFilter urls=[/*] order=-2147483648, formContentFilter urls=[/*] order=-9900, requestContextFilter urls=[/*] order=-105
2026-09-13T23:35:52.527+07:00 DEBUG 16684 --- [tea-attendance-api] [           main] o.s.b.w.s.ServletContextInitializerBeans : Mapping servlets: dispatcherServlet urls=[/]
2026-09-13T23:35:52.577+07:00 DEBUG 16684 --- [tea-attendance-api] [           main] o.s.b.w.s.f.OrderedRequestContextFilter  : Filter 'requestContextFilter' configured for use
2026-09-13T23:35:52.585+07:00 DEBUG 16684 --- [tea-attendance-api] [           main] s.b.w.s.f.OrderedCharacterEncodingFilter : Filter 'characterEncodingFilter' configured for use
2026-09-13T23:35:52.586+07:00 DEBUG 16684 --- [tea-attendance-api] [           main] o.s.b.w.s.f.OrderedFormContentFilter     : Filter 'formContentFilter' configured for use
2026-09-13T23:35:53.230+07:00  INFO 16684 --- [tea-attendance-api] [           main] com.zaxxer.hikari.HikariDataSource       : HikariPool-1 - Starting...
2026-09-13T23:35:54.793+07:00  INFO 16684 --- [tea-attendance-api] [           main] com.zaxxer.hikari.pool.HikariPool        : HikariPool-1 - Added connection com.mysql.cj.jdbc.ConnectionImpl@29170a47
2026-09-13T23:35:54.800+07:00  INFO 16684 --- [tea-attendance-api] [           main] com.zaxxer.hikari.HikariDataSource       : HikariPool-1 - Start completed.
2026-09-13T23:35:55.081+07:00  INFO 16684 --- [tea-attendance-api] [           main] org.flywaydb.core.FlywayExecutor         : Database: jdbc:mysql://localhost:3307/tea_attendance?createDatabaseIfNotExist=true&useUnicode=true&characterEncoding=utf8&serverTimezone=Asia/Ho_Chi_Minh (MySQL 8.4)
2026-09-13T23:35:55.814+07:00  WARN 16684 --- [tea-attendance-api] [           main] o.f.c.internal.database.base.Database    : Flyway upgrade recommended: MySQL 8.4 is newer than this version of Flyway and support has not been tested. The latest supported version of MySQL is 8.1.
2026-09-13T23:35:56.180+07:00  INFO 16684 --- [tea-attendance-api] [           main] o.f.core.internal.command.DbValidate     : Successfully validated 5 migrations (execution time 00:00.306s)
2026-09-13T23:35:56.264+07:00  INFO 16684 --- [tea-attendance-api] [           main] o.f.core.internal.command.DbMigrate      : Current version of schema `tea_attendance`: 4
2026-09-13T23:35:56.329+07:00  INFO 16684 --- [tea-attendance-api] [           main] o.f.core.internal.command.DbMigrate      : Migrating schema `tea_attendance` to version "5 - add member avatar"
2026-09-13T23:35:57.263+07:00  INFO 16684 --- [tea-attendance-api] [           main] o.f.core.internal.command.DbMigrate      : Successfully applied 1 migration to schema `tea_attendance`, now at version v5 (execution time 00:00.777s)
2026-09-13T23:35:57.595+07:00  INFO 16684 --- [tea-attendance-api] [           main] o.hibernate.jpa.internal.util.LogHelper  : HHH000204: Processing PersistenceUnitInfo [name: default]
2026-09-13T23:35:57.927+07:00  INFO 16684 --- [tea-attendance-api] [           main] org.hibernate.Version                    : HHH000412: Hibernate ORM core version 6.6.13.Final
2026-09-13T23:35:58.103+07:00  INFO 16684 --- [tea-attendance-api] [           main] o.h.c.internal.RegionFactoryInitiator    : HHH000026: Second-level cache disabled
2026-09-13T23:35:59.401+07:00  INFO 16684 --- [tea-attendance-api] [           main] o.s.o.j.p.SpringPersistenceUnitInfo      : No LoadTimeWeaver setup: ignoring JPA class transformer
2026-09-13T23:35:59.724+07:00  INFO 16684 --- [tea-attendance-api] [           main] org.hibernate.orm.connections.pooling    : HHH10001005: Database info:
	Database JDBC URL [Connecting through datasource 'HikariDataSource (HikariPool-1)']
	Database driver: undefined/unknown
	Database version: 8.4.11
	Autocommit mode: undefined/unknown
	Isolation level: undefined/unknown
	Minimum pool size: undefined/unknown
	Maximum pool size: undefined/unknown
2026-09-13T23:36:03.674+07:00  INFO 16684 --- [tea-attendance-api] [           main] o.h.e.t.j.p.i.JtaPlatformInitiator       : HHH000489: No JTA platform available (set 'hibernate.transaction.jta.platform' to enable JTA platform integration)
2026-09-13T23:36:03.847+07:00  INFO 16684 --- [tea-attendance-api] [           main] j.LocalContainerEntityManagerFactoryBean : Initialized JPA EntityManagerFactory for persistence unit 'default'
2026-09-13T23:36:04.672+07:00  INFO 16684 --- [tea-attendance-api] [           main] o.s.d.j.r.query.QueryEnhancerFactory     : Hibernate is in classpath; If applicable, HQL parser will be used.
2026-09-13T23:36:07.349+07:00 DEBUG 16684 --- [tea-attendance-api] [           main] o.s.w.s.s.s.WebSocketHandlerMapping      : Patterns [/ws/**] in 'stompWebSocketHandlerMapping'
2026-09-13T23:36:07.530+07:00 DEBUG 16684 --- [tea-attendance-api] [           main] .WebSocketAnnotationMethodMessageHandler : 
	c.t.a.AttendanceController:
	
2026-09-13T23:36:07.531+07:00 DEBUG 16684 --- [tea-attendance-api] [           main] .WebSocketAnnotationMethodMessageHandler : 
	c.t.a.AuthController:
	
2026-09-13T23:36:07.532+07:00 DEBUG 16684 --- [tea-attendance-api] [           main] .WebSocketAnnotationMethodMessageHandler : 
	c.t.a.ChatController:
	
2026-09-13T23:36:07.533+07:00 DEBUG 16684 --- [tea-attendance-api] [           main] .WebSocketAnnotationMethodMessageHandler : 
	c.t.a.DrinkCatalogController:
	
2026-09-13T23:36:07.534+07:00 DEBUG 16684 --- [tea-attendance-api] [           main] .WebSocketAnnotationMethodMessageHandler : 
	c.t.a.ExpenseController:
	
2026-09-13T23:36:07.535+07:00 DEBUG 16684 --- [tea-attendance-api] [           main] .WebSocketAnnotationMethodMessageHandler : 
	c.t.a.MemberController:
	
2026-09-13T23:36:07.536+07:00 DEBUG 16684 --- [tea-attendance-api] [           main] .WebSocketAnnotationMethodMessageHandler : 
	c.t.a.NotificationController:
	
2026-09-13T23:36:07.537+07:00 DEBUG 16684 --- [tea-attendance-api] [           main] .WebSocketAnnotationMethodMessageHandler : 
	c.t.a.WeeklySettlementController:
	
2026-09-13T23:36:07.543+07:00 DEBUG 16684 --- [tea-attendance-api] [           main] .WebSocketAnnotationMethodMessageHandler : 
	o.s.b.a.w.s.e.BasicErrorController:
	
2026-09-13T23:36:08.133+07:00 DEBUG 16684 --- [tea-attendance-api] [           main] s.w.s.m.m.a.RequestMappingHandlerMapping : 36 mappings in 'requestMappingHandlerMapping'
2026-09-13T23:36:08.243+07:00 DEBUG 16684 --- [tea-attendance-api] [           main] o.s.w.s.handler.SimpleUrlHandlerMapping  : Patterns [/webjars/**, /**] in 'resourceHandlerMapping'
2026-09-13T23:36:08.305+07:00 DEBUG 16684 --- [tea-attendance-api] [           main] s.w.s.m.m.a.RequestMappingHandlerAdapter : ControllerAdvice beans: 0 @ModelAttribute, 0 @InitBinder, 1 RequestBodyAdvice, 1 ResponseBodyAdvice
2026-09-13T23:36:08.472+07:00 DEBUG 16684 --- [tea-attendance-api] [           main] .m.m.a.ExceptionHandlerExceptionResolver : ControllerAdvice beans: 1 @ExceptionHandler, 1 ResponseBodyAdvice
2026-09-13T23:36:08.789+07:00 DEBUG 16684 --- [tea-attendance-api] [           main] org.springframework.web.SimpLogging      : clientOutboundChannel added SubProtocolWebSocketHandler[StompSubProtocolHandler[v10.stomp, v11.stomp, v12.stomp]]
2026-09-13T23:36:08.790+07:00 DEBUG 16684 --- [tea-attendance-api] [           main] org.springframework.web.SimpLogging      : clientInboundChannel added WebSocketAnnotationMethodMessageHandler[prefixes=[/app/]]
2026-09-13T23:36:08.791+07:00  INFO 16684 --- [tea-attendance-api] [           main] o.s.m.s.b.SimpleBrokerMessageHandler     : Starting...
2026-09-13T23:36:08.792+07:00 DEBUG 16684 --- [tea-attendance-api] [           main] org.springframework.web.SimpLogging      : clientInboundChannel added SimpleBrokerMessageHandler [org.springframework.messaging.simp.broker.DefaultSubscriptionRegistry@3e3e9f3e]
2026-09-13T23:36:08.792+07:00 DEBUG 16684 --- [tea-attendance-api] [           main] org.springframework.web.SimpLogging      : brokerChannel added SimpleBrokerMessageHandler [org.springframework.messaging.simp.broker.DefaultSubscriptionRegistry@3e3e9f3e]
2026-09-13T23:36:08.793+07:00  INFO 16684 --- [tea-attendance-api] [           main] o.s.m.s.b.SimpleBrokerMessageHandler     : BrokerAvailabilityEvent[available=true, SimpleBrokerMessageHandler [org.springframework.messaging.simp.broker.DefaultSubscriptionRegistry@3e3e9f3e]]
2026-09-13T23:36:08.796+07:00  INFO 16684 --- [tea-attendance-api] [           main] o.s.m.s.b.SimpleBrokerMessageHandler     : Started.
2026-09-13T23:36:08.796+07:00 DEBUG 16684 --- [tea-attendance-api] [           main] org.springframework.web.SimpLogging      : clientInboundChannel added UserDestinationMessageHandler[DefaultUserDestinationResolver[prefix=/user/]]
2026-09-13T23:36:08.797+07:00 DEBUG 16684 --- [tea-attendance-api] [           main] org.springframework.web.SimpLogging      : brokerChannel added UserDestinationMessageHandler[DefaultUserDestinationResolver[prefix=/user/]]
2026-09-13T23:36:08.873+07:00  INFO 16684 --- [tea-attendance-api] [           main] o.s.b.w.embedded.tomcat.TomcatWebServer  : Tomcat started on port 8080 (http) with context path '/'
2026-09-13T23:36:08.923+07:00 DEBUG 16684 --- [tea-attendance-api] [           main] .s.b.a.l.ConditionEvaluationReportLogger : 


============================
CONDITIONS EVALUATION REPORT
============================


Positive matches:
-----------------

   AopAutoConfiguration matched:
      - @ConditionalOnProperty (spring.aop.auto=true) matched (OnPropertyCondition)

   AopAutoConfiguration.AspectJAutoProxyingConfiguration matched:
      - @ConditionalOnClass found required class 'org.aspectj.weaver.Advice' (OnClassCondition)

   AopAutoConfiguration.AspectJAutoProxyingConfiguration.CglibAutoProxyConfiguration matched:
      - @ConditionalOnProperty (spring.aop.proxy-target-class=true) matched (OnPropertyCondition)

   ApplicationAvailabilityAutoConfiguration#applicationAvailability matched:
      - @ConditionalOnMissingBean (types: org.springframework.boot.availability.ApplicationAvailability; SearchStrategy: all) did not find any beans (OnBeanCondition)

   DataSourceAutoConfiguration matched:
      - @ConditionalOnClass found required classes 'javax.sql.DataSource', 'org.springframework.jdbc.datasource.embedded.EmbeddedDatabaseType' (OnClassCondition)
      - @ConditionalOnMissingBean (types: io.r2dbc.spi.ConnectionFactory; SearchStrategy: all) did not find any beans (OnBeanCondition)

   DataSourceAutoConfiguration.PooledDataSourceConfiguration matched:
      - AnyNestedCondition 1 matched 1 did not; NestedCondition on DataSourceAutoConfiguration.PooledDataSourceCondition.PooledDataSourceAvailable PooledDataSource found supported DataSource; NestedCondition on DataSourceAutoConfiguration.PooledDataSourceCondition.ExplicitType @ConditionalOnProperty (spring.datasource.type) did not find property 'type' (DataSourceAutoConfiguration.PooledDataSourceCondition)
      - @ConditionalOnMissingBean (types: javax.sql.DataSource,javax.sql.XADataSource; SearchStrategy: all) did not find any beans (OnBeanCondition)

   DataSourceAutoConfiguration.PooledDataSourceConfiguration#jdbcConnectionDetails matched:
      - @ConditionalOnMissingBean (types: org.springframework.boot.autoconfigure.jdbc.JdbcConnectionDetails; SearchStrategy: all) did not find any beans (OnBeanCondition)

   DataSourceConfiguration.Hikari matched:
      - @ConditionalOnClass found required class 'com.zaxxer.hikari.HikariDataSource' (OnClassCondition)
      - @ConditionalOnProperty (spring.datasource.type=com.zaxxer.hikari.HikariDataSource) matched (OnPropertyCondition)
      - @ConditionalOnMissingBean (types: javax.sql.DataSource; SearchStrategy: all) did not find any beans (OnBeanCondition)

   DataSourceInitializationConfiguration matched:
      - @ConditionalOnClass found required class 'org.springframework.jdbc.datasource.init.DatabasePopulator' (OnClassCondition)
      - @ConditionalOnSingleCandidate (types: javax.sql.DataSource; SearchStrategy: all) found a single bean 'dataSource'; @ConditionalOnMissingBean (types: org.springframework.boot.autoconfigure.sql.init.SqlDataSourceScriptDatabaseInitializer,org.springframework.boot.autoconfigure.sql.init.SqlR2dbcScriptDatabaseInitializer; SearchStrategy: all) did not find any beans (OnBeanCondition)

   DataSourceJmxConfiguration matched:
      - @ConditionalOnProperty (spring.jmx.enabled=true) matched (OnPropertyCondition)

   DataSourceJmxConfiguration.Hikari matched:
      - @ConditionalOnClass found required class 'com.zaxxer.hikari.HikariDataSource' (OnClassCondition)
      - @ConditionalOnSingleCandidate (types: javax.sql.DataSource; SearchStrategy: all) found a single bean 'dataSource' (OnBeanCondition)

   DataSourcePoolMetadataProvidersConfiguration.HikariPoolDataSourceMetadataProviderConfiguration matched:
      - @ConditionalOnClass found required class 'com.zaxxer.hikari.HikariDataSource' (OnClassCondition)

   DataSourceTransactionManagerAutoConfiguration matched:
      - @ConditionalOnClass found required classes 'javax.sql.DataSource', 'org.springframework.jdbc.core.JdbcTemplate', 'org.springframework.transaction.TransactionManager' (OnClassCondition)

   DataSourceTransactionManagerAutoConfiguration.JdbcTransactionManagerConfiguration matched:
      - @ConditionalOnSingleCandidate (types: javax.sql.DataSource; SearchStrategy: all) found a single bean 'dataSource' (OnBeanCondition)

   DispatcherServletAutoConfiguration matched:
      - @ConditionalOnClass found required class 'org.springframework.web.servlet.DispatcherServlet' (OnClassCondition)
      - found 'session' scope (OnWebApplicationCondition)

   DispatcherServletAutoConfiguration.DispatcherServletConfiguration matched:
      - @ConditionalOnClass found required class 'jakarta.servlet.ServletRegistration' (OnClassCondition)
      - Default DispatcherServlet did not find dispatcher servlet beans (DispatcherServletAutoConfiguration.DefaultDispatcherServletCondition)

   DispatcherServletAutoConfiguration.DispatcherServletRegistrationConfiguration matched:
      - @ConditionalOnClass found required class 'jakarta.servlet.ServletRegistration' (OnClassCondition)
      - DispatcherServlet Registration did not find servlet registration bean (DispatcherServletAutoConfiguration.DispatcherServletRegistrationCondition)

   DispatcherServletAutoConfiguration.DispatcherServletRegistrationConfiguration#dispatcherServletRegistration matched:
      - @ConditionalOnBean (names: dispatcherServlet types: org.springframework.web.servlet.DispatcherServlet; SearchStrategy: all) found bean 'dispatcherServlet' (OnBeanCondition)

   EmbeddedWebServerFactoryCustomizerAutoConfiguration matched:
      - @ConditionalOnWebApplication (required) found 'session' scope (OnWebApplicationCondition)
      - @ConditionalOnWarDeployment the application is not deployed as a WAR file. (OnWarDeploymentCondition)

   EmbeddedWebServerFactoryCustomizerAutoConfiguration.TomcatWebServerFactoryCustomizerConfiguration matched:
      - @ConditionalOnClass found required classes 'org.apache.catalina.startup.Tomcat', 'org.apache.coyote.UpgradeProtocol' (OnClassCondition)

   ErrorMvcAutoConfiguration matched:
      - @ConditionalOnClass found required classes 'jakarta.servlet.Servlet', 'org.springframework.web.servlet.DispatcherServlet' (OnClassCondition)
      - found 'session' scope (OnWebApplicationCondition)

   ErrorMvcAutoConfiguration#basicErrorController matched:
      - @ConditionalOnMissingBean (types: org.springframework.boot.web.servlet.error.ErrorController; SearchStrategy: current) did not find any beans (OnBeanCondition)

   ErrorMvcAutoConfiguration#errorAttributes matched:
      - @ConditionalOnMissingBean (types: org.springframework.boot.web.servlet.error.ErrorAttributes; SearchStrategy: current) did not find any beans (OnBeanCondition)

   ErrorMvcAutoConfiguration.DefaultErrorViewResolverConfiguration#conventionErrorViewResolver matched:
      - @ConditionalOnBean (types: org.springframework.web.servlet.DispatcherServlet; SearchStrategy: all) found bean 'dispatcherServlet'; @ConditionalOnMissingBean (types: org.springframework.boot.autoconfigure.web.servlet.error.ErrorViewResolver; SearchStrategy: all) did not find any beans (OnBeanCondition)

   ErrorMvcAutoConfiguration.WhitelabelErrorViewConfiguration matched:
      - @ConditionalOnProperty (server.error.whitelabel.enabled) matched (OnPropertyCondition)
      - ErrorTemplate Missing did not find error template view (ErrorMvcAutoConfiguration.ErrorTemplateMissingCondition)

   ErrorMvcAutoConfiguration.WhitelabelErrorViewConfiguration#beanNameViewResolver matched:
      - @ConditionalOnMissingBean (types: org.springframework.web.servlet.view.BeanNameViewResolver; SearchStrategy: all) did not find any beans (OnBeanCondition)

   ErrorMvcAutoConfiguration.WhitelabelErrorViewConfiguration#defaultErrorView matched:
      - @ConditionalOnMissingBean (names: error; SearchStrategy: all) did not find any beans (OnBeanCondition)

   FlywayAutoConfiguration matched:
      - @ConditionalOnClass found required class 'org.flywaydb.core.Flyway' (OnClassCondition)
      - @ConditionalOnProperty (spring.flyway.enabled) matched (OnPropertyCondition)
      - AnyNestedCondition 2 matched 1 did not; NestedCondition on FlywayAutoConfiguration.FlywayDataSourceCondition.FlywayUrlCondition @ConditionalOnProperty (spring.flyway.url) did not find property 'url'; NestedCondition on FlywayAutoConfiguration.FlywayDataSourceCondition.JdbcConnectionDetailsCondition @ConditionalOnBean (types: org.springframework.boot.autoconfigure.jdbc.JdbcConnectionDetails; SearchStrategy: all) found bean 'jdbcConnectionDetails'; NestedCondition on FlywayAutoConfiguration.FlywayDataSourceCondition.DataSourceBeanCondition @ConditionalOnBean (types: javax.sql.DataSource; SearchStrategy: all) found bean 'dataSource' (FlywayAutoConfiguration.FlywayDataSourceCondition)

   FlywayAutoConfiguration.FlywayConfiguration matched:
      - @ConditionalOnClass found required class 'org.springframework.jdbc.support.JdbcUtils' (OnClassCondition)
      - @ConditionalOnMissingBean (types: org.flywaydb.core.Flyway; SearchStrategy: all) did not find any beans (OnBeanCondition)

   FlywayAutoConfiguration.FlywayConfiguration#flywayConnectionDetails matched:
      - @ConditionalOnMissingBean (types: org.springframework.boot.autoconfigure.flyway.FlywayConnectionDetails; SearchStrategy: all) did not find any beans (OnBeanCondition)

   FlywayAutoConfiguration.FlywayConfiguration#flywayInitializer matched:
      - @ConditionalOnMissingBean (types: org.springframework.boot.autoconfigure.flyway.FlywayMigrationInitializer; SearchStrategy: all) did not find any beans (OnBeanCondition)

   GenericCacheConfiguration matched:
      - Cache org.springframework.boot.autoconfigure.cache.GenericCacheConfiguration automatic cache type (CacheCondition)

   HibernateJpaAutoConfiguration matched:
      - @ConditionalOnClass found required classes 'org.springframework.orm.jpa.LocalContainerEntityManagerFactoryBean', 'jakarta.persistence.EntityManager', 'org.hibernate.engine.spi.SessionImplementor' (OnClassCondition)

   HibernateJpaConfiguration matched:
      - @ConditionalOnSingleCandidate (types: javax.sql.DataSource; SearchStrategy: all) found a single bean 'dataSource' (OnBeanCondition)

   HttpClientAutoConfiguration matched:
      - @ConditionalOnClass found required class 'org.springframework.http.client.ClientHttpRequestFactory' (OnClassCondition)
      - NoneNestedConditions 0 matched 1 did not; NestedCondition on NotReactiveWebApplicationCondition.ReactiveWebApplication did not find reactive web application classes (NotReactiveWebApplicationCondition)

   HttpClientAutoConfiguration#clientHttpRequestFactoryBuilder matched:
      - @ConditionalOnMissingBean (types: org.springframework.boot.http.client.ClientHttpRequestFactoryBuilder; SearchStrategy: all) did not find any beans (OnBeanCondition)

   HttpClientAutoConfiguration#clientHttpRequestFactorySettings matched:
      - @ConditionalOnMissingBean (types: org.springframework.boot.http.client.ClientHttpRequestFactorySettings; SearchStrategy: all) did not find any beans (OnBeanCondition)

   HttpEncodingAutoConfiguration matched:
      - @ConditionalOnClass found required class 'org.springframework.web.filter.CharacterEncodingFilter' (OnClassCondition)
      - found 'session' scope (OnWebApplicationCondition)
      - @ConditionalOnProperty (server.servlet.encoding.enabled) matched (OnPropertyCondition)

   HttpEncodingAutoConfiguration#characterEncodingFilter matched:
      - @ConditionalOnMissingBean (types: org.springframework.web.filter.CharacterEncodingFilter; SearchStrategy: all) did not find any beans (OnBeanCondition)

   HttpMessageConvertersAutoConfiguration matched:
      - @ConditionalOnClass found required class 'org.springframework.http.converter.HttpMessageConverter' (OnClassCondition)
      - NoneNestedConditions 0 matched 1 did not; NestedCondition on HttpMessageConvertersAutoConfiguration.NotReactiveWebApplicationCondition.ReactiveWebApplication did not find reactive web application classes (HttpMessageConvertersAutoConfiguration.NotReactiveWebApplicationCondition)

   HttpMessageConvertersAutoConfiguration#messageConverters matched:
      - @ConditionalOnMissingBean (types: org.springframework.boot.autoconfigure.http.HttpMessageConverters; SearchStrategy: all) did not find any beans (OnBeanCondition)

   HttpMessageConvertersAutoConfiguration.StringHttpMessageConverterConfiguration matched:
      - @ConditionalOnClass found required class 'org.springframework.http.converter.StringHttpMessageConverter' (OnClassCondition)

   HttpMessageConvertersAutoConfiguration.StringHttpMessageConverterConfiguration#stringHttpMessageConverter matched:
      - @ConditionalOnMissingBean (types: org.springframework.http.converter.StringHttpMessageConverter; SearchStrategy: all) did not find any beans (OnBeanCondition)

   JacksonAutoConfiguration matched:
      - @ConditionalOnClass found required class 'com.fasterxml.jackson.databind.ObjectMapper' (OnClassCondition)

   JacksonAutoConfiguration.Jackson2ObjectMapperBuilderCustomizerConfiguration matched:
      - @ConditionalOnClass found required class 'org.springframework.http.converter.json.Jackson2ObjectMapperBuilder' (OnClassCondition)

   JacksonAutoConfiguration.JacksonObjectMapperBuilderConfiguration matched:
      - @ConditionalOnClass found required class 'org.springframework.http.converter.json.Jackson2ObjectMapperBuilder' (OnClassCondition)

   JacksonAutoConfiguration.JacksonObjectMapperBuilderConfiguration#jacksonObjectMapperBuilder matched:
      - @ConditionalOnMissingBean (types: org.springframework.http.converter.json.Jackson2ObjectMapperBuilder; SearchStrategy: all) did not find any beans (OnBeanCondition)

   JacksonAutoConfiguration.JacksonObjectMapperConfiguration matched:
      - @ConditionalOnClass found required class 'org.springframework.http.converter.json.Jackson2ObjectMapperBuilder' (OnClassCondition)

   JacksonAutoConfiguration.JacksonObjectMapperConfiguration#jacksonObjectMapper matched:
      - @ConditionalOnMissingBean (types: com.fasterxml.jackson.databind.ObjectMapper; SearchStrategy: all) did not find any beans (OnBeanCondition)

   JacksonAutoConfiguration.ParameterNamesModuleConfiguration matched:
      - @ConditionalOnClass found required class 'com.fasterxml.jackson.module.paramnames.ParameterNamesModule' (OnClassCondition)

   JacksonAutoConfiguration.ParameterNamesModuleConfiguration#parameterNamesModule matched:
      - @ConditionalOnMissingBean (types: com.fasterxml.jackson.module.paramnames.ParameterNamesModule; SearchStrategy: all) did not find any beans (OnBeanCondition)

   JacksonHttpMessageConvertersConfiguration.MappingJackson2HttpMessageConverterConfiguration matched:
      - @ConditionalOnClass found required class 'com.fasterxml.jackson.databind.ObjectMapper' (OnClassCondition)
      - @ConditionalOnProperty (spring.mvc.converters.preferred-json-mapper=jackson) matched (OnPropertyCondition)
      - @ConditionalOnBean (types: com.fasterxml.jackson.databind.ObjectMapper; SearchStrategy: all) found bean 'jacksonObjectMapper' (OnBeanCondition)

   JacksonHttpMessageConvertersConfiguration.MappingJackson2HttpMessageConverterConfiguration#mappingJackson2HttpMessageConverter matched:
      - @ConditionalOnMissingBean (types: org.springframework.http.converter.json.MappingJackson2HttpMessageConverter ignored: org.springframework.hateoas.server.mvc.TypeConstrainedMappingJackson2HttpMessageConverter,org.springframework.data.rest.webmvc.alps.AlpsJsonHttpMessageConverter; SearchStrategy: all) did not find any beans (OnBeanCondition)

   JdbcClientAutoConfiguration matched:
      - @ConditionalOnSingleCandidate (types: org.springframework.jdbc.core.namedparam.NamedParameterJdbcTemplate; SearchStrategy: all) found a single bean 'namedParameterJdbcTemplate'; @ConditionalOnMissingBean (types: org.springframework.jdbc.core.simple.JdbcClient; SearchStrategy: all) did not find any beans (OnBeanCondition)

   JdbcTemplateAutoConfiguration matched:
      - @ConditionalOnClass found required classes 'javax.sql.DataSource', 'org.springframework.jdbc.core.JdbcTemplate' (OnClassCondition)
      - @ConditionalOnSingleCandidate (types: javax.sql.DataSource; SearchStrategy: all) found a single bean 'dataSource' (OnBeanCondition)

   JdbcTemplateConfiguration matched:
      - @ConditionalOnMissingBean (types: org.springframework.jdbc.core.JdbcOperations; SearchStrategy: all) did not find any beans (OnBeanCondition)

   JpaBaseConfiguration#entityManagerFactory matched:
      - @ConditionalOnMissingBean (types: org.springframework.orm.jpa.LocalContainerEntityManagerFactoryBean,jakarta.persistence.EntityManagerFactory; SearchStrategy: all) did not find any beans (OnBeanCondition)

   JpaBaseConfiguration#entityManagerFactoryBuilder matched:
      - @ConditionalOnMissingBean (types: org.springframework.boot.orm.jpa.EntityManagerFactoryBuilder; SearchStrategy: all) did not find any beans (OnBeanCondition)

   JpaBaseConfiguration#jpaVendorAdapter matched:
      - @ConditionalOnMissingBean (types: org.springframework.orm.jpa.JpaVendorAdapter; SearchStrategy: all) did not find any beans (OnBeanCondition)

   JpaBaseConfiguration#transactionManager matched:
      - @ConditionalOnMissingBean (types: org.springframework.transaction.TransactionManager; SearchStrategy: all) did not find any beans (OnBeanCondition)

   JpaBaseConfiguration.PersistenceManagedTypesConfiguration matched:
      - @ConditionalOnMissingBean (types: org.springframework.orm.jpa.LocalContainerEntityManagerFactoryBean,jakarta.persistence.EntityManagerFactory; SearchStrategy: all) did not find any beans (OnBeanCondition)

   JpaBaseConfiguration.PersistenceManagedTypesConfiguration#persistenceManagedTypes matched:
      - @ConditionalOnMissingBean (types: org.springframework.orm.jpa.persistenceunit.PersistenceManagedTypes; SearchStrategy: all) did not find any beans (OnBeanCondition)

   JpaRepositoriesAutoConfiguration matched:
      - @ConditionalOnClass found required class 'org.springframework.data.jpa.repository.JpaRepository' (OnClassCondition)
      - @ConditionalOnProperty (spring.data.jpa.repositories.enabled=true) matched (OnPropertyCondition)
      - @ConditionalOnBean (types: javax.sql.DataSource; SearchStrategy: all) found bean 'dataSource'; @ConditionalOnMissingBean (types: org.springframework.data.jpa.repository.support.JpaRepositoryFactoryBean,org.springframework.data.jpa.repository.config.JpaRepositoryConfigExtension; SearchStrategy: all) did not find any beans (OnBeanCondition)

   JtaAutoConfiguration matched:
      - @ConditionalOnClass found required class 'jakarta.transaction.Transaction' (OnClassCondition)
      - @ConditionalOnProperty (spring.jta.enabled) matched (OnPropertyCondition)

   LifecycleAutoConfiguration#defaultLifecycleProcessor matched:
      - @ConditionalOnMissingBean (names: lifecycleProcessor; SearchStrategy: current) did not find any beans (OnBeanCondition)

   MultipartAutoConfiguration matched:
      - @ConditionalOnClass found required classes 'jakarta.servlet.Servlet', 'org.springframework.web.multipart.support.StandardServletMultipartResolver', 'jakarta.servlet.MultipartConfigElement' (OnClassCondition)
      - found 'session' scope (OnWebApplicationCondition)
      - @ConditionalOnProperty (spring.servlet.multipart.enabled) matched (OnPropertyCondition)

   MultipartAutoConfiguration#multipartConfigElement matched:
      - @ConditionalOnMissingBean (types: jakarta.servlet.MultipartConfigElement; SearchStrategy: all) did not find any beans (OnBeanCondition)

   MultipartAutoConfiguration#multipartResolver matched:
      - @ConditionalOnMissingBean (types: org.springframework.web.multipart.MultipartResolver; SearchStrategy: all) did not find any beans (OnBeanCondition)

   NamedParameterJdbcTemplateConfiguration matched:
      - @ConditionalOnSingleCandidate (types: org.springframework.jdbc.core.JdbcTemplate; SearchStrategy: all) found a single bean 'jdbcTemplate'; @ConditionalOnMissingBean (types: org.springframework.jdbc.core.namedparam.NamedParameterJdbcOperations; SearchStrategy: all) did not find any beans (OnBeanCondition)

   NoOpCacheConfiguration matched:
      - Cache org.springframework.boot.autoconfigure.cache.NoOpCacheConfiguration automatic cache type (CacheCondition)

   PersistenceExceptionTranslationAutoConfiguration matched:
      - @ConditionalOnClass found required class 'org.springframework.dao.annotation.PersistenceExceptionTranslationPostProcessor' (OnClassCondition)

   PersistenceExceptionTranslationAutoConfiguration#persistenceExceptionTranslationPostProcessor matched:
      - @ConditionalOnProperty (spring.dao.exceptiontranslation.enabled) matched (OnPropertyCondition)
      - @ConditionalOnMissingBean (types: org.springframework.dao.annotation.PersistenceExceptionTranslationPostProcessor; SearchStrategy: all) did not find any beans (OnBeanCondition)

   PropertyPlaceholderAutoConfiguration#propertySourcesPlaceholderConfigurer matched:
      - @ConditionalOnMissingBean (types: org.springframework.context.support.PropertySourcesPlaceholderConfigurer; SearchStrategy: current) did not find any beans (OnBeanCondition)

   RestClientAutoConfiguration matched:
      - @ConditionalOnClass found required class 'org.springframework.web.client.RestClient' (OnClassCondition)
      - NoneNestedConditions 0 matched 1 did not; NestedCondition on NotReactiveWebApplicationCondition.ReactiveWebApplication did not find reactive web application classes (NotReactiveWebApplicationCondition)

   RestClientAutoConfiguration#httpMessageConvertersRestClientCustomizer matched:
      - @ConditionalOnMissingBean (types: org.springframework.boot.autoconfigure.web.client.HttpMessageConvertersRestClientCustomizer; SearchStrategy: all) did not find any beans (OnBeanCondition)

   RestClientAutoConfiguration#restClientBuilder matched:
      - @ConditionalOnMissingBean (types: org.springframework.web.client.RestClient$Builder; SearchStrategy: all) did not find any beans (OnBeanCondition)

   RestClientAutoConfiguration#restClientBuilderConfigurer matched:
      - @ConditionalOnMissingBean (types: org.springframework.boot.autoconfigure.web.client.RestClientBuilderConfigurer; SearchStrategy: all) did not find any beans (OnBeanCondition)

   RestClientAutoConfiguration#restClientSsl matched:
      - @ConditionalOnBean (types: org.springframework.boot.ssl.SslBundles; SearchStrategy: all) found bean 'sslBundleRegistry'; @ConditionalOnMissingBean (types: org.springframework.boot.autoconfigure.web.client.RestClientSsl; SearchStrategy: all) did not find any beans (OnBeanCondition)

   RestTemplateAutoConfiguration matched:
      - @ConditionalOnClass found required class 'org.springframework.web.client.RestTemplate' (OnClassCondition)
      - NoneNestedConditions 0 matched 1 did not; NestedCondition on NotReactiveWebApplicationCondition.ReactiveWebApplication did not find reactive web application classes (NotReactiveWebApplicationCondition)

   RestTemplateAutoConfiguration#restTemplateBuilder matched:
      - @ConditionalOnMissingBean (types: org.springframework.boot.web.client.RestTemplateBuilder; SearchStrategy: all) did not find any beans (OnBeanCondition)

   SampleDataConfig#sampleTeaData matched:
      - @ConditionalOnProperty (app.seed.enabled=true) matched (OnPropertyCondition)

   ServletWebServerFactoryAutoConfiguration matched:
      - @ConditionalOnClass found required class 'jakarta.servlet.ServletRequest' (OnClassCondition)
      - found 'session' scope (OnWebApplicationCondition)

   ServletWebServerFactoryAutoConfiguration#tomcatServletWebServerFactoryCustomizer matched:
      - @ConditionalOnClass found required class 'org.apache.catalina.startup.Tomcat' (OnClassCondition)

   ServletWebServerFactoryConfiguration.EmbeddedTomcat matched:
      - @ConditionalOnClass found required classes 'jakarta.servlet.Servlet', 'org.apache.catalina.startup.Tomcat', 'org.apache.coyote.UpgradeProtocol' (OnClassCondition)
      - @ConditionalOnMissingBean (types: org.springframework.boot.web.servlet.server.ServletWebServerFactory; SearchStrategy: current) did not find any beans (OnBeanCondition)

   SimpleCacheConfiguration matched:
      - Cache org.springframework.boot.autoconfigure.cache.SimpleCacheConfiguration automatic cache type (CacheCondition)

   SpringDataWebAutoConfiguration matched:
      - @ConditionalOnClass found required classes 'org.springframework.data.web.PageableHandlerMethodArgumentResolver', 'org.springframework.web.servlet.config.annotation.WebMvcConfigurer' (OnClassCondition)
      - found 'session' scope (OnWebApplicationCondition)
      - @ConditionalOnMissingBean (types: org.springframework.data.web.PageableHandlerMethodArgumentResolver; SearchStrategy: all) did not find any beans (OnBeanCondition)

   SpringDataWebAutoConfiguration#pageableCustomizer matched:
      - @ConditionalOnMissingBean (types: org.springframework.data.web.config.PageableHandlerMethodArgumentResolverCustomizer; SearchStrategy: all) did not find any beans (OnBeanCondition)

   SpringDataWebAutoConfiguration#sortCustomizer matched:
      - @ConditionalOnMissingBean (types: org.springframework.data.web.config.SortHandlerMethodArgumentResolverCustomizer; SearchStrategy: all) did not find any beans (OnBeanCondition)

   SpringDataWebAutoConfiguration#springDataWebSettings matched:
      - @ConditionalOnMissingBean (types: org.springframework.data.web.config.SpringDataWebSettings; SearchStrategy: all) did not find any beans (OnBeanCondition)

   SqlInitializationAutoConfiguration matched:
      - @ConditionalOnProperty (spring.sql.init.enabled) matched (OnPropertyCondition)
      - NoneNestedConditions 0 matched 1 did not; NestedCondition on SqlInitializationAutoConfiguration.SqlInitializationModeCondition.ModeIsNever @ConditionalOnProperty (spring.sql.init.mode=never) did not find property 'mode' (SqlInitializationAutoConfiguration.SqlInitializationModeCondition)

   SslAutoConfiguration#sslBundleRegistry matched:
      - @ConditionalOnMissingBean (types: org.springframework.boot.ssl.SslBundleRegistry,org.springframework.boot.ssl.SslBundles; SearchStrategy: all) did not find any beans (OnBeanCondition)

   TaskExecutionAutoConfiguration matched:
      - @ConditionalOnClass found required class 'org.springframework.scheduling.concurrent.ThreadPoolTaskExecutor' (OnClassCondition)

   TaskExecutorConfigurations.SimpleAsyncTaskExecutorBuilderConfiguration#simpleAsyncTaskExecutorBuilder matched:
      - @ConditionalOnMissingBean (types: org.springframework.boot.task.SimpleAsyncTaskExecutorBuilder; SearchStrategy: all) did not find any beans (OnBeanCondition)
      - @ConditionalOnThreading found PLATFORM (OnThreadingCondition)

   TaskExecutorConfigurations.ThreadPoolTaskExecutorBuilderConfiguration#threadPoolTaskExecutorBuilder matched:
      - @ConditionalOnMissingBean (types: org.springframework.boot.task.ThreadPoolTaskExecutorBuilder; SearchStrategy: all) did not find any beans (OnBeanCondition)

   TaskSchedulingAutoConfiguration matched:
      - @ConditionalOnClass found required class 'org.springframework.scheduling.concurrent.ThreadPoolTaskScheduler' (OnClassCondition)

   TaskSchedulingAutoConfiguration#scheduledBeanLazyInitializationExcludeFilter matched:
      - @ConditionalOnBean (names: org.springframework.context.annotation.internalScheduledAnnotationProcessor; SearchStrategy: all) found bean 'org.springframework.context.annotation.internalScheduledAnnotationProcessor' (OnBeanCondition)

   TaskSchedulingConfigurations.SimpleAsyncTaskSchedulerBuilderConfiguration#simpleAsyncTaskSchedulerBuilder matched:
      - @ConditionalOnMissingBean (types: org.springframework.boot.task.SimpleAsyncTaskSchedulerBuilder; SearchStrategy: all) did not find any beans (OnBeanCondition)
      - @ConditionalOnThreading found PLATFORM (OnThreadingCondition)

   TaskSchedulingConfigurations.ThreadPoolTaskSchedulerBuilderConfiguration#threadPoolTaskSchedulerBuilder matched:
      - @ConditionalOnMissingBean (types: org.springframework.boot.task.ThreadPoolTaskSchedulerBuilder; SearchStrategy: all) did not find any beans (OnBeanCondition)

   TransactionAutoConfiguration matched:
      - @ConditionalOnClass found required class 'org.springframework.transaction.PlatformTransactionManager' (OnClassCondition)

   TransactionAutoConfiguration.EnableTransactionManagementConfiguration matched:
      - @ConditionalOnBean (types: org.springframework.transaction.TransactionManager; SearchStrategy: all) found bean 'transactionManager'; @ConditionalOnMissingBean (types: org.springframework.transaction.annotation.AbstractTransactionManagementConfiguration; SearchStrategy: all) did not find any beans (OnBeanCondition)

   TransactionAutoConfiguration.EnableTransactionManagementConfiguration.CglibAutoProxyConfiguration matched:
      - @ConditionalOnProperty (spring.aop.proxy-target-class=true) matched (OnPropertyCondition)

   TransactionAutoConfiguration.TransactionTemplateConfiguration matched:
      - @ConditionalOnSingleCandidate (types: org.springframework.transaction.PlatformTransactionManager; SearchStrategy: all) found a single bean 'transactionManager' (OnBeanCondition)

   TransactionAutoConfiguration.TransactionTemplateConfiguration#transactionTemplate matched:
      - @ConditionalOnMissingBean (types: org.springframework.transaction.support.TransactionOperations; SearchStrategy: all) did not find any beans (OnBeanCondition)

   TransactionManagerCustomizationAutoConfiguration matched:
      - @ConditionalOnClass found required class 'org.springframework.transaction.PlatformTransactionManager' (OnClassCondition)

   TransactionManagerCustomizationAutoConfiguration#platformTransactionManagerCustomizers matched:
      - @ConditionalOnMissingBean (types: org.springframework.boot.autoconfigure.transaction.TransactionManagerCustomizers; SearchStrategy: all) did not find any beans (OnBeanCondition)

   ValidationAutoConfiguration matched:
      - @ConditionalOnClass found required class 'jakarta.validation.executable.ExecutableValidator' (OnClassCondition)
      - @ConditionalOnResource found location classpath:META-INF/services/jakarta.validation.spi.ValidationProvider (OnResourceCondition)

   ValidationAutoConfiguration#defaultValidator matched:
      - @ConditionalOnMissingBean (types: jakarta.validation.Validator; SearchStrategy: all) did not find any beans (OnBeanCondition)

   ValidationAutoConfiguration#methodValidationPostProcessor matched:
      - @ConditionalOnMissingBean (types: org.springframework.validation.beanvalidation.MethodValidationPostProcessor; SearchStrategy: current) did not find any beans (OnBeanCondition)

   WebMvcAutoConfiguration matched:
      - @ConditionalOnClass found required classes 'jakarta.servlet.Servlet', 'org.springframework.web.servlet.DispatcherServlet', 'org.springframework.web.servlet.config.annotation.WebMvcConfigurer' (OnClassCondition)
      - found 'session' scope (OnWebApplicationCondition)
      - @ConditionalOnMissingBean (types: org.springframework.web.servlet.config.annotation.WebMvcConfigurationSupport; SearchStrategy: all) did not find any beans (OnBeanCondition)

   WebMvcAutoConfiguration#formContentFilter matched:
      - @ConditionalOnProperty (spring.mvc.formcontent.filter.enabled) matched (OnPropertyCondition)
      - @ConditionalOnMissingBean (types: org.springframework.web.filter.FormContentFilter; SearchStrategy: all) did not find any beans (OnBeanCondition)

   WebMvcAutoConfiguration.EnableWebMvcConfiguration#flashMapManager matched:
      - @ConditionalOnMissingBean (names: flashMapManager; SearchStrategy: all) did not find any beans (OnBeanCondition)

   WebMvcAutoConfiguration.EnableWebMvcConfiguration#localeResolver matched:
      - @ConditionalOnMissingBean (names: localeResolver; SearchStrategy: all) did not find any beans (OnBeanCondition)

   WebMvcAutoConfiguration.EnableWebMvcConfiguration#themeResolver matched:
      - @ConditionalOnMissingBean (names: themeResolver; SearchStrategy: all) did not find any beans (OnBeanCondition)

   WebMvcAutoConfiguration.EnableWebMvcConfiguration#viewNameTranslator matched:
      - @ConditionalOnMissingBean (names: viewNameTranslator; SearchStrategy: all) did not find any beans (OnBeanCondition)

   WebMvcAutoConfiguration.WebMvcAutoConfigurationAdapter#defaultViewResolver matched:
      - @ConditionalOnMissingBean (types: org.springframework.web.servlet.view.InternalResourceViewResolver; SearchStrategy: all) did not find any beans (OnBeanCondition)

   WebMvcAutoConfiguration.WebMvcAutoConfigurationAdapter#requestContextFilter matched:
      - @ConditionalOnMissingBean (types: org.springframework.web.context.request.RequestContextListener,org.springframework.web.filter.RequestContextFilter; SearchStrategy: all) did not find any beans (OnBeanCondition)

   WebMvcAutoConfiguration.WebMvcAutoConfigurationAdapter#viewResolver matched:
      - @ConditionalOnBean (types: org.springframework.web.servlet.ViewResolver; SearchStrategy: all) found beans 'defaultViewResolver', 'beanNameViewResolver', 'mvcViewResolver'; @ConditionalOnMissingBean (names: viewResolver types: org.springframework.web.servlet.view.ContentNegotiatingViewResolver; SearchStrategy: all) did not find any beans (OnBeanCondition)

   WebSocketMessagingAutoConfiguration matched:
      - @ConditionalOnClass found required class 'org.springframework.web.socket.config.annotation.WebSocketMessageBrokerConfigurer' (OnClassCondition)
      - found 'session' scope (OnWebApplicationCondition)

   WebSocketMessagingAutoConfiguration.WebSocketMessageConverterConfiguration matched:
      - @ConditionalOnClass found required classes 'com.fasterxml.jackson.databind.ObjectMapper', 'org.springframework.messaging.simp.config.AbstractMessageBrokerConfiguration' (OnClassCondition)
      - @ConditionalOnBean (types: org.springframework.web.socket.config.annotation.DelegatingWebSocketMessageBrokerConfiguration,com.fasterxml.jackson.databind.ObjectMapper; SearchStrategy: all) found beans 'jacksonObjectMapper', 'org.springframework.web.socket.config.annotation.DelegatingWebSocketMessageBrokerConfiguration' (OnBeanCondition)

   WebSocketServletAutoConfiguration matched:
      - @ConditionalOnClass found required classes 'jakarta.servlet.Servlet', 'jakarta.websocket.server.ServerContainer' (OnClassCondition)
      - found 'session' scope (OnWebApplicationCondition)

   WebSocketServletAutoConfiguration.TomcatWebSocketConfiguration matched:
      - @ConditionalOnClass found required classes 'org.apache.catalina.startup.Tomcat', 'org.apache.tomcat.websocket.server.WsSci' (OnClassCondition)

   WebSocketServletAutoConfiguration.TomcatWebSocketConfiguration#websocketServletWebServerCustomizer matched:
      - @ConditionalOnMissingBean (names: websocketServletWebServerCustomizer; SearchStrategy: all) did not find any beans (OnBeanCondition)

   WeeklySettlementScheduler matched:
      - @ConditionalOnProperty (app.scheduler.enabled=true) matched (OnPropertyCondition)


Negative matches:
-----------------

   ActiveMQAutoConfiguration:
      Did not match:
         - @ConditionalOnClass did not find required class 'jakarta.jms.ConnectionFactory' (OnClassCondition)

   AopAutoConfiguration.AspectJAutoProxyingConfiguration.JdkDynamicAutoProxyConfiguration:
      Did not match:
         - @ConditionalOnProperty (spring.aop.proxy-target-class=false) did not find property 'proxy-target-class' (OnPropertyCondition)

   AopAutoConfiguration.ClassProxyingConfiguration:
      Did not match:
         - @ConditionalOnMissingClass found unwanted class 'org.aspectj.weaver.Advice' (OnClassCondition)

   ArtemisAutoConfiguration:
      Did not match:
         - @ConditionalOnClass did not find required class 'jakarta.jms.ConnectionFactory' (OnClassCondition)

   BatchAutoConfiguration:
      Did not match:
         - @ConditionalOnClass did not find required class 'org.springframework.batch.core.launch.JobLauncher' (OnClassCondition)

   Cache2kCacheConfiguration:
      Did not match:
         - @ConditionalOnClass did not find required class 'org.cache2k.Cache2kBuilder' (OnClassCondition)

   CacheAutoConfiguration:
      Did not match:
         - @ConditionalOnBean (types: org.springframework.cache.interceptor.CacheAspectSupport; SearchStrategy: all) did not find any beans of type org.springframework.cache.interceptor.CacheAspectSupport (OnBeanCondition)
      Matched:
         - @ConditionalOnClass found required class 'org.springframework.cache.CacheManager' (OnClassCondition)

   CacheAutoConfiguration.CacheManagerEntityManagerFactoryDependsOnPostProcessor:
      Did not match:
         - Ancestor org.springframework.boot.autoconfigure.cache.CacheAutoConfiguration did not match (ConditionEvaluationReport.AncestorsMatchedCondition)
      Matched:
         - @ConditionalOnClass found required class 'org.springframework.orm.jpa.LocalContainerEntityManagerFactoryBean' (OnClassCondition)

   CaffeineCacheConfiguration:
      Did not match:
         - @ConditionalOnClass did not find required class 'com.github.benmanes.caffeine.cache.Caffeine' (OnClassCondition)

   CassandraAutoConfiguration:
      Did not match:
         - @ConditionalOnClass did not find required class 'com.datastax.oss.driver.api.core.CqlSession' (OnClassCondition)

   CassandraDataAutoConfiguration:
      Did not match:
         - @ConditionalOnClass did not find required class 'com.datastax.oss.driver.api.core.CqlSession' (OnClassCondition)

   CassandraReactiveDataAutoConfiguration:
      Did not match:
         - @ConditionalOnClass did not find required class 'com.datastax.oss.driver.api.core.CqlSession' (OnClassCondition)

   CassandraReactiveRepositoriesAutoConfiguration:
      Did not match:
         - @ConditionalOnClass did not find required class 'org.springframework.data.cassandra.ReactiveSession' (OnClassCondition)

   CassandraRepositoriesAutoConfiguration:
      Did not match:
         - @ConditionalOnClass did not find required class 'com.datastax.oss.driver.api.core.CqlSession' (OnClassCondition)

   ClientHttpConnectorAutoConfiguration:
      Did not match:
         - @ConditionalOnClass did not find required class 'org.springframework.web.reactive.function.client.WebClient' (OnClassCondition)

   CodecsAutoConfiguration:
      Did not match:
         - @ConditionalOnClass did not find required class 'org.springframework.web.reactive.function.client.WebClient' (OnClassCondition)

   CouchbaseAutoConfiguration:
      Did not match:
         - @ConditionalOnClass did not find required class 'com.couchbase.client.java.Cluster' (OnClassCondition)

   CouchbaseCacheConfiguration:
      Did not match:
         - @ConditionalOnClass did not find required class 'com.couchbase.client.java.Cluster' (OnClassCondition)

   CouchbaseDataAutoConfiguration:
      Did not match:
         - @ConditionalOnClass did not find required class 'com.couchbase.client.java.Bucket' (OnClassCondition)

   CouchbaseReactiveDataAutoConfiguration:
      Did not match:
         - @ConditionalOnClass did not find required class 'com.couchbase.client.java.Cluster' (OnClassCondition)

   CouchbaseReactiveRepositoriesAutoConfiguration:
      Did not match:
         - @ConditionalOnClass did not find required class 'com.couchbase.client.java.Cluster' (OnClassCondition)

   CouchbaseRepositoriesAutoConfiguration:
      Did not match:
         - @ConditionalOnClass did not find required class 'com.couchbase.client.java.Bucket' (OnClassCondition)

   DataSourceAutoConfiguration.EmbeddedDatabaseConfiguration:
      Did not match:
         - EmbeddedDataSource spring.datasource.url is set (DataSourceAutoConfiguration.EmbeddedDatabaseCondition)

   DataSourceCheckpointRestoreConfiguration:
      Did not match:
         - @ConditionalOnClass did not find required class 'org.crac.Resource' (OnClassCondition)

   DataSourceConfiguration.Dbcp2:
      Did not match:
         - @ConditionalOnClass did not find required class 'org.apache.commons.dbcp2.BasicDataSource' (OnClassCondition)

   DataSourceConfiguration.Generic:
      Did not match:
         - @ConditionalOnProperty (spring.datasource.type) did not find property 'spring.datasource.type' (OnPropertyCondition)

   DataSourceConfiguration.OracleUcp:
      Did not match:
         - @ConditionalOnClass did not find required classes 'oracle.ucp.jdbc.PoolDataSourceImpl', 'oracle.jdbc.OracleConnection' (OnClassCondition)

   DataSourceConfiguration.Tomcat:
      Did not match:
         - @ConditionalOnClass did not find required class 'org.apache.tomcat.jdbc.pool.DataSource' (OnClassCondition)

   DataSourceJmxConfiguration.TomcatDataSourceJmxConfiguration:
      Did not match:
         - @ConditionalOnClass did not find required class 'org.apache.tomcat.jdbc.pool.DataSourceProxy' (OnClassCondition)

   DataSourcePoolMetadataProvidersConfiguration.CommonsDbcp2PoolDataSourceMetadataProviderConfiguration:
      Did not match:
         - @ConditionalOnClass did not find required class 'org.apache.commons.dbcp2.BasicDataSource' (OnClassCondition)

   DataSourcePoolMetadataProvidersConfiguration.OracleUcpPoolDataSourceMetadataProviderConfiguration:
      Did not match:
         - @ConditionalOnClass did not find required classes 'oracle.ucp.jdbc.PoolDataSource', 'oracle.jdbc.OracleConnection' (OnClassCondition)

   DataSourcePoolMetadataProvidersConfiguration.TomcatDataSourcePoolMetadataProviderConfiguration:
      Did not match:
         - @ConditionalOnClass did not find required class 'org.apache.tomcat.jdbc.pool.DataSource' (OnClassCondition)

   DataSourceTransactionManagerAutoConfiguration.JdbcTransactionManagerConfiguration#transactionManager:
      Did not match:
         - @ConditionalOnMissingBean (types: org.springframework.transaction.TransactionManager; SearchStrategy: all) found beans of type 'org.springframework.transaction.TransactionManager' transactionManager (OnBeanCondition)

   DispatcherServletAutoConfiguration.DispatcherServletConfiguration#multipartResolver:
      Did not match:
         - @ConditionalOnBean (types: org.springframework.web.multipart.MultipartResolver; SearchStrategy: all) did not find any beans of type org.springframework.web.multipart.MultipartResolver (OnBeanCondition)

   ElasticsearchClientAutoConfiguration:
      Did not match:
         - @ConditionalOnClass did not find required class 'co.elastic.clients.elasticsearch.ElasticsearchClient' (OnClassCondition)

   ElasticsearchDataAutoConfiguration:
      Did not match:
         - @ConditionalOnClass did not find required class 'org.springframework.data.elasticsearch.client.elc.ElasticsearchTemplate' (OnClassCondition)

   ElasticsearchRepositoriesAutoConfiguration:
      Did not match:
         - @ConditionalOnClass did not find required class 'org.springframework.data.elasticsearch.repository.ElasticsearchRepository' (OnClassCondition)

   ElasticsearchRestClientAutoConfiguration:
      Did not match:
         - @ConditionalOnClass did not find required class 'org.elasticsearch.client.RestClientBuilder' (OnClassCondition)

   EmbeddedLdapAutoConfiguration:
      Did not match:
         - @ConditionalOnClass did not find required class 'com.unboundid.ldap.listener.InMemoryDirectoryServer' (OnClassCondition)

   EmbeddedWebServerFactoryCustomizerAutoConfiguration.JettyWebServerFactoryCustomizerConfiguration:
      Did not match:
         - @ConditionalOnClass did not find required classes 'org.eclipse.jetty.server.Server', 'org.eclipse.jetty.util.Loader', 'org.eclipse.jetty.ee10.webapp.WebAppContext' (OnClassCondition)

   EmbeddedWebServerFactoryCustomizerAutoConfiguration.NettyWebServerFactoryCustomizerConfiguration:
      Did not match:
         - @ConditionalOnClass did not find required class 'reactor.netty.http.server.HttpServer' (OnClassCondition)

   EmbeddedWebServerFactoryCustomizerAutoConfiguration.TomcatWebServerFactoryCustomizerConfiguration#tomcatVirtualThreadsProtocolHandlerCustomizer:
      Did not match:
         - @ConditionalOnThreading did not find VIRTUAL (OnThreadingCondition)

   EmbeddedWebServerFactoryCustomizerAutoConfiguration.UndertowWebServerFactoryCustomizerConfiguration:
      Did not match:
         - @ConditionalOnClass did not find required classes 'io.undertow.Undertow', 'org.xnio.SslClientAuthMode' (OnClassCondition)

   ErrorWebFluxAutoConfiguration:
      Did not match:
         - @ConditionalOnClass did not find required class 'org.springframework.web.reactive.config.WebFluxConfigurer' (OnClassCondition)

   FlywayAutoConfiguration.FlywayConfiguration#oracleFlywayConfigurationCustomizer:
      Did not match:
         - @ConditionalOnClass did not find required class 'org.flywaydb.database.oracle.OracleConfigurationExtension' (OnClassCondition)

   FlywayAutoConfiguration.FlywayConfiguration#postgresqlFlywayConfigurationCustomizer:
      Did not match:
         - @ConditionalOnClass did not find required class 'org.flywaydb.database.postgresql.PostgreSQLConfigurationExtension' (OnClassCondition)

   FlywayAutoConfiguration.FlywayConfiguration#sqlServerFlywayConfigurationCustomizer:
      Did not match:
         - @ConditionalOnClass did not find required class 'org.flywaydb.database.sqlserver.SQLServerConfigurationExtension' (OnClassCondition)

   FreeMarkerAutoConfiguration:
      Did not match:
         - @ConditionalOnClass did not find required class 'freemarker.template.Configuration' (OnClassCondition)

   GraphQlAutoConfiguration:
      Did not match:
         - @ConditionalOnClass did not find required class 'graphql.GraphQL' (OnClassCondition)

   GraphQlQueryByExampleAutoConfiguration:
      Did not match:
         - @ConditionalOnClass did not find required class 'graphql.GraphQL' (OnClassCondition)

   GraphQlQuerydslAutoConfiguration:
      Did not match:
         - @ConditionalOnClass did not find required class 'com.querydsl.core.Query' (OnClassCondition)

   GraphQlRSocketAutoConfiguration:
      Did not match:
         - @ConditionalOnClass did not find required class 'graphql.GraphQL' (OnClassCondition)

   GraphQlReactiveQueryByExampleAutoConfiguration:
      Did not match:
         - @ConditionalOnClass did not find required class 'graphql.GraphQL' (OnClassCondition)

   GraphQlReactiveQuerydslAutoConfiguration:
      Did not match:
         - @ConditionalOnClass did not find required class 'com.querydsl.core.Query' (OnClassCondition)

   GraphQlWebFluxAutoConfiguration:
      Did not match:
         - @ConditionalOnClass did not find required class 'graphql.GraphQL' (OnClassCondition)

   GraphQlWebFluxSecurityAutoConfiguration:
      Did not match:
         - @ConditionalOnClass did not find required class 'graphql.GraphQL' (OnClassCondition)

   GraphQlWebMvcAutoConfiguration:
      Did not match:
         - @ConditionalOnClass did not find required class 'graphql.GraphQL' (OnClassCondition)

   GraphQlWebMvcSecurityAutoConfiguration:
      Did not match:
         - @ConditionalOnClass did not find required class 'graphql.GraphQL' (OnClassCondition)

   GroovyTemplateAutoConfiguration:
      Did not match:
         - @ConditionalOnClass did not find required class 'groovy.text.markup.MarkupTemplateEngine' (OnClassCondition)

   GsonAutoConfiguration:
      Did not match:
         - @ConditionalOnClass did not find required class 'com.google.gson.Gson' (OnClassCondition)

   GsonHttpMessageConvertersConfiguration:
      Did not match:
         - @ConditionalOnClass did not find required class 'com.google.gson.Gson' (OnClassCondition)

   H2ConsoleAutoConfiguration:
      Did not match:
         - @ConditionalOnClass did not find required class 'org.h2.server.web.JakartaWebServlet' (OnClassCondition)

   HazelcastAutoConfiguration:
      Did not match:
         - @ConditionalOnClass did not find required class 'com.hazelcast.core.HazelcastInstance' (OnClassCondition)

   HazelcastCacheConfiguration:
      Did not match:
         - @ConditionalOnClass did not find required class 'com.hazelcast.core.HazelcastInstance' (OnClassCondition)

   HazelcastJpaDependencyAutoConfiguration:
      Did not match:
         - @ConditionalOnClass did not find required class 'com.hazelcast.core.HazelcastInstance' (OnClassCondition)

   HttpHandlerAutoConfiguration:
      Did not match:
         - @ConditionalOnClass did not find required class 'org.springframework.web.reactive.DispatcherHandler' (OnClassCondition)

   HypermediaAutoConfiguration:
      Did not match:
         - @ConditionalOnClass did not find required class 'org.springframework.hateoas.EntityModel' (OnClassCondition)

   InfinispanCacheConfiguration:
      Did not match:
         - @ConditionalOnClass did not find required class 'org.infinispan.spring.embedded.provider.SpringEmbeddedCacheManager' (OnClassCondition)

   IntegrationAutoConfiguration:
      Did not match:
         - @ConditionalOnClass did not find required class 'org.springframework.integration.config.EnableIntegration' (OnClassCondition)

   JCacheCacheConfiguration:
      Did not match:
         - @ConditionalOnClass did not find required class 'javax.cache.Caching' (OnClassCondition)

   JacksonHttpMessageConvertersConfiguration.MappingJackson2XmlHttpMessageConverterConfiguration:
      Did not match:
         - @ConditionalOnClass did not find required class 'com.fasterxml.jackson.dataformat.xml.XmlMapper' (OnClassCondition)

   JdbcRepositoriesAutoConfiguration:
      Did not match:
         - @ConditionalOnClass did not find required class 'org.springframework.data.jdbc.repository.config.AbstractJdbcConfiguration' (OnClassCondition)

   JerseyAutoConfiguration:
      Did not match:
         - @ConditionalOnClass did not find required class 'org.glassfish.jersey.server.spring.SpringComponentProvider' (OnClassCondition)

   JmsAutoConfiguration:
      Did not match:
         - @ConditionalOnClass did not find required class 'jakarta.jms.Message' (OnClassCondition)

   JmxAutoConfiguration:
      Did not match:
         - @ConditionalOnProperty (spring.jmx.enabled=true) did not find property 'enabled' (OnPropertyCondition)
      Matched:
         - @ConditionalOnClass found required class 'org.springframework.jmx.export.MBeanExporter' (OnClassCondition)

   JndiConnectionFactoryAutoConfiguration:
      Did not match:
         - @ConditionalOnClass did not find required class 'org.springframework.jms.core.JmsTemplate' (OnClassCondition)

   JndiDataSourceAutoConfiguration:
      Did not match:
         - @ConditionalOnProperty (spring.datasource.jndi-name) did not find property 'jndi-name' (OnPropertyCondition)
      Matched:
         - @ConditionalOnClass found required classes 'javax.sql.DataSource', 'org.springframework.jdbc.datasource.embedded.EmbeddedDatabaseType' (OnClassCondition)

   JndiJtaConfiguration:
      Did not match:
         - @ConditionalOnJndi JNDI environment is not available (OnJndiCondition)
      Matched:
         - @ConditionalOnClass found required class 'org.springframework.transaction.jta.JtaTransactionManager' (OnClassCondition)

   JooqAutoConfiguration:
      Did not match:
         - @ConditionalOnClass did not find required class 'org.jooq.DSLContext' (OnClassCondition)

   JpaBaseConfiguration.JpaWebConfiguration:
      Did not match:
         - @ConditionalOnProperty (spring.jpa.open-in-view=true) found different value in property 'open-in-view' (OnPropertyCondition)
      Matched:
         - @ConditionalOnClass found required class 'org.springframework.web.servlet.config.annotation.WebMvcConfigurer' (OnClassCondition)
         - found 'session' scope (OnWebApplicationCondition)

   JpaRepositoriesAutoConfiguration#entityManagerFactoryBootstrapExecutorCustomizer:
      Did not match:
         - AnyNestedCondition 0 matched 2 did not; NestedCondition on JpaRepositoriesAutoConfiguration.BootstrapExecutorCondition.LazyBootstrapMode @ConditionalOnProperty (spring.data.jpa.repositories.bootstrap-mode=lazy) did not find property 'bootstrap-mode'; NestedCondition on JpaRepositoriesAutoConfiguration.BootstrapExecutorCondition.DeferredBootstrapMode @ConditionalOnProperty (spring.data.jpa.repositories.bootstrap-mode=deferred) did not find property 'bootstrap-mode' (JpaRepositoriesAutoConfiguration.BootstrapExecutorCondition)

   JsonbAutoConfiguration:
      Did not match:
         - @ConditionalOnClass did not find required class 'jakarta.json.bind.Jsonb' (OnClassCondition)

   JsonbHttpMessageConvertersConfiguration:
      Did not match:
         - @ConditionalOnClass did not find required class 'jakarta.json.bind.Jsonb' (OnClassCondition)

   KafkaAutoConfiguration:
      Did not match:
         - @ConditionalOnClass did not find required class 'org.springframework.kafka.core.KafkaTemplate' (OnClassCondition)

   LdapAutoConfiguration:
      Did not match:
         - @ConditionalOnClass did not find required class 'org.springframework.ldap.core.ContextSource' (OnClassCondition)

   LdapRepositoriesAutoConfiguration:
      Did not match:
         - @ConditionalOnClass did not find required class 'org.springframework.data.ldap.repository.LdapRepository' (OnClassCondition)

   LiquibaseAutoConfiguration:
      Did not match:
         - @ConditionalOnClass did not find required class 'liquibase.change.DatabaseChange' (OnClassCondition)

   MailSenderAutoConfiguration:
      Did not match:
         - @ConditionalOnClass did not find required class 'jakarta.mail.internet.MimeMessage' (OnClassCondition)

   MailSenderValidatorAutoConfiguration:
      Did not match:
         - @ConditionalOnSingleCandidate did not find required type 'org.springframework.mail.javamail.JavaMailSenderImpl' (OnBeanCondition)

   MessageSourceAutoConfiguration:
      Did not match:
         - ResourceBundle did not find bundle with basename messages (MessageSourceAutoConfiguration.ResourceBundleCondition)

   MongoAutoConfiguration:
      Did not match:
         - @ConditionalOnClass did not find required class 'com.mongodb.client.MongoClient' (OnClassCondition)

   MongoDataAutoConfiguration:
      Did not match:
         - @ConditionalOnClass did not find required class 'com.mongodb.client.MongoClient' (OnClassCondition)

   MongoReactiveAutoConfiguration:
      Did not match:
         - @ConditionalOnClass did not find required class 'com.mongodb.reactivestreams.client.MongoClient' (OnClassCondition)

   MongoReactiveDataAutoConfiguration:
      Did not match:
         - @ConditionalOnClass did not find required class 'com.mongodb.reactivestreams.client.MongoClient' (OnClassCondition)

   MongoReactiveRepositoriesAutoConfiguration:
      Did not match:
         - @ConditionalOnClass did not find required class 'com.mongodb.reactivestreams.client.MongoClient' (OnClassCondition)

   MongoRepositoriesAutoConfiguration:
      Did not match:
         - @ConditionalOnClass did not find required class 'com.mongodb.client.MongoClient' (OnClassCondition)

   MustacheAutoConfiguration:
      Did not match:
         - @ConditionalOnClass did not find required class 'com.samskivert.mustache.Mustache' (OnClassCondition)

   Neo4jAutoConfiguration:
      Did not match:
         - @ConditionalOnClass did not find required class 'org.neo4j.driver.Driver' (OnClassCondition)

   Neo4jDataAutoConfiguration:
      Did not match:
         - @ConditionalOnClass did not find required class 'org.neo4j.driver.Driver' (OnClassCondition)

   Neo4jReactiveDataAutoConfiguration:
      Did not match:
         - @ConditionalOnClass did not find required class 'org.neo4j.driver.Driver' (OnClassCondition)

   Neo4jReactiveRepositoriesAutoConfiguration:
      Did not match:
         - @ConditionalOnClass did not find required class 'org.neo4j.driver.Driver' (OnClassCondition)

   Neo4jRepositoriesAutoConfiguration:
      Did not match:
         - @ConditionalOnClass did not find required class 'org.neo4j.driver.Driver' (OnClassCondition)

   NettyAutoConfiguration:
      Did not match:
         - @ConditionalOnClass did not find required class 'io.netty.util.NettyRuntime' (OnClassCondition)

   OAuth2AuthorizationServerAutoConfiguration:
      Did not match:
         - @ConditionalOnClass did not find required class 'org.springframework.security.oauth2.server.authorization.OAuth2Authorization' (OnClassCondition)

   OAuth2AuthorizationServerJwtAutoConfiguration:
      Did not match:
         - @ConditionalOnClass did not find required class 'com.nimbusds.jose.jwk.source.JWKSource' (OnClassCondition)

   OAuth2ClientAutoConfiguration:
      Did not match:
         - @ConditionalOnClass did not find required class 'org.springframework.security.config.annotation.web.configuration.EnableWebSecurity' (OnClassCondition)

   OAuth2ResourceServerAutoConfiguration:
      Did not match:
         - @ConditionalOnClass did not find required class 'org.springframework.security.oauth2.server.resource.authentication.BearerTokenAuthenticationToken' (OnClassCondition)

   ProjectInfoAutoConfiguration#buildProperties:
      Did not match:
         - @ConditionalOnResource did not find resource '${spring.info.build.location:classpath:META-INF/build-info.properties}' (OnResourceCondition)

   ProjectInfoAutoConfiguration#gitProperties:
      Did not match:
         - GitResource did not find git info at classpath:git.properties (ProjectInfoAutoConfiguration.GitResourceAvailableCondition)

   PulsarAutoConfiguration:
      Did not match:
         - @ConditionalOnClass did not find required class 'org.apache.pulsar.client.api.PulsarClient' (OnClassCondition)

   PulsarReactiveAutoConfiguration:
      Did not match:
         - @ConditionalOnClass did not find required class 'org.apache.pulsar.client.api.PulsarClient' (OnClassCondition)

   QuartzAutoConfiguration:
      Did not match:
         - @ConditionalOnClass did not find required class 'org.quartz.Scheduler' (OnClassCondition)

   R2dbcAutoConfiguration:
      Did not match:
         - @ConditionalOnClass did not find required class 'io.r2dbc.spi.ConnectionFactory' (OnClassCondition)

   R2dbcDataAutoConfiguration:
      Did not match:
         - @ConditionalOnClass did not find required class 'org.springframework.data.r2dbc.core.R2dbcEntityTemplate' (OnClassCondition)

   R2dbcInitializationConfiguration:
      Did not match:
         - @ConditionalOnClass did not find required classes 'io.r2dbc.spi.ConnectionFactory', 'org.springframework.r2dbc.connection.init.DatabasePopulator' (OnClassCondition)

   R2dbcProxyAutoConfiguration:
      Did not match:
         - @ConditionalOnClass did not find required class 'io.r2dbc.proxy.ProxyConnectionFactory' (OnClassCondition)

   R2dbcRepositoriesAutoConfiguration:
      Did not match:
         - @ConditionalOnClass did not find required class 'io.r2dbc.spi.ConnectionFactory' (OnClassCondition)

   R2dbcTransactionManagerAutoConfiguration:
      Did not match:
         - @ConditionalOnClass did not find required class 'org.springframework.r2dbc.connection.R2dbcTransactionManager' (OnClassCondition)

   RSocketGraphQlClientAutoConfiguration:
      Did not match:
         - @ConditionalOnClass did not find required class 'graphql.GraphQL' (OnClassCondition)

   RSocketMessagingAutoConfiguration:
      Did not match:
         - @ConditionalOnClass did not find required class 'io.rsocket.RSocket' (OnClassCondition)

   RSocketRequesterAutoConfiguration:
      Did not match:
         - @ConditionalOnClass did not find required class 'io.rsocket.RSocket' (OnClassCondition)

   RSocketSecurityAutoConfiguration:
      Did not match:
         - @ConditionalOnClass did not find required class 'org.springframework.security.rsocket.core.SecuritySocketAcceptorInterceptor' (OnClassCondition)

   RSocketServerAutoConfiguration:
      Did not match:
         - @ConditionalOnClass did not find required class 'io.rsocket.core.RSocketServer' (OnClassCondition)

   RSocketStrategiesAutoConfiguration:
      Did not match:
         - @ConditionalOnClass did not find required class 'io.netty.buffer.PooledByteBufAllocator' (OnClassCondition)

   RabbitAutoConfiguration:
      Did not match:
         - @ConditionalOnClass did not find required class 'com.rabbitmq.client.Channel' (OnClassCondition)

   ReactiveElasticsearchClientAutoConfiguration:
      Did not match:
         - @ConditionalOnClass did not find required class 'co.elastic.clients.transport.ElasticsearchTransport' (OnClassCondition)

   ReactiveElasticsearchRepositoriesAutoConfiguration:
      Did not match:
         - @ConditionalOnClass did not find required class 'reactor.core.publisher.Mono' (OnClassCondition)

   ReactiveMultipartAutoConfiguration:
      Did not match:
         - @ConditionalOnClass did not find required class 'org.springframework.web.reactive.config.WebFluxConfigurer' (OnClassCondition)

   ReactiveOAuth2ClientAutoConfiguration:
      Did not match:
         - @ConditionalOnClass did not find required class 'reactor.core.publisher.Flux' (OnClassCondition)

   ReactiveOAuth2ResourceServerAutoConfiguration:
      Did not match:
         - @ConditionalOnClass did not find required class 'org.springframework.security.config.annotation.web.reactive.EnableWebFluxSecurity' (OnClassCondition)

   ReactiveSecurityAutoConfiguration:
      Did not match:
         - @ConditionalOnClass did not find required class 'reactor.core.publisher.Flux' (OnClassCondition)

   ReactiveUserDetailsServiceAutoConfiguration:
      Did not match:
         - @ConditionalOnClass did not find required class 'org.springframework.security.authentication.ReactiveAuthenticationManager' (OnClassCondition)

   ReactiveWebServerFactoryAutoConfiguration:
      Did not match:
         - @ConditionalOnWebApplication did not find reactive web application classes (OnWebApplicationCondition)

   ReactorAutoConfiguration:
      Did not match:
         - @ConditionalOnClass did not find required class 'reactor.core.publisher.Hooks' (OnClassCondition)

   RedisAutoConfiguration:
      Did not match:
         - @ConditionalOnClass did not find required class 'org.springframework.data.redis.core.RedisOperations' (OnClassCondition)

   RedisCacheConfiguration:
      Did not match:
         - @ConditionalOnClass did not find required class 'org.springframework.data.redis.connection.RedisConnectionFactory' (OnClassCondition)

   RedisReactiveAutoConfiguration:
      Did not match:
         - @ConditionalOnClass did not find required class 'reactor.core.publisher.Flux' (OnClassCondition)

   RedisRepositoriesAutoConfiguration:
      Did not match:
         - @ConditionalOnClass did not find required class 'org.springframework.data.redis.repository.configuration.EnableRedisRepositories' (OnClassCondition)

   RepositoryRestMvcAutoConfiguration:
      Did not match:
         - @ConditionalOnClass did not find required class 'org.springframework.data.rest.webmvc.config.RepositoryRestMvcConfiguration' (OnClassCondition)

   Saml2RelyingPartyAutoConfiguration:
      Did not match:
         - @ConditionalOnClass did not find required class 'org.springframework.security.saml2.provider.service.registration.RelyingPartyRegistrationRepository' (OnClassCondition)

   SecurityAutoConfiguration:
      Did not match:
         - @ConditionalOnClass did not find required class 'org.springframework.security.authentication.DefaultAuthenticationEventPublisher' (OnClassCondition)

   SecurityFilterAutoConfiguration:
      Did not match:
         - @ConditionalOnClass did not find required class 'org.springframework.security.config.http.SessionCreationPolicy' (OnClassCondition)

   SendGridAutoConfiguration:
      Did not match:
         - @ConditionalOnClass did not find required class 'com.sendgrid.SendGrid' (OnClassCondition)

   ServletWebServerFactoryAutoConfiguration.ForwardedHeaderFilterConfiguration:
      Did not match:
         - @ConditionalOnProperty (server.forward-headers-strategy=framework) did not find property 'server.forward-headers-strategy' (OnPropertyCondition)

   ServletWebServerFactoryConfiguration.EmbeddedJetty:
      Did not match:
         - @ConditionalOnClass did not find required classes 'org.eclipse.jetty.server.Server', 'org.eclipse.jetty.util.Loader', 'org.eclipse.jetty.ee10.webapp.WebAppContext' (OnClassCondition)

   ServletWebServerFactoryConfiguration.EmbeddedUndertow:
      Did not match:
         - @ConditionalOnClass did not find required classes 'io.undertow.Undertow', 'org.xnio.SslClientAuthMode' (OnClassCondition)

   SessionAutoConfiguration:
      Did not match:
         - @ConditionalOnClass did not find required class 'org.springframework.session.Session' (OnClassCondition)

   SpringApplicationAdminJmxAutoConfiguration:
      Did not match:
         - @ConditionalOnProperty (spring.application.admin.enabled=true) did not find property 'enabled' (OnPropertyCondition)

   TaskExecutorConfigurations.SimpleAsyncTaskExecutorBuilderConfiguration#simpleAsyncTaskExecutorBuilderVirtualThreads:
      Did not match:
         - @ConditionalOnMissingBean (types: org.springframework.boot.task.SimpleAsyncTaskExecutorBuilder; SearchStrategy: all) found beans of type 'org.springframework.boot.task.SimpleAsyncTaskExecutorBuilder' simpleAsyncTaskExecutorBuilder (OnBeanCondition)

   TaskExecutorConfigurations.TaskExecutorConfiguration:
      Did not match:
         - @ConditionalOnMissingBean (types: java.util.concurrent.Executor; SearchStrategy: all) found beans of type 'java.util.concurrent.Executor' clientInboundChannelExecutor, clientOutboundChannelExecutor, brokerChannelExecutor (OnBeanCondition)

   TaskSchedulingConfigurations.SimpleAsyncTaskSchedulerBuilderConfiguration#simpleAsyncTaskSchedulerBuilderVirtualThreads:
      Did not match:
         - @ConditionalOnMissingBean (types: org.springframework.boot.task.SimpleAsyncTaskSchedulerBuilder; SearchStrategy: all) found beans of type 'org.springframework.boot.task.SimpleAsyncTaskSchedulerBuilder' simpleAsyncTaskSchedulerBuilder (OnBeanCondition)

   TaskSchedulingConfigurations.TaskSchedulerConfiguration:
      Did not match:
         - @ConditionalOnMissingBean (types: org.springframework.scheduling.TaskScheduler,java.util.concurrent.ScheduledExecutorService; SearchStrategy: all) found beans of type 'org.springframework.scheduling.TaskScheduler' messageBrokerTaskScheduler (OnBeanCondition)

   ThymeleafAutoConfiguration:
      Did not match:
         - @ConditionalOnClass did not find required class 'org.thymeleaf.spring6.SpringTemplateEngine' (OnClassCondition)

   TransactionAutoConfiguration#transactionalOperator:
      Did not match:
         - @ConditionalOnSingleCandidate (types: org.springframework.transaction.ReactiveTransactionManager; SearchStrategy: all) did not find any beans (OnBeanCondition)

   TransactionAutoConfiguration.AspectJTransactionManagementConfiguration:
      Did not match:
         - @ConditionalOnBean (types: org.springframework.transaction.aspectj.AbstractTransactionAspect; SearchStrategy: all) did not find any beans of type org.springframework.transaction.aspectj.AbstractTransactionAspect (OnBeanCondition)

   TransactionAutoConfiguration.EnableTransactionManagementConfiguration.JdkDynamicAutoProxyConfiguration:
      Did not match:
         - @ConditionalOnProperty (spring.aop.proxy-target-class=false) did not find property 'proxy-target-class' (OnPropertyCondition)

   UserDetailsServiceAutoConfiguration:
      Did not match:
         - @ConditionalOnClass did not find required class 'org.springframework.security.authentication.AuthenticationManager' (OnClassCondition)

   WebClientAutoConfiguration:
      Did not match:
         - @ConditionalOnClass did not find required class 'org.springframework.web.reactive.function.client.WebClient' (OnClassCondition)

   WebFluxAutoConfiguration:
      Did not match:
         - @ConditionalOnClass did not find required class 'org.springframework.web.reactive.config.WebFluxConfigurer' (OnClassCondition)

   WebMvcAutoConfiguration#hiddenHttpMethodFilter:
      Did not match:
         - @ConditionalOnProperty (spring.mvc.hiddenmethod.filter.enabled) did not find property 'enabled' (OnPropertyCondition)

   WebMvcAutoConfiguration.ProblemDetailsErrorHandlingConfiguration:
      Did not match:
         - @ConditionalOnProperty (spring.mvc.problemdetails.enabled=true) did not find property 'enabled' (OnPropertyCondition)

   WebMvcAutoConfiguration.ResourceChainCustomizerConfiguration:
      Did not match:
         - @ConditionalOnEnabledResourceChain did not find class org.webjars.WebJarVersionLocator (OnEnabledResourceChainCondition)

   WebMvcAutoConfiguration.WebMvcAutoConfigurationAdapter#beanNameViewResolver:
      Did not match:
         - @ConditionalOnMissingBean (types: org.springframework.web.servlet.view.BeanNameViewResolver; SearchStrategy: all) found beans of type 'org.springframework.web.servlet.view.BeanNameViewResolver' beanNameViewResolver (OnBeanCondition)

   WebServiceTemplateAutoConfiguration:
      Did not match:
         - @ConditionalOnClass did not find required class 'org.springframework.oxm.Marshaller' (OnClassCondition)

   WebServicesAutoConfiguration:
      Did not match:
         - @ConditionalOnClass did not find required class 'org.springframework.ws.transport.http.MessageDispatcherServlet' (OnClassCondition)

   WebSessionIdResolverAutoConfiguration:
      Did not match:
         - @ConditionalOnClass did not find required class 'reactor.core.publisher.Mono' (OnClassCondition)

   WebSocketReactiveAutoConfiguration:
      Did not match:
         - @ConditionalOnWebApplication did not find reactive web application classes (OnWebApplicationCondition)

   WebSocketServletAutoConfiguration.JettyWebSocketConfiguration:
      Did not match:
         - @ConditionalOnClass did not find required class 'org.eclipse.jetty.ee10.websocket.jakarta.server.config.JakartaWebSocketServletContainerInitializer' (OnClassCondition)

   WebSocketServletAutoConfiguration.UndertowWebSocketConfiguration:
      Did not match:
         - @ConditionalOnClass did not find required class 'io.undertow.websockets.jsr.Bootstrap' (OnClassCondition)

   XADataSourceAutoConfiguration:
      Did not match:
         - @ConditionalOnBean (types: org.springframework.boot.jdbc.XADataSourceWrapper; SearchStrategy: all) did not find any beans of type org.springframework.boot.jdbc.XADataSourceWrapper (OnBeanCondition)
      Matched:
         - @ConditionalOnClass found required classes 'javax.sql.DataSource', 'jakarta.transaction.TransactionManager', 'org.springframework.jdbc.datasource.embedded.EmbeddedDatabaseType' (OnClassCondition)


Exclusions:
-----------

    None


Unconditional classes:
----------------------

    org.springframework.boot.autoconfigure.context.ConfigurationPropertiesAutoConfiguration

    org.springframework.boot.autoconfigure.ssl.SslAutoConfiguration

    org.springframework.boot.autoconfigure.context.LifecycleAutoConfiguration

    org.springframework.boot.autoconfigure.context.PropertyPlaceholderAutoConfiguration

    org.springframework.boot.autoconfigure.availability.ApplicationAvailabilityAutoConfiguration

    org.springframework.boot.autoconfigure.info.ProjectInfoAutoConfiguration



2026-09-13T23:36:08.950+07:00  INFO 16684 --- [tea-attendance-api] [           main] com.trasua.TeaAttendanceApplication      : Started TeaAttendanceApplication in 29.275 seconds (process running for 30.295)
2026-09-13T23:36:08.956+07:00 DEBUG 16684 --- [tea-attendance-api] [           main] o.s.b.a.ApplicationAvailabilityBean      : Application availability state LivenessState changed to CORRECT
2026-09-13T23:36:09.472+07:00 DEBUG 16684 --- [tea-attendance-api] [           main] org.hibernate.SQL                        : 
    select
        count(*) 
    from
        members m1_0
2026-09-13T23:36:09.599+07:00 DEBUG 16684 --- [tea-attendance-api] [           main] o.s.b.a.ApplicationAvailabilityBean      : Application availability state ReadinessState changed to ACCEPTING_TRAFFIC
2026-09-13T23:36:13.530+07:00  INFO 16684 --- [tea-attendance-api] [nio-8080-exec-1] o.a.c.c.C.[Tomcat].[localhost].[/]       : Initializing Spring DispatcherServlet 'dispatcherServlet'
2026-09-13T23:36:13.532+07:00  INFO 16684 --- [tea-attendance-api] [nio-8080-exec-1] o.s.web.servlet.DispatcherServlet        : Initializing Servlet 'dispatcherServlet'
2026-09-13T23:36:13.532+07:00 DEBUG 16684 --- [tea-attendance-api] [nio-8080-exec-1] o.s.web.servlet.DispatcherServlet        : Detected StandardServletMultipartResolver
2026-09-13T23:36:13.533+07:00 DEBUG 16684 --- [tea-attendance-api] [nio-8080-exec-1] o.s.web.servlet.DispatcherServlet        : Detected AcceptHeaderLocaleResolver
2026-09-13T23:36:13.534+07:00 DEBUG 16684 --- [tea-attendance-api] [nio-8080-exec-1] o.s.web.servlet.DispatcherServlet        : Detected FixedThemeResolver
2026-09-13T23:36:13.540+07:00 DEBUG 16684 --- [tea-attendance-api] [nio-8080-exec-1] o.s.web.servlet.DispatcherServlet        : Detected org.springframework.web.servlet.view.DefaultRequestToViewNameTranslator@9d313fe
2026-09-13T23:36:13.541+07:00 DEBUG 16684 --- [tea-attendance-api] [nio-8080-exec-1] o.s.web.servlet.DispatcherServlet        : Detected org.springframework.web.servlet.support.SessionFlashMapManager@430ec0d7
2026-09-13T23:36:13.541+07:00 DEBUG 16684 --- [tea-attendance-api] [nio-8080-exec-1] o.s.web.servlet.DispatcherServlet        : enableLoggingRequestDetails='false': request parameters and headers will be masked to prevent unsafe logging of potentially sensitive data
2026-09-13T23:36:13.541+07:00  INFO 16684 --- [tea-attendance-api] [nio-8080-exec-1] o.s.web.servlet.DispatcherServlet        : Completed initialization in 9 ms
2026-09-13T23:36:13.573+07:00 DEBUG 16684 --- [tea-attendance-api] [nio-8080-exec-1] o.s.web.servlet.DispatcherServlet        : GET "/api/drinks", parameters={}
2026-09-13T23:36:13.598+07:00 DEBUG 16684 --- [tea-attendance-api] [nio-8080-exec-1] s.w.s.m.m.a.RequestMappingHandlerMapping : Mapped to com.trasua.api.DrinkCatalogController#list(boolean)
2026-09-13T23:36:13.691+07:00 DEBUG 16684 --- [tea-attendance-api] [nio-8080-exec-1] org.hibernate.SQL                        : 
    select
        dci1_0.id,
        dci1_0.active,
        dci1_0.created_at,
        dci1_0.icon,
        dci1_0.name,
        dci1_0.price,
        dci1_0.updated_at 
    from
        drink_catalog dci1_0 
    where
        dci1_0.active 
    order by
        dci1_0.name
2026-09-13T23:36:13.791+07:00 DEBUG 16684 --- [tea-attendance-api] [nio-8080-exec-1] m.m.a.RequestResponseBodyMethodProcessor : Using 'application/json', given [*/*] and supported [application/json, application/*+json]
2026-09-13T23:36:13.808+07:00 DEBUG 16684 --- [tea-attendance-api] [nio-8080-exec-1] m.m.a.RequestResponseBodyMethodProcessor : Writing [[DrinkCatalogResponse[id=5, name=Bac xiu, price=22000, icon=?, active=true], DrinkCatalogResponse[i (truncated)...]
2026-09-13T23:36:13.852+07:00 DEBUG 16684 --- [tea-attendance-api] [nio-8080-exec-1] o.s.web.servlet.DispatcherServlet        : Completed 200 OK
2026-09-13T23:36:53.335+07:00 DEBUG 16684 --- [tea-attendance-api] [nio-8080-exec-2] o.s.web.servlet.DispatcherServlet        : GET "/api/members", parameters={}
2026-09-13T23:36:53.335+07:00 DEBUG 16684 --- [tea-attendance-api] [nio-8080-exec-4] o.s.web.servlet.DispatcherServlet        : GET "/api/chat/messages", parameters={}
2026-09-13T23:36:53.336+07:00 DEBUG 16684 --- [tea-attendance-api] [nio-8080-exec-5] o.s.web.servlet.DispatcherServlet        : GET "/api/notifications?memberId=6", parameters={masked}
2026-09-13T23:36:53.336+07:00 DEBUG 16684 --- [tea-attendance-api] [nio-8080-exec-6] o.s.web.servlet.DispatcherServlet        : GET "/api/expenses/range?from=2026-09-07&to=2026-09-13", parameters={masked}
2026-09-13T23:36:53.336+07:00 DEBUG 16684 --- [tea-attendance-api] [nio-8080-exec-3] o.s.web.servlet.DispatcherServlet        : GET "/api/drinks?includeInactive=true", parameters={masked}
2026-09-13T23:36:53.337+07:00 DEBUG 16684 --- [tea-attendance-api] [nio-8080-exec-3] s.w.s.m.m.a.RequestMappingHandlerMapping : Mapped to com.trasua.api.DrinkCatalogController#list(boolean)
2026-09-13T23:36:53.337+07:00 DEBUG 16684 --- [tea-attendance-api] [nio-8080-exec-6] s.w.s.m.m.a.RequestMappingHandlerMapping : Mapped to com.trasua.api.ExpenseController#range(LocalDate, LocalDate)
2026-09-13T23:36:53.336+07:00 DEBUG 16684 --- [tea-attendance-api] [nio-8080-exec-2] s.w.s.m.m.a.RequestMappingHandlerMapping : Mapped to com.trasua.api.MemberController#list(boolean)
2026-09-13T23:36:53.337+07:00 DEBUG 16684 --- [tea-attendance-api] [nio-8080-exec-4] s.w.s.m.m.a.RequestMappingHandlerMapping : Mapped to com.trasua.api.ChatController#list(Instant, int)
2026-09-13T23:36:53.337+07:00 DEBUG 16684 --- [tea-attendance-api] [nio-8080-exec-5] s.w.s.m.m.a.RequestMappingHandlerMapping : Mapped to com.trasua.api.NotificationController#list(Long)
2026-09-13T23:36:53.395+07:00 DEBUG 16684 --- [tea-attendance-api] [nio-8080-exec-2] org.hibernate.SQL                        : 
    select
        m1_0.id,
        m1_0.account_name,
        m1_0.account_number,
        m1_0.active,
        m1_0.avatar_url,
        m1_0.bank_bin,
        m1_0.bank_name,
        m1_0.created_at,
        m1_0.display_name,
        m1_0.email,
        m1_0.password_hash,
        m1_0.qr_code_url,
        m1_0.reset_code_expires_at,
        m1_0.reset_code_hash,
        m1_0.role,
        m1_0.updated_at 
    from
        members m1_0 
    where
        m1_0.active 
    order by
        m1_0.display_name
2026-09-13T23:36:53.396+07:00 DEBUG 16684 --- [tea-attendance-api] [nio-8080-exec-3] org.hibernate.SQL                        : 
    select
        dci1_0.id,
        dci1_0.active,
        dci1_0.created_at,
        dci1_0.icon,
        dci1_0.name,
        dci1_0.price,
        dci1_0.updated_at 
    from
        drink_catalog dci1_0
2026-09-13T23:36:53.420+07:00 DEBUG 16684 --- [tea-attendance-api] [nio-8080-exec-4] org.hibernate.SQL                        : 
    select
        cm1_0.id,
        cm1_0.content,
        cm1_0.created_at,
        cm1_0.sender_member_id,
        s1_0.id,
        s1_0.account_name,
        s1_0.account_number,
        s1_0.active,
        s1_0.avatar_url,
        s1_0.bank_bin,
        s1_0.bank_name,
        s1_0.created_at,
        s1_0.display_name,
        s1_0.email,
        s1_0.password_hash,
        s1_0.qr_code_url,
        s1_0.reset_code_expires_at,
        s1_0.reset_code_hash,
        s1_0.role,
        s1_0.updated_at 
    from
        chat_messages cm1_0 
    join
        members s1_0 
            on s1_0.id=cm1_0.sender_member_id 
    order by
        cm1_0.created_at desc 
    limit
        ?
2026-09-13T23:36:53.428+07:00 DEBUG 16684 --- [tea-attendance-api] [nio-8080-exec-5] org.hibernate.SQL                        : 
    select
        n1_0.id,
        n1_0.body,
        n1_0.created_at,
        n1_0.read_at,
        n1_0.recipient_member_id,
        r1_0.id,
        r1_0.account_name,
        r1_0.account_number,
        r1_0.active,
        r1_0.avatar_url,
        r1_0.bank_bin,
        r1_0.bank_name,
        r1_0.created_at,
        r1_0.display_name,
        r1_0.email,
        r1_0.password_hash,
        r1_0.qr_code_url,
        r1_0.reset_code_expires_at,
        r1_0.reset_code_hash,
        r1_0.role,
        r1_0.updated_at,
        n1_0.settlement_id,
        n1_0.title,
        n1_0.transfer_id,
        n1_0.type 
    from
        notifications n1_0 
    join
        members r1_0 
            on r1_0.id=n1_0.recipient_member_id 
    where
        r1_0.id=? 
    order by
        n1_0.created_at desc
2026-09-13T23:36:53.435+07:00 DEBUG 16684 --- [tea-attendance-api] [nio-8080-exec-2] m.m.a.RequestResponseBodyMethodProcessor : Using 'application/json', given [*/*] and supported [application/json, application/*+json]
2026-09-13T23:36:53.440+07:00 DEBUG 16684 --- [tea-attendance-api] [nio-8080-exec-6] org.hibernate.SQL                        : 
    select
        distinct do1_0.id,
        do1_0.created_at,
        i1_0.order_id,
        i1_0.id,
        i1_0.consumer_member_id,
        c1_0.id,
        c1_0.account_name,
        c1_0.account_number,
        c1_0.active,
        c1_0.avatar_url,
        c1_0.bank_bin,
        c1_0.bank_name,
        c1_0.created_at,
        c1_0.display_name,
        c1_0.email,
        c1_0.password_hash,
        c1_0.qr_code_url,
        c1_0.reset_code_expires_at,
        c1_0.reset_code_hash,
        c1_0.role,
        c1_0.updated_at,
        i1_0.drink_name,
        i1_0.line_total,
        i1_0.quantity,
        i1_0.unit_price,
        do1_0.note,
        do1_0.order_date,
        do1_0.payer_member_id,
        p1_0.id,
        p1_0.account_name,
        p1_0.account_number,
        p1_0.active,
        p1_0.avatar_url,
        p1_0.bank_bin,
        p1_0.bank_name,
        p1_0.created_at,
        p1_0.display_name,
        p1_0.email,
        p1_0.password_hash,
        p1_0.qr_code_url,
        p1_0.reset_code_expires_at,
        p1_0.reset_code_hash,
        p1_0.role,
        p1_0.updated_at,
        do1_0.total_amount,
        do1_0.updated_at 
    from
        drink_orders do1_0 
    join
        members p1_0 
            on p1_0.id=do1_0.payer_member_id 
    left join
        order_items i1_0 
            on do1_0.id=i1_0.order_id 
    left join
        members c1_0 
            on c1_0.id=i1_0.consumer_member_id 
    where
        do1_0.order_date between ? and ? 
    order by
        do1_0.order_date,
        do1_0.id
2026-09-13T23:36:53.441+07:00 DEBUG 16684 --- [tea-attendance-api] [nio-8080-exec-3] m.m.a.RequestResponseBodyMethodProcessor : Using 'application/json', given [*/*] and supported [application/json, application/*+json]
2026-09-13T23:36:53.442+07:00 DEBUG 16684 --- [tea-attendance-api] [nio-8080-exec-3] m.m.a.RequestResponseBodyMethodProcessor : Writing [[DrinkCatalogResponse[id=1, name=Tra da, price=5000, icon=?, active=true], DrinkCatalogResponse[id= (truncated)...]
2026-09-13T23:36:53.444+07:00 DEBUG 16684 --- [tea-attendance-api] [nio-8080-exec-3] o.s.web.servlet.DispatcherServlet        : Completed 200 OK
2026-09-13T23:36:53.450+07:00 DEBUG 16684 --- [tea-attendance-api] [nio-8080-exec-2] m.m.a.RequestResponseBodyMethodProcessor : Writing [[MemberResponse[id=4, displayName=H??ng, email=huong@example.test, bankName=Techcombank, bankBin=970 (truncated)...]
2026-09-13T23:36:53.453+07:00 DEBUG 16684 --- [tea-attendance-api] [nio-8080-exec-8] o.s.web.servlet.DispatcherServlet        : GET "/api/drinks?includeInactive=true", parameters={masked}
2026-09-13T23:36:53.454+07:00 DEBUG 16684 --- [tea-attendance-api] [nio-8080-exec-8] s.w.s.m.m.a.RequestMappingHandlerMapping : Mapped to com.trasua.api.DrinkCatalogController#list(boolean)
2026-09-13T23:36:53.462+07:00 DEBUG 16684 --- [tea-attendance-api] [nio-8080-exec-2] o.s.web.servlet.DispatcherServlet        : Completed 200 OK
2026-09-13T23:36:53.470+07:00 DEBUG 16684 --- [tea-attendance-api] [nio-8080-exec-8] org.hibernate.SQL                        : 
    select
        dci1_0.id,
        dci1_0.active,
        dci1_0.created_at,
        dci1_0.icon,
        dci1_0.name,
        dci1_0.price,
        dci1_0.updated_at 
    from
        drink_catalog dci1_0
2026-09-13T23:36:53.475+07:00 DEBUG 16684 --- [tea-attendance-api] [nio-8080-exec-9] o.s.web.servlet.DispatcherServlet        : GET "/api/members", parameters={}
2026-09-13T23:36:53.476+07:00 DEBUG 16684 --- [tea-attendance-api] [nio-8080-exec-9] s.w.s.m.m.a.RequestMappingHandlerMapping : Mapped to com.trasua.api.MemberController#list(boolean)
2026-09-13T23:36:53.495+07:00 DEBUG 16684 --- [tea-attendance-api] [nio-8080-exec-5] m.m.a.RequestResponseBodyMethodProcessor : Using 'application/json', given [*/*] and supported [application/json, application/*+json]
2026-09-13T23:36:53.495+07:00 DEBUG 16684 --- [tea-attendance-api] [nio-8080-exec-9] org.hibernate.SQL                        : 
    select
        m1_0.id,
        m1_0.account_name,
        m1_0.account_number,
        m1_0.active,
        m1_0.avatar_url,
        m1_0.bank_bin,
        m1_0.bank_name,
        m1_0.created_at,
        m1_0.display_name,
        m1_0.email,
        m1_0.password_hash,
        m1_0.qr_code_url,
        m1_0.reset_code_expires_at,
        m1_0.reset_code_hash,
        m1_0.role,
        m1_0.updated_at 
    from
        members m1_0 
    where
        m1_0.active 
    order by
        m1_0.display_name
2026-09-13T23:36:53.496+07:00 DEBUG 16684 --- [tea-attendance-api] [nio-8080-exec-5] m.m.a.RequestResponseBodyMethodProcessor : Writing [[]]
2026-09-13T23:36:53.498+07:00 DEBUG 16684 --- [tea-attendance-api] [nio-8080-exec-4] org.hibernate.SQL                        : 
    select
        a1_0.message_id,
        a1_0.id,
        a1_0.byte_size,
        a1_0.content_type,
        a1_0.created_at,
        a1_0.original_filename,
        a1_0.storage_key 
    from
        chat_attachments a1_0 
    where
        a1_0.message_id=? 
    order by
        a1_0.id
2026-09-13T23:36:53.505+07:00 DEBUG 16684 --- [tea-attendance-api] [nio-8080-exec-8] m.m.a.RequestResponseBodyMethodProcessor : Using 'application/json', given [*/*] and supported [application/json, application/*+json]
2026-09-13T23:36:53.505+07:00 DEBUG 16684 --- [tea-attendance-api] [nio-8080-exec-5] o.s.web.servlet.DispatcherServlet        : Completed 200 OK
2026-09-13T23:36:53.505+07:00 DEBUG 16684 --- [tea-attendance-api] [nio-8080-exec-8] m.m.a.RequestResponseBodyMethodProcessor : Writing [[DrinkCatalogResponse[id=1, name=Tra da, price=5000, icon=?, active=true], DrinkCatalogResponse[id= (truncated)...]
2026-09-13T23:36:53.507+07:00 DEBUG 16684 --- [tea-attendance-api] [nio-8080-exec-8] o.s.web.servlet.DispatcherServlet        : Completed 200 OK
2026-09-13T23:36:53.514+07:00 DEBUG 16684 --- [tea-attendance-api] [nio-8080-exec-7] o.s.web.servlet.DispatcherServlet        : GET "/api/notifications?memberId=6", parameters={masked}
2026-09-13T23:36:53.515+07:00 DEBUG 16684 --- [tea-attendance-api] [nio-8080-exec-7] s.w.s.m.m.a.RequestMappingHandlerMapping : Mapped to com.trasua.api.NotificationController#list(Long)
2026-09-13T23:36:53.516+07:00 DEBUG 16684 --- [tea-attendance-api] [nio-8080-exec-4] org.hibernate.SQL                        : 
    select
        a1_0.message_id,
        a1_0.id,
        a1_0.byte_size,
        a1_0.content_type,
        a1_0.created_at,
        a1_0.original_filename,
        a1_0.storage_key 
    from
        chat_attachments a1_0 
    where
        a1_0.message_id=? 
    order by
        a1_0.id
2026-09-13T23:36:53.523+07:00 DEBUG 16684 --- [tea-attendance-api] [nio-8080-exec-4] org.hibernate.SQL                        : 
    select
        a1_0.message_id,
        a1_0.id,
        a1_0.byte_size,
        a1_0.content_type,
        a1_0.created_at,
        a1_0.original_filename,
        a1_0.storage_key 
    from
        chat_attachments a1_0 
    where
        a1_0.message_id=? 
    order by
        a1_0.id
2026-09-13T23:36:53.529+07:00 DEBUG 16684 --- [tea-attendance-api] [nio-8080-exec-4] org.hibernate.SQL                        : 
    select
        a1_0.message_id,
        a1_0.id,
        a1_0.byte_size,
        a1_0.content_type,
        a1_0.created_at,
        a1_0.original_filename,
        a1_0.storage_key 
    from
        chat_attachments a1_0 
    where
        a1_0.message_id=? 
    order by
        a1_0.id
2026-09-13T23:36:53.531+07:00 DEBUG 16684 --- [tea-attendance-api] [nio-8080-exec-7] org.hibernate.SQL                        : 
    select
        n1_0.id,
        n1_0.body,
        n1_0.created_at,
        n1_0.read_at,
        n1_0.recipient_member_id,
        r1_0.id,
        r1_0.account_name,
        r1_0.account_number,
        r1_0.active,
        r1_0.avatar_url,
        r1_0.bank_bin,
        r1_0.bank_name,
        r1_0.created_at,
        r1_0.display_name,
        r1_0.email,
        r1_0.password_hash,
        r1_0.qr_code_url,
        r1_0.reset_code_expires_at,
        r1_0.reset_code_hash,
        r1_0.role,
        r1_0.updated_at,
        n1_0.settlement_id,
        n1_0.title,
        n1_0.transfer_id,
        n1_0.type 
    from
        notifications n1_0 
    join
        members r1_0 
            on r1_0.id=n1_0.recipient_member_id 
    where
        r1_0.id=? 
    order by
        n1_0.created_at desc
2026-09-13T23:36:53.531+07:00 DEBUG 16684 --- [tea-attendance-api] [nio-8080-exec-9] m.m.a.RequestResponseBodyMethodProcessor : Using 'application/json', given [*/*] and supported [application/json, application/*+json]
2026-09-13T23:36:53.533+07:00 DEBUG 16684 --- [tea-attendance-api] [nio-8080-exec-9] m.m.a.RequestResponseBodyMethodProcessor : Writing [[MemberResponse[id=4, displayName=H??ng, email=huong@example.test, bankName=Techcombank, bankBin=970 (truncated)...]
2026-09-13T23:36:53.536+07:00 DEBUG 16684 --- [tea-attendance-api] [nio-8080-exec-9] o.s.web.servlet.DispatcherServlet        : Completed 200 OK
2026-09-13T23:36:53.549+07:00 DEBUG 16684 --- [tea-attendance-api] [nio-8080-exec-7] m.m.a.RequestResponseBodyMethodProcessor : Using 'application/json', given [*/*] and supported [application/json, application/*+json]
2026-09-13T23:36:53.550+07:00 DEBUG 16684 --- [tea-attendance-api] [nio-8080-exec-7] m.m.a.RequestResponseBodyMethodProcessor : Writing [[]]
2026-09-13T23:36:53.551+07:00 DEBUG 16684 --- [tea-attendance-api] [nio-8080-exec-7] o.s.web.servlet.DispatcherServlet        : Completed 200 OK
2026-09-13T23:36:53.552+07:00 DEBUG 16684 --- [tea-attendance-api] [nio-8080-exec-4] m.m.a.RequestResponseBodyMethodProcessor : Using 'application/json', given [*/*] and supported [application/json, application/*+json]
2026-09-13T23:36:53.557+07:00 DEBUG 16684 --- [tea-attendance-api] [nio-8080-exec-4] m.m.a.RequestResponseBodyMethodProcessor : Writing [[ChatMessageResponse[id=2, sender=MemberBriefResponse[id=1, displayName=Minh Anh], content=alo, atta (truncated)...]
2026-09-13T23:36:53.571+07:00 DEBUG 16684 --- [tea-attendance-api] [nio-8080-exec-4] o.s.web.servlet.DispatcherServlet        : Completed 200 OK
2026-09-13T23:36:53.574+07:00 DEBUG 16684 --- [tea-attendance-api] [io-8080-exec-10] o.s.web.servlet.DispatcherServlet        : GET "/api/chat/messages", parameters={}
2026-09-13T23:36:53.575+07:00 DEBUG 16684 --- [tea-attendance-api] [io-8080-exec-10] s.w.s.m.m.a.RequestMappingHandlerMapping : Mapped to com.trasua.api.ChatController#list(Instant, int)
2026-09-13T23:36:53.578+07:00 DEBUG 16684 --- [tea-attendance-api] [nio-8080-exec-6] m.m.a.RequestResponseBodyMethodProcessor : Using 'application/json', given [*/*] and supported [application/json, application/*+json]
2026-09-13T23:36:53.584+07:00 DEBUG 16684 --- [tea-attendance-api] [io-8080-exec-10] org.hibernate.SQL                        : 
    select
        cm1_0.id,
        cm1_0.content,
        cm1_0.created_at,
        cm1_0.sender_member_id,
        s1_0.id,
        s1_0.account_name,
        s1_0.account_number,
        s1_0.active,
        s1_0.avatar_url,
        s1_0.bank_bin,
        s1_0.bank_name,
        s1_0.created_at,
        s1_0.display_name,
        s1_0.email,
        s1_0.password_hash,
        s1_0.qr_code_url,
        s1_0.reset_code_expires_at,
        s1_0.reset_code_hash,
        s1_0.role,
        s1_0.updated_at 
    from
        chat_messages cm1_0 
    join
        members s1_0 
            on s1_0.id=cm1_0.sender_member_id 
    order by
        cm1_0.created_at desc 
    limit
        ?
2026-09-13T23:36:53.592+07:00 DEBUG 16684 --- [tea-attendance-api] [io-8080-exec-10] org.hibernate.SQL                        : 
    select
        a1_0.message_id,
        a1_0.id,
        a1_0.byte_size,
        a1_0.content_type,
        a1_0.created_at,
        a1_0.original_filename,
        a1_0.storage_key 
    from
        chat_attachments a1_0 
    where
        a1_0.message_id=? 
    order by
        a1_0.id
2026-09-13T23:36:53.593+07:00 DEBUG 16684 --- [tea-attendance-api] [nio-8080-exec-6] m.m.a.RequestResponseBodyMethodProcessor : Writing [[ExpenseResponse[id=1, orderDate=2026-09-12, payer=MemberBriefResponse[id=2, displayName=Linh Chi],  (truncated)...]
2026-09-13T23:36:53.597+07:00 DEBUG 16684 --- [tea-attendance-api] [io-8080-exec-10] org.hibernate.SQL                        : 
    select
        a1_0.message_id,
        a1_0.id,
        a1_0.byte_size,
        a1_0.content_type,
        a1_0.created_at,
        a1_0.original_filename,
        a1_0.storage_key 
    from
        chat_attachments a1_0 
    where
        a1_0.message_id=? 
    order by
        a1_0.id
2026-09-13T23:36:53.603+07:00 DEBUG 16684 --- [tea-attendance-api] [io-8080-exec-10] org.hibernate.SQL                        : 
    select
        a1_0.message_id,
        a1_0.id,
        a1_0.byte_size,
        a1_0.content_type,
        a1_0.created_at,
        a1_0.original_filename,
        a1_0.storage_key 
    from
        chat_attachments a1_0 
    where
        a1_0.message_id=? 
    order by
        a1_0.id
2026-09-13T23:36:53.608+07:00 DEBUG 16684 --- [tea-attendance-api] [nio-8080-exec-6] o.s.web.servlet.DispatcherServlet        : Completed 200 OK
2026-09-13T23:36:53.611+07:00 DEBUG 16684 --- [tea-attendance-api] [io-8080-exec-10] org.hibernate.SQL                        : 
    select
        a1_0.message_id,
        a1_0.id,
        a1_0.byte_size,
        a1_0.content_type,
        a1_0.created_at,
        a1_0.original_filename,
        a1_0.storage_key 
    from
        chat_attachments a1_0 
    where
        a1_0.message_id=? 
    order by
        a1_0.id
2026-09-13T23:36:53.612+07:00 DEBUG 16684 --- [tea-attendance-api] [nio-8080-exec-1] o.s.web.servlet.DispatcherServlet        : GET "/api/expenses/range?from=2026-09-07&to=2026-09-13", parameters={masked}
2026-09-13T23:36:53.612+07:00 DEBUG 16684 --- [tea-attendance-api] [nio-8080-exec-1] s.w.s.m.m.a.RequestMappingHandlerMapping : Mapped to com.trasua.api.ExpenseController#range(LocalDate, LocalDate)
2026-09-13T23:36:53.630+07:00 DEBUG 16684 --- [tea-attendance-api] [nio-8080-exec-1] org.hibernate.SQL                        : 
    select
        distinct do1_0.id,
        do1_0.created_at,
        i1_0.order_id,
        i1_0.id,
        i1_0.consumer_member_id,
        c1_0.id,
        c1_0.account_name,
        c1_0.account_number,
        c1_0.active,
        c1_0.avatar_url,
        c1_0.bank_bin,
        c1_0.bank_name,
        c1_0.created_at,
        c1_0.display_name,
        c1_0.email,
        c1_0.password_hash,
        c1_0.qr_code_url,
        c1_0.reset_code_expires_at,
        c1_0.reset_code_hash,
        c1_0.role,
        c1_0.updated_at,
        i1_0.drink_name,
        i1_0.line_total,
        i1_0.quantity,
        i1_0.unit_price,
        do1_0.note,
        do1_0.order_date,
        do1_0.payer_member_id,
        p1_0.id,
        p1_0.account_name,
        p1_0.account_number,
        p1_0.active,
        p1_0.avatar_url,
        p1_0.bank_bin,
        p1_0.bank_name,
        p1_0.created_at,
        p1_0.display_name,
        p1_0.email,
        p1_0.password_hash,
        p1_0.qr_code_url,
        p1_0.reset_code_expires_at,
        p1_0.reset_code_hash,
        p1_0.role,
        p1_0.updated_at,
        do1_0.total_amount,
        do1_0.updated_at 
    from
        drink_orders do1_0 
    join
        members p1_0 
            on p1_0.id=do1_0.payer_member_id 
    left join
        order_items i1_0 
            on do1_0.id=i1_0.order_id 
    left join
        members c1_0 
            on c1_0.id=i1_0.consumer_member_id 
    where
        do1_0.order_date between ? and ? 
    order by
        do1_0.order_date,
        do1_0.id
2026-09-13T23:36:53.639+07:00 DEBUG 16684 --- [tea-attendance-api] [io-8080-exec-10] m.m.a.RequestResponseBodyMethodProcessor : Using 'application/json', given [*/*] and supported [application/json, application/*+json]
2026-09-13T23:36:53.640+07:00 DEBUG 16684 --- [tea-attendance-api] [io-8080-exec-10] m.m.a.RequestResponseBodyMethodProcessor : Writing [[ChatMessageResponse[id=2, sender=MemberBriefResponse[id=1, displayName=Minh Anh], content=alo, atta (truncated)...]
2026-09-13T23:36:53.642+07:00 DEBUG 16684 --- [tea-attendance-api] [io-8080-exec-10] o.s.web.servlet.DispatcherServlet        : Completed 200 OK
2026-09-13T23:36:53.671+07:00 DEBUG 16684 --- [tea-attendance-api] [nio-8080-exec-1] m.m.a.RequestResponseBodyMethodProcessor : Using 'application/json', given [*/*] and supported [application/json, application/*+json]
2026-09-13T23:36:53.672+07:00 DEBUG 16684 --- [tea-attendance-api] [nio-8080-exec-1] m.m.a.RequestResponseBodyMethodProcessor : Writing [[ExpenseResponse[id=1, orderDate=2026-09-12, payer=MemberBriefResponse[id=2, displayName=Linh Chi],  (truncated)...]
2026-09-13T23:36:53.674+07:00 DEBUG 16684 --- [tea-attendance-api] [nio-8080-exec-1] o.s.web.servlet.DispatcherServlet        : Completed 200 OK
2026-09-13T23:37:08.794+07:00  INFO 16684 --- [tea-attendance-api] [MessageBroker-1] o.s.w.s.c.WebSocketMessageBrokerStats    : WebSocketSession[0 current WS(0)-HttpStream(0)-HttpPoll(0), 0 total, 0 closed abnormally (0 connect failure, 0 send limit, 0 transport error)], stompSubProtocol[processed CONNECT(0)-CONNECTED(0)-DISCONNECT(0)], stompBrokerRelay[null], inboundChannel[pool size = 0, active threads = 0, queued tasks = 0, completed tasks = 0], outboundChannel[pool size = 0, active threads = 0, queued tasks = 0, completed tasks = 0], sockJsScheduler[pool size = 2, active threads = 1, queued tasks = 1, completed tasks = 0]
2026-09-13T23:37:11.891+07:00 DEBUG 16684 --- [tea-attendance-api] [nio-8080-exec-3] o.s.web.servlet.DispatcherServlet        : OPTIONS "/api/members", parameters={}
2026-09-13T23:37:11.893+07:00 DEBUG 16684 --- [tea-attendance-api] [nio-8080-exec-2] o.s.web.servlet.DispatcherServlet        : OPTIONS "/api/drinks?includeInactive=true", parameters={masked}
2026-09-13T23:37:11.894+07:00 DEBUG 16684 --- [tea-attendance-api] [nio-8080-exec-5] o.s.web.servlet.DispatcherServlet        : OPTIONS "/api/expenses/range?from=2026-09-07&to=2026-09-13", parameters={masked}
2026-09-13T23:37:11.895+07:00 DEBUG 16684 --- [tea-attendance-api] [nio-8080-exec-3] s.w.s.m.m.a.RequestMappingHandlerMapping : Mapped to com.trasua.api.MemberController#list(boolean)
2026-09-13T23:37:11.895+07:00 DEBUG 16684 --- [tea-attendance-api] [nio-8080-exec-2] s.w.s.m.m.a.RequestMappingHandlerMapping : Mapped to com.trasua.api.DrinkCatalogController#list(boolean)
2026-09-13T23:37:11.895+07:00 DEBUG 16684 --- [tea-attendance-api] [nio-8080-exec-5] s.w.s.m.m.a.RequestMappingHandlerMapping : Mapped to com.trasua.api.ExpenseController#range(LocalDate, LocalDate)
2026-09-13T23:37:11.896+07:00 DEBUG 16684 --- [tea-attendance-api] [nio-8080-exec-8] o.s.web.servlet.DispatcherServlet        : OPTIONS "/api/chat/messages", parameters={}
2026-09-13T23:37:11.897+07:00 DEBUG 16684 --- [tea-attendance-api] [nio-8080-exec-8] s.w.s.m.m.a.RequestMappingHandlerMapping : Mapped to com.trasua.api.ChatController#list(Instant, int)
2026-09-13T23:37:11.897+07:00 DEBUG 16684 --- [tea-attendance-api] [nio-8080-exec-5] o.s.web.servlet.DispatcherServlet        : Completed 200 OK
2026-09-13T23:37:11.897+07:00 DEBUG 16684 --- [tea-attendance-api] [nio-8080-exec-3] o.s.web.servlet.DispatcherServlet        : Completed 200 OK
2026-09-13T23:37:11.897+07:00 DEBUG 16684 --- [tea-attendance-api] [nio-8080-exec-2] o.s.web.servlet.DispatcherServlet        : Completed 200 OK
2026-09-13T23:37:11.898+07:00 DEBUG 16684 --- [tea-attendance-api] [nio-8080-exec-8] o.s.web.servlet.DispatcherServlet        : Completed 200 OK
2026-09-13T23:37:11.898+07:00 DEBUG 16684 --- [tea-attendance-api] [nio-8080-exec-9] o.s.web.servlet.DispatcherServlet        : OPTIONS "/api/notifications?memberId=6", parameters={masked}
2026-09-13T23:37:11.898+07:00 DEBUG 16684 --- [tea-attendance-api] [nio-8080-exec-7] o.s.web.servlet.DispatcherServlet        : OPTIONS "/api/members", parameters={}
2026-09-13T23:37:11.898+07:00 DEBUG 16684 --- [tea-attendance-api] [nio-8080-exec-9] s.w.s.m.m.a.RequestMappingHandlerMapping : Mapped to com.trasua.api.NotificationController#list(Long)
2026-09-13T23:37:11.898+07:00 DEBUG 16684 --- [tea-attendance-api] [nio-8080-exec-7] s.w.s.m.m.a.RequestMappingHandlerMapping : Mapped to com.trasua.api.MemberController#list(boolean)
2026-09-13T23:37:11.899+07:00 DEBUG 16684 --- [tea-attendance-api] [nio-8080-exec-9] o.s.web.servlet.DispatcherServlet        : Completed 200 OK
2026-09-13T23:37:11.899+07:00 DEBUG 16684 --- [tea-attendance-api] [nio-8080-exec-7] o.s.web.servlet.DispatcherServlet        : Completed 200 OK
2026-09-13T23:37:11.907+07:00 DEBUG 16684 --- [tea-attendance-api] [nio-8080-exec-4] o.s.web.servlet.DispatcherServlet        : OPTIONS "/api/drinks?includeInactive=true", parameters={masked}
2026-09-13T23:37:11.908+07:00 DEBUG 16684 --- [tea-attendance-api] [nio-8080-exec-4] s.w.s.m.m.a.RequestMappingHandlerMapping : Mapped to com.trasua.api.DrinkCatalogController#list(boolean)
2026-09-13T23:37:11.909+07:00 DEBUG 16684 --- [tea-attendance-api] [nio-8080-exec-6] o.s.web.servlet.DispatcherServlet        : OPTIONS "/api/expenses/range?from=2026-09-07&to=2026-09-13", parameters={masked}
2026-09-13T23:37:11.909+07:00 DEBUG 16684 --- [tea-attendance-api] [io-8080-exec-10] o.s.web.servlet.DispatcherServlet        : OPTIONS "/api/chat/messages", parameters={}
2026-09-13T23:37:11.909+07:00 DEBUG 16684 --- [tea-attendance-api] [nio-8080-exec-1] o.s.web.servlet.DispatcherServlet        : OPTIONS "/api/notifications?memberId=6", parameters={masked}
2026-09-13T23:37:11.909+07:00 DEBUG 16684 --- [tea-attendance-api] [nio-8080-exec-4] o.s.web.servlet.DispatcherServlet        : Completed 200 OK
2026-09-13T23:37:11.909+07:00 DEBUG 16684 --- [tea-attendance-api] [io-8080-exec-10] s.w.s.m.m.a.RequestMappingHandlerMapping : Mapped to com.trasua.api.ChatController#list(Instant, int)
2026-09-13T23:37:11.909+07:00 DEBUG 16684 --- [tea-attendance-api] [nio-8080-exec-6] s.w.s.m.m.a.RequestMappingHandlerMapping : Mapped to com.trasua.api.ExpenseController#range(LocalDate, LocalDate)
2026-09-13T23:37:11.909+07:00 DEBUG 16684 --- [tea-attendance-api] [nio-8080-exec-1] s.w.s.m.m.a.RequestMappingHandlerMapping : Mapped to com.trasua.api.NotificationController#list(Long)
2026-09-13T23:37:11.910+07:00 DEBUG 16684 --- [tea-attendance-api] [io-8080-exec-10] o.s.web.servlet.DispatcherServlet        : Completed 200 OK
2026-09-13T23:37:11.910+07:00 DEBUG 16684 --- [tea-attendance-api] [nio-8080-exec-1] o.s.web.servlet.DispatcherServlet        : Completed 200 OK
2026-09-13T23:37:11.910+07:00 DEBUG 16684 --- [tea-attendance-api] [nio-8080-exec-6] o.s.web.servlet.DispatcherServlet        : Completed 200 OK
2026-09-13T23:37:11.912+07:00 DEBUG 16684 --- [tea-attendance-api] [nio-8080-exec-2] o.s.web.servlet.DispatcherServlet        : GET "/api/members", parameters={}
2026-09-13T23:37:11.912+07:00 DEBUG 16684 --- [tea-attendance-api] [nio-8080-exec-3] o.s.web.servlet.DispatcherServlet        : GET "/api/drinks?includeInactive=true", parameters={masked}
2026-09-13T23:37:11.912+07:00 DEBUG 16684 --- [tea-attendance-api] [nio-8080-exec-3] s.w.s.m.m.a.RequestMappingHandlerMapping : Mapped to com.trasua.api.DrinkCatalogController#list(boolean)
2026-09-13T23:37:11.912+07:00 DEBUG 16684 --- [tea-attendance-api] [nio-8080-exec-2] s.w.s.m.m.a.RequestMappingHandlerMapping : Mapped to com.trasua.api.MemberController#list(boolean)
2026-09-13T23:37:11.916+07:00 DEBUG 16684 --- [tea-attendance-api] [nio-8080-exec-7] o.s.web.servlet.DispatcherServlet        : GET "/api/members", parameters={}
2026-09-13T23:37:11.916+07:00 DEBUG 16684 --- [tea-attendance-api] [nio-8080-exec-9] o.s.web.servlet.DispatcherServlet        : GET "/api/notifications?memberId=6", parameters={masked}
2026-09-13T23:37:11.917+07:00 DEBUG 16684 --- [tea-attendance-api] [nio-8080-exec-7] s.w.s.m.m.a.RequestMappingHandlerMapping : Mapped to com.trasua.api.MemberController#list(boolean)
2026-09-13T23:37:11.917+07:00 DEBUG 16684 --- [tea-attendance-api] [nio-8080-exec-5] o.s.web.servlet.DispatcherServlet        : GET "/api/expenses/range?from=2026-09-07&to=2026-09-13", parameters={masked}
2026-09-13T23:37:11.917+07:00 DEBUG 16684 --- [tea-attendance-api] [nio-8080-exec-9] s.w.s.m.m.a.RequestMappingHandlerMapping : Mapped to com.trasua.api.NotificationController#list(Long)
2026-09-13T23:37:11.917+07:00 DEBUG 16684 --- [tea-attendance-api] [nio-8080-exec-5] s.w.s.m.m.a.RequestMappingHandlerMapping : Mapped to com.trasua.api.ExpenseController#range(LocalDate, LocalDate)
2026-09-13T23:37:11.918+07:00 DEBUG 16684 --- [tea-attendance-api] [nio-8080-exec-8] o.s.web.servlet.DispatcherServlet        : GET "/api/chat/messages", parameters={}
2026-09-13T23:37:11.919+07:00 DEBUG 16684 --- [tea-attendance-api] [nio-8080-exec-8] s.w.s.m.m.a.RequestMappingHandlerMapping : Mapped to com.trasua.api.ChatController#list(Instant, int)
2026-09-13T23:37:11.931+07:00 DEBUG 16684 --- [tea-attendance-api] [nio-8080-exec-9] org.hibernate.SQL                        : 
    select
        n1_0.id,
        n1_0.body,
        n1_0.created_at,
        n1_0.read_at,
        n1_0.recipient_member_id,
        r1_0.id,
        r1_0.account_name,
        r1_0.account_number,
        r1_0.active,
        r1_0.avatar_url,
        r1_0.bank_bin,
        r1_0.bank_name,
        r1_0.created_at,
        r1_0.display_name,
        r1_0.email,
        r1_0.password_hash,
        r1_0.qr_code_url,
        r1_0.reset_code_expires_at,
        r1_0.reset_code_hash,
        r1_0.role,
        r1_0.updated_at,
        n1_0.settlement_id,
        n1_0.title,
        n1_0.transfer_id,
        n1_0.type 
    from
        notifications n1_0 
    join
        members r1_0 
            on r1_0.id=n1_0.recipient_member_id 
    where
        r1_0.id=? 
    order by
        n1_0.created_at desc
2026-09-13T23:37:11.931+07:00 DEBUG 16684 --- [tea-attendance-api] [nio-8080-exec-8] org.hibernate.SQL                        : 
    select
        cm1_0.id,
        cm1_0.content,
        cm1_0.created_at,
        cm1_0.sender_member_id,
        s1_0.id,
        s1_0.account_name,
        s1_0.account_number,
        s1_0.active,
        s1_0.avatar_url,
        s1_0.bank_bin,
        s1_0.bank_name,
        s1_0.created_at,
        s1_0.display_name,
        s1_0.email,
        s1_0.password_hash,
        s1_0.qr_code_url,
        s1_0.reset_code_expires_at,
        s1_0.reset_code_hash,
        s1_0.role,
        s1_0.updated_at 
    from
        chat_messages cm1_0 
    join
        members s1_0 
            on s1_0.id=cm1_0.sender_member_id 
    order by
        cm1_0.created_at desc 
    limit
        ?
2026-09-13T23:37:11.932+07:00 DEBUG 16684 --- [tea-attendance-api] [nio-8080-exec-3] org.hibernate.SQL                        : 
    select
        dci1_0.id,
        dci1_0.active,
        dci1_0.created_at,
        dci1_0.icon,
        dci1_0.name,
        dci1_0.price,
        dci1_0.updated_at 
    from
        drink_catalog dci1_0
2026-09-13T23:37:11.932+07:00 DEBUG 16684 --- [tea-attendance-api] [nio-8080-exec-2] org.hibernate.SQL                        : 
    select
        m1_0.id,
        m1_0.account_name,
        m1_0.account_number,
        m1_0.active,
        m1_0.avatar_url,
        m1_0.bank_bin,
        m1_0.bank_name,
        m1_0.created_at,
        m1_0.display_name,
        m1_0.email,
        m1_0.password_hash,
        m1_0.qr_code_url,
        m1_0.reset_code_expires_at,
        m1_0.reset_code_hash,
        m1_0.role,
        m1_0.updated_at 
    from
        members m1_0 
    where
        m1_0.active 
    order by
        m1_0.display_name
2026-09-13T23:37:11.933+07:00 DEBUG 16684 --- [tea-attendance-api] [nio-8080-exec-7] org.hibernate.SQL                        : 
    select
        m1_0.id,
        m1_0.account_name,
        m1_0.account_number,
        m1_0.active,
        m1_0.avatar_url,
        m1_0.bank_bin,
        m1_0.bank_name,
        m1_0.created_at,
        m1_0.display_name,
        m1_0.email,
        m1_0.password_hash,
        m1_0.qr_code_url,
        m1_0.reset_code_expires_at,
        m1_0.reset_code_hash,
        m1_0.role,
        m1_0.updated_at 
    from
        members m1_0 
    where
        m1_0.active 
    order by
        m1_0.display_name
2026-09-13T23:37:11.933+07:00 DEBUG 16684 --- [tea-attendance-api] [nio-8080-exec-5] org.hibernate.SQL                        : 
    select
        distinct do1_0.id,
        do1_0.created_at,
        i1_0.order_id,
        i1_0.id,
        i1_0.consumer_member_id,
        c1_0.id,
        c1_0.account_name,
        c1_0.account_number,
        c1_0.active,
        c1_0.avatar_url,
        c1_0.bank_bin,
        c1_0.bank_name,
        c1_0.created_at,
        c1_0.display_name,
        c1_0.email,
        c1_0.password_hash,
        c1_0.qr_code_url,
        c1_0.reset_code_expires_at,
        c1_0.reset_code_hash,
        c1_0.role,
        c1_0.updated_at,
        i1_0.drink_name,
        i1_0.line_total,
        i1_0.quantity,
        i1_0.unit_price,
        do1_0.note,
        do1_0.order_date,
        do1_0.payer_member_id,
        p1_0.id,
        p1_0.account_name,
        p1_0.account_number,
        p1_0.active,
        p1_0.avatar_url,
        p1_0.bank_bin,
        p1_0.bank_name,
        p1_0.created_at,
        p1_0.display_name,
        p1_0.email,
        p1_0.password_hash,
        p1_0.qr_code_url,
        p1_0.reset_code_expires_at,
        p1_0.reset_code_hash,
        p1_0.role,
        p1_0.updated_at,
        do1_0.total_amount,
        do1_0.updated_at 
    from
        drink_orders do1_0 
    join
        members p1_0 
            on p1_0.id=do1_0.payer_member_id 
    left join
        order_items i1_0 
            on do1_0.id=i1_0.order_id 
    left join
        members c1_0 
            on c1_0.id=i1_0.consumer_member_id 
    where
        do1_0.order_date between ? and ? 
    order by
        do1_0.order_date,
        do1_0.id
2026-09-13T23:37:11.948+07:00 DEBUG 16684 --- [tea-attendance-api] [nio-8080-exec-8] org.hibernate.SQL                        : 
    select
        a1_0.message_id,
        a1_0.id,
        a1_0.byte_size,
        a1_0.content_type,
        a1_0.created_at,
        a1_0.original_filename,
        a1_0.storage_key 
    from
        chat_attachments a1_0 
    where
        a1_0.message_id=? 
    order by
        a1_0.id
2026-09-13T23:37:11.954+07:00 DEBUG 16684 --- [tea-attendance-api] [nio-8080-exec-3] m.m.a.RequestResponseBodyMethodProcessor : Using 'application/json', given [*/*] and supported [application/json, application/*+json]
2026-09-13T23:37:11.954+07:00 DEBUG 16684 --- [tea-attendance-api] [nio-8080-exec-7] m.m.a.RequestResponseBodyMethodProcessor : Using 'application/json', given [*/*] and supported [application/json, application/*+json]
2026-09-13T23:37:11.954+07:00 DEBUG 16684 --- [tea-attendance-api] [nio-8080-exec-9] m.m.a.RequestResponseBodyMethodProcessor : Using 'application/json', given [*/*] and supported [application/json, application/*+json]
2026-09-13T23:37:11.954+07:00 DEBUG 16684 --- [tea-attendance-api] [nio-8080-exec-2] m.m.a.RequestResponseBodyMethodProcessor : Using 'application/json', given [*/*] and supported [application/json, application/*+json]
2026-09-13T23:37:11.954+07:00 DEBUG 16684 --- [tea-attendance-api] [nio-8080-exec-9] m.m.a.RequestResponseBodyMethodProcessor : Writing [[]]
2026-09-13T23:37:11.954+07:00 DEBUG 16684 --- [tea-attendance-api] [nio-8080-exec-3] m.m.a.RequestResponseBodyMethodProcessor : Writing [[DrinkCatalogResponse[id=1, name=Tra da, price=5000, icon=?, active=true], DrinkCatalogResponse[id= (truncated)...]
2026-09-13T23:37:11.954+07:00 DEBUG 16684 --- [tea-attendance-api] [nio-8080-exec-8] org.hibernate.SQL                        : 
    select
        a1_0.message_id,
        a1_0.id,
        a1_0.byte_size,
        a1_0.content_type,
        a1_0.created_at,
        a1_0.original_filename,
        a1_0.storage_key 
    from
        chat_attachments a1_0 
    where
        a1_0.message_id=? 
    order by
        a1_0.id
2026-09-13T23:37:11.954+07:00 DEBUG 16684 --- [tea-attendance-api] [nio-8080-exec-7] m.m.a.RequestResponseBodyMethodProcessor : Writing [[MemberResponse[id=4, displayName=H??ng, email=huong@example.test, bankName=Techcombank, bankBin=970 (truncated)...]
2026-09-13T23:37:11.955+07:00 DEBUG 16684 --- [tea-attendance-api] [nio-8080-exec-2] m.m.a.RequestResponseBodyMethodProcessor : Writing [[MemberResponse[id=4, displayName=H??ng, email=huong@example.test, bankName=Techcombank, bankBin=970 (truncated)...]
2026-09-13T23:37:11.956+07:00 DEBUG 16684 --- [tea-attendance-api] [nio-8080-exec-9] o.s.web.servlet.DispatcherServlet        : Completed 200 OK
2026-09-13T23:37:11.960+07:00 DEBUG 16684 --- [tea-attendance-api] [nio-8080-exec-3] o.s.web.servlet.DispatcherServlet        : Completed 200 OK
2026-09-13T23:37:11.960+07:00 DEBUG 16684 --- [tea-attendance-api] [nio-8080-exec-7] o.s.web.servlet.DispatcherServlet        : Completed 200 OK
2026-09-13T23:37:11.961+07:00 DEBUG 16684 --- [tea-attendance-api] [nio-8080-exec-2] o.s.web.servlet.DispatcherServlet        : Completed 200 OK
2026-09-13T23:37:11.964+07:00 DEBUG 16684 --- [tea-attendance-api] [nio-8080-exec-4] o.s.web.servlet.DispatcherServlet        : GET "/api/drinks?includeInactive=true", parameters={masked}
2026-09-13T23:37:11.964+07:00 DEBUG 16684 --- [tea-attendance-api] [nio-8080-exec-8] org.hibernate.SQL                        : 
    select
        a1_0.message_id,
        a1_0.id,
        a1_0.byte_size,
        a1_0.content_type,
        a1_0.created_at,
        a1_0.original_filename,
        a1_0.storage_key 
    from
        chat_attachments a1_0 
    where
        a1_0.message_id=? 
    order by
        a1_0.id
2026-09-13T23:37:11.965+07:00 DEBUG 16684 --- [tea-attendance-api] [nio-8080-exec-4] s.w.s.m.m.a.RequestMappingHandlerMapping : Mapped to com.trasua.api.DrinkCatalogController#list(boolean)
2026-09-13T23:37:11.967+07:00 DEBUG 16684 --- [tea-attendance-api] [io-8080-exec-10] o.s.web.servlet.DispatcherServlet        : GET "/api/chat/messages", parameters={}
2026-09-13T23:37:11.968+07:00 DEBUG 16684 --- [tea-attendance-api] [io-8080-exec-10] s.w.s.m.m.a.RequestMappingHandlerMapping : Mapped to com.trasua.api.ChatController#list(Instant, int)
2026-09-13T23:37:11.968+07:00 DEBUG 16684 --- [tea-attendance-api] [nio-8080-exec-6] o.s.web.servlet.DispatcherServlet        : GET "/api/expenses/range?from=2026-09-07&to=2026-09-13", parameters={masked}
2026-09-13T23:37:11.969+07:00 DEBUG 16684 --- [tea-attendance-api] [nio-8080-exec-6] s.w.s.m.m.a.RequestMappingHandlerMapping : Mapped to com.trasua.api.ExpenseController#range(LocalDate, LocalDate)
2026-09-13T23:37:11.972+07:00 DEBUG 16684 --- [tea-attendance-api] [nio-8080-exec-1] o.s.web.servlet.DispatcherServlet        : GET "/api/notifications?memberId=6", parameters={masked}
2026-09-13T23:37:11.973+07:00 DEBUG 16684 --- [tea-attendance-api] [nio-8080-exec-1] s.w.s.m.m.a.RequestMappingHandlerMapping : Mapped to com.trasua.api.NotificationController#list(Long)
2026-09-13T23:37:11.974+07:00 DEBUG 16684 --- [tea-attendance-api] [nio-8080-exec-8] org.hibernate.SQL                        : 
    select
        a1_0.message_id,
        a1_0.id,
        a1_0.byte_size,
        a1_0.content_type,
        a1_0.created_at,
        a1_0.original_filename,
        a1_0.storage_key 
    from
        chat_attachments a1_0 
    where
        a1_0.message_id=? 
    order by
        a1_0.id
2026-09-13T23:37:11.984+07:00 DEBUG 16684 --- [tea-attendance-api] [nio-8080-exec-4] org.hibernate.SQL                        : 
    select
        dci1_0.id,
        dci1_0.active,
        dci1_0.created_at,
        dci1_0.icon,
        dci1_0.name,
        dci1_0.price,
        dci1_0.updated_at 
    from
        drink_catalog dci1_0
2026-09-13T23:37:11.986+07:00 DEBUG 16684 --- [tea-attendance-api] [io-8080-exec-10] org.hibernate.SQL                        : 
    select
        cm1_0.id,
        cm1_0.content,
        cm1_0.created_at,
        cm1_0.sender_member_id,
        s1_0.id,
        s1_0.account_name,
        s1_0.account_number,
        s1_0.active,
        s1_0.avatar_url,
        s1_0.bank_bin,
        s1_0.bank_name,
        s1_0.created_at,
        s1_0.display_name,
        s1_0.email,
        s1_0.password_hash,
        s1_0.qr_code_url,
        s1_0.reset_code_expires_at,
        s1_0.reset_code_hash,
        s1_0.role,
        s1_0.updated_at 
    from
        chat_messages cm1_0 
    join
        members s1_0 
            on s1_0.id=cm1_0.sender_member_id 
    order by
        cm1_0.created_at desc 
    limit
        ?
2026-09-13T23:37:11.986+07:00 DEBUG 16684 --- [tea-attendance-api] [nio-8080-exec-6] org.hibernate.SQL                        : 
    select
        distinct do1_0.id,
        do1_0.created_at,
        i1_0.order_id,
        i1_0.id,
        i1_0.consumer_member_id,
        c1_0.id,
        c1_0.account_name,
        c1_0.account_number,
        c1_0.active,
        c1_0.avatar_url,
        c1_0.bank_bin,
        c1_0.bank_name,
        c1_0.created_at,
        c1_0.display_name,
        c1_0.email,
        c1_0.password_hash,
        c1_0.qr_code_url,
        c1_0.reset_code_expires_at,
        c1_0.reset_code_hash,
        c1_0.role,
        c1_0.updated_at,
        i1_0.drink_name,
        i1_0.line_total,
        i1_0.quantity,
        i1_0.unit_price,
        do1_0.note,
        do1_0.order_date,
        do1_0.payer_member_id,
        p1_0.id,
        p1_0.account_name,
        p1_0.account_number,
        p1_0.active,
        p1_0.avatar_url,
        p1_0.bank_bin,
        p1_0.bank_name,
        p1_0.created_at,
        p1_0.display_name,
        p1_0.email,
        p1_0.password_hash,
        p1_0.qr_code_url,
        p1_0.reset_code_expires_at,
        p1_0.reset_code_hash,
        p1_0.role,
        p1_0.updated_at,
        do1_0.total_amount,
        do1_0.updated_at 
    from
        drink_orders do1_0 
    join
        members p1_0 
            on p1_0.id=do1_0.payer_member_id 
    left join
        order_items i1_0 
            on do1_0.id=i1_0.order_id 
    left join
        members c1_0 
            on c1_0.id=i1_0.consumer_member_id 
    where
        do1_0.order_date between ? and ? 
    order by
        do1_0.order_date,
        do1_0.id
2026-09-13T23:37:11.990+07:00 DEBUG 16684 --- [tea-attendance-api] [nio-8080-exec-5] m.m.a.RequestResponseBodyMethodProcessor : Using 'application/json', given [*/*] and supported [application/json, application/*+json]
2026-09-13T23:37:11.990+07:00 DEBUG 16684 --- [tea-attendance-api] [nio-8080-exec-1] org.hibernate.SQL                        : 
    select
        n1_0.id,
        n1_0.body,
        n1_0.created_at,
        n1_0.read_at,
        n1_0.recipient_member_id,
        r1_0.id,
        r1_0.account_name,
        r1_0.account_number,
        r1_0.active,
        r1_0.avatar_url,
        r1_0.bank_bin,
        r1_0.bank_name,
        r1_0.created_at,
        r1_0.display_name,
        r1_0.email,
        r1_0.password_hash,
        r1_0.qr_code_url,
        r1_0.reset_code_expires_at,
        r1_0.reset_code_hash,
        r1_0.role,
        r1_0.updated_at,
        n1_0.settlement_id,
        n1_0.title,
        n1_0.transfer_id,
        n1_0.type 
    from
        notifications n1_0 
    join
        members r1_0 
            on r1_0.id=n1_0.recipient_member_id 
    where
        r1_0.id=? 
    order by
        n1_0.created_at desc
2026-09-13T23:37:11.993+07:00 DEBUG 16684 --- [tea-attendance-api] [nio-8080-exec-5] m.m.a.RequestResponseBodyMethodProcessor : Writing [[ExpenseResponse[id=1, orderDate=2026-09-12, payer=MemberBriefResponse[id=2, displayName=Linh Chi],  (truncated)...]
2026-09-13T23:37:11.996+07:00 DEBUG 16684 --- [tea-attendance-api] [nio-8080-exec-5] o.s.web.servlet.DispatcherServlet        : Completed 200 OK
2026-09-13T23:37:12.000+07:00 DEBUG 16684 --- [tea-attendance-api] [io-8080-exec-10] org.hibernate.SQL                        : 
    select
        a1_0.message_id,
        a1_0.id,
        a1_0.byte_size,
        a1_0.content_type,
        a1_0.created_at,
        a1_0.original_filename,
        a1_0.storage_key 
    from
        chat_attachments a1_0 
    where
        a1_0.message_id=? 
    order by
        a1_0.id
2026-09-13T23:37:12.008+07:00 DEBUG 16684 --- [tea-attendance-api] [nio-8080-exec-8] m.m.a.RequestResponseBodyMethodProcessor : Using 'application/json', given [*/*] and supported [application/json, application/*+json]
2026-09-13T23:37:12.008+07:00 DEBUG 16684 --- [tea-attendance-api] [io-8080-exec-10] org.hibernate.SQL                        : 
    select
        a1_0.message_id,
        a1_0.id,
        a1_0.byte_size,
        a1_0.content_type,
        a1_0.created_at,
        a1_0.original_filename,
        a1_0.storage_key 
    from
        chat_attachments a1_0 
    where
        a1_0.message_id=? 
    order by
        a1_0.id
2026-09-13T23:37:12.009+07:00 DEBUG 16684 --- [tea-attendance-api] [nio-8080-exec-8] m.m.a.RequestResponseBodyMethodProcessor : Writing [[ChatMessageResponse[id=2, sender=MemberBriefResponse[id=1, displayName=Minh Anh], content=alo, atta (truncated)...]
2026-09-13T23:37:12.010+07:00 DEBUG 16684 --- [tea-attendance-api] [nio-8080-exec-8] o.s.web.servlet.DispatcherServlet        : Completed 200 OK
2026-09-13T23:37:12.016+07:00 DEBUG 16684 --- [tea-attendance-api] [io-8080-exec-10] org.hibernate.SQL                        : 
    select
        a1_0.message_id,
        a1_0.id,
        a1_0.byte_size,
        a1_0.content_type,
        a1_0.created_at,
        a1_0.original_filename,
        a1_0.storage_key 
    from
        chat_attachments a1_0 
    where
        a1_0.message_id=? 
    order by
        a1_0.id
2026-09-13T23:37:12.017+07:00 DEBUG 16684 --- [tea-attendance-api] [nio-8080-exec-4] m.m.a.RequestResponseBodyMethodProcessor : Using 'application/json', given [*/*] and supported [application/json, application/*+json]
2026-09-13T23:37:12.018+07:00 DEBUG 16684 --- [tea-attendance-api] [nio-8080-exec-6] m.m.a.RequestResponseBodyMethodProcessor : Using 'application/json', given [*/*] and supported [application/json, application/*+json]
2026-09-13T23:37:12.018+07:00 DEBUG 16684 --- [tea-attendance-api] [nio-8080-exec-4] m.m.a.RequestResponseBodyMethodProcessor : Writing [[DrinkCatalogResponse[id=1, name=Tra da, price=5000, icon=?, active=true], DrinkCatalogResponse[id= (truncated)...]
2026-09-13T23:37:12.018+07:00 DEBUG 16684 --- [tea-attendance-api] [nio-8080-exec-6] m.m.a.RequestResponseBodyMethodProcessor : Writing [[ExpenseResponse[id=1, orderDate=2026-09-12, payer=MemberBriefResponse[id=2, displayName=Linh Chi],  (truncated)...]
2026-09-13T23:37:12.019+07:00 DEBUG 16684 --- [tea-attendance-api] [nio-8080-exec-4] o.s.web.servlet.DispatcherServlet        : Completed 200 OK
2026-09-13T23:37:12.022+07:00 DEBUG 16684 --- [tea-attendance-api] [nio-8080-exec-1] m.m.a.RequestResponseBodyMethodProcessor : Using 'application/json', given [*/*] and supported [application/json, application/*+json]
2026-09-13T23:37:12.023+07:00 DEBUG 16684 --- [tea-attendance-api] [io-8080-exec-10] org.hibernate.SQL                        : 
    select
        a1_0.message_id,
        a1_0.id,
        a1_0.byte_size,
        a1_0.content_type,
        a1_0.created_at,
        a1_0.original_filename,
        a1_0.storage_key 
    from
        chat_attachments a1_0 
    where
        a1_0.message_id=? 
    order by
        a1_0.id
2026-09-13T23:37:12.023+07:00 DEBUG 16684 --- [tea-attendance-api] [nio-8080-exec-1] m.m.a.RequestResponseBodyMethodProcessor : Writing [[]]
2026-09-13T23:37:12.023+07:00 DEBUG 16684 --- [tea-attendance-api] [nio-8080-exec-6] o.s.web.servlet.DispatcherServlet        : Completed 200 OK
2026-09-13T23:37:12.024+07:00 DEBUG 16684 --- [tea-attendance-api] [nio-8080-exec-1] o.s.web.servlet.DispatcherServlet        : Completed 200 OK
2026-09-13T23:37:12.036+07:00 DEBUG 16684 --- [tea-attendance-api] [io-8080-exec-10] m.m.a.RequestResponseBodyMethodProcessor : Using 'application/json', given [*/*] and supported [application/json, application/*+json]
2026-09-13T23:37:12.037+07:00 DEBUG 16684 --- [tea-attendance-api] [io-8080-exec-10] m.m.a.RequestResponseBodyMethodProcessor : Writing [[ChatMessageResponse[id=2, sender=MemberBriefResponse[id=1, displayName=Minh Anh], content=alo, atta (truncated)...]
2026-09-13T23:37:12.039+07:00 DEBUG 16684 --- [tea-attendance-api] [io-8080-exec-10] o.s.web.servlet.DispatcherServlet        : Completed 200 OK
2026-09-13T23:37:36.318+07:00 DEBUG 16684 --- [tea-attendance-api] [nio-8080-exec-9] o.s.web.servlet.DispatcherServlet        : POST "/api/auth/login", parameters={}
2026-09-13T23:37:36.319+07:00 DEBUG 16684 --- [tea-attendance-api] [nio-8080-exec-9] s.w.s.m.m.a.RequestMappingHandlerMapping : Mapped to com.trasua.api.AuthController#login(Login)
2026-09-13T23:37:36.354+07:00 DEBUG 16684 --- [tea-attendance-api] [nio-8080-exec-9] m.m.a.RequestResponseBodyMethodProcessor : Read "application/json;charset=UTF-8" to [Login[email=anh64004@gmail.com, password=123456789]]
2026-09-13T23:37:36.465+07:00 DEBUG 16684 --- [tea-attendance-api] [nio-8080-exec-9] org.hibernate.SQL                        : 
    select
        m1_0.id,
        m1_0.account_name,
        m1_0.account_number,
        m1_0.active,
        m1_0.avatar_url,
        m1_0.bank_bin,
        m1_0.bank_name,
        m1_0.created_at,
        m1_0.display_name,
        m1_0.email,
        m1_0.password_hash,
        m1_0.qr_code_url,
        m1_0.reset_code_expires_at,
        m1_0.reset_code_hash,
        m1_0.role,
        m1_0.updated_at 
    from
        members m1_0 
    where
        upper(m1_0.email)=upper(?)
2026-09-13T23:37:36.671+07:00 DEBUG 16684 --- [tea-attendance-api] [nio-8080-exec-9] org.hibernate.SQL                        : 
    insert 
    into
        auth_sessions
        (created_at, expires_at, member_id, token_hash) 
    values
        (?, ?, ?, ?)
2026-09-13T23:37:36.720+07:00 DEBUG 16684 --- [tea-attendance-api] [nio-8080-exec-9] m.m.a.RequestResponseBodyMethodProcessor : Using 'application/json', given [*/*] and supported [application/json, application/*+json]
2026-09-13T23:37:36.721+07:00 DEBUG 16684 --- [tea-attendance-api] [nio-8080-exec-9] m.m.a.RequestResponseBodyMethodProcessor : Writing [AuthResponse[token=165QqgO3TXEvgkQAjaIrQgnmK9BJviupp8wkDfdKibQ, member=MemberResponse[id=6, displayN (truncated)...]
2026-09-13T23:37:36.722+07:00 DEBUG 16684 --- [tea-attendance-api] [nio-8080-exec-9] o.s.web.servlet.DispatcherServlet        : Completed 200 OK
2026-09-13T23:37:36.732+07:00 DEBUG 16684 --- [tea-attendance-api] [nio-8080-exec-7] o.s.web.servlet.DispatcherServlet        : GET "/api/drinks?includeInactive=true", parameters={masked}
2026-09-13T23:37:36.733+07:00 DEBUG 16684 --- [tea-attendance-api] [nio-8080-exec-3] o.s.web.servlet.DispatcherServlet        : GET "/api/members", parameters={}
2026-09-13T23:37:36.733+07:00 DEBUG 16684 --- [tea-attendance-api] [nio-8080-exec-7] s.w.s.m.m.a.RequestMappingHandlerMapping : Mapped to com.trasua.api.DrinkCatalogController#list(boolean)
2026-09-13T23:37:36.733+07:00 DEBUG 16684 --- [tea-attendance-api] [nio-8080-exec-3] s.w.s.m.m.a.RequestMappingHandlerMapping : Mapped to com.trasua.api.MemberController#list(boolean)
2026-09-13T23:37:36.734+07:00 DEBUG 16684 --- [tea-attendance-api] [nio-8080-exec-2] o.s.web.servlet.DispatcherServlet        : GET "/api/expenses/range?from=2026-09-07&to=2026-09-13", parameters={masked}
2026-09-13T23:37:36.735+07:00 DEBUG 16684 --- [tea-attendance-api] [nio-8080-exec-2] s.w.s.m.m.a.RequestMappingHandlerMapping : Mapped to com.trasua.api.ExpenseController#range(LocalDate, LocalDate)
2026-09-13T23:37:36.739+07:00 DEBUG 16684 --- [tea-attendance-api] [nio-8080-exec-8] o.s.web.servlet.DispatcherServlet        : GET "/api/notifications?memberId=6", parameters={masked}
2026-09-13T23:37:36.739+07:00 DEBUG 16684 --- [tea-attendance-api] [nio-8080-exec-5] o.s.web.servlet.DispatcherServlet        : GET "/api/chat/messages", parameters={}
2026-09-13T23:37:36.740+07:00 DEBUG 16684 --- [tea-attendance-api] [nio-8080-exec-5] s.w.s.m.m.a.RequestMappingHandlerMapping : Mapped to com.trasua.api.ChatController#list(Instant, int)
2026-09-13T23:37:36.740+07:00 DEBUG 16684 --- [tea-attendance-api] [nio-8080-exec-8] s.w.s.m.m.a.RequestMappingHandlerMapping : Mapped to com.trasua.api.NotificationController#list(Long)
2026-09-13T23:37:36.749+07:00 DEBUG 16684 --- [tea-attendance-api] [nio-8080-exec-7] org.hibernate.SQL                        : 
    select
        dci1_0.id,
        dci1_0.active,
        dci1_0.created_at,
        dci1_0.icon,
        dci1_0.name,
        dci1_0.price,
        dci1_0.updated_at 
    from
        drink_catalog dci1_0
2026-09-13T23:37:36.750+07:00 DEBUG 16684 --- [tea-attendance-api] [nio-8080-exec-5] org.hibernate.SQL                        : 
    select
        cm1_0.id,
        cm1_0.content,
        cm1_0.created_at,
        cm1_0.sender_member_id,
        s1_0.id,
        s1_0.account_name,
        s1_0.account_number,
        s1_0.active,
        s1_0.avatar_url,
        s1_0.bank_bin,
        s1_0.bank_name,
        s1_0.created_at,
        s1_0.display_name,
        s1_0.email,
        s1_0.password_hash,
        s1_0.qr_code_url,
        s1_0.reset_code_expires_at,
        s1_0.reset_code_hash,
        s1_0.role,
        s1_0.updated_at 
    from
        chat_messages cm1_0 
    join
        members s1_0 
            on s1_0.id=cm1_0.sender_member_id 
    order by
        cm1_0.created_at desc 
    limit
        ?
2026-09-13T23:37:36.750+07:00 DEBUG 16684 --- [tea-attendance-api] [nio-8080-exec-8] org.hibernate.SQL                        : 
    select
        n1_0.id,
        n1_0.body,
        n1_0.created_at,
        n1_0.read_at,
        n1_0.recipient_member_id,
        r1_0.id,
        r1_0.account_name,
        r1_0.account_number,
        r1_0.active,
        r1_0.avatar_url,
        r1_0.bank_bin,
        r1_0.bank_name,
        r1_0.created_at,
        r1_0.display_name,
        r1_0.email,
        r1_0.password_hash,
        r1_0.qr_code_url,
        r1_0.reset_code_expires_at,
        r1_0.reset_code_hash,
        r1_0.role,
        r1_0.updated_at,
        n1_0.settlement_id,
        n1_0.title,
        n1_0.transfer_id,
        n1_0.type 
    from
        notifications n1_0 
    join
        members r1_0 
            on r1_0.id=n1_0.recipient_member_id 
    where
        r1_0.id=? 
    order by
        n1_0.created_at desc
2026-09-13T23:37:36.750+07:00 DEBUG 16684 --- [tea-attendance-api] [nio-8080-exec-2] org.hibernate.SQL                        : 
    select
        distinct do1_0.id,
        do1_0.created_at,
        i1_0.order_id,
        i1_0.id,
        i1_0.consumer_member_id,
        c1_0.id,
        c1_0.account_name,
        c1_0.account_number,
        c1_0.active,
        c1_0.avatar_url,
        c1_0.bank_bin,
        c1_0.bank_name,
        c1_0.created_at,
        c1_0.display_name,
        c1_0.email,
        c1_0.password_hash,
        c1_0.qr_code_url,
        c1_0.reset_code_expires_at,
        c1_0.reset_code_hash,
        c1_0.role,
        c1_0.updated_at,
        i1_0.drink_name,
        i1_0.line_total,
        i1_0.quantity,
        i1_0.unit_price,
        do1_0.note,
        do1_0.order_date,
        do1_0.payer_member_id,
        p1_0.id,
        p1_0.account_name,
        p1_0.account_number,
        p1_0.active,
        p1_0.avatar_url,
        p1_0.bank_bin,
        p1_0.bank_name,
        p1_0.created_at,
        p1_0.display_name,
        p1_0.email,
        p1_0.password_hash,
        p1_0.qr_code_url,
        p1_0.reset_code_expires_at,
        p1_0.reset_code_hash,
        p1_0.role,
        p1_0.updated_at,
        do1_0.total_amount,
        do1_0.updated_at 
    from
        drink_orders do1_0 
    join
        members p1_0 
            on p1_0.id=do1_0.payer_member_id 
    left join
        order_items i1_0 
            on do1_0.id=i1_0.order_id 
    left join
        members c1_0 
            on c1_0.id=i1_0.consumer_member_id 
    where
        do1_0.order_date between ? and ? 
    order by
        do1_0.order_date,
        do1_0.id
2026-09-13T23:37:36.751+07:00 DEBUG 16684 --- [tea-attendance-api] [nio-8080-exec-3] org.hibernate.SQL                        : 
    select
        m1_0.id,
        m1_0.account_name,
        m1_0.account_number,
        m1_0.active,
        m1_0.avatar_url,
        m1_0.bank_bin,
        m1_0.bank_name,
        m1_0.created_at,
        m1_0.display_name,
        m1_0.email,
        m1_0.password_hash,
        m1_0.qr_code_url,
        m1_0.reset_code_expires_at,
        m1_0.reset_code_hash,
        m1_0.role,
        m1_0.updated_at 
    from
        members m1_0 
    where
        m1_0.active 
    order by
        m1_0.display_name
2026-09-13T23:37:36.757+07:00 DEBUG 16684 --- [tea-attendance-api] [nio-8080-exec-5] org.hibernate.SQL                        : 
    select
        a1_0.message_id,
        a1_0.id,
        a1_0.byte_size,
        a1_0.content_type,
        a1_0.created_at,
        a1_0.original_filename,
        a1_0.storage_key 
    from
        chat_attachments a1_0 
    where
        a1_0.message_id=? 
    order by
        a1_0.id
2026-09-13T23:37:36.762+07:00 DEBUG 16684 --- [tea-attendance-api] [nio-8080-exec-5] org.hibernate.SQL                        : 
    select
        a1_0.message_id,
        a1_0.id,
        a1_0.byte_size,
        a1_0.content_type,
        a1_0.created_at,
        a1_0.original_filename,
        a1_0.storage_key 
    from
        chat_attachments a1_0 
    where
        a1_0.message_id=? 
    order by
        a1_0.id
2026-09-13T23:37:36.767+07:00 DEBUG 16684 --- [tea-attendance-api] [nio-8080-exec-8] m.m.a.RequestResponseBodyMethodProcessor : Using 'application/json', given [*/*] and supported [application/json, application/*+json]
2026-09-13T23:37:36.768+07:00 DEBUG 16684 --- [tea-attendance-api] [nio-8080-exec-5] org.hibernate.SQL                        : 
    select
        a1_0.message_id,
        a1_0.id,
        a1_0.byte_size,
        a1_0.content_type,
        a1_0.created_at,
        a1_0.original_filename,
        a1_0.storage_key 
    from
        chat_attachments a1_0 
    where
        a1_0.message_id=? 
    order by
        a1_0.id
2026-09-13T23:37:36.768+07:00 DEBUG 16684 --- [tea-attendance-api] [nio-8080-exec-8] m.m.a.RequestResponseBodyMethodProcessor : Writing [[]]
2026-09-13T23:37:36.769+07:00 DEBUG 16684 --- [tea-attendance-api] [nio-8080-exec-8] o.s.web.servlet.DispatcherServlet        : Completed 200 OK
2026-09-13T23:37:36.770+07:00 DEBUG 16684 --- [tea-attendance-api] [nio-8080-exec-3] m.m.a.RequestResponseBodyMethodProcessor : Using 'application/json', given [*/*] and supported [application/json, application/*+json]
2026-09-13T23:37:36.771+07:00 DEBUG 16684 --- [tea-attendance-api] [nio-8080-exec-7] m.m.a.RequestResponseBodyMethodProcessor : Using 'application/json', given [*/*] and supported [application/json, application/*+json]
2026-09-13T23:37:36.771+07:00 DEBUG 16684 --- [tea-attendance-api] [nio-8080-exec-3] m.m.a.RequestResponseBodyMethodProcessor : Writing [[MemberResponse[id=4, displayName=H??ng, email=huong@example.test, bankName=Techcombank, bankBin=970 (truncated)...]
2026-09-13T23:37:36.771+07:00 DEBUG 16684 --- [tea-attendance-api] [nio-8080-exec-7] m.m.a.RequestResponseBodyMethodProcessor : Writing [[DrinkCatalogResponse[id=1, name=Tra da, price=5000, icon=?, active=true], DrinkCatalogResponse[id= (truncated)...]
2026-09-13T23:37:36.772+07:00 DEBUG 16684 --- [tea-attendance-api] [nio-8080-exec-3] o.s.web.servlet.DispatcherServlet        : Completed 200 OK
2026-09-13T23:37:36.772+07:00 DEBUG 16684 --- [tea-attendance-api] [nio-8080-exec-7] o.s.web.servlet.DispatcherServlet        : Completed 200 OK
2026-09-13T23:37:36.772+07:00 DEBUG 16684 --- [tea-attendance-api] [nio-8080-exec-5] org.hibernate.SQL                        : 
    select
        a1_0.message_id,
        a1_0.id,
        a1_0.byte_size,
        a1_0.content_type,
        a1_0.created_at,
        a1_0.original_filename,
        a1_0.storage_key 
    from
        chat_attachments a1_0 
    where
        a1_0.message_id=? 
    order by
        a1_0.id
2026-09-13T23:37:36.775+07:00 DEBUG 16684 --- [tea-attendance-api] [nio-8080-exec-4] o.s.web.servlet.DispatcherServlet        : GET "/api/notifications?memberId=6", parameters={masked}
2026-09-13T23:37:36.775+07:00 DEBUG 16684 --- [tea-attendance-api] [nio-8080-exec-4] s.w.s.m.m.a.RequestMappingHandlerMapping : Mapped to com.trasua.api.NotificationController#list(Long)
2026-09-13T23:37:36.777+07:00 DEBUG 16684 --- [tea-attendance-api] [nio-8080-exec-2] m.m.a.RequestResponseBodyMethodProcessor : Using 'application/json', given [*/*] and supported [application/json, application/*+json]
2026-09-13T23:37:36.778+07:00 DEBUG 16684 --- [tea-attendance-api] [nio-8080-exec-2] m.m.a.RequestResponseBodyMethodProcessor : Writing [[ExpenseResponse[id=1, orderDate=2026-09-12, payer=MemberBriefResponse[id=2, displayName=Linh Chi],  (truncated)...]
2026-09-13T23:37:36.779+07:00 DEBUG 16684 --- [tea-attendance-api] [nio-8080-exec-2] o.s.web.servlet.DispatcherServlet        : Completed 200 OK
2026-09-13T23:37:36.780+07:00 DEBUG 16684 --- [tea-attendance-api] [nio-8080-exec-1] o.s.web.servlet.DispatcherServlet        : GET "/api/drinks?includeInactive=true", parameters={masked}
2026-09-13T23:37:36.780+07:00 DEBUG 16684 --- [tea-attendance-api] [nio-8080-exec-1] s.w.s.m.m.a.RequestMappingHandlerMapping : Mapped to com.trasua.api.DrinkCatalogController#list(boolean)
2026-09-13T23:37:36.781+07:00 DEBUG 16684 --- [tea-attendance-api] [nio-8080-exec-6] o.s.web.servlet.DispatcherServlet        : GET "/api/members", parameters={}
2026-09-13T23:37:36.781+07:00 DEBUG 16684 --- [tea-attendance-api] [nio-8080-exec-6] s.w.s.m.m.a.RequestMappingHandlerMapping : Mapped to com.trasua.api.MemberController#list(boolean)
2026-09-13T23:37:36.784+07:00 DEBUG 16684 --- [tea-attendance-api] [io-8080-exec-10] o.s.web.servlet.DispatcherServlet        : GET "/api/expenses/range?from=2026-09-07&to=2026-09-13", parameters={masked}
2026-09-13T23:37:36.785+07:00 DEBUG 16684 --- [tea-attendance-api] [io-8080-exec-10] s.w.s.m.m.a.RequestMappingHandlerMapping : Mapped to com.trasua.api.ExpenseController#range(LocalDate, LocalDate)
2026-09-13T23:37:36.787+07:00 DEBUG 16684 --- [tea-attendance-api] [nio-8080-exec-4] org.hibernate.SQL                        : 
    select
        n1_0.id,
        n1_0.body,
        n1_0.created_at,
        n1_0.read_at,
        n1_0.recipient_member_id,
        r1_0.id,
        r1_0.account_name,
        r1_0.account_number,
        r1_0.active,
        r1_0.avatar_url,
        r1_0.bank_bin,
        r1_0.bank_name,
        r1_0.created_at,
        r1_0.display_name,
        r1_0.email,
        r1_0.password_hash,
        r1_0.qr_code_url,
        r1_0.reset_code_expires_at,
        r1_0.reset_code_hash,
        r1_0.role,
        r1_0.updated_at,
        n1_0.settlement_id,
        n1_0.title,
        n1_0.transfer_id,
        n1_0.type 
    from
        notifications n1_0 
    join
        members r1_0 
            on r1_0.id=n1_0.recipient_member_id 
    where
        r1_0.id=? 
    order by
        n1_0.created_at desc
2026-09-13T23:37:36.790+07:00 DEBUG 16684 --- [tea-attendance-api] [nio-8080-exec-5] m.m.a.RequestResponseBodyMethodProcessor : Using 'application/json', given [*/*] and supported [application/json, application/*+json]
2026-09-13T23:37:36.790+07:00 DEBUG 16684 --- [tea-attendance-api] [nio-8080-exec-5] m.m.a.RequestResponseBodyMethodProcessor : Writing [[ChatMessageResponse[id=2, sender=MemberBriefResponse[id=1, displayName=Minh Anh], content=alo, atta (truncated)...]
2026-09-13T23:37:36.791+07:00 DEBUG 16684 --- [tea-attendance-api] [nio-8080-exec-1] org.hibernate.SQL                        : 
    select
        dci1_0.id,
        dci1_0.active,
        dci1_0.created_at,
        dci1_0.icon,
        dci1_0.name,
        dci1_0.price,
        dci1_0.updated_at 
    from
        drink_catalog dci1_0
2026-09-13T23:37:36.792+07:00 DEBUG 16684 --- [tea-attendance-api] [nio-8080-exec-5] o.s.web.servlet.DispatcherServlet        : Completed 200 OK
2026-09-13T23:37:36.792+07:00 DEBUG 16684 --- [tea-attendance-api] [nio-8080-exec-6] org.hibernate.SQL                        : 
    select
        m1_0.id,
        m1_0.account_name,
        m1_0.account_number,
        m1_0.active,
        m1_0.avatar_url,
        m1_0.bank_bin,
        m1_0.bank_name,
        m1_0.created_at,
        m1_0.display_name,
        m1_0.email,
        m1_0.password_hash,
        m1_0.qr_code_url,
        m1_0.reset_code_expires_at,
        m1_0.reset_code_hash,
        m1_0.role,
        m1_0.updated_at 
    from
        members m1_0 
    where
        m1_0.active 
    order by
        m1_0.display_name
2026-09-13T23:37:36.795+07:00 DEBUG 16684 --- [tea-attendance-api] [io-8080-exec-10] org.hibernate.SQL                        : 
    select
        distinct do1_0.id,
        do1_0.created_at,
        i1_0.order_id,
        i1_0.id,
        i1_0.consumer_member_id,
        c1_0.id,
        c1_0.account_name,
        c1_0.account_number,
        c1_0.active,
        c1_0.avatar_url,
        c1_0.bank_bin,
        c1_0.bank_name,
        c1_0.created_at,
        c1_0.display_name,
        c1_0.email,
        c1_0.password_hash,
        c1_0.qr_code_url,
        c1_0.reset_code_expires_at,
        c1_0.reset_code_hash,
        c1_0.role,
        c1_0.updated_at,
        i1_0.drink_name,
        i1_0.line_total,
        i1_0.quantity,
        i1_0.unit_price,
        do1_0.note,
        do1_0.order_date,
        do1_0.payer_member_id,
        p1_0.id,
        p1_0.account_name,
        p1_0.account_number,
        p1_0.active,
        p1_0.avatar_url,
        p1_0.bank_bin,
        p1_0.bank_name,
        p1_0.created_at,
        p1_0.display_name,
        p1_0.email,
        p1_0.password_hash,
        p1_0.qr_code_url,
        p1_0.reset_code_expires_at,
        p1_0.reset_code_hash,
        p1_0.role,
        p1_0.updated_at,
        do1_0.total_amount,
        do1_0.updated_at 
    from
        drink_orders do1_0 
    join
        members p1_0 
            on p1_0.id=do1_0.payer_member_id 
    left join
        order_items i1_0 
            on do1_0.id=i1_0.order_id 
    left join
        members c1_0 
            on c1_0.id=i1_0.consumer_member_id 
    where
        do1_0.order_date between ? and ? 
    order by
        do1_0.order_date,
        do1_0.id
2026-09-13T23:37:36.798+07:00 DEBUG 16684 --- [tea-attendance-api] [nio-8080-exec-9] o.s.web.servlet.DispatcherServlet        : GET "/api/chat/messages", parameters={}
2026-09-13T23:37:36.799+07:00 DEBUG 16684 --- [tea-attendance-api] [nio-8080-exec-9] s.w.s.m.m.a.RequestMappingHandlerMapping : Mapped to com.trasua.api.ChatController#list(Instant, int)
2026-09-13T23:37:36.812+07:00 DEBUG 16684 --- [tea-attendance-api] [nio-8080-exec-4] m.m.a.RequestResponseBodyMethodProcessor : Using 'application/json', given [*/*] and supported [application/json, application/*+json]
2026-09-13T23:37:36.812+07:00 DEBUG 16684 --- [tea-attendance-api] [nio-8080-exec-4] m.m.a.RequestResponseBodyMethodProcessor : Writing [[]]
2026-09-13T23:37:36.813+07:00 DEBUG 16684 --- [tea-attendance-api] [nio-8080-exec-9] org.hibernate.SQL                        : 
    select
        cm1_0.id,
        cm1_0.content,
        cm1_0.created_at,
        cm1_0.sender_member_id,
        s1_0.id,
        s1_0.account_name,
        s1_0.account_number,
        s1_0.active,
        s1_0.avatar_url,
        s1_0.bank_bin,
        s1_0.bank_name,
        s1_0.created_at,
        s1_0.display_name,
        s1_0.email,
        s1_0.password_hash,
        s1_0.qr_code_url,
        s1_0.reset_code_expires_at,
        s1_0.reset_code_hash,
        s1_0.role,
        s1_0.updated_at 
    from
        chat_messages cm1_0 
    join
        members s1_0 
            on s1_0.id=cm1_0.sender_member_id 
    order by
        cm1_0.created_at desc 
    limit
        ?
2026-09-13T23:37:36.813+07:00 DEBUG 16684 --- [tea-attendance-api] [nio-8080-exec-4] o.s.web.servlet.DispatcherServlet        : Completed 200 OK
2026-09-13T23:37:36.817+07:00 DEBUG 16684 --- [tea-attendance-api] [nio-8080-exec-6] m.m.a.RequestResponseBodyMethodProcessor : Using 'application/json', given [*/*] and supported [application/json, application/*+json]
2026-09-13T23:37:36.818+07:00 DEBUG 16684 --- [tea-attendance-api] [nio-8080-exec-6] m.m.a.RequestResponseBodyMethodProcessor : Writing [[MemberResponse[id=4, displayName=H??ng, email=huong@example.test, bankName=Techcombank, bankBin=970 (truncated)...]
2026-09-13T23:37:36.819+07:00 DEBUG 16684 --- [tea-attendance-api] [nio-8080-exec-6] o.s.web.servlet.DispatcherServlet        : Completed 200 OK
2026-09-13T23:37:36.820+07:00 DEBUG 16684 --- [tea-attendance-api] [nio-8080-exec-1] m.m.a.RequestResponseBodyMethodProcessor : Using 'application/json', given [*/*] and supported [application/json, application/*+json]
2026-09-13T23:37:36.820+07:00 DEBUG 16684 --- [tea-attendance-api] [nio-8080-exec-1] m.m.a.RequestResponseBodyMethodProcessor : Writing [[DrinkCatalogResponse[id=1, name=Tra da, price=5000, icon=?, active=true], DrinkCatalogResponse[id= (truncated)...]
2026-09-13T23:37:36.821+07:00 DEBUG 16684 --- [tea-attendance-api] [nio-8080-exec-1] o.s.web.servlet.DispatcherServlet        : Completed 200 OK
2026-09-13T23:37:36.821+07:00 DEBUG 16684 --- [tea-attendance-api] [nio-8080-exec-9] org.hibernate.SQL                        : 
    select
        a1_0.message_id,
        a1_0.id,
        a1_0.byte_size,
        a1_0.content_type,
        a1_0.created_at,
        a1_0.original_filename,
        a1_0.storage_key 
    from
        chat_attachments a1_0 
    where
        a1_0.message_id=? 
    order by
        a1_0.id
2026-09-13T23:37:36.830+07:00 DEBUG 16684 --- [tea-attendance-api] [nio-8080-exec-9] org.hibernate.SQL                        : 
    select
        a1_0.message_id,
        a1_0.id,
        a1_0.byte_size,
        a1_0.content_type,
        a1_0.created_at,
        a1_0.original_filename,
        a1_0.storage_key 
    from
        chat_attachments a1_0 
    where
        a1_0.message_id=? 
    order by
        a1_0.id
2026-09-13T23:37:36.834+07:00 DEBUG 16684 --- [tea-attendance-api] [io-8080-exec-10] m.m.a.RequestResponseBodyMethodProcessor : Using 'application/json', given [*/*] and supported [application/json, application/*+json]
2026-09-13T23:37:36.835+07:00 DEBUG 16684 --- [tea-attendance-api] [nio-8080-exec-9] org.hibernate.SQL                        : 
    select
        a1_0.message_id,
        a1_0.id,
        a1_0.byte_size,
        a1_0.content_type,
        a1_0.created_at,
        a1_0.original_filename,
        a1_0.storage_key 
    from
        chat_attachments a1_0 
    where
        a1_0.message_id=? 
    order by
        a1_0.id
2026-09-13T23:37:36.836+07:00 DEBUG 16684 --- [tea-attendance-api] [io-8080-exec-10] m.m.a.RequestResponseBodyMethodProcessor : Writing [[ExpenseResponse[id=1, orderDate=2026-09-12, payer=MemberBriefResponse[id=2, displayName=Linh Chi],  (truncated)...]
2026-09-13T23:37:36.838+07:00 DEBUG 16684 --- [tea-attendance-api] [io-8080-exec-10] o.s.web.servlet.DispatcherServlet        : Completed 200 OK
2026-09-13T23:37:36.840+07:00 DEBUG 16684 --- [tea-attendance-api] [nio-8080-exec-9] org.hibernate.SQL                        : 
    select
        a1_0.message_id,
        a1_0.id,
        a1_0.byte_size,
        a1_0.content_type,
        a1_0.created_at,
        a1_0.original_filename,
        a1_0.storage_key 
    from
        chat_attachments a1_0 
    where
        a1_0.message_id=? 
    order by
        a1_0.id
2026-09-13T23:37:36.851+07:00 DEBUG 16684 --- [tea-attendance-api] [nio-8080-exec-9] m.m.a.RequestResponseBodyMethodProcessor : Using 'application/json', given [*/*] and supported [application/json, application/*+json]
2026-09-13T23:37:36.852+07:00 DEBUG 16684 --- [tea-attendance-api] [nio-8080-exec-9] m.m.a.RequestResponseBodyMethodProcessor : Writing [[ChatMessageResponse[id=2, sender=MemberBriefResponse[id=1, displayName=Minh Anh], content=alo, atta (truncated)...]
2026-09-13T23:37:36.853+07:00 DEBUG 16684 --- [tea-attendance-api] [nio-8080-exec-9] o.s.web.servlet.DispatcherServlet        : Completed 200 OK
2026-09-13T23:38:48.261+07:00 DEBUG 16684 --- [tea-attendance-api] [nio-8080-exec-6] o.s.web.servlet.DispatcherServlet        : GET "/api/drinks", parameters={}
2026-09-13T23:38:48.262+07:00 DEBUG 16684 --- [tea-attendance-api] [nio-8080-exec-6] s.w.s.m.m.a.RequestMappingHandlerMapping : Mapped to com.trasua.api.DrinkCatalogController#list(boolean)
2026-09-13T23:38:48.284+07:00 DEBUG 16684 --- [tea-attendance-api] [nio-8080-exec-6] org.hibernate.SQL                        : 
    select
        dci1_0.id,
        dci1_0.active,
        dci1_0.created_at,
        dci1_0.icon,
        dci1_0.name,
        dci1_0.price,
        dci1_0.updated_at 
    from
        drink_catalog dci1_0 
    where
        dci1_0.active 
    order by
        dci1_0.name
2026-09-13T23:38:48.318+07:00 DEBUG 16684 --- [tea-attendance-api] [nio-8080-exec-6] m.m.a.RequestResponseBodyMethodProcessor : Using 'application/json', given [*/*] and supported [application/json, application/*+json]
2026-09-13T23:38:48.319+07:00 DEBUG 16684 --- [tea-attendance-api] [nio-8080-exec-6] m.m.a.RequestResponseBodyMethodProcessor : Writing [[DrinkCatalogResponse[id=5, name=Bac xiu, price=22000, icon=?, active=true], DrinkCatalogResponse[i (truncated)...]
2026-09-13T23:38:48.320+07:00 DEBUG 16684 --- [tea-attendance-api] [nio-8080-exec-6] o.s.web.servlet.DispatcherServlet        : Completed 200 OK
2026-09-13T23:39:15.991+07:00 DEBUG 16684 --- [tea-attendance-api] [io-8080-exec-10] o.s.web.servlet.DispatcherServlet        : GET "/api/members", parameters={}
2026-09-13T23:39:15.992+07:00 DEBUG 16684 --- [tea-attendance-api] [io-8080-exec-10] s.w.s.m.m.a.RequestMappingHandlerMapping : Mapped to com.trasua.api.MemberController#list(boolean)
2026-09-13T23:39:15.994+07:00 DEBUG 16684 --- [tea-attendance-api] [nio-8080-exec-2] o.s.web.servlet.DispatcherServlet        : GET "/api/chat/messages", parameters={}
2026-09-13T23:39:15.995+07:00 DEBUG 16684 --- [tea-attendance-api] [nio-8080-exec-2] s.w.s.m.m.a.RequestMappingHandlerMapping : Mapped to com.trasua.api.ChatController#list(Instant, int)
2026-09-13T23:39:15.996+07:00 DEBUG 16684 --- [tea-attendance-api] [nio-8080-exec-9] o.s.web.servlet.DispatcherServlet        : GET "/api/drinks?includeInactive=true", parameters={masked}
2026-09-13T23:39:16.000+07:00 DEBUG 16684 --- [tea-attendance-api] [nio-8080-exec-9] s.w.s.m.m.a.RequestMappingHandlerMapping : Mapped to com.trasua.api.DrinkCatalogController#list(boolean)
2026-09-13T23:39:16.000+07:00 DEBUG 16684 --- [tea-attendance-api] [nio-8080-exec-8] o.s.web.servlet.DispatcherServlet        : GET "/api/expenses/range?from=2026-09-07&to=2026-09-13", parameters={masked}
2026-09-13T23:39:16.002+07:00 DEBUG 16684 --- [tea-attendance-api] [nio-8080-exec-3] o.s.web.servlet.DispatcherServlet        : GET "/api/notifications?memberId=6", parameters={masked}
2026-09-13T23:39:16.002+07:00 DEBUG 16684 --- [tea-attendance-api] [nio-8080-exec-3] s.w.s.m.m.a.RequestMappingHandlerMapping : Mapped to com.trasua.api.NotificationController#list(Long)
2026-09-13T23:39:16.003+07:00 DEBUG 16684 --- [tea-attendance-api] [nio-8080-exec-8] s.w.s.m.m.a.RequestMappingHandlerMapping : Mapped to com.trasua.api.ExpenseController#range(LocalDate, LocalDate)
2026-09-13T23:39:16.045+07:00 DEBUG 16684 --- [tea-attendance-api] [nio-8080-exec-3] org.hibernate.SQL                        : 
    select
        n1_0.id,
        n1_0.body,
        n1_0.created_at,
        n1_0.read_at,
        n1_0.recipient_member_id,
        r1_0.id,
        r1_0.account_name,
        r1_0.account_number,
        r1_0.active,
        r1_0.avatar_url,
        r1_0.bank_bin,
        r1_0.bank_name,
        r1_0.created_at,
        r1_0.display_name,
        r1_0.email,
        r1_0.password_hash,
        r1_0.qr_code_url,
        r1_0.reset_code_expires_at,
        r1_0.reset_code_hash,
        r1_0.role,
        r1_0.updated_at,
        n1_0.settlement_id,
        n1_0.title,
        n1_0.transfer_id,
        n1_0.type 
    from
        notifications n1_0 
    join
        members r1_0 
            on r1_0.id=n1_0.recipient_member_id 
    where
        r1_0.id=? 
    order by
        n1_0.created_at desc
2026-09-13T23:39:16.045+07:00 DEBUG 16684 --- [tea-attendance-api] [nio-8080-exec-2] org.hibernate.SQL                        : 
    select
        cm1_0.id,
        cm1_0.content,
        cm1_0.created_at,
        cm1_0.sender_member_id,
        s1_0.id,
        s1_0.account_name,
        s1_0.account_number,
        s1_0.active,
        s1_0.avatar_url,
        s1_0.bank_bin,
        s1_0.bank_name,
        s1_0.created_at,
        s1_0.display_name,
        s1_0.email,
        s1_0.password_hash,
        s1_0.qr_code_url,
        s1_0.reset_code_expires_at,
        s1_0.reset_code_hash,
        s1_0.role,
        s1_0.updated_at 
    from
        chat_messages cm1_0 
    join
        members s1_0 
            on s1_0.id=cm1_0.sender_member_id 
    order by
        cm1_0.created_at desc 
    limit
        ?
2026-09-13T23:39:16.046+07:00 DEBUG 16684 --- [tea-attendance-api] [nio-8080-exec-8] org.hibernate.SQL                        : 
    select
        distinct do1_0.id,
        do1_0.created_at,
        i1_0.order_id,
        i1_0.id,
        i1_0.consumer_member_id,
        c1_0.id,
        c1_0.account_name,
        c1_0.account_number,
        c1_0.active,
        c1_0.avatar_url,
        c1_0.bank_bin,
        c1_0.bank_name,
        c1_0.created_at,
        c1_0.display_name,
        c1_0.email,
        c1_0.password_hash,
        c1_0.qr_code_url,
        c1_0.reset_code_expires_at,
        c1_0.reset_code_hash,
        c1_0.role,
        c1_0.updated_at,
        i1_0.drink_name,
        i1_0.line_total,
        i1_0.quantity,
        i1_0.unit_price,
        do1_0.note,
        do1_0.order_date,
        do1_0.payer_member_id,
        p1_0.id,
        p1_0.account_name,
        p1_0.account_number,
        p1_0.active,
        p1_0.avatar_url,
        p1_0.bank_bin,
        p1_0.bank_name,
        p1_0.created_at,
        p1_0.display_name,
        p1_0.email,
        p1_0.password_hash,
        p1_0.qr_code_url,
        p1_0.reset_code_expires_at,
        p1_0.reset_code_hash,
        p1_0.role,
        p1_0.updated_at,
        do1_0.total_amount,
        do1_0.updated_at 
    from
        drink_orders do1_0 
    join
        members p1_0 
            on p1_0.id=do1_0.payer_member_id 
    left join
        order_items i1_0 
            on do1_0.id=i1_0.order_id 
    left join
        members c1_0 
            on c1_0.id=i1_0.consumer_member_id 
    where
        do1_0.order_date between ? and ? 
    order by
        do1_0.order_date,
        do1_0.id
2026-09-13T23:39:16.046+07:00 DEBUG 16684 --- [tea-attendance-api] [nio-8080-exec-9] org.hibernate.SQL                        : 
    select
        dci1_0.id,
        dci1_0.active,
        dci1_0.created_at,
        dci1_0.icon,
        dci1_0.name,
        dci1_0.price,
        dci1_0.updated_at 
    from
        drink_catalog dci1_0
2026-09-13T23:39:16.047+07:00 DEBUG 16684 --- [tea-attendance-api] [io-8080-exec-10] org.hibernate.SQL                        : 
    select
        m1_0.id,
        m1_0.account_name,
        m1_0.account_number,
        m1_0.active,
        m1_0.avatar_url,
        m1_0.bank_bin,
        m1_0.bank_name,
        m1_0.created_at,
        m1_0.display_name,
        m1_0.email,
        m1_0.password_hash,
        m1_0.qr_code_url,
        m1_0.reset_code_expires_at,
        m1_0.reset_code_hash,
        m1_0.role,
        m1_0.updated_at 
    from
        members m1_0 
    where
        m1_0.active 
    order by
        m1_0.display_name
2026-09-13T23:39:16.064+07:00 DEBUG 16684 --- [tea-attendance-api] [nio-8080-exec-2] org.hibernate.SQL                        : 
    select
        a1_0.message_id,
        a1_0.id,
        a1_0.byte_size,
        a1_0.content_type,
        a1_0.created_at,
        a1_0.original_filename,
        a1_0.storage_key 
    from
        chat_attachments a1_0 
    where
        a1_0.message_id=? 
    order by
        a1_0.id
2026-09-13T23:39:16.072+07:00 DEBUG 16684 --- [tea-attendance-api] [nio-8080-exec-2] org.hibernate.SQL                        : 
    select
        a1_0.message_id,
        a1_0.id,
        a1_0.byte_size,
        a1_0.content_type,
        a1_0.created_at,
        a1_0.original_filename,
        a1_0.storage_key 
    from
        chat_attachments a1_0 
    where
        a1_0.message_id=? 
    order by
        a1_0.id
2026-09-13T23:39:16.077+07:00 DEBUG 16684 --- [tea-attendance-api] [io-8080-exec-10] m.m.a.RequestResponseBodyMethodProcessor : Using 'application/json', given [*/*] and supported [application/json, application/*+json]
2026-09-13T23:39:16.077+07:00 DEBUG 16684 --- [tea-attendance-api] [nio-8080-exec-3] m.m.a.RequestResponseBodyMethodProcessor : Using 'application/json', given [*/*] and supported [application/json, application/*+json]
2026-09-13T23:39:16.077+07:00 DEBUG 16684 --- [tea-attendance-api] [nio-8080-exec-9] m.m.a.RequestResponseBodyMethodProcessor : Using 'application/json', given [*/*] and supported [application/json, application/*+json]
2026-09-13T23:39:16.078+07:00 DEBUG 16684 --- [tea-attendance-api] [nio-8080-exec-3] m.m.a.RequestResponseBodyMethodProcessor : Writing [[]]
2026-09-13T23:39:16.078+07:00 DEBUG 16684 --- [tea-attendance-api] [nio-8080-exec-9] m.m.a.RequestResponseBodyMethodProcessor : Writing [[DrinkCatalogResponse[id=1, name=Tra da, price=5000, icon=?, active=true], DrinkCatalogResponse[id= (truncated)...]
2026-09-13T23:39:16.078+07:00 DEBUG 16684 --- [tea-attendance-api] [io-8080-exec-10] m.m.a.RequestResponseBodyMethodProcessor : Writing [[MemberResponse[id=4, displayName=H??ng, email=huong@example.test, bankName=Techcombank, bankBin=970 (truncated)...]
2026-09-13T23:39:16.079+07:00 DEBUG 16684 --- [tea-attendance-api] [nio-8080-exec-3] o.s.web.servlet.DispatcherServlet        : Completed 200 OK
2026-09-13T23:39:16.079+07:00 DEBUG 16684 --- [tea-attendance-api] [nio-8080-exec-2] org.hibernate.SQL                        : 
    select
        a1_0.message_id,
        a1_0.id,
        a1_0.byte_size,
        a1_0.content_type,
        a1_0.created_at,
        a1_0.original_filename,
        a1_0.storage_key 
    from
        chat_attachments a1_0 
    where
        a1_0.message_id=? 
    order by
        a1_0.id
2026-09-13T23:39:16.079+07:00 DEBUG 16684 --- [tea-attendance-api] [nio-8080-exec-9] o.s.web.servlet.DispatcherServlet        : Completed 200 OK
2026-09-13T23:39:16.079+07:00 DEBUG 16684 --- [tea-attendance-api] [io-8080-exec-10] o.s.web.servlet.DispatcherServlet        : Completed 200 OK
2026-09-13T23:39:16.084+07:00 DEBUG 16684 --- [tea-attendance-api] [nio-8080-exec-7] o.s.web.servlet.DispatcherServlet        : GET "/api/notifications?memberId=6", parameters={masked}
2026-09-13T23:39:16.085+07:00 DEBUG 16684 --- [tea-attendance-api] [nio-8080-exec-7] s.w.s.m.m.a.RequestMappingHandlerMapping : Mapped to com.trasua.api.NotificationController#list(Long)
2026-09-13T23:39:16.086+07:00 DEBUG 16684 --- [tea-attendance-api] [nio-8080-exec-4] o.s.web.servlet.DispatcherServlet        : GET "/api/members", parameters={}
2026-09-13T23:39:16.086+07:00 DEBUG 16684 --- [tea-attendance-api] [nio-8080-exec-4] s.w.s.m.m.a.RequestMappingHandlerMapping : Mapped to com.trasua.api.MemberController#list(boolean)
2026-09-13T23:39:16.087+07:00 DEBUG 16684 --- [tea-attendance-api] [nio-8080-exec-5] o.s.web.servlet.DispatcherServlet        : GET "/api/drinks?includeInactive=true", parameters={masked}
2026-09-13T23:39:16.088+07:00 DEBUG 16684 --- [tea-attendance-api] [nio-8080-exec-5] s.w.s.m.m.a.RequestMappingHandlerMapping : Mapped to com.trasua.api.DrinkCatalogController#list(boolean)
2026-09-13T23:39:16.103+07:00 DEBUG 16684 --- [tea-attendance-api] [nio-8080-exec-2] org.hibernate.SQL                        : 
    select
        a1_0.message_id,
        a1_0.id,
        a1_0.byte_size,
        a1_0.content_type,
        a1_0.created_at,
        a1_0.original_filename,
        a1_0.storage_key 
    from
        chat_attachments a1_0 
    where
        a1_0.message_id=? 
    order by
        a1_0.id
2026-09-13T23:39:16.110+07:00 DEBUG 16684 --- [tea-attendance-api] [nio-8080-exec-7] org.hibernate.SQL                        : 
    select
        n1_0.id,
        n1_0.body,
        n1_0.created_at,
        n1_0.read_at,
        n1_0.recipient_member_id,
        r1_0.id,
        r1_0.account_name,
        r1_0.account_number,
        r1_0.active,
        r1_0.avatar_url,
        r1_0.bank_bin,
        r1_0.bank_name,
        r1_0.created_at,
        r1_0.display_name,
        r1_0.email,
        r1_0.password_hash,
        r1_0.qr_code_url,
        r1_0.reset_code_expires_at,
        r1_0.reset_code_hash,
        r1_0.role,
        r1_0.updated_at,
        n1_0.settlement_id,
        n1_0.title,
        n1_0.transfer_id,
        n1_0.type 
    from
        notifications n1_0 
    join
        members r1_0 
            on r1_0.id=n1_0.recipient_member_id 
    where
        r1_0.id=? 
    order by
        n1_0.created_at desc
2026-09-13T23:39:16.112+07:00 DEBUG 16684 --- [tea-attendance-api] [nio-8080-exec-5] org.hibernate.SQL                        : 
    select
        dci1_0.id,
        dci1_0.active,
        dci1_0.created_at,
        dci1_0.icon,
        dci1_0.name,
        dci1_0.price,
        dci1_0.updated_at 
    from
        drink_catalog dci1_0
2026-09-13T23:39:16.112+07:00 DEBUG 16684 --- [tea-attendance-api] [nio-8080-exec-4] org.hibernate.SQL                        : 
    select
        m1_0.id,
        m1_0.account_name,
        m1_0.account_number,
        m1_0.active,
        m1_0.avatar_url,
        m1_0.bank_bin,
        m1_0.bank_name,
        m1_0.created_at,
        m1_0.display_name,
        m1_0.email,
        m1_0.password_hash,
        m1_0.qr_code_url,
        m1_0.reset_code_expires_at,
        m1_0.reset_code_hash,
        m1_0.role,
        m1_0.updated_at 
    from
        members m1_0 
    where
        m1_0.active 
    order by
        m1_0.display_name
2026-09-13T23:39:16.131+07:00 DEBUG 16684 --- [tea-attendance-api] [nio-8080-exec-2] m.m.a.RequestResponseBodyMethodProcessor : Using 'application/json', given [*/*] and supported [application/json, application/*+json]
2026-09-13T23:39:16.132+07:00 DEBUG 16684 --- [tea-attendance-api] [nio-8080-exec-2] m.m.a.RequestResponseBodyMethodProcessor : Writing [[ChatMessageResponse[id=2, sender=MemberBriefResponse[id=1, displayName=Minh Anh], content=alo, atta (truncated)...]
2026-09-13T23:39:16.134+07:00 DEBUG 16684 --- [tea-attendance-api] [nio-8080-exec-2] o.s.web.servlet.DispatcherServlet        : Completed 200 OK
2026-09-13T23:39:16.162+07:00 DEBUG 16684 --- [tea-attendance-api] [nio-8080-exec-7] m.m.a.RequestResponseBodyMethodProcessor : Using 'application/json', given [*/*] and supported [application/json, application/*+json]
2026-09-13T23:39:16.163+07:00 DEBUG 16684 --- [tea-attendance-api] [nio-8080-exec-7] m.m.a.RequestResponseBodyMethodProcessor : Writing [[]]
2026-09-13T23:39:16.163+07:00 DEBUG 16684 --- [tea-attendance-api] [nio-8080-exec-4] m.m.a.RequestResponseBodyMethodProcessor : Using 'application/json', given [*/*] and supported [application/json, application/*+json]
2026-09-13T23:39:16.164+07:00 DEBUG 16684 --- [tea-attendance-api] [nio-8080-exec-7] o.s.web.servlet.DispatcherServlet        : Completed 200 OK
2026-09-13T23:39:16.164+07:00 DEBUG 16684 --- [tea-attendance-api] [nio-8080-exec-4] m.m.a.RequestResponseBodyMethodProcessor : Writing [[MemberResponse[id=4, displayName=H??ng, email=huong@example.test, bankName=Techcombank, bankBin=970 (truncated)...]
2026-09-13T23:39:16.166+07:00 DEBUG 16684 --- [tea-attendance-api] [nio-8080-exec-4] o.s.web.servlet.DispatcherServlet        : Completed 200 OK
2026-09-13T23:39:16.166+07:00 DEBUG 16684 --- [tea-attendance-api] [nio-8080-exec-5] m.m.a.RequestResponseBodyMethodProcessor : Using 'application/json', given [*/*] and supported [application/json, application/*+json]
2026-09-13T23:39:16.167+07:00 DEBUG 16684 --- [tea-attendance-api] [nio-8080-exec-5] m.m.a.RequestResponseBodyMethodProcessor : Writing [[DrinkCatalogResponse[id=1, name=Tra da, price=5000, icon=?, active=true], DrinkCatalogResponse[id= (truncated)...]
2026-09-13T23:39:16.168+07:00 DEBUG 16684 --- [tea-attendance-api] [nio-8080-exec-6] o.s.web.servlet.DispatcherServlet        : GET "/api/chat/messages", parameters={}
2026-09-13T23:39:16.169+07:00 DEBUG 16684 --- [tea-attendance-api] [nio-8080-exec-5] o.s.web.servlet.DispatcherServlet        : Completed 200 OK
2026-09-13T23:39:16.169+07:00 DEBUG 16684 --- [tea-attendance-api] [nio-8080-exec-6] s.w.s.m.m.a.RequestMappingHandlerMapping : Mapped to com.trasua.api.ChatController#list(Instant, int)
2026-09-13T23:39:16.181+07:00 DEBUG 16684 --- [tea-attendance-api] [nio-8080-exec-8] m.m.a.RequestResponseBodyMethodProcessor : Using 'application/json', given [*/*] and supported [application/json, application/*+json]
2026-09-13T23:39:16.182+07:00 DEBUG 16684 --- [tea-attendance-api] [nio-8080-exec-8] m.m.a.RequestResponseBodyMethodProcessor : Writing [[ExpenseResponse[id=1, orderDate=2026-09-12, payer=MemberBriefResponse[id=2, displayName=Linh Chi],  (truncated)...]
2026-09-13T23:39:16.182+07:00 DEBUG 16684 --- [tea-attendance-api] [nio-8080-exec-6] org.hibernate.SQL                        : 
    select
        cm1_0.id,
        cm1_0.content,
        cm1_0.created_at,
        cm1_0.sender_member_id,
        s1_0.id,
        s1_0.account_name,
        s1_0.account_number,
        s1_0.active,
        s1_0.avatar_url,
        s1_0.bank_bin,
        s1_0.bank_name,
        s1_0.created_at,
        s1_0.display_name,
        s1_0.email,
        s1_0.password_hash,
        s1_0.qr_code_url,
        s1_0.reset_code_expires_at,
        s1_0.reset_code_hash,
        s1_0.role,
        s1_0.updated_at 
    from
        chat_messages cm1_0 
    join
        members s1_0 
            on s1_0.id=cm1_0.sender_member_id 
    order by
        cm1_0.created_at desc 
    limit
        ?
2026-09-13T23:39:16.183+07:00 DEBUG 16684 --- [tea-attendance-api] [nio-8080-exec-8] o.s.web.servlet.DispatcherServlet        : Completed 200 OK
2026-09-13T23:39:16.188+07:00 DEBUG 16684 --- [tea-attendance-api] [nio-8080-exec-1] o.s.web.servlet.DispatcherServlet        : GET "/api/expenses/range?from=2026-09-07&to=2026-09-13", parameters={masked}
2026-09-13T23:39:16.189+07:00 DEBUG 16684 --- [tea-attendance-api] [nio-8080-exec-1] s.w.s.m.m.a.RequestMappingHandlerMapping : Mapped to com.trasua.api.ExpenseController#range(LocalDate, LocalDate)
2026-09-13T23:39:16.199+07:00 DEBUG 16684 --- [tea-attendance-api] [nio-8080-exec-6] org.hibernate.SQL                        : 
    select
        a1_0.message_id,
        a1_0.id,
        a1_0.byte_size,
        a1_0.content_type,
        a1_0.created_at,
        a1_0.original_filename,
        a1_0.storage_key 
    from
        chat_attachments a1_0 
    where
        a1_0.message_id=? 
    order by
        a1_0.id
2026-09-13T23:39:16.215+07:00 DEBUG 16684 --- [tea-attendance-api] [nio-8080-exec-6] org.hibernate.SQL                        : 
    select
        a1_0.message_id,
        a1_0.id,
        a1_0.byte_size,
        a1_0.content_type,
        a1_0.created_at,
        a1_0.original_filename,
        a1_0.storage_key 
    from
        chat_attachments a1_0 
    where
        a1_0.message_id=? 
    order by
        a1_0.id
2026-09-13T23:39:16.222+07:00 DEBUG 16684 --- [tea-attendance-api] [nio-8080-exec-6] org.hibernate.SQL                        : 
    select
        a1_0.message_id,
        a1_0.id,
        a1_0.byte_size,
        a1_0.content_type,
        a1_0.created_at,
        a1_0.original_filename,
        a1_0.storage_key 
    from
        chat_attachments a1_0 
    where
        a1_0.message_id=? 
    order by
        a1_0.id
2026-09-13T23:39:16.223+07:00 DEBUG 16684 --- [tea-attendance-api] [nio-8080-exec-1] org.hibernate.SQL                        : 
    select
        distinct do1_0.id,
        do1_0.created_at,
        i1_0.order_id,
        i1_0.id,
        i1_0.consumer_member_id,
        c1_0.id,
        c1_0.account_name,
        c1_0.account_number,
        c1_0.active,
        c1_0.avatar_url,
        c1_0.bank_bin,
        c1_0.bank_name,
        c1_0.created_at,
        c1_0.display_name,
        c1_0.email,
        c1_0.password_hash,
        c1_0.qr_code_url,
        c1_0.reset_code_expires_at,
        c1_0.reset_code_hash,
        c1_0.role,
        c1_0.updated_at,
        i1_0.drink_name,
        i1_0.line_total,
        i1_0.quantity,
        i1_0.unit_price,
        do1_0.note,
        do1_0.order_date,
        do1_0.payer_member_id,
        p1_0.id,
        p1_0.account_name,
        p1_0.account_number,
        p1_0.active,
        p1_0.avatar_url,
        p1_0.bank_bin,
        p1_0.bank_name,
        p1_0.created_at,
        p1_0.display_name,
        p1_0.email,
        p1_0.password_hash,
        p1_0.qr_code_url,
        p1_0.reset_code_expires_at,
        p1_0.reset_code_hash,
        p1_0.role,
        p1_0.updated_at,
        do1_0.total_amount,
        do1_0.updated_at 
    from
        drink_orders do1_0 
    join
        members p1_0 
            on p1_0.id=do1_0.payer_member_id 
    left join
        order_items i1_0 
            on do1_0.id=i1_0.order_id 
    left join
        members c1_0 
            on c1_0.id=i1_0.consumer_member_id 
    where
        do1_0.order_date between ? and ? 
    order by
        do1_0.order_date,
        do1_0.id
2026-09-13T23:39:16.229+07:00 DEBUG 16684 --- [tea-attendance-api] [nio-8080-exec-6] org.hibernate.SQL                        : 
    select
        a1_0.message_id,
        a1_0.id,
        a1_0.byte_size,
        a1_0.content_type,
        a1_0.created_at,
        a1_0.original_filename,
        a1_0.storage_key 
    from
        chat_attachments a1_0 
    where
        a1_0.message_id=? 
    order by
        a1_0.id
2026-09-13T23:39:16.251+07:00 DEBUG 16684 --- [tea-attendance-api] [nio-8080-exec-6] m.m.a.RequestResponseBodyMethodProcessor : Using 'application/json', given [*/*] and supported [application/json, application/*+json]
2026-09-13T23:39:16.251+07:00 DEBUG 16684 --- [tea-attendance-api] [nio-8080-exec-1] m.m.a.RequestResponseBodyMethodProcessor : Using 'application/json', given [*/*] and supported [application/json, application/*+json]
2026-09-13T23:39:16.251+07:00 DEBUG 16684 --- [tea-attendance-api] [nio-8080-exec-6] m.m.a.RequestResponseBodyMethodProcessor : Writing [[ChatMessageResponse[id=2, sender=MemberBriefResponse[id=1, displayName=Minh Anh], content=alo, atta (truncated)...]
2026-09-13T23:39:16.252+07:00 DEBUG 16684 --- [tea-attendance-api] [nio-8080-exec-1] m.m.a.RequestResponseBodyMethodProcessor : Writing [[ExpenseResponse[id=1, orderDate=2026-09-12, payer=MemberBriefResponse[id=2, displayName=Linh Chi],  (truncated)...]
2026-09-13T23:39:16.253+07:00 DEBUG 16684 --- [tea-attendance-api] [nio-8080-exec-6] o.s.web.servlet.DispatcherServlet        : Completed 200 OK
2026-09-13T23:39:16.257+07:00 DEBUG 16684 --- [tea-attendance-api] [nio-8080-exec-1] o.s.web.servlet.DispatcherServlet        : Completed 200 OK
2026-09-13T23:39:42.199+07:00 DEBUG 16684 --- [tea-attendance-api] [nio-8080-exec-9] o.s.web.servlet.DispatcherServlet        : GET "/api/drinks?includeInactive=true", parameters={masked}
2026-09-13T23:39:42.199+07:00 DEBUG 16684 --- [tea-attendance-api] [nio-8080-exec-3] o.s.web.servlet.DispatcherServlet        : GET "/api/members", parameters={}
2026-09-13T23:39:42.199+07:00 DEBUG 16684 --- [tea-attendance-api] [io-8080-exec-10] o.s.web.servlet.DispatcherServlet        : GET "/api/expenses/range?from=2026-09-07&to=2026-09-13", parameters={masked}
2026-09-13T23:39:42.199+07:00 DEBUG 16684 --- [tea-attendance-api] [nio-8080-exec-2] o.s.web.servlet.DispatcherServlet        : GET "/api/chat/messages", parameters={}
2026-09-13T23:39:42.200+07:00 DEBUG 16684 --- [tea-attendance-api] [nio-8080-exec-2] s.w.s.m.m.a.RequestMappingHandlerMapping : Mapped to com.trasua.api.ChatController#list(Instant, int)
2026-09-13T23:39:42.200+07:00 DEBUG 16684 --- [tea-attendance-api] [nio-8080-exec-7] o.s.web.servlet.DispatcherServlet        : GET "/api/notifications?memberId=6", parameters={masked}
2026-09-13T23:39:42.200+07:00 DEBUG 16684 --- [tea-attendance-api] [io-8080-exec-10] s.w.s.m.m.a.RequestMappingHandlerMapping : Mapped to com.trasua.api.ExpenseController#range(LocalDate, LocalDate)
2026-09-13T23:39:42.200+07:00 DEBUG 16684 --- [tea-attendance-api] [nio-8080-exec-9] s.w.s.m.m.a.RequestMappingHandlerMapping : Mapped to com.trasua.api.DrinkCatalogController#list(boolean)
2026-09-13T23:39:42.200+07:00 DEBUG 16684 --- [tea-attendance-api] [nio-8080-exec-3] s.w.s.m.m.a.RequestMappingHandlerMapping : Mapped to com.trasua.api.MemberController#list(boolean)
2026-09-13T23:39:42.200+07:00 DEBUG 16684 --- [tea-attendance-api] [nio-8080-exec-7] s.w.s.m.m.a.RequestMappingHandlerMapping : Mapped to com.trasua.api.NotificationController#list(Long)
2026-09-13T23:39:42.208+07:00 DEBUG 16684 --- [tea-attendance-api] [nio-8080-exec-7] org.hibernate.SQL                        : 
    select
        n1_0.id,
        n1_0.body,
        n1_0.created_at,
        n1_0.read_at,
        n1_0.recipient_member_id,
        r1_0.id,
        r1_0.account_name,
        r1_0.account_number,
        r1_0.active,
        r1_0.avatar_url,
        r1_0.bank_bin,
        r1_0.bank_name,
        r1_0.created_at,
        r1_0.display_name,
        r1_0.email,
        r1_0.password_hash,
        r1_0.qr_code_url,
        r1_0.reset_code_expires_at,
        r1_0.reset_code_hash,
        r1_0.role,
        r1_0.updated_at,
        n1_0.settlement_id,
        n1_0.title,
        n1_0.transfer_id,
        n1_0.type 
    from
        notifications n1_0 
    join
        members r1_0 
            on r1_0.id=n1_0.recipient_member_id 
    where
        r1_0.id=? 
    order by
        n1_0.created_at desc
2026-09-13T23:39:42.209+07:00 DEBUG 16684 --- [tea-attendance-api] [nio-8080-exec-9] org.hibernate.SQL                        : 
    select
        dci1_0.id,
        dci1_0.active,
        dci1_0.created_at,
        dci1_0.icon,
        dci1_0.name,
        dci1_0.price,
        dci1_0.updated_at 
    from
        drink_catalog dci1_0
2026-09-13T23:39:42.209+07:00 DEBUG 16684 --- [tea-attendance-api] [nio-8080-exec-2] org.hibernate.SQL                        : 
    select
        cm1_0.id,
        cm1_0.content,
        cm1_0.created_at,
        cm1_0.sender_member_id,
        s1_0.id,
        s1_0.account_name,
        s1_0.account_number,
        s1_0.active,
        s1_0.avatar_url,
        s1_0.bank_bin,
        s1_0.bank_name,
        s1_0.created_at,
        s1_0.display_name,
        s1_0.email,
        s1_0.password_hash,
        s1_0.qr_code_url,
        s1_0.reset_code_expires_at,
        s1_0.reset_code_hash,
        s1_0.role,
        s1_0.updated_at 
    from
        chat_messages cm1_0 
    join
        members s1_0 
            on s1_0.id=cm1_0.sender_member_id 
    order by
        cm1_0.created_at desc 
    limit
        ?
2026-09-13T23:39:42.208+07:00 DEBUG 16684 --- [tea-attendance-api] [io-8080-exec-10] org.hibernate.SQL                        : 
    select
        distinct do1_0.id,
        do1_0.created_at,
        i1_0.order_id,
        i1_0.id,
        i1_0.consumer_member_id,
        c1_0.id,
        c1_0.account_name,
        c1_0.account_number,
        c1_0.active,
        c1_0.avatar_url,
        c1_0.bank_bin,
        c1_0.bank_name,
        c1_0.created_at,
        c1_0.display_name,
        c1_0.email,
        c1_0.password_hash,
        c1_0.qr_code_url,
        c1_0.reset_code_expires_at,
        c1_0.reset_code_hash,
        c1_0.role,
        c1_0.updated_at,
        i1_0.drink_name,
        i1_0.line_total,
        i1_0.quantity,
        i1_0.unit_price,
        do1_0.note,
        do1_0.order_date,
        do1_0.payer_member_id,
        p1_0.id,
        p1_0.account_name,
        p1_0.account_number,
        p1_0.active,
        p1_0.avatar_url,
        p1_0.bank_bin,
        p1_0.bank_name,
        p1_0.created_at,
        p1_0.display_name,
        p1_0.email,
        p1_0.password_hash,
        p1_0.qr_code_url,
        p1_0.reset_code_expires_at,
        p1_0.reset_code_hash,
        p1_0.role,
        p1_0.updated_at,
        do1_0.total_amount,
        do1_0.updated_at 
    from
        drink_orders do1_0 
    join
        members p1_0 
            on p1_0.id=do1_0.payer_member_id 
    left join
        order_items i1_0 
            on do1_0.id=i1_0.order_id 
    left join
        members c1_0 
            on c1_0.id=i1_0.consumer_member_id 
    where
        do1_0.order_date between ? and ? 
    order by
        do1_0.order_date,
        do1_0.id
2026-09-13T23:39:42.214+07:00 DEBUG 16684 --- [tea-attendance-api] [nio-8080-exec-3] org.hibernate.SQL                        : 
    select
        m1_0.id,
        m1_0.account_name,
        m1_0.account_number,
        m1_0.active,
        m1_0.avatar_url,
        m1_0.bank_bin,
        m1_0.bank_name,
        m1_0.created_at,
        m1_0.display_name,
        m1_0.email,
        m1_0.password_hash,
        m1_0.qr_code_url,
        m1_0.reset_code_expires_at,
        m1_0.reset_code_hash,
        m1_0.role,
        m1_0.updated_at 
    from
        members m1_0 
    where
        m1_0.active 
    order by
        m1_0.display_name
2026-09-13T23:39:42.214+07:00 DEBUG 16684 --- [tea-attendance-api] [nio-8080-exec-2] org.hibernate.SQL                        : 
    select
        a1_0.message_id,
        a1_0.id,
        a1_0.byte_size,
        a1_0.content_type,
        a1_0.created_at,
        a1_0.original_filename,
        a1_0.storage_key 
    from
        chat_attachments a1_0 
    where
        a1_0.message_id=? 
    order by
        a1_0.id
2026-09-13T23:39:42.219+07:00 DEBUG 16684 --- [tea-attendance-api] [nio-8080-exec-2] org.hibernate.SQL                        : 
    select
        a1_0.message_id,
        a1_0.id,
        a1_0.byte_size,
        a1_0.content_type,
        a1_0.created_at,
        a1_0.original_filename,
        a1_0.storage_key 
    from
        chat_attachments a1_0 
    where
        a1_0.message_id=? 
    order by
        a1_0.id
2026-09-13T23:39:42.222+07:00 DEBUG 16684 --- [tea-attendance-api] [nio-8080-exec-7] m.m.a.RequestResponseBodyMethodProcessor : Using 'application/json', given [*/*] and supported [application/json, application/*+json]
2026-09-13T23:39:42.222+07:00 DEBUG 16684 --- [tea-attendance-api] [nio-8080-exec-9] m.m.a.RequestResponseBodyMethodProcessor : Using 'application/json', given [*/*] and supported [application/json, application/*+json]
2026-09-13T23:39:42.222+07:00 DEBUG 16684 --- [tea-attendance-api] [nio-8080-exec-7] m.m.a.RequestResponseBodyMethodProcessor : Writing [[]]
2026-09-13T23:39:42.223+07:00 DEBUG 16684 --- [tea-attendance-api] [nio-8080-exec-9] m.m.a.RequestResponseBodyMethodProcessor : Writing [[DrinkCatalogResponse[id=1, name=Tra da, price=5000, icon=?, active=true], DrinkCatalogResponse[id= (truncated)...]
2026-09-13T23:39:42.223+07:00 DEBUG 16684 --- [tea-attendance-api] [nio-8080-exec-2] org.hibernate.SQL                        : 
    select
        a1_0.message_id,
        a1_0.id,
        a1_0.byte_size,
        a1_0.content_type,
        a1_0.created_at,
        a1_0.original_filename,
        a1_0.storage_key 
    from
        chat_attachments a1_0 
    where
        a1_0.message_id=? 
    order by
        a1_0.id
2026-09-13T23:39:42.223+07:00 DEBUG 16684 --- [tea-attendance-api] [nio-8080-exec-9] o.s.web.servlet.DispatcherServlet        : Completed 200 OK
2026-09-13T23:39:42.224+07:00 DEBUG 16684 --- [tea-attendance-api] [nio-8080-exec-7] o.s.web.servlet.DispatcherServlet        : Completed 200 OK
2026-09-13T23:39:42.228+07:00 DEBUG 16684 --- [tea-attendance-api] [nio-8080-exec-2] org.hibernate.SQL                        : 
    select
        a1_0.message_id,
        a1_0.id,
        a1_0.byte_size,
        a1_0.content_type,
        a1_0.created_at,
        a1_0.original_filename,
        a1_0.storage_key 
    from
        chat_attachments a1_0 
    where
        a1_0.message_id=? 
    order by
        a1_0.id
2026-09-13T23:39:42.231+07:00 DEBUG 16684 --- [tea-attendance-api] [nio-8080-exec-3] m.m.a.RequestResponseBodyMethodProcessor : Using 'application/json', given [*/*] and supported [application/json, application/*+json]
2026-09-13T23:39:42.232+07:00 DEBUG 16684 --- [tea-attendance-api] [nio-8080-exec-3] m.m.a.RequestResponseBodyMethodProcessor : Writing [[MemberResponse[id=4, displayName=H??ng, email=huong@example.test, bankName=Techcombank, bankBin=970 (truncated)...]
2026-09-13T23:39:42.233+07:00 DEBUG 16684 --- [tea-attendance-api] [nio-8080-exec-3] o.s.web.servlet.DispatcherServlet        : Completed 200 OK
2026-09-13T23:39:42.237+07:00 DEBUG 16684 --- [tea-attendance-api] [io-8080-exec-10] m.m.a.RequestResponseBodyMethodProcessor : Using 'application/json', given [*/*] and supported [application/json, application/*+json]
2026-09-13T23:39:42.237+07:00 DEBUG 16684 --- [tea-attendance-api] [io-8080-exec-10] m.m.a.RequestResponseBodyMethodProcessor : Writing [[ExpenseResponse[id=1, orderDate=2026-09-12, payer=MemberBriefResponse[id=2, displayName=Linh Chi],  (truncated)...]
2026-09-13T23:39:42.239+07:00 DEBUG 16684 --- [tea-attendance-api] [io-8080-exec-10] o.s.web.servlet.DispatcherServlet        : Completed 200 OK
2026-09-13T23:39:42.244+07:00 DEBUG 16684 --- [tea-attendance-api] [nio-8080-exec-2] m.m.a.RequestResponseBodyMethodProcessor : Using 'application/json', given [*/*] and supported [application/json, application/*+json]
2026-09-13T23:39:42.245+07:00 DEBUG 16684 --- [tea-attendance-api] [nio-8080-exec-2] m.m.a.RequestResponseBodyMethodProcessor : Writing [[ChatMessageResponse[id=2, sender=MemberBriefResponse[id=1, displayName=Minh Anh], content=alo, atta (truncated)...]
2026-09-13T23:39:42.246+07:00 DEBUG 16684 --- [tea-attendance-api] [nio-8080-exec-2] o.s.web.servlet.DispatcherServlet        : Completed 200 OK
2026-09-13T23:39:42.563+07:00 DEBUG 16684 --- [tea-attendance-api] [nio-8080-exec-5] o.s.web.servlet.DispatcherServlet        : GET "/api/drinks?includeInactive=true", parameters={masked}
2026-09-13T23:39:42.563+07:00 DEBUG 16684 --- [tea-attendance-api] [nio-8080-exec-5] s.w.s.m.m.a.RequestMappingHandlerMapping : Mapped to com.trasua.api.DrinkCatalogController#list(boolean)
2026-09-13T23:39:42.564+07:00 DEBUG 16684 --- [tea-attendance-api] [nio-8080-exec-6] o.s.web.servlet.DispatcherServlet        : GET "/api/chat/messages", parameters={}
2026-09-13T23:39:42.563+07:00 DEBUG 16684 --- [tea-attendance-api] [nio-8080-exec-4] o.s.web.servlet.DispatcherServlet        : GET "/api/members", parameters={}
2026-09-13T23:39:42.564+07:00 DEBUG 16684 --- [tea-attendance-api] [nio-8080-exec-4] s.w.s.m.m.a.RequestMappingHandlerMapping : Mapped to com.trasua.api.MemberController#list(boolean)
2026-09-13T23:39:42.565+07:00 DEBUG 16684 --- [tea-attendance-api] [nio-8080-exec-1] o.s.web.servlet.DispatcherServlet        : GET "/api/notifications?memberId=6", parameters={masked}
2026-09-13T23:39:42.565+07:00 DEBUG 16684 --- [tea-attendance-api] [nio-8080-exec-1] s.w.s.m.m.a.RequestMappingHandlerMapping : Mapped to com.trasua.api.NotificationController#list(Long)
2026-09-13T23:39:42.564+07:00 DEBUG 16684 --- [tea-attendance-api] [nio-8080-exec-8] o.s.web.servlet.DispatcherServlet        : GET "/api/expenses/range?from=2026-09-07&to=2026-09-13", parameters={masked}
2026-09-13T23:39:42.564+07:00 DEBUG 16684 --- [tea-attendance-api] [nio-8080-exec-6] s.w.s.m.m.a.RequestMappingHandlerMapping : Mapped to com.trasua.api.ChatController#list(Instant, int)
2026-09-13T23:39:42.566+07:00 DEBUG 16684 --- [tea-attendance-api] [nio-8080-exec-8] s.w.s.m.m.a.RequestMappingHandlerMapping : Mapped to com.trasua.api.ExpenseController#range(LocalDate, LocalDate)
2026-09-13T23:39:42.571+07:00 DEBUG 16684 --- [tea-attendance-api] [nio-8080-exec-1] org.hibernate.SQL                        : 
    select
        n1_0.id,
        n1_0.body,
        n1_0.created_at,
        n1_0.read_at,
        n1_0.recipient_member_id,
        r1_0.id,
        r1_0.account_name,
        r1_0.account_number,
        r1_0.active,
        r1_0.avatar_url,
        r1_0.bank_bin,
        r1_0.bank_name,
        r1_0.created_at,
        r1_0.display_name,
        r1_0.email,
        r1_0.password_hash,
        r1_0.qr_code_url,
        r1_0.reset_code_expires_at,
        r1_0.reset_code_hash,
        r1_0.role,
        r1_0.updated_at,
        n1_0.settlement_id,
        n1_0.title,
        n1_0.transfer_id,
        n1_0.type 
    from
        notifications n1_0 
    join
        members r1_0 
            on r1_0.id=n1_0.recipient_member_id 
    where
        r1_0.id=? 
    order by
        n1_0.created_at desc
2026-09-13T23:39:42.571+07:00 DEBUG 16684 --- [tea-attendance-api] [nio-8080-exec-6] org.hibernate.SQL                        : 
    select
        cm1_0.id,
        cm1_0.content,
        cm1_0.created_at,
        cm1_0.sender_member_id,
        s1_0.id,
        s1_0.account_name,
        s1_0.account_number,
        s1_0.active,
        s1_0.avatar_url,
        s1_0.bank_bin,
        s1_0.bank_name,
        s1_0.created_at,
        s1_0.display_name,
        s1_0.email,
        s1_0.password_hash,
        s1_0.qr_code_url,
        s1_0.reset_code_expires_at,
        s1_0.reset_code_hash,
        s1_0.role,
        s1_0.updated_at 
    from
        chat_messages cm1_0 
    join
        members s1_0 
            on s1_0.id=cm1_0.sender_member_id 
    order by
        cm1_0.created_at desc 
    limit
        ?
2026-09-13T23:39:42.572+07:00 DEBUG 16684 --- [tea-attendance-api] [nio-8080-exec-5] org.hibernate.SQL                        : 
    select
        dci1_0.id,
        dci1_0.active,
        dci1_0.created_at,
        dci1_0.icon,
        dci1_0.name,
        dci1_0.price,
        dci1_0.updated_at 
    from
        drink_catalog dci1_0
2026-09-13T23:39:42.572+07:00 DEBUG 16684 --- [tea-attendance-api] [nio-8080-exec-4] org.hibernate.SQL                        : 
    select
        m1_0.id,
        m1_0.account_name,
        m1_0.account_number,
        m1_0.active,
        m1_0.avatar_url,
        m1_0.bank_bin,
        m1_0.bank_name,
        m1_0.created_at,
        m1_0.display_name,
        m1_0.email,
        m1_0.password_hash,
        m1_0.qr_code_url,
        m1_0.reset_code_expires_at,
        m1_0.reset_code_hash,
        m1_0.role,
        m1_0.updated_at 
    from
        members m1_0 
    where
        m1_0.active 
    order by
        m1_0.display_name
2026-09-13T23:39:42.576+07:00 DEBUG 16684 --- [tea-attendance-api] [nio-8080-exec-8] org.hibernate.SQL                        : 
    select
        distinct do1_0.id,
        do1_0.created_at,
        i1_0.order_id,
        i1_0.id,
        i1_0.consumer_member_id,
        c1_0.id,
        c1_0.account_name,
        c1_0.account_number,
        c1_0.active,
        c1_0.avatar_url,
        c1_0.bank_bin,
        c1_0.bank_name,
        c1_0.created_at,
        c1_0.display_name,
        c1_0.email,
        c1_0.password_hash,
        c1_0.qr_code_url,
        c1_0.reset_code_expires_at,
        c1_0.reset_code_hash,
        c1_0.role,
        c1_0.updated_at,
        i1_0.drink_name,
        i1_0.line_total,
        i1_0.quantity,
        i1_0.unit_price,
        do1_0.note,
        do1_0.order_date,
        do1_0.payer_member_id,
        p1_0.id,
        p1_0.account_name,
        p1_0.account_number,
        p1_0.active,
        p1_0.avatar_url,
        p1_0.bank_bin,
        p1_0.bank_name,
        p1_0.created_at,
        p1_0.display_name,
        p1_0.email,
        p1_0.password_hash,
        p1_0.qr_code_url,
        p1_0.reset_code_expires_at,
        p1_0.reset_code_hash,
        p1_0.role,
        p1_0.updated_at,
        do1_0.total_amount,
        do1_0.updated_at 
    from
        drink_orders do1_0 
    join
        members p1_0 
            on p1_0.id=do1_0.payer_member_id 
    left join
        order_items i1_0 
            on do1_0.id=i1_0.order_id 
    left join
        members c1_0 
            on c1_0.id=i1_0.consumer_member_id 
    where
        do1_0.order_date between ? and ? 
    order by
        do1_0.order_date,
        do1_0.id
2026-09-13T23:39:42.577+07:00 DEBUG 16684 --- [tea-attendance-api] [nio-8080-exec-6] org.hibernate.SQL                        : 
    select
        a1_0.message_id,
        a1_0.id,
        a1_0.byte_size,
        a1_0.content_type,
        a1_0.created_at,
        a1_0.original_filename,
        a1_0.storage_key 
    from
        chat_attachments a1_0 
    where
        a1_0.message_id=? 
    order by
        a1_0.id
2026-09-13T23:39:42.581+07:00 DEBUG 16684 --- [tea-attendance-api] [nio-8080-exec-6] org.hibernate.SQL                        : 
    select
        a1_0.message_id,
        a1_0.id,
        a1_0.byte_size,
        a1_0.content_type,
        a1_0.created_at,
        a1_0.original_filename,
        a1_0.storage_key 
    from
        chat_attachments a1_0 
    where
        a1_0.message_id=? 
    order by
        a1_0.id
2026-09-13T23:39:42.583+07:00 DEBUG 16684 --- [tea-attendance-api] [nio-8080-exec-4] m.m.a.RequestResponseBodyMethodProcessor : Using 'application/json', given [*/*] and supported [application/json, application/*+json]
2026-09-13T23:39:42.583+07:00 DEBUG 16684 --- [tea-attendance-api] [nio-8080-exec-1] m.m.a.RequestResponseBodyMethodProcessor : Using 'application/json', given [*/*] and supported [application/json, application/*+json]
2026-09-13T23:39:42.583+07:00 DEBUG 16684 --- [tea-attendance-api] [nio-8080-exec-1] m.m.a.RequestResponseBodyMethodProcessor : Writing [[]]
2026-09-13T23:39:42.583+07:00 DEBUG 16684 --- [tea-attendance-api] [nio-8080-exec-4] m.m.a.RequestResponseBodyMethodProcessor : Writing [[MemberResponse[id=4, displayName=H??ng, email=huong@example.test, bankName=Techcombank, bankBin=970 (truncated)...]
2026-09-13T23:39:42.584+07:00 DEBUG 16684 --- [tea-attendance-api] [nio-8080-exec-1] o.s.web.servlet.DispatcherServlet        : Completed 200 OK
2026-09-13T23:39:42.584+07:00 DEBUG 16684 --- [tea-attendance-api] [nio-8080-exec-4] o.s.web.servlet.DispatcherServlet        : Completed 200 OK
2026-09-13T23:39:42.583+07:00 DEBUG 16684 --- [tea-attendance-api] [nio-8080-exec-5] m.m.a.RequestResponseBodyMethodProcessor : Using 'application/json', given [*/*] and supported [application/json, application/*+json]
2026-09-13T23:39:42.583+07:00 DEBUG 16684 --- [tea-attendance-api] [nio-8080-exec-6] org.hibernate.SQL                        : 
    select
        a1_0.message_id,
        a1_0.id,
        a1_0.byte_size,
        a1_0.content_type,
        a1_0.created_at,
        a1_0.original_filename,
        a1_0.storage_key 
    from
        chat_attachments a1_0 
    where
        a1_0.message_id=? 
    order by
        a1_0.id
2026-09-13T23:39:42.584+07:00 DEBUG 16684 --- [tea-attendance-api] [nio-8080-exec-5] m.m.a.RequestResponseBodyMethodProcessor : Writing [[DrinkCatalogResponse[id=1, name=Tra da, price=5000, icon=?, active=true], DrinkCatalogResponse[id= (truncated)...]
2026-09-13T23:39:42.585+07:00 DEBUG 16684 --- [tea-attendance-api] [nio-8080-exec-5] o.s.web.servlet.DispatcherServlet        : Completed 200 OK
2026-09-13T23:39:42.588+07:00 DEBUG 16684 --- [tea-attendance-api] [nio-8080-exec-6] org.hibernate.SQL                        : 
    select
        a1_0.message_id,
        a1_0.id,
        a1_0.byte_size,
        a1_0.content_type,
        a1_0.created_at,
        a1_0.original_filename,
        a1_0.storage_key 
    from
        chat_attachments a1_0 
    where
        a1_0.message_id=? 
    order by
        a1_0.id
2026-09-13T23:39:42.593+07:00 DEBUG 16684 --- [tea-attendance-api] [nio-8080-exec-8] m.m.a.RequestResponseBodyMethodProcessor : Using 'application/json', given [*/*] and supported [application/json, application/*+json]
2026-09-13T23:39:42.594+07:00 DEBUG 16684 --- [tea-attendance-api] [nio-8080-exec-8] m.m.a.RequestResponseBodyMethodProcessor : Writing [[ExpenseResponse[id=1, orderDate=2026-09-12, payer=MemberBriefResponse[id=2, displayName=Linh Chi],  (truncated)...]
2026-09-13T23:39:42.595+07:00 DEBUG 16684 --- [tea-attendance-api] [nio-8080-exec-8] o.s.web.servlet.DispatcherServlet        : Completed 200 OK
2026-09-13T23:39:42.598+07:00 DEBUG 16684 --- [tea-attendance-api] [nio-8080-exec-6] m.m.a.RequestResponseBodyMethodProcessor : Using 'application/json', given [*/*] and supported [application/json, application/*+json]
2026-09-13T23:39:42.598+07:00 DEBUG 16684 --- [tea-attendance-api] [nio-8080-exec-6] m.m.a.RequestResponseBodyMethodProcessor : Writing [[ChatMessageResponse[id=2, sender=MemberBriefResponse[id=1, displayName=Minh Anh], content=alo, atta (truncated)...]
2026-09-13T23:39:42.599+07:00 DEBUG 16684 --- [tea-attendance-api] [nio-8080-exec-6] o.s.web.servlet.DispatcherServlet        : Completed 200 OK
2026-09-13T23:39:42.729+07:00 DEBUG 16684 --- [tea-attendance-api] [nio-8080-exec-9] o.s.web.servlet.DispatcherServlet        : GET "/api/members", parameters={}
2026-09-13T23:39:42.730+07:00 DEBUG 16684 --- [tea-attendance-api] [nio-8080-exec-7] o.s.web.servlet.DispatcherServlet        : GET "/api/drinks?includeInactive=true", parameters={masked}
2026-09-13T23:39:42.730+07:00 DEBUG 16684 --- [tea-attendance-api] [nio-8080-exec-9] s.w.s.m.m.a.RequestMappingHandlerMapping : Mapped to com.trasua.api.MemberController#list(boolean)
2026-09-13T23:39:42.730+07:00 DEBUG 16684 --- [tea-attendance-api] [nio-8080-exec-7] s.w.s.m.m.a.RequestMappingHandlerMapping : Mapped to com.trasua.api.DrinkCatalogController#list(boolean)
2026-09-13T23:39:42.733+07:00 DEBUG 16684 --- [tea-attendance-api] [nio-8080-exec-3] o.s.web.servlet.DispatcherServlet        : GET "/api/expenses/range?from=2026-09-07&to=2026-09-13", parameters={masked}
2026-09-13T23:39:42.733+07:00 DEBUG 16684 --- [tea-attendance-api] [nio-8080-exec-3] s.w.s.m.m.a.RequestMappingHandlerMapping : Mapped to com.trasua.api.ExpenseController#range(LocalDate, LocalDate)
2026-09-13T23:39:42.733+07:00 DEBUG 16684 --- [tea-attendance-api] [io-8080-exec-10] o.s.web.servlet.DispatcherServlet        : GET "/api/chat/messages", parameters={}
2026-09-13T23:39:42.733+07:00 DEBUG 16684 --- [tea-attendance-api] [io-8080-exec-10] s.w.s.m.m.a.RequestMappingHandlerMapping : Mapped to com.trasua.api.ChatController#list(Instant, int)
2026-09-13T23:39:42.738+07:00 DEBUG 16684 --- [tea-attendance-api] [nio-8080-exec-2] o.s.web.servlet.DispatcherServlet        : GET "/api/notifications?memberId=6", parameters={masked}
2026-09-13T23:39:42.738+07:00 DEBUG 16684 --- [tea-attendance-api] [nio-8080-exec-2] s.w.s.m.m.a.RequestMappingHandlerMapping : Mapped to com.trasua.api.NotificationController#list(Long)
2026-09-13T23:39:42.748+07:00 DEBUG 16684 --- [tea-attendance-api] [nio-8080-exec-2] org.hibernate.SQL                        : 
    select
        n1_0.id,
        n1_0.body,
        n1_0.created_at,
        n1_0.read_at,
        n1_0.recipient_member_id,
        r1_0.id,
        r1_0.account_name,
        r1_0.account_number,
        r1_0.active,
        r1_0.avatar_url,
        r1_0.bank_bin,
        r1_0.bank_name,
        r1_0.created_at,
        r1_0.display_name,
        r1_0.email,
        r1_0.password_hash,
        r1_0.qr_code_url,
        r1_0.reset_code_expires_at,
        r1_0.reset_code_hash,
        r1_0.role,
        r1_0.updated_at,
        n1_0.settlement_id,
        n1_0.title,
        n1_0.transfer_id,
        n1_0.type 
    from
        notifications n1_0 
    join
        members r1_0 
            on r1_0.id=n1_0.recipient_member_id 
    where
        r1_0.id=? 
    order by
        n1_0.created_at desc
2026-09-13T23:39:42.748+07:00 DEBUG 16684 --- [tea-attendance-api] [nio-8080-exec-3] org.hibernate.SQL                        : 
    select
        distinct do1_0.id,
        do1_0.created_at,
        i1_0.order_id,
        i1_0.id,
        i1_0.consumer_member_id,
        c1_0.id,
        c1_0.account_name,
        c1_0.account_number,
        c1_0.active,
        c1_0.avatar_url,
        c1_0.bank_bin,
        c1_0.bank_name,
        c1_0.created_at,
        c1_0.display_name,
        c1_0.email,
        c1_0.password_hash,
        c1_0.qr_code_url,
        c1_0.reset_code_expires_at,
        c1_0.reset_code_hash,
        c1_0.role,
        c1_0.updated_at,
        i1_0.drink_name,
        i1_0.line_total,
        i1_0.quantity,
        i1_0.unit_price,
        do1_0.note,
        do1_0.order_date,
        do1_0.payer_member_id,
        p1_0.id,
        p1_0.account_name,
        p1_0.account_number,
        p1_0.active,
        p1_0.avatar_url,
        p1_0.bank_bin,
        p1_0.bank_name,
        p1_0.created_at,
        p1_0.display_name,
        p1_0.email,
        p1_0.password_hash,
        p1_0.qr_code_url,
        p1_0.reset_code_expires_at,
        p1_0.reset_code_hash,
        p1_0.role,
        p1_0.updated_at,
        do1_0.total_amount,
        do1_0.updated_at 
    from
        drink_orders do1_0 
    join
        members p1_0 
            on p1_0.id=do1_0.payer_member_id 
    left join
        order_items i1_0 
            on do1_0.id=i1_0.order_id 
    left join
        members c1_0 
            on c1_0.id=i1_0.consumer_member_id 
    where
        do1_0.order_date between ? and ? 
    order by
        do1_0.order_date,
        do1_0.id
2026-09-13T23:39:42.749+07:00 DEBUG 16684 --- [tea-attendance-api] [io-8080-exec-10] org.hibernate.SQL                        : 
    select
        cm1_0.id,
        cm1_0.content,
        cm1_0.created_at,
        cm1_0.sender_member_id,
        s1_0.id,
        s1_0.account_name,
        s1_0.account_number,
        s1_0.active,
        s1_0.avatar_url,
        s1_0.bank_bin,
        s1_0.bank_name,
        s1_0.created_at,
        s1_0.display_name,
        s1_0.email,
        s1_0.password_hash,
        s1_0.qr_code_url,
        s1_0.reset_code_expires_at,
        s1_0.reset_code_hash,
        s1_0.role,
        s1_0.updated_at 
    from
        chat_messages cm1_0 
    join
        members s1_0 
            on s1_0.id=cm1_0.sender_member_id 
    order by
        cm1_0.created_at desc 
    limit
        ?
2026-09-13T23:39:42.749+07:00 DEBUG 16684 --- [tea-attendance-api] [nio-8080-exec-9] org.hibernate.SQL                        : 
    select
        m1_0.id,
        m1_0.account_name,
        m1_0.account_number,
        m1_0.active,
        m1_0.avatar_url,
        m1_0.bank_bin,
        m1_0.bank_name,
        m1_0.created_at,
        m1_0.display_name,
        m1_0.email,
        m1_0.password_hash,
        m1_0.qr_code_url,
        m1_0.reset_code_expires_at,
        m1_0.reset_code_hash,
        m1_0.role,
        m1_0.updated_at 
    from
        members m1_0 
    where
        m1_0.active 
    order by
        m1_0.display_name
2026-09-13T23:39:42.754+07:00 DEBUG 16684 --- [tea-attendance-api] [nio-8080-exec-7] org.hibernate.SQL                        : 
    select
        dci1_0.id,
        dci1_0.active,
        dci1_0.created_at,
        dci1_0.icon,
        dci1_0.name,
        dci1_0.price,
        dci1_0.updated_at 
    from
        drink_catalog dci1_0
2026-09-13T23:39:42.756+07:00 DEBUG 16684 --- [tea-attendance-api] [io-8080-exec-10] org.hibernate.SQL                        : 
    select
        a1_0.message_id,
        a1_0.id,
        a1_0.byte_size,
        a1_0.content_type,
        a1_0.created_at,
        a1_0.original_filename,
        a1_0.storage_key 
    from
        chat_attachments a1_0 
    where
        a1_0.message_id=? 
    order by
        a1_0.id
2026-09-13T23:39:42.759+07:00 DEBUG 16684 --- [tea-attendance-api] [nio-8080-exec-2] m.m.a.RequestResponseBodyMethodProcessor : Using 'application/json', given [*/*] and supported [application/json, application/*+json]
2026-09-13T23:39:42.759+07:00 DEBUG 16684 --- [tea-attendance-api] [io-8080-exec-10] org.hibernate.SQL                        : 
    select
        a1_0.message_id,
        a1_0.id,
        a1_0.byte_size,
        a1_0.content_type,
        a1_0.created_at,
        a1_0.original_filename,
        a1_0.storage_key 
    from
        chat_attachments a1_0 
    where
        a1_0.message_id=? 
    order by
        a1_0.id
2026-09-13T23:39:42.760+07:00 DEBUG 16684 --- [tea-attendance-api] [nio-8080-exec-2] m.m.a.RequestResponseBodyMethodProcessor : Writing [[]]
2026-09-13T23:39:42.760+07:00 DEBUG 16684 --- [tea-attendance-api] [nio-8080-exec-2] o.s.web.servlet.DispatcherServlet        : Completed 200 OK
2026-09-13T23:39:42.762+07:00 DEBUG 16684 --- [tea-attendance-api] [nio-8080-exec-9] m.m.a.RequestResponseBodyMethodProcessor : Using 'application/json', given [*/*] and supported [application/json, application/*+json]
2026-09-13T23:39:42.763+07:00 DEBUG 16684 --- [tea-attendance-api] [nio-8080-exec-9] m.m.a.RequestResponseBodyMethodProcessor : Writing [[MemberResponse[id=4, displayName=H??ng, email=huong@example.test, bankName=Techcombank, bankBin=970 (truncated)...]
2026-09-13T23:39:42.764+07:00 DEBUG 16684 --- [tea-attendance-api] [nio-8080-exec-9] o.s.web.servlet.DispatcherServlet        : Completed 200 OK
2026-09-13T23:39:42.766+07:00 DEBUG 16684 --- [tea-attendance-api] [io-8080-exec-10] org.hibernate.SQL                        : 
    select
        a1_0.message_id,
        a1_0.id,
        a1_0.byte_size,
        a1_0.content_type,
        a1_0.created_at,
        a1_0.original_filename,
        a1_0.storage_key 
    from
        chat_attachments a1_0 
    where
        a1_0.message_id=? 
    order by
        a1_0.id
2026-09-13T23:39:42.769+07:00 DEBUG 16684 --- [tea-attendance-api] [nio-8080-exec-7] m.m.a.RequestResponseBodyMethodProcessor : Using 'application/json', given [*/*] and supported [application/json, application/*+json]
2026-09-13T23:39:42.769+07:00 DEBUG 16684 --- [tea-attendance-api] [nio-8080-exec-3] m.m.a.RequestResponseBodyMethodProcessor : Using 'application/json', given [*/*] and supported [application/json, application/*+json]
2026-09-13T23:39:42.769+07:00 DEBUG 16684 --- [tea-attendance-api] [nio-8080-exec-7] m.m.a.RequestResponseBodyMethodProcessor : Writing [[DrinkCatalogResponse[id=1, name=Tra da, price=5000, icon=?, active=true], DrinkCatalogResponse[id= (truncated)...]
2026-09-13T23:39:42.769+07:00 DEBUG 16684 --- [tea-attendance-api] [nio-8080-exec-3] m.m.a.RequestResponseBodyMethodProcessor : Writing [[ExpenseResponse[id=1, orderDate=2026-09-12, payer=MemberBriefResponse[id=2, displayName=Linh Chi],  (truncated)...]
2026-09-13T23:39:42.770+07:00 DEBUG 16684 --- [tea-attendance-api] [nio-8080-exec-7] o.s.web.servlet.DispatcherServlet        : Completed 200 OK
2026-09-13T23:39:42.770+07:00 DEBUG 16684 --- [tea-attendance-api] [nio-8080-exec-3] o.s.web.servlet.DispatcherServlet        : Completed 200 OK
2026-09-13T23:39:42.770+07:00 DEBUG 16684 --- [tea-attendance-api] [io-8080-exec-10] org.hibernate.SQL                        : 
    select
        a1_0.message_id,
        a1_0.id,
        a1_0.byte_size,
        a1_0.content_type,
        a1_0.created_at,
        a1_0.original_filename,
        a1_0.storage_key 
    from
        chat_attachments a1_0 
    where
        a1_0.message_id=? 
    order by
        a1_0.id
2026-09-13T23:39:42.783+07:00 DEBUG 16684 --- [tea-attendance-api] [io-8080-exec-10] m.m.a.RequestResponseBodyMethodProcessor : Using 'application/json', given [*/*] and supported [application/json, application/*+json]
2026-09-13T23:39:42.783+07:00 DEBUG 16684 --- [tea-attendance-api] [io-8080-exec-10] m.m.a.RequestResponseBodyMethodProcessor : Writing [[ChatMessageResponse[id=2, sender=MemberBriefResponse[id=1, displayName=Minh Anh], content=alo, atta (truncated)...]
2026-09-13T23:39:42.784+07:00 DEBUG 16684 --- [tea-attendance-api] [io-8080-exec-10] o.s.web.servlet.DispatcherServlet        : Completed 200 OK
2026-09-13T23:39:42.895+07:00 DEBUG 16684 --- [tea-attendance-api] [nio-8080-exec-4] o.s.web.servlet.DispatcherServlet        : GET "/api/drinks?includeInactive=true", parameters={masked}
2026-09-13T23:39:42.895+07:00 DEBUG 16684 --- [tea-attendance-api] [nio-8080-exec-1] o.s.web.servlet.DispatcherServlet        : GET "/api/members", parameters={}
2026-09-13T23:39:42.895+07:00 DEBUG 16684 --- [tea-attendance-api] [nio-8080-exec-1] s.w.s.m.m.a.RequestMappingHandlerMapping : Mapped to com.trasua.api.MemberController#list(boolean)
2026-09-13T23:39:42.895+07:00 DEBUG 16684 --- [tea-attendance-api] [nio-8080-exec-4] s.w.s.m.m.a.RequestMappingHandlerMapping : Mapped to com.trasua.api.DrinkCatalogController#list(boolean)
2026-09-13T23:39:42.896+07:00 DEBUG 16684 --- [tea-attendance-api] [nio-8080-exec-8] o.s.web.servlet.DispatcherServlet        : GET "/api/chat/messages", parameters={}
2026-09-13T23:39:42.896+07:00 DEBUG 16684 --- [tea-attendance-api] [nio-8080-exec-8] s.w.s.m.m.a.RequestMappingHandlerMapping : Mapped to com.trasua.api.ChatController#list(Instant, int)
2026-09-13T23:39:42.895+07:00 DEBUG 16684 --- [tea-attendance-api] [nio-8080-exec-5] o.s.web.servlet.DispatcherServlet        : GET "/api/expenses/range?from=2026-09-07&to=2026-09-13", parameters={masked}
2026-09-13T23:39:42.896+07:00 DEBUG 16684 --- [tea-attendance-api] [nio-8080-exec-6] o.s.web.servlet.DispatcherServlet        : GET "/api/notifications?memberId=6", parameters={masked}
2026-09-13T23:39:42.897+07:00 DEBUG 16684 --- [tea-attendance-api] [nio-8080-exec-5] s.w.s.m.m.a.RequestMappingHandlerMapping : Mapped to com.trasua.api.ExpenseController#range(LocalDate, LocalDate)
2026-09-13T23:39:42.897+07:00 DEBUG 16684 --- [tea-attendance-api] [nio-8080-exec-6] s.w.s.m.m.a.RequestMappingHandlerMapping : Mapped to com.trasua.api.NotificationController#list(Long)
2026-09-13T23:39:42.904+07:00 DEBUG 16684 --- [tea-attendance-api] [nio-8080-exec-5] org.hibernate.SQL                        : 
    select
        distinct do1_0.id,
        do1_0.created_at,
        i1_0.order_id,
        i1_0.id,
        i1_0.consumer_member_id,
        c1_0.id,
        c1_0.account_name,
        c1_0.account_number,
        c1_0.active,
        c1_0.avatar_url,
        c1_0.bank_bin,
        c1_0.bank_name,
        c1_0.created_at,
        c1_0.display_name,
        c1_0.email,
        c1_0.password_hash,
        c1_0.qr_code_url,
        c1_0.reset_code_expires_at,
        c1_0.reset_code_hash,
        c1_0.role,
        c1_0.updated_at,
        i1_0.drink_name,
        i1_0.line_total,
        i1_0.quantity,
        i1_0.unit_price,
        do1_0.note,
        do1_0.order_date,
        do1_0.payer_member_id,
        p1_0.id,
        p1_0.account_name,
        p1_0.account_number,
        p1_0.active,
        p1_0.avatar_url,
        p1_0.bank_bin,
        p1_0.bank_name,
        p1_0.created_at,
        p1_0.display_name,
        p1_0.email,
        p1_0.password_hash,
        p1_0.qr_code_url,
        p1_0.reset_code_expires_at,
        p1_0.reset_code_hash,
        p1_0.role,
        p1_0.updated_at,
        do1_0.total_amount,
        do1_0.updated_at 
    from
        drink_orders do1_0 
    join
        members p1_0 
            on p1_0.id=do1_0.payer_member_id 
    left join
        order_items i1_0 
            on do1_0.id=i1_0.order_id 
    left join
        members c1_0 
            on c1_0.id=i1_0.consumer_member_id 
    where
        do1_0.order_date between ? and ? 
    order by
        do1_0.order_date,
        do1_0.id
2026-09-13T23:39:42.904+07:00 DEBUG 16684 --- [tea-attendance-api] [nio-8080-exec-6] org.hibernate.SQL                        : 
    select
        n1_0.id,
        n1_0.body,
        n1_0.created_at,
        n1_0.read_at,
        n1_0.recipient_member_id,
        r1_0.id,
        r1_0.account_name,
        r1_0.account_number,
        r1_0.active,
        r1_0.avatar_url,
        r1_0.bank_bin,
        r1_0.bank_name,
        r1_0.created_at,
        r1_0.display_name,
        r1_0.email,
        r1_0.password_hash,
        r1_0.qr_code_url,
        r1_0.reset_code_expires_at,
        r1_0.reset_code_hash,
        r1_0.role,
        r1_0.updated_at,
        n1_0.settlement_id,
        n1_0.title,
        n1_0.transfer_id,
        n1_0.type 
    from
        notifications n1_0 
    join
        members r1_0 
            on r1_0.id=n1_0.recipient_member_id 
    where
        r1_0.id=? 
    order by
        n1_0.created_at desc
2026-09-13T23:39:42.905+07:00 DEBUG 16684 --- [tea-attendance-api] [nio-8080-exec-4] org.hibernate.SQL                        : 
    select
        dci1_0.id,
        dci1_0.active,
        dci1_0.created_at,
        dci1_0.icon,
        dci1_0.name,
        dci1_0.price,
        dci1_0.updated_at 
    from
        drink_catalog dci1_0
2026-09-13T23:39:42.907+07:00 DEBUG 16684 --- [tea-attendance-api] [nio-8080-exec-8] org.hibernate.SQL                        : 
    select
        cm1_0.id,
        cm1_0.content,
        cm1_0.created_at,
        cm1_0.sender_member_id,
        s1_0.id,
        s1_0.account_name,
        s1_0.account_number,
        s1_0.active,
        s1_0.avatar_url,
        s1_0.bank_bin,
        s1_0.bank_name,
        s1_0.created_at,
        s1_0.display_name,
        s1_0.email,
        s1_0.password_hash,
        s1_0.qr_code_url,
        s1_0.reset_code_expires_at,
        s1_0.reset_code_hash,
        s1_0.role,
        s1_0.updated_at 
    from
        chat_messages cm1_0 
    join
        members s1_0 
            on s1_0.id=cm1_0.sender_member_id 
    order by
        cm1_0.created_at desc 
    limit
        ?
2026-09-13T23:39:42.908+07:00 DEBUG 16684 --- [tea-attendance-api] [nio-8080-exec-1] org.hibernate.SQL                        : 
    select
        m1_0.id,
        m1_0.account_name,
        m1_0.account_number,
        m1_0.active,
        m1_0.avatar_url,
        m1_0.bank_bin,
        m1_0.bank_name,
        m1_0.created_at,
        m1_0.display_name,
        m1_0.email,
        m1_0.password_hash,
        m1_0.qr_code_url,
        m1_0.reset_code_expires_at,
        m1_0.reset_code_hash,
        m1_0.role,
        m1_0.updated_at 
    from
        members m1_0 
    where
        m1_0.active 
    order by
        m1_0.display_name
2026-09-13T23:39:42.912+07:00 DEBUG 16684 --- [tea-attendance-api] [nio-8080-exec-8] org.hibernate.SQL                        : 
    select
        a1_0.message_id,
        a1_0.id,
        a1_0.byte_size,
        a1_0.content_type,
        a1_0.created_at,
        a1_0.original_filename,
        a1_0.storage_key 
    from
        chat_attachments a1_0 
    where
        a1_0.message_id=? 
    order by
        a1_0.id
2026-09-13T23:39:42.917+07:00 DEBUG 16684 --- [tea-attendance-api] [nio-8080-exec-8] org.hibernate.SQL                        : 
    select
        a1_0.message_id,
        a1_0.id,
        a1_0.byte_size,
        a1_0.content_type,
        a1_0.created_at,
        a1_0.original_filename,
        a1_0.storage_key 
    from
        chat_attachments a1_0 
    where
        a1_0.message_id=? 
    order by
        a1_0.id
2026-09-13T23:39:42.921+07:00 DEBUG 16684 --- [tea-attendance-api] [nio-8080-exec-8] org.hibernate.SQL                        : 
    select
        a1_0.message_id,
        a1_0.id,
        a1_0.byte_size,
        a1_0.content_type,
        a1_0.created_at,
        a1_0.original_filename,
        a1_0.storage_key 
    from
        chat_attachments a1_0 
    where
        a1_0.message_id=? 
    order by
        a1_0.id
2026-09-13T23:39:42.922+07:00 DEBUG 16684 --- [tea-attendance-api] [nio-8080-exec-1] m.m.a.RequestResponseBodyMethodProcessor : Using 'application/json', given [*/*] and supported [application/json, application/*+json]
2026-09-13T23:39:42.922+07:00 DEBUG 16684 --- [tea-attendance-api] [nio-8080-exec-4] m.m.a.RequestResponseBodyMethodProcessor : Using 'application/json', given [*/*] and supported [application/json, application/*+json]
2026-09-13T23:39:42.922+07:00 DEBUG 16684 --- [tea-attendance-api] [nio-8080-exec-6] m.m.a.RequestResponseBodyMethodProcessor : Using 'application/json', given [*/*] and supported [application/json, application/*+json]
2026-09-13T23:39:42.922+07:00 DEBUG 16684 --- [tea-attendance-api] [nio-8080-exec-6] m.m.a.RequestResponseBodyMethodProcessor : Writing [[]]
2026-09-13T23:39:42.923+07:00 DEBUG 16684 --- [tea-attendance-api] [nio-8080-exec-1] m.m.a.RequestResponseBodyMethodProcessor : Writing [[MemberResponse[id=4, displayName=H??ng, email=huong@example.test, bankName=Techcombank, bankBin=970 (truncated)...]
2026-09-13T23:39:42.923+07:00 DEBUG 16684 --- [tea-attendance-api] [nio-8080-exec-4] m.m.a.RequestResponseBodyMethodProcessor : Writing [[DrinkCatalogResponse[id=1, name=Tra da, price=5000, icon=?, active=true], DrinkCatalogResponse[id= (truncated)...]
2026-09-13T23:39:42.923+07:00 DEBUG 16684 --- [tea-attendance-api] [nio-8080-exec-6] o.s.web.servlet.DispatcherServlet        : Completed 200 OK
2026-09-13T23:39:42.923+07:00 DEBUG 16684 --- [tea-attendance-api] [nio-8080-exec-4] o.s.web.servlet.DispatcherServlet        : Completed 200 OK
2026-09-13T23:39:42.923+07:00 DEBUG 16684 --- [tea-attendance-api] [nio-8080-exec-1] o.s.web.servlet.DispatcherServlet        : Completed 200 OK
2026-09-13T23:39:42.926+07:00 DEBUG 16684 --- [tea-attendance-api] [nio-8080-exec-8] org.hibernate.SQL                        : 
    select
        a1_0.message_id,
        a1_0.id,
        a1_0.byte_size,
        a1_0.content_type,
        a1_0.created_at,
        a1_0.original_filename,
        a1_0.storage_key 
    from
        chat_attachments a1_0 
    where
        a1_0.message_id=? 
    order by
        a1_0.id
2026-09-13T23:39:42.937+07:00 DEBUG 16684 --- [tea-attendance-api] [nio-8080-exec-8] m.m.a.RequestResponseBodyMethodProcessor : Using 'application/json', given [*/*] and supported [application/json, application/*+json]
2026-09-13T23:39:42.937+07:00 DEBUG 16684 --- [tea-attendance-api] [nio-8080-exec-8] m.m.a.RequestResponseBodyMethodProcessor : Writing [[ChatMessageResponse[id=2, sender=MemberBriefResponse[id=1, displayName=Minh Anh], content=alo, atta (truncated)...]
2026-09-13T23:39:42.938+07:00 DEBUG 16684 --- [tea-attendance-api] [nio-8080-exec-8] o.s.web.servlet.DispatcherServlet        : Completed 200 OK
2026-09-13T23:39:42.942+07:00 DEBUG 16684 --- [tea-attendance-api] [nio-8080-exec-5] m.m.a.RequestResponseBodyMethodProcessor : Using 'application/json', given [*/*] and supported [application/json, application/*+json]
2026-09-13T23:39:42.943+07:00 DEBUG 16684 --- [tea-attendance-api] [nio-8080-exec-5] m.m.a.RequestResponseBodyMethodProcessor : Writing [[ExpenseResponse[id=1, orderDate=2026-09-12, payer=MemberBriefResponse[id=2, displayName=Linh Chi],  (truncated)...]
2026-09-13T23:39:42.944+07:00 DEBUG 16684 --- [tea-attendance-api] [nio-8080-exec-5] o.s.web.servlet.DispatcherServlet        : Completed 200 OK
2026-09-13T23:39:43.059+07:00 DEBUG 16684 --- [tea-attendance-api] [nio-8080-exec-2] o.s.web.servlet.DispatcherServlet        : GET "/api/members", parameters={}
2026-09-13T23:39:43.059+07:00 DEBUG 16684 --- [tea-attendance-api] [nio-8080-exec-9] o.s.web.servlet.DispatcherServlet        : GET "/api/drinks?includeInactive=true", parameters={masked}
2026-09-13T23:39:43.059+07:00 DEBUG 16684 --- [tea-attendance-api] [nio-8080-exec-2] s.w.s.m.m.a.RequestMappingHandlerMapping : Mapped to com.trasua.api.MemberController#list(boolean)
2026-09-13T23:39:43.059+07:00 DEBUG 16684 --- [tea-attendance-api] [nio-8080-exec-9] s.w.s.m.m.a.RequestMappingHandlerMapping : Mapped to com.trasua.api.DrinkCatalogController#list(boolean)
2026-09-13T23:39:43.061+07:00 DEBUG 16684 --- [tea-attendance-api] [nio-8080-exec-3] o.s.web.servlet.DispatcherServlet        : GET "/api/expenses/range?from=2026-09-07&to=2026-09-13", parameters={masked}
2026-09-13T23:39:43.061+07:00 DEBUG 16684 --- [tea-attendance-api] [nio-8080-exec-3] s.w.s.m.m.a.RequestMappingHandlerMapping : Mapped to com.trasua.api.ExpenseController#range(LocalDate, LocalDate)
2026-09-13T23:39:43.061+07:00 DEBUG 16684 --- [tea-attendance-api] [nio-8080-exec-7] o.s.web.servlet.DispatcherServlet        : GET "/api/chat/messages", parameters={}
2026-09-13T23:39:43.061+07:00 DEBUG 16684 --- [tea-attendance-api] [io-8080-exec-10] o.s.web.servlet.DispatcherServlet        : GET "/api/notifications?memberId=6", parameters={masked}
2026-09-13T23:39:43.061+07:00 DEBUG 16684 --- [tea-attendance-api] [io-8080-exec-10] s.w.s.m.m.a.RequestMappingHandlerMapping : Mapped to com.trasua.api.NotificationController#list(Long)
2026-09-13T23:39:43.061+07:00 DEBUG 16684 --- [tea-attendance-api] [nio-8080-exec-7] s.w.s.m.m.a.RequestMappingHandlerMapping : Mapped to com.trasua.api.ChatController#list(Instant, int)
2026-09-13T23:39:43.068+07:00 DEBUG 16684 --- [tea-attendance-api] [nio-8080-exec-9] org.hibernate.SQL                        : 
    select
        dci1_0.id,
        dci1_0.active,
        dci1_0.created_at,
        dci1_0.icon,
        dci1_0.name,
        dci1_0.price,
        dci1_0.updated_at 
    from
        drink_catalog dci1_0
2026-09-13T23:39:43.070+07:00 DEBUG 16684 --- [tea-attendance-api] [io-8080-exec-10] org.hibernate.SQL                        : 
    select
        n1_0.id,
        n1_0.body,
        n1_0.created_at,
        n1_0.read_at,
        n1_0.recipient_member_id,
        r1_0.id,
        r1_0.account_name,
        r1_0.account_number,
        r1_0.active,
        r1_0.avatar_url,
        r1_0.bank_bin,
        r1_0.bank_name,
        r1_0.created_at,
        r1_0.display_name,
        r1_0.email,
        r1_0.password_hash,
        r1_0.qr_code_url,
        r1_0.reset_code_expires_at,
        r1_0.reset_code_hash,
        r1_0.role,
        r1_0.updated_at,
        n1_0.settlement_id,
        n1_0.title,
        n1_0.transfer_id,
        n1_0.type 
    from
        notifications n1_0 
    join
        members r1_0 
            on r1_0.id=n1_0.recipient_member_id 
    where
        r1_0.id=? 
    order by
        n1_0.created_at desc
2026-09-13T23:39:43.070+07:00 DEBUG 16684 --- [tea-attendance-api] [nio-8080-exec-7] org.hibernate.SQL                        : 
    select
        cm1_0.id,
        cm1_0.content,
        cm1_0.created_at,
        cm1_0.sender_member_id,
        s1_0.id,
        s1_0.account_name,
        s1_0.account_number,
        s1_0.active,
        s1_0.avatar_url,
        s1_0.bank_bin,
        s1_0.bank_name,
        s1_0.created_at,
        s1_0.display_name,
        s1_0.email,
        s1_0.password_hash,
        s1_0.qr_code_url,
        s1_0.reset_code_expires_at,
        s1_0.reset_code_hash,
        s1_0.role,
        s1_0.updated_at 
    from
        chat_messages cm1_0 
    join
        members s1_0 
            on s1_0.id=cm1_0.sender_member_id 
    order by
        cm1_0.created_at desc 
    limit
        ?
2026-09-13T23:39:43.071+07:00 DEBUG 16684 --- [tea-attendance-api] [nio-8080-exec-2] org.hibernate.SQL                        : 
    select
        m1_0.id,
        m1_0.account_name,
        m1_0.account_number,
        m1_0.active,
        m1_0.avatar_url,
        m1_0.bank_bin,
        m1_0.bank_name,
        m1_0.created_at,
        m1_0.display_name,
        m1_0.email,
        m1_0.password_hash,
        m1_0.qr_code_url,
        m1_0.reset_code_expires_at,
        m1_0.reset_code_hash,
        m1_0.role,
        m1_0.updated_at 
    from
        members m1_0 
    where
        m1_0.active 
    order by
        m1_0.display_name
2026-09-13T23:39:43.073+07:00 DEBUG 16684 --- [tea-attendance-api] [nio-8080-exec-3] org.hibernate.SQL                        : 
    select
        distinct do1_0.id,
        do1_0.created_at,
        i1_0.order_id,
        i1_0.id,
        i1_0.consumer_member_id,
        c1_0.id,
        c1_0.account_name,
        c1_0.account_number,
        c1_0.active,
        c1_0.avatar_url,
        c1_0.bank_bin,
        c1_0.bank_name,
        c1_0.created_at,
        c1_0.display_name,
        c1_0.email,
        c1_0.password_hash,
        c1_0.qr_code_url,
        c1_0.reset_code_expires_at,
        c1_0.reset_code_hash,
        c1_0.role,
        c1_0.updated_at,
        i1_0.drink_name,
        i1_0.line_total,
        i1_0.quantity,
        i1_0.unit_price,
        do1_0.note,
        do1_0.order_date,
        do1_0.payer_member_id,
        p1_0.id,
        p1_0.account_name,
        p1_0.account_number,
        p1_0.active,
        p1_0.avatar_url,
        p1_0.bank_bin,
        p1_0.bank_name,
        p1_0.created_at,
        p1_0.display_name,
        p1_0.email,
        p1_0.password_hash,
        p1_0.qr_code_url,
        p1_0.reset_code_expires_at,
        p1_0.reset_code_hash,
        p1_0.role,
        p1_0.updated_at,
        do1_0.total_amount,
        do1_0.updated_at 
    from
        drink_orders do1_0 
    join
        members p1_0 
            on p1_0.id=do1_0.payer_member_id 
    left join
        order_items i1_0 
            on do1_0.id=i1_0.order_id 
    left join
        members c1_0 
            on c1_0.id=i1_0.consumer_member_id 
    where
        do1_0.order_date between ? and ? 
    order by
        do1_0.order_date,
        do1_0.id
2026-09-13T23:39:43.079+07:00 DEBUG 16684 --- [tea-attendance-api] [nio-8080-exec-7] org.hibernate.SQL                        : 
    select
        a1_0.message_id,
        a1_0.id,
        a1_0.byte_size,
        a1_0.content_type,
        a1_0.created_at,
        a1_0.original_filename,
        a1_0.storage_key 
    from
        chat_attachments a1_0 
    where
        a1_0.message_id=? 
    order by
        a1_0.id
2026-09-13T23:39:43.083+07:00 DEBUG 16684 --- [tea-attendance-api] [nio-8080-exec-9] m.m.a.RequestResponseBodyMethodProcessor : Using 'application/json', given [*/*] and supported [application/json, application/*+json]
2026-09-13T23:39:43.083+07:00 DEBUG 16684 --- [tea-attendance-api] [nio-8080-exec-7] org.hibernate.SQL                        : 
    select
        a1_0.message_id,
        a1_0.id,
        a1_0.byte_size,
        a1_0.content_type,
        a1_0.created_at,
        a1_0.original_filename,
        a1_0.storage_key 
    from
        chat_attachments a1_0 
    where
        a1_0.message_id=? 
    order by
        a1_0.id
2026-09-13T23:39:43.083+07:00 DEBUG 16684 --- [tea-attendance-api] [nio-8080-exec-9] m.m.a.RequestResponseBodyMethodProcessor : Writing [[DrinkCatalogResponse[id=1, name=Tra da, price=5000, icon=?, active=true], DrinkCatalogResponse[id= (truncated)...]
2026-09-13T23:39:43.085+07:00 DEBUG 16684 --- [tea-attendance-api] [io-8080-exec-10] m.m.a.RequestResponseBodyMethodProcessor : Using 'application/json', given [*/*] and supported [application/json, application/*+json]
2026-09-13T23:39:43.085+07:00 DEBUG 16684 --- [tea-attendance-api] [nio-8080-exec-9] o.s.web.servlet.DispatcherServlet        : Completed 200 OK
2026-09-13T23:39:43.085+07:00 DEBUG 16684 --- [tea-attendance-api] [io-8080-exec-10] m.m.a.RequestResponseBodyMethodProcessor : Writing [[]]
2026-09-13T23:39:43.086+07:00 DEBUG 16684 --- [tea-attendance-api] [io-8080-exec-10] o.s.web.servlet.DispatcherServlet        : Completed 200 OK
2026-09-13T23:39:43.088+07:00 DEBUG 16684 --- [tea-attendance-api] [nio-8080-exec-2] m.m.a.RequestResponseBodyMethodProcessor : Using 'application/json', given [*/*] and supported [application/json, application/*+json]
2026-09-13T23:39:43.088+07:00 DEBUG 16684 --- [tea-attendance-api] [nio-8080-exec-7] org.hibernate.SQL                        : 
    select
        a1_0.message_id,
        a1_0.id,
        a1_0.byte_size,
        a1_0.content_type,
        a1_0.created_at,
        a1_0.original_filename,
        a1_0.storage_key 
    from
        chat_attachments a1_0 
    where
        a1_0.message_id=? 
    order by
        a1_0.id
2026-09-13T23:39:43.089+07:00 DEBUG 16684 --- [tea-attendance-api] [nio-8080-exec-2] m.m.a.RequestResponseBodyMethodProcessor : Writing [[MemberResponse[id=4, displayName=H??ng, email=huong@example.test, bankName=Techcombank, bankBin=970 (truncated)...]
2026-09-13T23:39:43.091+07:00 DEBUG 16684 --- [tea-attendance-api] [nio-8080-exec-2] o.s.web.servlet.DispatcherServlet        : Completed 200 OK
2026-09-13T23:39:43.093+07:00 DEBUG 16684 --- [tea-attendance-api] [nio-8080-exec-7] org.hibernate.SQL                        : 
    select
        a1_0.message_id,
        a1_0.id,
        a1_0.byte_size,
        a1_0.content_type,
        a1_0.created_at,
        a1_0.original_filename,
        a1_0.storage_key 
    from
        chat_attachments a1_0 
    where
        a1_0.message_id=? 
    order by
        a1_0.id
2026-09-13T23:39:43.095+07:00 DEBUG 16684 --- [tea-attendance-api] [nio-8080-exec-3] m.m.a.RequestResponseBodyMethodProcessor : Using 'application/json', given [*/*] and supported [application/json, application/*+json]
2026-09-13T23:39:43.095+07:00 DEBUG 16684 --- [tea-attendance-api] [nio-8080-exec-3] m.m.a.RequestResponseBodyMethodProcessor : Writing [[ExpenseResponse[id=1, orderDate=2026-09-12, payer=MemberBriefResponse[id=2, displayName=Linh Chi],  (truncated)...]
2026-09-13T23:39:43.096+07:00 DEBUG 16684 --- [tea-attendance-api] [nio-8080-exec-3] o.s.web.servlet.DispatcherServlet        : Completed 200 OK
2026-09-13T23:39:43.103+07:00 DEBUG 16684 --- [tea-attendance-api] [nio-8080-exec-7] m.m.a.RequestResponseBodyMethodProcessor : Using 'application/json', given [*/*] and supported [application/json, application/*+json]
2026-09-13T23:39:43.103+07:00 DEBUG 16684 --- [tea-attendance-api] [nio-8080-exec-7] m.m.a.RequestResponseBodyMethodProcessor : Writing [[ChatMessageResponse[id=2, sender=MemberBriefResponse[id=1, displayName=Minh Anh], content=alo, atta (truncated)...]
2026-09-13T23:39:43.104+07:00 DEBUG 16684 --- [tea-attendance-api] [nio-8080-exec-7] o.s.web.servlet.DispatcherServlet        : Completed 200 OK
2026-09-13T23:39:44.839+07:00 DEBUG 16684 --- [tea-attendance-api] [nio-8080-exec-4] o.s.web.servlet.DispatcherServlet        : GET "/api/members", parameters={}
2026-09-13T23:39:44.839+07:00 DEBUG 16684 --- [tea-attendance-api] [nio-8080-exec-6] o.s.web.servlet.DispatcherServlet        : GET "/api/drinks?includeInactive=true", parameters={masked}
2026-09-13T23:39:44.839+07:00 DEBUG 16684 --- [tea-attendance-api] [nio-8080-exec-4] s.w.s.m.m.a.RequestMappingHandlerMapping : Mapped to com.trasua.api.MemberController#list(boolean)
2026-09-13T23:39:44.839+07:00 DEBUG 16684 --- [tea-attendance-api] [nio-8080-exec-6] s.w.s.m.m.a.RequestMappingHandlerMapping : Mapped to com.trasua.api.DrinkCatalogController#list(boolean)
2026-09-13T23:39:44.842+07:00 DEBUG 16684 --- [tea-attendance-api] [nio-8080-exec-1] o.s.web.servlet.DispatcherServlet        : GET "/api/expenses/range?from=2026-09-07&to=2026-09-13", parameters={masked}
2026-09-13T23:39:44.842+07:00 DEBUG 16684 --- [tea-attendance-api] [nio-8080-exec-1] s.w.s.m.m.a.RequestMappingHandlerMapping : Mapped to com.trasua.api.ExpenseController#range(LocalDate, LocalDate)
2026-09-13T23:39:44.842+07:00 DEBUG 16684 --- [tea-attendance-api] [nio-8080-exec-8] o.s.web.servlet.DispatcherServlet        : GET "/api/chat/messages", parameters={}
2026-09-13T23:39:44.843+07:00 DEBUG 16684 --- [tea-attendance-api] [nio-8080-exec-8] s.w.s.m.m.a.RequestMappingHandlerMapping : Mapped to com.trasua.api.ChatController#list(Instant, int)
2026-09-13T23:39:44.845+07:00 DEBUG 16684 --- [tea-attendance-api] [nio-8080-exec-5] o.s.web.servlet.DispatcherServlet        : GET "/api/notifications?memberId=6", parameters={masked}
2026-09-13T23:39:44.846+07:00 DEBUG 16684 --- [tea-attendance-api] [nio-8080-exec-5] s.w.s.m.m.a.RequestMappingHandlerMapping : Mapped to com.trasua.api.NotificationController#list(Long)
2026-09-13T23:39:44.852+07:00 DEBUG 16684 --- [tea-attendance-api] [nio-8080-exec-8] org.hibernate.SQL                        : 
    select
        cm1_0.id,
        cm1_0.content,
        cm1_0.created_at,
        cm1_0.sender_member_id,
        s1_0.id,
        s1_0.account_name,
        s1_0.account_number,
        s1_0.active,
        s1_0.avatar_url,
        s1_0.bank_bin,
        s1_0.bank_name,
        s1_0.created_at,
        s1_0.display_name,
        s1_0.email,
        s1_0.password_hash,
        s1_0.qr_code_url,
        s1_0.reset_code_expires_at,
        s1_0.reset_code_hash,
        s1_0.role,
        s1_0.updated_at 
    from
        chat_messages cm1_0 
    join
        members s1_0 
            on s1_0.id=cm1_0.sender_member_id 
    order by
        cm1_0.created_at desc 
    limit
        ?
2026-09-13T23:39:44.852+07:00 DEBUG 16684 --- [tea-attendance-api] [nio-8080-exec-1] org.hibernate.SQL                        : 
    select
        distinct do1_0.id,
        do1_0.created_at,
        i1_0.order_id,
        i1_0.id,
        i1_0.consumer_member_id,
        c1_0.id,
        c1_0.account_name,
        c1_0.account_number,
        c1_0.active,
        c1_0.avatar_url,
        c1_0.bank_bin,
        c1_0.bank_name,
        c1_0.created_at,
        c1_0.display_name,
        c1_0.email,
        c1_0.password_hash,
        c1_0.qr_code_url,
        c1_0.reset_code_expires_at,
        c1_0.reset_code_hash,
        c1_0.role,
        c1_0.updated_at,
        i1_0.drink_name,
        i1_0.line_total,
        i1_0.quantity,
        i1_0.unit_price,
        do1_0.note,
        do1_0.order_date,
        do1_0.payer_member_id,
        p1_0.id,
        p1_0.account_name,
        p1_0.account_number,
        p1_0.active,
        p1_0.avatar_url,
        p1_0.bank_bin,
        p1_0.bank_name,
        p1_0.created_at,
        p1_0.display_name,
        p1_0.email,
        p1_0.password_hash,
        p1_0.qr_code_url,
        p1_0.reset_code_expires_at,
        p1_0.reset_code_hash,
        p1_0.role,
        p1_0.updated_at,
        do1_0.total_amount,
        do1_0.updated_at 
    from
        drink_orders do1_0 
    join
        members p1_0 
            on p1_0.id=do1_0.payer_member_id 
    left join
        order_items i1_0 
            on do1_0.id=i1_0.order_id 
    left join
        members c1_0 
            on c1_0.id=i1_0.consumer_member_id 
    where
        do1_0.order_date between ? and ? 
    order by
        do1_0.order_date,
        do1_0.id
2026-09-13T23:39:44.855+07:00 DEBUG 16684 --- [tea-attendance-api] [nio-8080-exec-5] org.hibernate.SQL                        : 
    select
        n1_0.id,
        n1_0.body,
        n1_0.created_at,
        n1_0.read_at,
        n1_0.recipient_member_id,
        r1_0.id,
        r1_0.account_name,
        r1_0.account_number,
        r1_0.active,
        r1_0.avatar_url,
        r1_0.bank_bin,
        r1_0.bank_name,
        r1_0.created_at,
        r1_0.display_name,
        r1_0.email,
        r1_0.password_hash,
        r1_0.qr_code_url,
        r1_0.reset_code_expires_at,
        r1_0.reset_code_hash,
        r1_0.role,
        r1_0.updated_at,
        n1_0.settlement_id,
        n1_0.title,
        n1_0.transfer_id,
        n1_0.type 
    from
        notifications n1_0 
    join
        members r1_0 
            on r1_0.id=n1_0.recipient_member_id 
    where
        r1_0.id=? 
    order by
        n1_0.created_at desc
2026-09-13T23:39:44.856+07:00 DEBUG 16684 --- [tea-attendance-api] [nio-8080-exec-6] org.hibernate.SQL                        : 
    select
        dci1_0.id,
        dci1_0.active,
        dci1_0.created_at,
        dci1_0.icon,
        dci1_0.name,
        dci1_0.price,
        dci1_0.updated_at 
    from
        drink_catalog dci1_0
2026-09-13T23:39:44.858+07:00 DEBUG 16684 --- [tea-attendance-api] [nio-8080-exec-4] org.hibernate.SQL                        : 
    select
        m1_0.id,
        m1_0.account_name,
        m1_0.account_number,
        m1_0.active,
        m1_0.avatar_url,
        m1_0.bank_bin,
        m1_0.bank_name,
        m1_0.created_at,
        m1_0.display_name,
        m1_0.email,
        m1_0.password_hash,
        m1_0.qr_code_url,
        m1_0.reset_code_expires_at,
        m1_0.reset_code_hash,
        m1_0.role,
        m1_0.updated_at 
    from
        members m1_0 
    where
        m1_0.active 
    order by
        m1_0.display_name
2026-09-13T23:39:44.873+07:00 DEBUG 16684 --- [tea-attendance-api] [nio-8080-exec-8] org.hibernate.SQL                        : 
    select
        a1_0.message_id,
        a1_0.id,
        a1_0.byte_size,
        a1_0.content_type,
        a1_0.created_at,
        a1_0.original_filename,
        a1_0.storage_key 
    from
        chat_attachments a1_0 
    where
        a1_0.message_id=? 
    order by
        a1_0.id
2026-09-13T23:39:44.879+07:00 DEBUG 16684 --- [tea-attendance-api] [nio-8080-exec-8] org.hibernate.SQL                        : 
    select
        a1_0.message_id,
        a1_0.id,
        a1_0.byte_size,
        a1_0.content_type,
        a1_0.created_at,
        a1_0.original_filename,
        a1_0.storage_key 
    from
        chat_attachments a1_0 
    where
        a1_0.message_id=? 
    order by
        a1_0.id
2026-09-13T23:39:44.883+07:00 DEBUG 16684 --- [tea-attendance-api] [nio-8080-exec-5] m.m.a.RequestResponseBodyMethodProcessor : Using 'application/json', given [*/*] and supported [application/json, application/*+json]
2026-09-13T23:39:44.883+07:00 DEBUG 16684 --- [tea-attendance-api] [nio-8080-exec-5] m.m.a.RequestResponseBodyMethodProcessor : Writing [[]]
2026-09-13T23:39:44.884+07:00 DEBUG 16684 --- [tea-attendance-api] [nio-8080-exec-5] o.s.web.servlet.DispatcherServlet        : Completed 200 OK
2026-09-13T23:39:44.884+07:00 DEBUG 16684 --- [tea-attendance-api] [nio-8080-exec-8] org.hibernate.SQL                        : 
    select
        a1_0.message_id,
        a1_0.id,
        a1_0.byte_size,
        a1_0.content_type,
        a1_0.created_at,
        a1_0.original_filename,
        a1_0.storage_key 
    from
        chat_attachments a1_0 
    where
        a1_0.message_id=? 
    order by
        a1_0.id
2026-09-13T23:39:44.888+07:00 DEBUG 16684 --- [tea-attendance-api] [nio-8080-exec-9] o.s.web.servlet.DispatcherServlet        : GET "/api/notifications?memberId=6", parameters={masked}
2026-09-13T23:39:44.888+07:00 DEBUG 16684 --- [tea-attendance-api] [nio-8080-exec-9] s.w.s.m.m.a.RequestMappingHandlerMapping : Mapped to com.trasua.api.NotificationController#list(Long)
2026-09-13T23:39:44.889+07:00 DEBUG 16684 --- [tea-attendance-api] [nio-8080-exec-4] m.m.a.RequestResponseBodyMethodProcessor : Using 'application/json', given [*/*] and supported [application/json, application/*+json]
2026-09-13T23:39:44.889+07:00 DEBUG 16684 --- [tea-attendance-api] [nio-8080-exec-4] m.m.a.RequestResponseBodyMethodProcessor : Writing [[MemberResponse[id=4, displayName=H??ng, email=huong@example.test, bankName=Techcombank, bankBin=970 (truncated)...]
2026-09-13T23:39:44.891+07:00 DEBUG 16684 --- [tea-attendance-api] [nio-8080-exec-4] o.s.web.servlet.DispatcherServlet        : Completed 200 OK
2026-09-13T23:39:44.891+07:00 DEBUG 16684 --- [tea-attendance-api] [nio-8080-exec-1] m.m.a.RequestResponseBodyMethodProcessor : Using 'application/json', given [*/*] and supported [application/json, application/*+json]
2026-09-13T23:39:44.892+07:00 DEBUG 16684 --- [tea-attendance-api] [nio-8080-exec-8] org.hibernate.SQL                        : 
    select
        a1_0.message_id,
        a1_0.id,
        a1_0.byte_size,
        a1_0.content_type,
        a1_0.created_at,
        a1_0.original_filename,
        a1_0.storage_key 
    from
        chat_attachments a1_0 
    where
        a1_0.message_id=? 
    order by
        a1_0.id
2026-09-13T23:39:44.892+07:00 DEBUG 16684 --- [tea-attendance-api] [nio-8080-exec-1] m.m.a.RequestResponseBodyMethodProcessor : Writing [[ExpenseResponse[id=1, orderDate=2026-09-12, payer=MemberBriefResponse[id=2, displayName=Linh Chi],  (truncated)...]
2026-09-13T23:39:44.893+07:00 DEBUG 16684 --- [tea-attendance-api] [nio-8080-exec-1] o.s.web.servlet.DispatcherServlet        : Completed 200 OK
2026-09-13T23:39:44.893+07:00 DEBUG 16684 --- [tea-attendance-api] [nio-8080-exec-6] m.m.a.RequestResponseBodyMethodProcessor : Using 'application/json', given [*/*] and supported [application/json, application/*+json]
2026-09-13T23:39:44.893+07:00 DEBUG 16684 --- [tea-attendance-api] [nio-8080-exec-6] m.m.a.RequestResponseBodyMethodProcessor : Writing [[DrinkCatalogResponse[id=1, name=Tra da, price=5000, icon=?, active=true], DrinkCatalogResponse[id= (truncated)...]
2026-09-13T23:39:44.895+07:00 DEBUG 16684 --- [tea-attendance-api] [nio-8080-exec-6] o.s.web.servlet.DispatcherServlet        : Completed 200 OK
2026-09-13T23:39:44.897+07:00 DEBUG 16684 --- [tea-attendance-api] [nio-8080-exec-9] org.hibernate.SQL                        : 
    select
        n1_0.id,
        n1_0.body,
        n1_0.created_at,
        n1_0.read_at,
        n1_0.recipient_member_id,
        r1_0.id,
        r1_0.account_name,
        r1_0.account_number,
        r1_0.active,
        r1_0.avatar_url,
        r1_0.bank_bin,
        r1_0.bank_name,
        r1_0.created_at,
        r1_0.display_name,
        r1_0.email,
        r1_0.password_hash,
        r1_0.qr_code_url,
        r1_0.reset_code_expires_at,
        r1_0.reset_code_hash,
        r1_0.role,
        r1_0.updated_at,
        n1_0.settlement_id,
        n1_0.title,
        n1_0.transfer_id,
        n1_0.type 
    from
        notifications n1_0 
    join
        members r1_0 
            on r1_0.id=n1_0.recipient_member_id 
    where
        r1_0.id=? 
    order by
        n1_0.created_at desc
2026-09-13T23:39:44.901+07:00 DEBUG 16684 --- [tea-attendance-api] [io-8080-exec-10] o.s.web.servlet.DispatcherServlet        : GET "/api/members", parameters={}
2026-09-13T23:39:44.901+07:00 DEBUG 16684 --- [tea-attendance-api] [io-8080-exec-10] s.w.s.m.m.a.RequestMappingHandlerMapping : Mapped to com.trasua.api.MemberController#list(boolean)
2026-09-13T23:39:44.903+07:00 DEBUG 16684 --- [tea-attendance-api] [nio-8080-exec-2] o.s.web.servlet.DispatcherServlet        : GET "/api/expenses/range?from=2026-09-07&to=2026-09-13", parameters={masked}
2026-09-13T23:39:44.903+07:00 DEBUG 16684 --- [tea-attendance-api] [nio-8080-exec-2] s.w.s.m.m.a.RequestMappingHandlerMapping : Mapped to com.trasua.api.ExpenseController#range(LocalDate, LocalDate)
2026-09-13T23:39:44.904+07:00 DEBUG 16684 --- [tea-attendance-api] [nio-8080-exec-3] o.s.web.servlet.DispatcherServlet        : GET "/api/drinks?includeInactive=true", parameters={masked}
2026-09-13T23:39:44.905+07:00 DEBUG 16684 --- [tea-attendance-api] [nio-8080-exec-3] s.w.s.m.m.a.RequestMappingHandlerMapping : Mapped to com.trasua.api.DrinkCatalogController#list(boolean)
2026-09-13T23:39:44.908+07:00 DEBUG 16684 --- [tea-attendance-api] [nio-8080-exec-8] m.m.a.RequestResponseBodyMethodProcessor : Using 'application/json', given [*/*] and supported [application/json, application/*+json]
2026-09-13T23:39:44.909+07:00 DEBUG 16684 --- [tea-attendance-api] [nio-8080-exec-8] m.m.a.RequestResponseBodyMethodProcessor : Writing [[ChatMessageResponse[id=2, sender=MemberBriefResponse[id=1, displayName=Minh Anh], content=alo, atta (truncated)...]
2026-09-13T23:39:44.909+07:00 DEBUG 16684 --- [tea-attendance-api] [nio-8080-exec-8] o.s.web.servlet.DispatcherServlet        : Completed 200 OK
2026-09-13T23:39:44.910+07:00 DEBUG 16684 --- [tea-attendance-api] [nio-8080-exec-2] org.hibernate.SQL                        : 
    select
        distinct do1_0.id,
        do1_0.created_at,
        i1_0.order_id,
        i1_0.id,
        i1_0.consumer_member_id,
        c1_0.id,
        c1_0.account_name,
        c1_0.account_number,
        c1_0.active,
        c1_0.avatar_url,
        c1_0.bank_bin,
        c1_0.bank_name,
        c1_0.created_at,
        c1_0.display_name,
        c1_0.email,
        c1_0.password_hash,
        c1_0.qr_code_url,
        c1_0.reset_code_expires_at,
        c1_0.reset_code_hash,
        c1_0.role,
        c1_0.updated_at,
        i1_0.drink_name,
        i1_0.line_total,
        i1_0.quantity,
        i1_0.unit_price,
        do1_0.note,
        do1_0.order_date,
        do1_0.payer_member_id,
        p1_0.id,
        p1_0.account_name,
        p1_0.account_number,
        p1_0.active,
        p1_0.avatar_url,
        p1_0.bank_bin,
        p1_0.bank_name,
        p1_0.created_at,
        p1_0.display_name,
        p1_0.email,
        p1_0.password_hash,
        p1_0.qr_code_url,
        p1_0.reset_code_expires_at,
        p1_0.reset_code_hash,
        p1_0.role,
        p1_0.updated_at,
        do1_0.total_amount,
        do1_0.updated_at 
    from
        drink_orders do1_0 
    join
        members p1_0 
            on p1_0.id=do1_0.payer_member_id 
    left join
        order_items i1_0 
            on do1_0.id=i1_0.order_id 
    left join
        members c1_0 
            on c1_0.id=i1_0.consumer_member_id 
    where
        do1_0.order_date between ? and ? 
    order by
        do1_0.order_date,
        do1_0.id
2026-09-13T23:39:44.911+07:00 DEBUG 16684 --- [tea-attendance-api] [io-8080-exec-10] org.hibernate.SQL                        : 
    select
        m1_0.id,
        m1_0.account_name,
        m1_0.account_number,
        m1_0.active,
        m1_0.avatar_url,
        m1_0.bank_bin,
        m1_0.bank_name,
        m1_0.created_at,
        m1_0.display_name,
        m1_0.email,
        m1_0.password_hash,
        m1_0.qr_code_url,
        m1_0.reset_code_expires_at,
        m1_0.reset_code_hash,
        m1_0.role,
        m1_0.updated_at 
    from
        members m1_0 
    where
        m1_0.active 
    order by
        m1_0.display_name
2026-09-13T23:39:44.913+07:00 DEBUG 16684 --- [tea-attendance-api] [nio-8080-exec-9] m.m.a.RequestResponseBodyMethodProcessor : Using 'application/json', given [*/*] and supported [application/json, application/*+json]
2026-09-13T23:39:44.913+07:00 DEBUG 16684 --- [tea-attendance-api] [nio-8080-exec-9] m.m.a.RequestResponseBodyMethodProcessor : Writing [[]]
2026-09-13T23:39:44.914+07:00 DEBUG 16684 --- [tea-attendance-api] [nio-8080-exec-9] o.s.web.servlet.DispatcherServlet        : Completed 200 OK
2026-09-13T23:39:44.917+07:00 DEBUG 16684 --- [tea-attendance-api] [nio-8080-exec-3] org.hibernate.SQL                        : 
    select
        dci1_0.id,
        dci1_0.active,
        dci1_0.created_at,
        dci1_0.icon,
        dci1_0.name,
        dci1_0.price,
        dci1_0.updated_at 
    from
        drink_catalog dci1_0
2026-09-13T23:39:44.919+07:00 DEBUG 16684 --- [tea-attendance-api] [nio-8080-exec-7] o.s.web.servlet.DispatcherServlet        : GET "/api/chat/messages", parameters={}
2026-09-13T23:39:44.920+07:00 DEBUG 16684 --- [tea-attendance-api] [nio-8080-exec-7] s.w.s.m.m.a.RequestMappingHandlerMapping : Mapped to com.trasua.api.ChatController#list(Instant, int)
2026-09-13T23:39:44.931+07:00 DEBUG 16684 --- [tea-attendance-api] [io-8080-exec-10] m.m.a.RequestResponseBodyMethodProcessor : Using 'application/json', given [*/*] and supported [application/json, application/*+json]
2026-09-13T23:39:44.931+07:00 DEBUG 16684 --- [tea-attendance-api] [nio-8080-exec-7] org.hibernate.SQL                        : 
    select
        cm1_0.id,
        cm1_0.content,
        cm1_0.created_at,
        cm1_0.sender_member_id,
        s1_0.id,
        s1_0.account_name,
        s1_0.account_number,
        s1_0.active,
        s1_0.avatar_url,
        s1_0.bank_bin,
        s1_0.bank_name,
        s1_0.created_at,
        s1_0.display_name,
        s1_0.email,
        s1_0.password_hash,
        s1_0.qr_code_url,
        s1_0.reset_code_expires_at,
        s1_0.reset_code_hash,
        s1_0.role,
        s1_0.updated_at 
    from
        chat_messages cm1_0 
    join
        members s1_0 
            on s1_0.id=cm1_0.sender_member_id 
    order by
        cm1_0.created_at desc 
    limit
        ?
2026-09-13T23:39:44.932+07:00 DEBUG 16684 --- [tea-attendance-api] [io-8080-exec-10] m.m.a.RequestResponseBodyMethodProcessor : Writing [[MemberResponse[id=4, displayName=H??ng, email=huong@example.test, bankName=Techcombank, bankBin=970 (truncated)...]
2026-09-13T23:39:44.932+07:00 DEBUG 16684 --- [tea-attendance-api] [io-8080-exec-10] o.s.web.servlet.DispatcherServlet        : Completed 200 OK
2026-09-13T23:39:44.934+07:00 DEBUG 16684 --- [tea-attendance-api] [nio-8080-exec-2] m.m.a.RequestResponseBodyMethodProcessor : Using 'application/json', given [*/*] and supported [application/json, application/*+json]
2026-09-13T23:39:44.935+07:00 DEBUG 16684 --- [tea-attendance-api] [nio-8080-exec-2] m.m.a.RequestResponseBodyMethodProcessor : Writing [[ExpenseResponse[id=1, orderDate=2026-09-12, payer=MemberBriefResponse[id=2, displayName=Linh Chi],  (truncated)...]
2026-09-13T23:39:44.936+07:00 DEBUG 16684 --- [tea-attendance-api] [nio-8080-exec-2] o.s.web.servlet.DispatcherServlet        : Completed 200 OK
2026-09-13T23:39:44.937+07:00 DEBUG 16684 --- [tea-attendance-api] [nio-8080-exec-3] m.m.a.RequestResponseBodyMethodProcessor : Using 'application/json', given [*/*] and supported [application/json, application/*+json]
2026-09-13T23:39:44.937+07:00 DEBUG 16684 --- [tea-attendance-api] [nio-8080-exec-3] m.m.a.RequestResponseBodyMethodProcessor : Writing [[DrinkCatalogResponse[id=1, name=Tra da, price=5000, icon=?, active=true], DrinkCatalogResponse[id= (truncated)...]
2026-09-13T23:39:44.938+07:00 DEBUG 16684 --- [tea-attendance-api] [nio-8080-exec-3] o.s.web.servlet.DispatcherServlet        : Completed 200 OK
2026-09-13T23:39:44.941+07:00 DEBUG 16684 --- [tea-attendance-api] [nio-8080-exec-7] org.hibernate.SQL                        : 
    select
        a1_0.message_id,
        a1_0.id,
        a1_0.byte_size,
        a1_0.content_type,
        a1_0.created_at,
        a1_0.original_filename,
        a1_0.storage_key 
    from
        chat_attachments a1_0 
    where
        a1_0.message_id=? 
    order by
        a1_0.id
2026-09-13T23:39:44.945+07:00 DEBUG 16684 --- [tea-attendance-api] [nio-8080-exec-7] org.hibernate.SQL                        : 
    select
        a1_0.message_id,
        a1_0.id,
        a1_0.byte_size,
        a1_0.content_type,
        a1_0.created_at,
        a1_0.original_filename,
        a1_0.storage_key 
    from
        chat_attachments a1_0 
    where
        a1_0.message_id=? 
    order by
        a1_0.id
2026-09-13T23:39:44.949+07:00 DEBUG 16684 --- [tea-attendance-api] [nio-8080-exec-7] org.hibernate.SQL                        : 
    select
        a1_0.message_id,
        a1_0.id,
        a1_0.byte_size,
        a1_0.content_type,
        a1_0.created_at,
        a1_0.original_filename,
        a1_0.storage_key 
    from
        chat_attachments a1_0 
    where
        a1_0.message_id=? 
    order by
        a1_0.id
2026-09-13T23:39:44.953+07:00 DEBUG 16684 --- [tea-attendance-api] [nio-8080-exec-7] org.hibernate.SQL                        : 
    select
        a1_0.message_id,
        a1_0.id,
        a1_0.byte_size,
        a1_0.content_type,
        a1_0.created_at,
        a1_0.original_filename,
        a1_0.storage_key 
    from
        chat_attachments a1_0 
    where
        a1_0.message_id=? 
    order by
        a1_0.id
2026-09-13T23:39:44.974+07:00 DEBUG 16684 --- [tea-attendance-api] [nio-8080-exec-7] m.m.a.RequestResponseBodyMethodProcessor : Using 'application/json', given [*/*] and supported [application/json, application/*+json]
2026-09-13T23:39:44.974+07:00 DEBUG 16684 --- [tea-attendance-api] [nio-8080-exec-7] m.m.a.RequestResponseBodyMethodProcessor : Writing [[ChatMessageResponse[id=2, sender=MemberBriefResponse[id=1, displayName=Minh Anh], content=alo, atta (truncated)...]
2026-09-13T23:39:44.976+07:00 DEBUG 16684 --- [tea-attendance-api] [nio-8080-exec-7] o.s.web.servlet.DispatcherServlet        : Completed 200 OK
2026-09-13T23:39:48.643+07:00 DEBUG 16684 --- [tea-attendance-api] [nio-8080-exec-5] o.s.web.servlet.DispatcherServlet        : GET "/api/members", parameters={}
2026-09-13T23:39:48.643+07:00 DEBUG 16684 --- [tea-attendance-api] [nio-8080-exec-4] o.s.web.servlet.DispatcherServlet        : GET "/api/drinks?includeInactive=true", parameters={masked}
2026-09-13T23:39:48.643+07:00 DEBUG 16684 --- [tea-attendance-api] [nio-8080-exec-5] s.w.s.m.m.a.RequestMappingHandlerMapping : Mapped to com.trasua.api.MemberController#list(boolean)
2026-09-13T23:39:48.643+07:00 DEBUG 16684 --- [tea-attendance-api] [nio-8080-exec-4] s.w.s.m.m.a.RequestMappingHandlerMapping : Mapped to com.trasua.api.DrinkCatalogController#list(boolean)
2026-09-13T23:39:48.644+07:00 DEBUG 16684 --- [tea-attendance-api] [nio-8080-exec-6] o.s.web.servlet.DispatcherServlet        : GET "/api/chat/messages", parameters={}
2026-09-13T23:39:48.644+07:00 DEBUG 16684 --- [tea-attendance-api] [nio-8080-exec-6] s.w.s.m.m.a.RequestMappingHandlerMapping : Mapped to com.trasua.api.ChatController#list(Instant, int)
2026-09-13T23:39:48.645+07:00 DEBUG 16684 --- [tea-attendance-api] [nio-8080-exec-1] o.s.web.servlet.DispatcherServlet        : GET "/api/expenses/range?from=2026-09-07&to=2026-09-13", parameters={masked}
2026-09-13T23:39:48.645+07:00 DEBUG 16684 --- [tea-attendance-api] [nio-8080-exec-8] o.s.web.servlet.DispatcherServlet        : GET "/api/notifications?memberId=6", parameters={masked}
2026-09-13T23:39:48.646+07:00 DEBUG 16684 --- [tea-attendance-api] [nio-8080-exec-8] s.w.s.m.m.a.RequestMappingHandlerMapping : Mapped to com.trasua.api.NotificationController#list(Long)
2026-09-13T23:39:48.646+07:00 DEBUG 16684 --- [tea-attendance-api] [nio-8080-exec-1] s.w.s.m.m.a.RequestMappingHandlerMapping : Mapped to com.trasua.api.ExpenseController#range(LocalDate, LocalDate)
2026-09-13T23:39:48.660+07:00 DEBUG 16684 --- [tea-attendance-api] [nio-8080-exec-6] org.hibernate.SQL                        : 
    select
        cm1_0.id,
        cm1_0.content,
        cm1_0.created_at,
        cm1_0.sender_member_id,
        s1_0.id,
        s1_0.account_name,
        s1_0.account_number,
        s1_0.active,
        s1_0.avatar_url,
        s1_0.bank_bin,
        s1_0.bank_name,
        s1_0.created_at,
        s1_0.display_name,
        s1_0.email,
        s1_0.password_hash,
        s1_0.qr_code_url,
        s1_0.reset_code_expires_at,
        s1_0.reset_code_hash,
        s1_0.role,
        s1_0.updated_at 
    from
        chat_messages cm1_0 
    join
        members s1_0 
            on s1_0.id=cm1_0.sender_member_id 
    order by
        cm1_0.created_at desc 
    limit
        ?
2026-09-13T23:39:48.660+07:00 DEBUG 16684 --- [tea-attendance-api] [nio-8080-exec-8] org.hibernate.SQL                        : 
    select
        n1_0.id,
        n1_0.body,
        n1_0.created_at,
        n1_0.read_at,
        n1_0.recipient_member_id,
        r1_0.id,
        r1_0.account_name,
        r1_0.account_number,
        r1_0.active,
        r1_0.avatar_url,
        r1_0.bank_bin,
        r1_0.bank_name,
        r1_0.created_at,
        r1_0.display_name,
        r1_0.email,
        r1_0.password_hash,
        r1_0.qr_code_url,
        r1_0.reset_code_expires_at,
        r1_0.reset_code_hash,
        r1_0.role,
        r1_0.updated_at,
        n1_0.settlement_id,
        n1_0.title,
        n1_0.transfer_id,
        n1_0.type 
    from
        notifications n1_0 
    join
        members r1_0 
            on r1_0.id=n1_0.recipient_member_id 
    where
        r1_0.id=? 
    order by
        n1_0.created_at desc
2026-09-13T23:39:48.661+07:00 DEBUG 16684 --- [tea-attendance-api] [nio-8080-exec-5] org.hibernate.SQL                        : 
    select
        m1_0.id,
        m1_0.account_name,
        m1_0.account_number,
        m1_0.active,
        m1_0.avatar_url,
        m1_0.bank_bin,
        m1_0.bank_name,
        m1_0.created_at,
        m1_0.display_name,
        m1_0.email,
        m1_0.password_hash,
        m1_0.qr_code_url,
        m1_0.reset_code_expires_at,
        m1_0.reset_code_hash,
        m1_0.role,
        m1_0.updated_at 
    from
        members m1_0 
    where
        m1_0.active 
    order by
        m1_0.display_name
2026-09-13T23:39:48.661+07:00 DEBUG 16684 --- [tea-attendance-api] [nio-8080-exec-4] org.hibernate.SQL                        : 
    select
        dci1_0.id,
        dci1_0.active,
        dci1_0.created_at,
        dci1_0.icon,
        dci1_0.name,
        dci1_0.price,
        dci1_0.updated_at 
    from
        drink_catalog dci1_0
2026-09-13T23:39:48.661+07:00 DEBUG 16684 --- [tea-attendance-api] [nio-8080-exec-1] org.hibernate.SQL                        : 
    select
        distinct do1_0.id,
        do1_0.created_at,
        i1_0.order_id,
        i1_0.id,
        i1_0.consumer_member_id,
        c1_0.id,
        c1_0.account_name,
        c1_0.account_number,
        c1_0.active,
        c1_0.avatar_url,
        c1_0.bank_bin,
        c1_0.bank_name,
        c1_0.created_at,
        c1_0.display_name,
        c1_0.email,
        c1_0.password_hash,
        c1_0.qr_code_url,
        c1_0.reset_code_expires_at,
        c1_0.reset_code_hash,
        c1_0.role,
        c1_0.updated_at,
        i1_0.drink_name,
        i1_0.line_total,
        i1_0.quantity,
        i1_0.unit_price,
        do1_0.note,
        do1_0.order_date,
        do1_0.payer_member_id,
        p1_0.id,
        p1_0.account_name,
        p1_0.account_number,
        p1_0.active,
        p1_0.avatar_url,
        p1_0.bank_bin,
        p1_0.bank_name,
        p1_0.created_at,
        p1_0.display_name,
        p1_0.email,
        p1_0.password_hash,
        p1_0.qr_code_url,
        p1_0.reset_code_expires_at,
        p1_0.reset_code_hash,
        p1_0.role,
        p1_0.updated_at,
        do1_0.total_amount,
        do1_0.updated_at 
    from
        drink_orders do1_0 
    join
        members p1_0 
            on p1_0.id=do1_0.payer_member_id 
    left join
        order_items i1_0 
            on do1_0.id=i1_0.order_id 
    left join
        members c1_0 
            on c1_0.id=i1_0.consumer_member_id 
    where
        do1_0.order_date between ? and ? 
    order by
        do1_0.order_date,
        do1_0.id
2026-09-13T23:39:48.665+07:00 DEBUG 16684 --- [tea-attendance-api] [nio-8080-exec-6] org.hibernate.SQL                        : 
    select
        a1_0.message_id,
        a1_0.id,
        a1_0.byte_size,
        a1_0.content_type,
        a1_0.created_at,
        a1_0.original_filename,
        a1_0.storage_key 
    from
        chat_attachments a1_0 
    where
        a1_0.message_id=? 
    order by
        a1_0.id
2026-09-13T23:39:48.673+07:00 DEBUG 16684 --- [tea-attendance-api] [nio-8080-exec-6] org.hibernate.SQL                        : 
    select
        a1_0.message_id,
        a1_0.id,
        a1_0.byte_size,
        a1_0.content_type,
        a1_0.created_at,
        a1_0.original_filename,
        a1_0.storage_key 
    from
        chat_attachments a1_0 
    where
        a1_0.message_id=? 
    order by
        a1_0.id
2026-09-13T23:39:48.678+07:00 DEBUG 16684 --- [tea-attendance-api] [nio-8080-exec-4] m.m.a.RequestResponseBodyMethodProcessor : Using 'application/json', given [*/*] and supported [application/json, application/*+json]
2026-09-13T23:39:48.679+07:00 DEBUG 16684 --- [tea-attendance-api] [nio-8080-exec-8] m.m.a.RequestResponseBodyMethodProcessor : Using 'application/json', given [*/*] and supported [application/json, application/*+json]
2026-09-13T23:39:48.679+07:00 DEBUG 16684 --- [tea-attendance-api] [nio-8080-exec-6] org.hibernate.SQL                        : 
    select
        a1_0.message_id,
        a1_0.id,
        a1_0.byte_size,
        a1_0.content_type,
        a1_0.created_at,
        a1_0.original_filename,
        a1_0.storage_key 
    from
        chat_attachments a1_0 
    where
        a1_0.message_id=? 
    order by
        a1_0.id
2026-09-13T23:39:48.679+07:00 DEBUG 16684 --- [tea-attendance-api] [nio-8080-exec-8] m.m.a.RequestResponseBodyMethodProcessor : Writing [[]]
2026-09-13T23:39:48.679+07:00 DEBUG 16684 --- [tea-attendance-api] [nio-8080-exec-4] m.m.a.RequestResponseBodyMethodProcessor : Writing [[DrinkCatalogResponse[id=1, name=Tra da, price=5000, icon=?, active=true], DrinkCatalogResponse[id= (truncated)...]
2026-09-13T23:39:48.679+07:00 DEBUG 16684 --- [tea-attendance-api] [nio-8080-exec-5] m.m.a.RequestResponseBodyMethodProcessor : Using 'application/json', given [*/*] and supported [application/json, application/*+json]
2026-09-13T23:39:48.679+07:00 DEBUG 16684 --- [tea-attendance-api] [nio-8080-exec-5] m.m.a.RequestResponseBodyMethodProcessor : Writing [[MemberResponse[id=4, displayName=H??ng, email=huong@example.test, bankName=Techcombank, bankBin=970 (truncated)...]
2026-09-13T23:39:48.679+07:00 DEBUG 16684 --- [tea-attendance-api] [nio-8080-exec-4] o.s.web.servlet.DispatcherServlet        : Completed 200 OK
2026-09-13T23:39:48.679+07:00 DEBUG 16684 --- [tea-attendance-api] [nio-8080-exec-8] o.s.web.servlet.DispatcherServlet        : Completed 200 OK
2026-09-13T23:39:48.680+07:00 DEBUG 16684 --- [tea-attendance-api] [nio-8080-exec-5] o.s.web.servlet.DispatcherServlet        : Completed 200 OK
2026-09-13T23:39:48.683+07:00 DEBUG 16684 --- [tea-attendance-api] [nio-8080-exec-9] o.s.web.servlet.DispatcherServlet        : GET "/api/notifications?memberId=6", parameters={masked}
2026-09-13T23:39:48.684+07:00 DEBUG 16684 --- [tea-attendance-api] [nio-8080-exec-9] s.w.s.m.m.a.RequestMappingHandlerMapping : Mapped to com.trasua.api.NotificationController#list(Long)
2026-09-13T23:39:48.685+07:00 DEBUG 16684 --- [tea-attendance-api] [nio-8080-exec-6] org.hibernate.SQL                        : 
    select
        a1_0.message_id,
        a1_0.id,
        a1_0.byte_size,
        a1_0.content_type,
        a1_0.created_at,
        a1_0.original_filename,
        a1_0.storage_key 
    from
        chat_attachments a1_0 
    where
        a1_0.message_id=? 
    order by
        a1_0.id
2026-09-13T23:39:48.688+07:00 DEBUG 16684 --- [tea-attendance-api] [io-8080-exec-10] o.s.web.servlet.DispatcherServlet        : GET "/api/drinks?includeInactive=true", parameters={masked}
2026-09-13T23:39:48.689+07:00 DEBUG 16684 --- [tea-attendance-api] [io-8080-exec-10] s.w.s.m.m.a.RequestMappingHandlerMapping : Mapped to com.trasua.api.DrinkCatalogController#list(boolean)
2026-09-13T23:39:48.693+07:00 DEBUG 16684 --- [tea-attendance-api] [nio-8080-exec-1] m.m.a.RequestResponseBodyMethodProcessor : Using 'application/json', given [*/*] and supported [application/json, application/*+json]
2026-09-13T23:39:48.693+07:00 DEBUG 16684 --- [tea-attendance-api] [nio-8080-exec-1] m.m.a.RequestResponseBodyMethodProcessor : Writing [[ExpenseResponse[id=1, orderDate=2026-09-12, payer=MemberBriefResponse[id=2, displayName=Linh Chi],  (truncated)...]
2026-09-13T23:39:48.694+07:00 DEBUG 16684 --- [tea-attendance-api] [nio-8080-exec-1] o.s.web.servlet.DispatcherServlet        : Completed 200 OK
2026-09-13T23:39:48.695+07:00 DEBUG 16684 --- [tea-attendance-api] [nio-8080-exec-2] o.s.web.servlet.DispatcherServlet        : GET "/api/members", parameters={}
2026-09-13T23:39:48.696+07:00 DEBUG 16684 --- [tea-attendance-api] [nio-8080-exec-2] s.w.s.m.m.a.RequestMappingHandlerMapping : Mapped to com.trasua.api.MemberController#list(boolean)
2026-09-13T23:39:48.697+07:00 DEBUG 16684 --- [tea-attendance-api] [nio-8080-exec-9] org.hibernate.SQL                        : 
    select
        n1_0.id,
        n1_0.body,
        n1_0.created_at,
        n1_0.read_at,
        n1_0.recipient_member_id,
        r1_0.id,
        r1_0.account_name,
        r1_0.account_number,
        r1_0.active,
        r1_0.avatar_url,
        r1_0.bank_bin,
        r1_0.bank_name,
        r1_0.created_at,
        r1_0.display_name,
        r1_0.email,
        r1_0.password_hash,
        r1_0.qr_code_url,
        r1_0.reset_code_expires_at,
        r1_0.reset_code_hash,
        r1_0.role,
        r1_0.updated_at,
        n1_0.settlement_id,
        n1_0.title,
        n1_0.transfer_id,
        n1_0.type 
    from
        notifications n1_0 
    join
        members r1_0 
            on r1_0.id=n1_0.recipient_member_id 
    where
        r1_0.id=? 
    order by
        n1_0.created_at desc
2026-09-13T23:39:48.698+07:00 DEBUG 16684 --- [tea-attendance-api] [io-8080-exec-10] org.hibernate.SQL                        : 
    select
        dci1_0.id,
        dci1_0.active,
        dci1_0.created_at,
        dci1_0.icon,
        dci1_0.name,
        dci1_0.price,
        dci1_0.updated_at 
    from
        drink_catalog dci1_0
2026-09-13T23:39:48.711+07:00 DEBUG 16684 --- [tea-attendance-api] [nio-8080-exec-3] o.s.web.servlet.DispatcherServlet        : GET "/api/expenses/range?from=2026-09-07&to=2026-09-13", parameters={masked}
2026-09-13T23:39:48.711+07:00 DEBUG 16684 --- [tea-attendance-api] [nio-8080-exec-3] s.w.s.m.m.a.RequestMappingHandlerMapping : Mapped to com.trasua.api.ExpenseController#range(LocalDate, LocalDate)
2026-09-13T23:39:48.723+07:00 DEBUG 16684 --- [tea-attendance-api] [nio-8080-exec-6] m.m.a.RequestResponseBodyMethodProcessor : Using 'application/json', given [*/*] and supported [application/json, application/*+json]
2026-09-13T23:39:48.723+07:00 DEBUG 16684 --- [tea-attendance-api] [nio-8080-exec-6] m.m.a.RequestResponseBodyMethodProcessor : Writing [[ChatMessageResponse[id=2, sender=MemberBriefResponse[id=1, displayName=Minh Anh], content=alo, atta (truncated)...]
2026-09-13T23:39:48.724+07:00 DEBUG 16684 --- [tea-attendance-api] [nio-8080-exec-6] o.s.web.servlet.DispatcherServlet        : Completed 200 OK
2026-09-13T23:39:48.732+07:00 DEBUG 16684 --- [tea-attendance-api] [nio-8080-exec-3] org.hibernate.SQL                        : 
    select
        distinct do1_0.id,
        do1_0.created_at,
        i1_0.order_id,
        i1_0.id,
        i1_0.consumer_member_id,
        c1_0.id,
        c1_0.account_name,
        c1_0.account_number,
        c1_0.active,
        c1_0.avatar_url,
        c1_0.bank_bin,
        c1_0.bank_name,
        c1_0.created_at,
        c1_0.display_name,
        c1_0.email,
        c1_0.password_hash,
        c1_0.qr_code_url,
        c1_0.reset_code_expires_at,
        c1_0.reset_code_hash,
        c1_0.role,
        c1_0.updated_at,
        i1_0.drink_name,
        i1_0.line_total,
        i1_0.quantity,
        i1_0.unit_price,
        do1_0.note,
        do1_0.order_date,
        do1_0.payer_member_id,
        p1_0.id,
        p1_0.account_name,
        p1_0.account_number,
        p1_0.active,
        p1_0.avatar_url,
        p1_0.bank_bin,
        p1_0.bank_name,
        p1_0.created_at,
        p1_0.display_name,
        p1_0.email,
        p1_0.password_hash,
        p1_0.qr_code_url,
        p1_0.reset_code_expires_at,
        p1_0.reset_code_hash,
        p1_0.role,
        p1_0.updated_at,
        do1_0.total_amount,
        do1_0.updated_at 
    from
        drink_orders do1_0 
    join
        members p1_0 
            on p1_0.id=do1_0.payer_member_id 
    left join
        order_items i1_0 
            on do1_0.id=i1_0.order_id 
    left join
        members c1_0 
            on c1_0.id=i1_0.consumer_member_id 
    where
        do1_0.order_date between ? and ? 
    order by
        do1_0.order_date,
        do1_0.id
2026-09-13T23:39:48.739+07:00 DEBUG 16684 --- [tea-attendance-api] [nio-8080-exec-2] org.hibernate.SQL                        : 
    select
        m1_0.id,
        m1_0.account_name,
        m1_0.account_number,
        m1_0.active,
        m1_0.avatar_url,
        m1_0.bank_bin,
        m1_0.bank_name,
        m1_0.created_at,
        m1_0.display_name,
        m1_0.email,
        m1_0.password_hash,
        m1_0.qr_code_url,
        m1_0.reset_code_expires_at,
        m1_0.reset_code_hash,
        m1_0.role,
        m1_0.updated_at 
    from
        members m1_0 
    where
        m1_0.active 
    order by
        m1_0.display_name
2026-09-13T23:39:48.743+07:00 DEBUG 16684 --- [tea-attendance-api] [nio-8080-exec-7] o.s.web.servlet.DispatcherServlet        : GET "/api/chat/messages", parameters={}
2026-09-13T23:39:48.745+07:00 DEBUG 16684 --- [tea-attendance-api] [nio-8080-exec-7] s.w.s.m.m.a.RequestMappingHandlerMapping : Mapped to com.trasua.api.ChatController#list(Instant, int)
2026-09-13T23:39:48.750+07:00 DEBUG 16684 --- [tea-attendance-api] [nio-8080-exec-9] m.m.a.RequestResponseBodyMethodProcessor : Using 'application/json', given [*/*] and supported [application/json, application/*+json]
2026-09-13T23:39:48.751+07:00 DEBUG 16684 --- [tea-attendance-api] [io-8080-exec-10] m.m.a.RequestResponseBodyMethodProcessor : Using 'application/json', given [*/*] and supported [application/json, application/*+json]
2026-09-13T23:39:48.751+07:00 DEBUG 16684 --- [tea-attendance-api] [nio-8080-exec-9] m.m.a.RequestResponseBodyMethodProcessor : Writing [[]]
2026-09-13T23:39:48.752+07:00 DEBUG 16684 --- [tea-attendance-api] [nio-8080-exec-9] o.s.web.servlet.DispatcherServlet        : Completed 200 OK
2026-09-13T23:39:48.752+07:00 DEBUG 16684 --- [tea-attendance-api] [io-8080-exec-10] m.m.a.RequestResponseBodyMethodProcessor : Writing [[DrinkCatalogResponse[id=1, name=Tra da, price=5000, icon=?, active=true], DrinkCatalogResponse[id= (truncated)...]
2026-09-13T23:39:48.754+07:00 DEBUG 16684 --- [tea-attendance-api] [io-8080-exec-10] o.s.web.servlet.DispatcherServlet        : Completed 200 OK
2026-09-13T23:39:48.768+07:00 DEBUG 16684 --- [tea-attendance-api] [nio-8080-exec-7] org.hibernate.SQL                        : 
    select
        cm1_0.id,
        cm1_0.content,
        cm1_0.created_at,
        cm1_0.sender_member_id,
        s1_0.id,
        s1_0.account_name,
        s1_0.account_number,
        s1_0.active,
        s1_0.avatar_url,
        s1_0.bank_bin,
        s1_0.bank_name,
        s1_0.created_at,
        s1_0.display_name,
        s1_0.email,
        s1_0.password_hash,
        s1_0.qr_code_url,
        s1_0.reset_code_expires_at,
        s1_0.reset_code_hash,
        s1_0.role,
        s1_0.updated_at 
    from
        chat_messages cm1_0 
    join
        members s1_0 
            on s1_0.id=cm1_0.sender_member_id 
    order by
        cm1_0.created_at desc 
    limit
        ?
2026-09-13T23:39:48.772+07:00 DEBUG 16684 --- [tea-attendance-api] [nio-8080-exec-2] m.m.a.RequestResponseBodyMethodProcessor : Using 'application/json', given [*/*] and supported [application/json, application/*+json]
2026-09-13T23:39:48.773+07:00 DEBUG 16684 --- [tea-attendance-api] [nio-8080-exec-2] m.m.a.RequestResponseBodyMethodProcessor : Writing [[MemberResponse[id=4, displayName=H??ng, email=huong@example.test, bankName=Techcombank, bankBin=970 (truncated)...]
2026-09-13T23:39:48.774+07:00 DEBUG 16684 --- [tea-attendance-api] [nio-8080-exec-2] o.s.web.servlet.DispatcherServlet        : Completed 200 OK
2026-09-13T23:39:48.776+07:00 DEBUG 16684 --- [tea-attendance-api] [nio-8080-exec-3] m.m.a.RequestResponseBodyMethodProcessor : Using 'application/json', given [*/*] and supported [application/json, application/*+json]
2026-09-13T23:39:48.777+07:00 DEBUG 16684 --- [tea-attendance-api] [nio-8080-exec-3] m.m.a.RequestResponseBodyMethodProcessor : Writing [[ExpenseResponse[id=1, orderDate=2026-09-12, payer=MemberBriefResponse[id=2, displayName=Linh Chi],  (truncated)...]
2026-09-13T23:39:48.777+07:00 DEBUG 16684 --- [tea-attendance-api] [nio-8080-exec-7] org.hibernate.SQL                        : 
    select
        a1_0.message_id,
        a1_0.id,
        a1_0.byte_size,
        a1_0.content_type,
        a1_0.created_at,
        a1_0.original_filename,
        a1_0.storage_key 
    from
        chat_attachments a1_0 
    where
        a1_0.message_id=? 
    order by
        a1_0.id
2026-09-13T23:39:48.778+07:00 DEBUG 16684 --- [tea-attendance-api] [nio-8080-exec-3] o.s.web.servlet.DispatcherServlet        : Completed 200 OK
2026-09-13T23:39:48.781+07:00 DEBUG 16684 --- [tea-attendance-api] [nio-8080-exec-7] org.hibernate.SQL                        : 
    select
        a1_0.message_id,
        a1_0.id,
        a1_0.byte_size,
        a1_0.content_type,
        a1_0.created_at,
        a1_0.original_filename,
        a1_0.storage_key 
    from
        chat_attachments a1_0 
    where
        a1_0.message_id=? 
    order by
        a1_0.id
2026-09-13T23:39:48.789+07:00 DEBUG 16684 --- [tea-attendance-api] [nio-8080-exec-7] org.hibernate.SQL                        : 
    select
        a1_0.message_id,
        a1_0.id,
        a1_0.byte_size,
        a1_0.content_type,
        a1_0.created_at,
        a1_0.original_filename,
        a1_0.storage_key 
    from
        chat_attachments a1_0 
    where
        a1_0.message_id=? 
    order by
        a1_0.id
2026-09-13T23:39:48.792+07:00 DEBUG 16684 --- [tea-attendance-api] [nio-8080-exec-7] org.hibernate.SQL                        : 
    select
        a1_0.message_id,
        a1_0.id,
        a1_0.byte_size,
        a1_0.content_type,
        a1_0.created_at,
        a1_0.original_filename,
        a1_0.storage_key 
    from
        chat_attachments a1_0 
    where
        a1_0.message_id=? 
    order by
        a1_0.id
2026-09-13T23:39:48.813+07:00 DEBUG 16684 --- [tea-attendance-api] [nio-8080-exec-7] m.m.a.RequestResponseBodyMethodProcessor : Using 'application/json', given [*/*] and supported [application/json, application/*+json]
2026-09-13T23:39:48.814+07:00 DEBUG 16684 --- [tea-attendance-api] [nio-8080-exec-7] m.m.a.RequestResponseBodyMethodProcessor : Writing [[ChatMessageResponse[id=2, sender=MemberBriefResponse[id=1, displayName=Minh Anh], content=alo, atta (truncated)...]
2026-09-13T23:39:48.815+07:00 DEBUG 16684 --- [tea-attendance-api] [nio-8080-exec-7] o.s.web.servlet.DispatcherServlet        : Completed 200 OK
2026-09-13T23:40:02.019+07:00 DEBUG 16684 --- [tea-attendance-api] [nio-8080-exec-5] o.s.web.servlet.DispatcherServlet        : OPTIONS "/api/drinks?includeInactive=true", parameters={masked}
2026-09-13T23:40:02.019+07:00 DEBUG 16684 --- [tea-attendance-api] [nio-8080-exec-4] o.s.web.servlet.DispatcherServlet        : OPTIONS "/api/members", parameters={}
2026-09-13T23:40:02.020+07:00 DEBUG 16684 --- [tea-attendance-api] [nio-8080-exec-5] s.w.s.m.m.a.RequestMappingHandlerMapping : Mapped to com.trasua.api.DrinkCatalogController#list(boolean)
2026-09-13T23:40:02.020+07:00 DEBUG 16684 --- [tea-attendance-api] [nio-8080-exec-4] s.w.s.m.m.a.RequestMappingHandlerMapping : Mapped to com.trasua.api.MemberController#list(boolean)
2026-09-13T23:40:02.020+07:00 DEBUG 16684 --- [tea-attendance-api] [nio-8080-exec-5] o.s.web.servlet.DispatcherServlet        : Completed 200 OK
2026-09-13T23:40:02.021+07:00 DEBUG 16684 --- [tea-attendance-api] [nio-8080-exec-4] o.s.web.servlet.DispatcherServlet        : Completed 200 OK
2026-09-13T23:40:02.022+07:00 DEBUG 16684 --- [tea-attendance-api] [nio-8080-exec-4] o.s.web.servlet.DispatcherServlet        : OPTIONS "/api/expenses/range?from=2026-09-07&to=2026-09-13", parameters={masked}
2026-09-13T23:40:02.022+07:00 DEBUG 16684 --- [tea-attendance-api] [nio-8080-exec-4] s.w.s.m.m.a.RequestMappingHandlerMapping : Mapped to com.trasua.api.ExpenseController#range(LocalDate, LocalDate)
2026-09-13T23:40:02.023+07:00 DEBUG 16684 --- [tea-attendance-api] [nio-8080-exec-4] o.s.web.servlet.DispatcherServlet        : Completed 200 OK
2026-09-13T23:40:02.022+07:00 DEBUG 16684 --- [tea-attendance-api] [nio-8080-exec-5] o.s.web.servlet.DispatcherServlet        : OPTIONS "/api/chat/messages", parameters={}
2026-09-13T23:40:02.024+07:00 DEBUG 16684 --- [tea-attendance-api] [nio-8080-exec-8] o.s.web.servlet.DispatcherServlet        : OPTIONS "/api/notifications?memberId=6", parameters={masked}
2026-09-13T23:40:02.024+07:00 DEBUG 16684 --- [tea-attendance-api] [nio-8080-exec-5] s.w.s.m.m.a.RequestMappingHandlerMapping : Mapped to com.trasua.api.ChatController#list(Instant, int)
2026-09-13T23:40:02.025+07:00 DEBUG 16684 --- [tea-attendance-api] [nio-8080-exec-8] s.w.s.m.m.a.RequestMappingHandlerMapping : Mapped to com.trasua.api.NotificationController#list(Long)
2026-09-13T23:40:02.025+07:00 DEBUG 16684 --- [tea-attendance-api] [nio-8080-exec-5] o.s.web.servlet.DispatcherServlet        : Completed 200 OK
2026-09-13T23:40:02.025+07:00 DEBUG 16684 --- [tea-attendance-api] [nio-8080-exec-8] o.s.web.servlet.DispatcherServlet        : Completed 200 OK
2026-09-13T23:40:02.026+07:00 DEBUG 16684 --- [tea-attendance-api] [nio-8080-exec-4] o.s.web.servlet.DispatcherServlet        : OPTIONS "/api/members", parameters={}
2026-09-13T23:40:02.026+07:00 DEBUG 16684 --- [tea-attendance-api] [nio-8080-exec-4] s.w.s.m.m.a.RequestMappingHandlerMapping : Mapped to com.trasua.api.MemberController#list(boolean)
2026-09-13T23:40:02.026+07:00 DEBUG 16684 --- [tea-attendance-api] [nio-8080-exec-4] o.s.web.servlet.DispatcherServlet        : Completed 200 OK
2026-09-13T23:40:02.026+07:00 DEBUG 16684 --- [tea-attendance-api] [nio-8080-exec-5] o.s.web.servlet.DispatcherServlet        : OPTIONS "/api/drinks?includeInactive=true", parameters={masked}
2026-09-13T23:40:02.027+07:00 DEBUG 16684 --- [tea-attendance-api] [nio-8080-exec-5] s.w.s.m.m.a.RequestMappingHandlerMapping : Mapped to com.trasua.api.DrinkCatalogController#list(boolean)
2026-09-13T23:40:02.027+07:00 DEBUG 16684 --- [tea-attendance-api] [nio-8080-exec-5] o.s.web.servlet.DispatcherServlet        : Completed 200 OK
2026-09-13T23:40:02.031+07:00 DEBUG 16684 --- [tea-attendance-api] [nio-8080-exec-2] o.s.web.servlet.DispatcherServlet        : GET "/api/members", parameters={}
2026-09-13T23:40:02.031+07:00 DEBUG 16684 --- [tea-attendance-api] [nio-8080-exec-7] o.s.web.servlet.DispatcherServlet        : GET "/api/expenses/range?from=2026-09-07&to=2026-09-13", parameters={masked}
2026-09-13T23:40:02.030+07:00 DEBUG 16684 --- [tea-attendance-api] [nio-8080-exec-3] o.s.web.servlet.DispatcherServlet        : GET "/api/drinks?includeInactive=true", parameters={masked}
2026-09-13T23:40:02.031+07:00 DEBUG 16684 --- [tea-attendance-api] [nio-8080-exec-7] s.w.s.m.m.a.RequestMappingHandlerMapping : Mapped to com.trasua.api.ExpenseController#range(LocalDate, LocalDate)
2026-09-13T23:40:02.031+07:00 DEBUG 16684 --- [tea-attendance-api] [nio-8080-exec-2] s.w.s.m.m.a.RequestMappingHandlerMapping : Mapped to com.trasua.api.MemberController#list(boolean)
2026-09-13T23:40:02.031+07:00 DEBUG 16684 --- [tea-attendance-api] [nio-8080-exec-3] s.w.s.m.m.a.RequestMappingHandlerMapping : Mapped to com.trasua.api.DrinkCatalogController#list(boolean)
2026-09-13T23:40:02.031+07:00 DEBUG 16684 --- [tea-attendance-api] [nio-8080-exec-8] o.s.web.servlet.DispatcherServlet        : GET "/api/chat/messages", parameters={}
2026-09-13T23:40:02.032+07:00 DEBUG 16684 --- [tea-attendance-api] [nio-8080-exec-8] s.w.s.m.m.a.RequestMappingHandlerMapping : Mapped to com.trasua.api.ChatController#list(Instant, int)
2026-09-13T23:40:02.033+07:00 DEBUG 16684 --- [tea-attendance-api] [nio-8080-exec-6] o.s.web.servlet.DispatcherServlet        : GET "/api/members", parameters={}
2026-09-13T23:40:02.033+07:00 DEBUG 16684 --- [tea-attendance-api] [nio-8080-exec-1] o.s.web.servlet.DispatcherServlet        : GET "/api/notifications?memberId=6", parameters={masked}
2026-09-13T23:40:02.033+07:00 DEBUG 16684 --- [tea-attendance-api] [nio-8080-exec-6] s.w.s.m.m.a.RequestMappingHandlerMapping : Mapped to com.trasua.api.MemberController#list(boolean)
2026-09-13T23:40:02.033+07:00 DEBUG 16684 --- [tea-attendance-api] [nio-8080-exec-1] s.w.s.m.m.a.RequestMappingHandlerMapping : Mapped to com.trasua.api.NotificationController#list(Long)
2026-09-13T23:40:02.044+07:00 DEBUG 16684 --- [tea-attendance-api] [nio-8080-exec-8] org.hibernate.SQL                        : 
    select
        cm1_0.id,
        cm1_0.content,
        cm1_0.created_at,
        cm1_0.sender_member_id,
        s1_0.id,
        s1_0.account_name,
        s1_0.account_number,
        s1_0.active,
        s1_0.avatar_url,
        s1_0.bank_bin,
        s1_0.bank_name,
        s1_0.created_at,
        s1_0.display_name,
        s1_0.email,
        s1_0.password_hash,
        s1_0.qr_code_url,
        s1_0.reset_code_expires_at,
        s1_0.reset_code_hash,
        s1_0.role,
        s1_0.updated_at 
    from
        chat_messages cm1_0 
    join
        members s1_0 
            on s1_0.id=cm1_0.sender_member_id 
    order by
        cm1_0.created_at desc 
    limit
        ?
2026-09-13T23:40:02.044+07:00 DEBUG 16684 --- [tea-attendance-api] [nio-8080-exec-7] org.hibernate.SQL                        : 
    select
        distinct do1_0.id,
        do1_0.created_at,
        i1_0.order_id,
        i1_0.id,
        i1_0.consumer_member_id,
        c1_0.id,
        c1_0.account_name,
        c1_0.account_number,
        c1_0.active,
        c1_0.avatar_url,
        c1_0.bank_bin,
        c1_0.bank_name,
        c1_0.created_at,
        c1_0.display_name,
        c1_0.email,
        c1_0.password_hash,
        c1_0.qr_code_url,
        c1_0.reset_code_expires_at,
        c1_0.reset_code_hash,
        c1_0.role,
        c1_0.updated_at,
        i1_0.drink_name,
        i1_0.line_total,
        i1_0.quantity,
        i1_0.unit_price,
        do1_0.note,
        do1_0.order_date,
        do1_0.payer_member_id,
        p1_0.id,
        p1_0.account_name,
        p1_0.account_number,
        p1_0.active,
        p1_0.avatar_url,
        p1_0.bank_bin,
        p1_0.bank_name,
        p1_0.created_at,
        p1_0.display_name,
        p1_0.email,
        p1_0.password_hash,
        p1_0.qr_code_url,
        p1_0.reset_code_expires_at,
        p1_0.reset_code_hash,
        p1_0.role,
        p1_0.updated_at,
        do1_0.total_amount,
        do1_0.updated_at 
    from
        drink_orders do1_0 
    join
        members p1_0 
            on p1_0.id=do1_0.payer_member_id 
    left join
        order_items i1_0 
            on do1_0.id=i1_0.order_id 
    left join
        members c1_0 
            on c1_0.id=i1_0.consumer_member_id 
    where
        do1_0.order_date between ? and ? 
    order by
        do1_0.order_date,
        do1_0.id
2026-09-13T23:40:02.044+07:00 DEBUG 16684 --- [tea-attendance-api] [nio-8080-exec-1] org.hibernate.SQL                        : 
    select
        n1_0.id,
        n1_0.body,
        n1_0.created_at,
        n1_0.read_at,
        n1_0.recipient_member_id,
        r1_0.id,
        r1_0.account_name,
        r1_0.account_number,
        r1_0.active,
        r1_0.avatar_url,
        r1_0.bank_bin,
        r1_0.bank_name,
        r1_0.created_at,
        r1_0.display_name,
        r1_0.email,
        r1_0.password_hash,
        r1_0.qr_code_url,
        r1_0.reset_code_expires_at,
        r1_0.reset_code_hash,
        r1_0.role,
        r1_0.updated_at,
        n1_0.settlement_id,
        n1_0.title,
        n1_0.transfer_id,
        n1_0.type 
    from
        notifications n1_0 
    join
        members r1_0 
            on r1_0.id=n1_0.recipient_member_id 
    where
        r1_0.id=? 
    order by
        n1_0.created_at desc
2026-09-13T23:40:02.044+07:00 DEBUG 16684 --- [tea-attendance-api] [nio-8080-exec-3] org.hibernate.SQL                        : 
    select
        dci1_0.id,
        dci1_0.active,
        dci1_0.created_at,
        dci1_0.icon,
        dci1_0.name,
        dci1_0.price,
        dci1_0.updated_at 
    from
        drink_catalog dci1_0
2026-09-13T23:40:02.044+07:00 DEBUG 16684 --- [tea-attendance-api] [nio-8080-exec-6] org.hibernate.SQL                        : 
    select
        m1_0.id,
        m1_0.account_name,
        m1_0.account_number,
        m1_0.active,
        m1_0.avatar_url,
        m1_0.bank_bin,
        m1_0.bank_name,
        m1_0.created_at,
        m1_0.display_name,
        m1_0.email,
        m1_0.password_hash,
        m1_0.qr_code_url,
        m1_0.reset_code_expires_at,
        m1_0.reset_code_hash,
        m1_0.role,
        m1_0.updated_at 
    from
        members m1_0 
    where
        m1_0.active 
    order by
        m1_0.display_name
2026-09-13T23:40:02.047+07:00 DEBUG 16684 --- [tea-attendance-api] [nio-8080-exec-2] org.hibernate.SQL                        : 
    select
        m1_0.id,
        m1_0.account_name,
        m1_0.account_number,
        m1_0.active,
        m1_0.avatar_url,
        m1_0.bank_bin,
        m1_0.bank_name,
        m1_0.created_at,
        m1_0.display_name,
        m1_0.email,
        m1_0.password_hash,
        m1_0.qr_code_url,
        m1_0.reset_code_expires_at,
        m1_0.reset_code_hash,
        m1_0.role,
        m1_0.updated_at 
    from
        members m1_0 
    where
        m1_0.active 
    order by
        m1_0.display_name
2026-09-13T23:40:02.049+07:00 DEBUG 16684 --- [tea-attendance-api] [nio-8080-exec-8] org.hibernate.SQL                        : 
    select
        a1_0.message_id,
        a1_0.id,
        a1_0.byte_size,
        a1_0.content_type,
        a1_0.created_at,
        a1_0.original_filename,
        a1_0.storage_key 
    from
        chat_attachments a1_0 
    where
        a1_0.message_id=? 
    order by
        a1_0.id
2026-09-13T23:40:02.056+07:00 DEBUG 16684 --- [tea-attendance-api] [nio-8080-exec-8] org.hibernate.SQL                        : 
    select
        a1_0.message_id,
        a1_0.id,
        a1_0.byte_size,
        a1_0.content_type,
        a1_0.created_at,
        a1_0.original_filename,
        a1_0.storage_key 
    from
        chat_attachments a1_0 
    where
        a1_0.message_id=? 
    order by
        a1_0.id
2026-09-13T23:40:02.063+07:00 DEBUG 16684 --- [tea-attendance-api] [nio-8080-exec-8] org.hibernate.SQL                        : 
    select
        a1_0.message_id,
        a1_0.id,
        a1_0.byte_size,
        a1_0.content_type,
        a1_0.created_at,
        a1_0.original_filename,
        a1_0.storage_key 
    from
        chat_attachments a1_0 
    where
        a1_0.message_id=? 
    order by
        a1_0.id
2026-09-13T23:40:02.063+07:00 DEBUG 16684 --- [tea-attendance-api] [nio-8080-exec-3] m.m.a.RequestResponseBodyMethodProcessor : Using 'application/json', given [*/*] and supported [application/json, application/*+json]
2026-09-13T23:40:02.064+07:00 DEBUG 16684 --- [tea-attendance-api] [nio-8080-exec-1] m.m.a.RequestResponseBodyMethodProcessor : Using 'application/json', given [*/*] and supported [application/json, application/*+json]
2026-09-13T23:40:02.064+07:00 DEBUG 16684 --- [tea-attendance-api] [nio-8080-exec-3] m.m.a.RequestResponseBodyMethodProcessor : Writing [[DrinkCatalogResponse[id=1, name=Tra da, price=5000, icon=?, active=true], DrinkCatalogResponse[id= (truncated)...]
2026-09-13T23:40:02.064+07:00 DEBUG 16684 --- [tea-attendance-api] [nio-8080-exec-1] m.m.a.RequestResponseBodyMethodProcessor : Writing [[]]
2026-09-13T23:40:02.065+07:00 DEBUG 16684 --- [tea-attendance-api] [nio-8080-exec-1] o.s.web.servlet.DispatcherServlet        : Completed 200 OK
2026-09-13T23:40:02.065+07:00 DEBUG 16684 --- [tea-attendance-api] [nio-8080-exec-3] o.s.web.servlet.DispatcherServlet        : Completed 200 OK
2026-09-13T23:40:02.065+07:00 DEBUG 16684 --- [tea-attendance-api] [nio-8080-exec-6] m.m.a.RequestResponseBodyMethodProcessor : Using 'application/json', given [*/*] and supported [application/json, application/*+json]
2026-09-13T23:40:02.065+07:00 DEBUG 16684 --- [tea-attendance-api] [nio-8080-exec-7] m.m.a.RequestResponseBodyMethodProcessor : Using 'application/json', given [*/*] and supported [application/json, application/*+json]
2026-09-13T23:40:02.065+07:00 DEBUG 16684 --- [tea-attendance-api] [nio-8080-exec-6] m.m.a.RequestResponseBodyMethodProcessor : Writing [[MemberResponse[id=4, displayName=H??ng, email=huong@example.test, bankName=Techcombank, bankBin=970 (truncated)...]
2026-09-13T23:40:02.066+07:00 DEBUG 16684 --- [tea-attendance-api] [nio-8080-exec-7] m.m.a.RequestResponseBodyMethodProcessor : Writing [[ExpenseResponse[id=1, orderDate=2026-09-12, payer=MemberBriefResponse[id=2, displayName=Linh Chi],  (truncated)...]
2026-09-13T23:40:02.067+07:00 DEBUG 16684 --- [tea-attendance-api] [nio-8080-exec-6] o.s.web.servlet.DispatcherServlet        : Completed 200 OK
2026-09-13T23:40:02.067+07:00 DEBUG 16684 --- [tea-attendance-api] [nio-8080-exec-7] o.s.web.servlet.DispatcherServlet        : Completed 200 OK
2026-09-13T23:40:02.067+07:00 DEBUG 16684 --- [tea-attendance-api] [nio-8080-exec-8] org.hibernate.SQL                        : 
    select
        a1_0.message_id,
        a1_0.id,
        a1_0.byte_size,
        a1_0.content_type,
        a1_0.created_at,
        a1_0.original_filename,
        a1_0.storage_key 
    from
        chat_attachments a1_0 
    where
        a1_0.message_id=? 
    order by
        a1_0.id
2026-09-13T23:40:02.070+07:00 DEBUG 16684 --- [tea-attendance-api] [nio-8080-exec-2] m.m.a.RequestResponseBodyMethodProcessor : Using 'application/json', given [*/*] and supported [application/json, application/*+json]
2026-09-13T23:40:02.070+07:00 DEBUG 16684 --- [tea-attendance-api] [nio-8080-exec-2] m.m.a.RequestResponseBodyMethodProcessor : Writing [[MemberResponse[id=4, displayName=H??ng, email=huong@example.test, bankName=Techcombank, bankBin=970 (truncated)...]
2026-09-13T23:40:02.070+07:00 DEBUG 16684 --- [tea-attendance-api] [nio-8080-exec-4] o.s.web.servlet.DispatcherServlet        : GET "/api/drinks?includeInactive=true", parameters={masked}
2026-09-13T23:40:02.070+07:00 DEBUG 16684 --- [tea-attendance-api] [nio-8080-exec-4] s.w.s.m.m.a.RequestMappingHandlerMapping : Mapped to com.trasua.api.DrinkCatalogController#list(boolean)
2026-09-13T23:40:02.071+07:00 DEBUG 16684 --- [tea-attendance-api] [nio-8080-exec-9] o.s.web.servlet.DispatcherServlet        : OPTIONS "/api/expenses/range?from=2026-09-07&to=2026-09-13", parameters={masked}
2026-09-13T23:40:02.071+07:00 DEBUG 16684 --- [tea-attendance-api] [nio-8080-exec-2] o.s.web.servlet.DispatcherServlet        : Completed 200 OK
2026-09-13T23:40:02.072+07:00 DEBUG 16684 --- [tea-attendance-api] [nio-8080-exec-9] s.w.s.m.m.a.RequestMappingHandlerMapping : Mapped to com.trasua.api.ExpenseController#range(LocalDate, LocalDate)
2026-09-13T23:40:02.074+07:00 DEBUG 16684 --- [tea-attendance-api] [nio-8080-exec-9] o.s.web.servlet.DispatcherServlet        : Completed 200 OK
2026-09-13T23:40:02.080+07:00 DEBUG 16684 --- [tea-attendance-api] [io-8080-exec-10] o.s.web.servlet.DispatcherServlet        : OPTIONS "/api/chat/messages", parameters={}
2026-09-13T23:40:02.081+07:00 DEBUG 16684 --- [tea-attendance-api] [io-8080-exec-10] s.w.s.m.m.a.RequestMappingHandlerMapping : Mapped to com.trasua.api.ChatController#list(Instant, int)
2026-09-13T23:40:02.081+07:00 DEBUG 16684 --- [tea-attendance-api] [io-8080-exec-10] o.s.web.servlet.DispatcherServlet        : Completed 200 OK
2026-09-13T23:40:02.083+07:00 DEBUG 16684 --- [tea-attendance-api] [nio-8080-exec-4] org.hibernate.SQL                        : 
    select
        dci1_0.id,
        dci1_0.active,
        dci1_0.created_at,
        dci1_0.icon,
        dci1_0.name,
        dci1_0.price,
        dci1_0.updated_at 
    from
        drink_catalog dci1_0
2026-09-13T23:40:02.083+07:00 DEBUG 16684 --- [tea-attendance-api] [nio-8080-exec-5] o.s.web.servlet.DispatcherServlet        : OPTIONS "/api/notifications?memberId=6", parameters={masked}
2026-09-13T23:40:02.083+07:00 DEBUG 16684 --- [tea-attendance-api] [nio-8080-exec-5] s.w.s.m.m.a.RequestMappingHandlerMapping : Mapped to com.trasua.api.NotificationController#list(Long)
2026-09-13T23:40:02.083+07:00 DEBUG 16684 --- [tea-attendance-api] [nio-8080-exec-1] o.s.web.servlet.DispatcherServlet        : GET "/api/expenses/range?from=2026-09-07&to=2026-09-13", parameters={masked}
2026-09-13T23:40:02.084+07:00 DEBUG 16684 --- [tea-attendance-api] [nio-8080-exec-1] s.w.s.m.m.a.RequestMappingHandlerMapping : Mapped to com.trasua.api.ExpenseController#range(LocalDate, LocalDate)
2026-09-13T23:40:02.084+07:00 DEBUG 16684 --- [tea-attendance-api] [nio-8080-exec-5] o.s.web.servlet.DispatcherServlet        : Completed 200 OK
2026-09-13T23:40:02.086+07:00 DEBUG 16684 --- [tea-attendance-api] [nio-8080-exec-3] o.s.web.servlet.DispatcherServlet        : GET "/api/chat/messages", parameters={}
2026-09-13T23:40:02.086+07:00 DEBUG 16684 --- [tea-attendance-api] [nio-8080-exec-3] s.w.s.m.m.a.RequestMappingHandlerMapping : Mapped to com.trasua.api.ChatController#list(Instant, int)
2026-09-13T23:40:02.088+07:00 DEBUG 16684 --- [tea-attendance-api] [nio-8080-exec-8] m.m.a.RequestResponseBodyMethodProcessor : Using 'application/json', given [*/*] and supported [application/json, application/*+json]
2026-09-13T23:40:02.088+07:00 DEBUG 16684 --- [tea-attendance-api] [nio-8080-exec-8] m.m.a.RequestResponseBodyMethodProcessor : Writing [[ChatMessageResponse[id=2, sender=MemberBriefResponse[id=1, displayName=Minh Anh], content=alo, atta (truncated)...]
2026-09-13T23:40:02.090+07:00 DEBUG 16684 --- [tea-attendance-api] [nio-8080-exec-7] o.s.web.servlet.DispatcherServlet        : GET "/api/notifications?memberId=6", parameters={masked}
2026-09-13T23:40:02.091+07:00 DEBUG 16684 --- [tea-attendance-api] [nio-8080-exec-8] o.s.web.servlet.DispatcherServlet        : Completed 200 OK
2026-09-13T23:40:02.091+07:00 DEBUG 16684 --- [tea-attendance-api] [nio-8080-exec-7] s.w.s.m.m.a.RequestMappingHandlerMapping : Mapped to com.trasua.api.NotificationController#list(Long)
2026-09-13T23:40:02.097+07:00 DEBUG 16684 --- [tea-attendance-api] [nio-8080-exec-1] org.hibernate.SQL                        : 
    select
        distinct do1_0.id,
        do1_0.created_at,
        i1_0.order_id,
        i1_0.id,
        i1_0.consumer_member_id,
        c1_0.id,
        c1_0.account_name,
        c1_0.account_number,
        c1_0.active,
        c1_0.avatar_url,
        c1_0.bank_bin,
        c1_0.bank_name,
        c1_0.created_at,
        c1_0.display_name,
        c1_0.email,
        c1_0.password_hash,
        c1_0.qr_code_url,
        c1_0.reset_code_expires_at,
        c1_0.reset_code_hash,
        c1_0.role,
        c1_0.updated_at,
        i1_0.drink_name,
        i1_0.line_total,
        i1_0.quantity,
        i1_0.unit_price,
        do1_0.note,
        do1_0.order_date,
        do1_0.payer_member_id,
        p1_0.id,
        p1_0.account_name,
        p1_0.account_number,
        p1_0.active,
        p1_0.avatar_url,
        p1_0.bank_bin,
        p1_0.bank_name,
        p1_0.created_at,
        p1_0.display_name,
        p1_0.email,
        p1_0.password_hash,
        p1_0.qr_code_url,
        p1_0.reset_code_expires_at,
        p1_0.reset_code_hash,
        p1_0.role,
        p1_0.updated_at,
        do1_0.total_amount,
        do1_0.updated_at 
    from
        drink_orders do1_0 
    join
        members p1_0 
            on p1_0.id=do1_0.payer_member_id 
    left join
        order_items i1_0 
            on do1_0.id=i1_0.order_id 
    left join
        members c1_0 
            on c1_0.id=i1_0.consumer_member_id 
    where
        do1_0.order_date between ? and ? 
    order by
        do1_0.order_date,
        do1_0.id
2026-09-13T23:40:02.099+07:00 DEBUG 16684 --- [tea-attendance-api] [nio-8080-exec-3] org.hibernate.SQL                        : 
    select
        cm1_0.id,
        cm1_0.content,
        cm1_0.created_at,
        cm1_0.sender_member_id,
        s1_0.id,
        s1_0.account_name,
        s1_0.account_number,
        s1_0.active,
        s1_0.avatar_url,
        s1_0.bank_bin,
        s1_0.bank_name,
        s1_0.created_at,
        s1_0.display_name,
        s1_0.email,
        s1_0.password_hash,
        s1_0.qr_code_url,
        s1_0.reset_code_expires_at,
        s1_0.reset_code_hash,
        s1_0.role,
        s1_0.updated_at 
    from
        chat_messages cm1_0 
    join
        members s1_0 
            on s1_0.id=cm1_0.sender_member_id 
    order by
        cm1_0.created_at desc 
    limit
        ?
2026-09-13T23:40:02.100+07:00 DEBUG 16684 --- [tea-attendance-api] [nio-8080-exec-7] org.hibernate.SQL                        : 
    select
        n1_0.id,
        n1_0.body,
        n1_0.created_at,
        n1_0.read_at,
        n1_0.recipient_member_id,
        r1_0.id,
        r1_0.account_name,
        r1_0.account_number,
        r1_0.active,
        r1_0.avatar_url,
        r1_0.bank_bin,
        r1_0.bank_name,
        r1_0.created_at,
        r1_0.display_name,
        r1_0.email,
        r1_0.password_hash,
        r1_0.qr_code_url,
        r1_0.reset_code_expires_at,
        r1_0.reset_code_hash,
        r1_0.role,
        r1_0.updated_at,
        n1_0.settlement_id,
        n1_0.title,
        n1_0.transfer_id,
        n1_0.type 
    from
        notifications n1_0 
    join
        members r1_0 
            on r1_0.id=n1_0.recipient_member_id 
    where
        r1_0.id=? 
    order by
        n1_0.created_at desc
2026-09-13T23:40:02.102+07:00 DEBUG 16684 --- [tea-attendance-api] [nio-8080-exec-4] m.m.a.RequestResponseBodyMethodProcessor : Using 'application/json', given [*/*] and supported [application/json, application/*+json]
2026-09-13T23:40:02.102+07:00 DEBUG 16684 --- [tea-attendance-api] [nio-8080-exec-4] m.m.a.RequestResponseBodyMethodProcessor : Writing [[DrinkCatalogResponse[id=1, name=Tra da, price=5000, icon=?, active=true], DrinkCatalogResponse[id= (truncated)...]
2026-09-13T23:40:02.103+07:00 DEBUG 16684 --- [tea-attendance-api] [nio-8080-exec-4] o.s.web.servlet.DispatcherServlet        : Completed 200 OK
2026-09-13T23:40:02.105+07:00 DEBUG 16684 --- [tea-attendance-api] [nio-8080-exec-3] org.hibernate.SQL                        : 
    select
        a1_0.message_id,
        a1_0.id,
        a1_0.byte_size,
        a1_0.content_type,
        a1_0.created_at,
        a1_0.original_filename,
        a1_0.storage_key 
    from
        chat_attachments a1_0 
    where
        a1_0.message_id=? 
    order by
        a1_0.id
2026-09-13T23:40:02.113+07:00 DEBUG 16684 --- [tea-attendance-api] [nio-8080-exec-3] org.hibernate.SQL                        : 
    select
        a1_0.message_id,
        a1_0.id,
        a1_0.byte_size,
        a1_0.content_type,
        a1_0.created_at,
        a1_0.original_filename,
        a1_0.storage_key 
    from
        chat_attachments a1_0 
    where
        a1_0.message_id=? 
    order by
        a1_0.id
2026-09-13T23:40:02.115+07:00 DEBUG 16684 --- [tea-attendance-api] [nio-8080-exec-7] m.m.a.RequestResponseBodyMethodProcessor : Using 'application/json', given [*/*] and supported [application/json, application/*+json]
2026-09-13T23:40:02.116+07:00 DEBUG 16684 --- [tea-attendance-api] [nio-8080-exec-7] m.m.a.RequestResponseBodyMethodProcessor : Writing [[]]
2026-09-13T23:40:02.116+07:00 DEBUG 16684 --- [tea-attendance-api] [nio-8080-exec-7] o.s.web.servlet.DispatcherServlet        : Completed 200 OK
2026-09-13T23:40:02.121+07:00 DEBUG 16684 --- [tea-attendance-api] [nio-8080-exec-1] m.m.a.RequestResponseBodyMethodProcessor : Using 'application/json', given [*/*] and supported [application/json, application/*+json]
2026-09-13T23:40:02.122+07:00 DEBUG 16684 --- [tea-attendance-api] [nio-8080-exec-1] m.m.a.RequestResponseBodyMethodProcessor : Writing [[ExpenseResponse[id=1, orderDate=2026-09-12, payer=MemberBriefResponse[id=2, displayName=Linh Chi],  (truncated)...]
2026-09-13T23:40:02.122+07:00 DEBUG 16684 --- [tea-attendance-api] [nio-8080-exec-3] org.hibernate.SQL                        : 
    select
        a1_0.message_id,
        a1_0.id,
        a1_0.byte_size,
        a1_0.content_type,
        a1_0.created_at,
        a1_0.original_filename,
        a1_0.storage_key 
    from
        chat_attachments a1_0 
    where
        a1_0.message_id=? 
    order by
        a1_0.id
2026-09-13T23:40:02.124+07:00 DEBUG 16684 --- [tea-attendance-api] [nio-8080-exec-1] o.s.web.servlet.DispatcherServlet        : Completed 200 OK
2026-09-13T23:40:02.129+07:00 DEBUG 16684 --- [tea-attendance-api] [nio-8080-exec-3] org.hibernate.SQL                        : 
    select
        a1_0.message_id,
        a1_0.id,
        a1_0.byte_size,
        a1_0.content_type,
        a1_0.created_at,
        a1_0.original_filename,
        a1_0.storage_key 
    from
        chat_attachments a1_0 
    where
        a1_0.message_id=? 
    order by
        a1_0.id
2026-09-13T23:40:02.142+07:00 DEBUG 16684 --- [tea-attendance-api] [nio-8080-exec-3] m.m.a.RequestResponseBodyMethodProcessor : Using 'application/json', given [*/*] and supported [application/json, application/*+json]
2026-09-13T23:40:02.143+07:00 DEBUG 16684 --- [tea-attendance-api] [nio-8080-exec-3] m.m.a.RequestResponseBodyMethodProcessor : Writing [[ChatMessageResponse[id=2, sender=MemberBriefResponse[id=1, displayName=Minh Anh], content=alo, atta (truncated)...]
2026-09-13T23:40:02.143+07:00 DEBUG 16684 --- [tea-attendance-api] [nio-8080-exec-3] o.s.web.servlet.DispatcherServlet        : Completed 200 OK
2026-09-13T23:40:14.159+07:00 DEBUG 16684 --- [tea-attendance-api] [nio-8080-exec-6] o.s.web.servlet.DispatcherServlet        : POST "/api/auth/login", parameters={}
2026-09-13T23:40:14.160+07:00 DEBUG 16684 --- [tea-attendance-api] [nio-8080-exec-6] s.w.s.m.m.a.RequestMappingHandlerMapping : Mapped to com.trasua.api.AuthController#login(Login)
2026-09-13T23:40:14.161+07:00 DEBUG 16684 --- [tea-attendance-api] [nio-8080-exec-6] m.m.a.RequestResponseBodyMethodProcessor : Read "application/json;charset=UTF-8" to [Login[email=anh64004@gmail.com, password=123456789]]
2026-09-13T23:40:14.169+07:00 DEBUG 16684 --- [tea-attendance-api] [nio-8080-exec-6] org.hibernate.SQL                        : 
    select
        m1_0.id,
        m1_0.account_name,
        m1_0.account_number,
        m1_0.active,
        m1_0.avatar_url,
        m1_0.bank_bin,
        m1_0.bank_name,
        m1_0.created_at,
        m1_0.display_name,
        m1_0.email,
        m1_0.password_hash,
        m1_0.qr_code_url,
        m1_0.reset_code_expires_at,
        m1_0.reset_code_hash,
        m1_0.role,
        m1_0.updated_at 
    from
        members m1_0 
    where
        upper(m1_0.email)=upper(?)
2026-09-13T23:40:14.370+07:00 DEBUG 16684 --- [tea-attendance-api] [nio-8080-exec-6] org.hibernate.SQL                        : 
    insert 
    into
        auth_sessions
        (created_at, expires_at, member_id, token_hash) 
    values
        (?, ?, ?, ?)
2026-09-13T23:40:14.403+07:00 DEBUG 16684 --- [tea-attendance-api] [nio-8080-exec-6] m.m.a.RequestResponseBodyMethodProcessor : Using 'application/json', given [*/*] and supported [application/json, application/*+json]
2026-09-13T23:40:14.403+07:00 DEBUG 16684 --- [tea-attendance-api] [nio-8080-exec-6] m.m.a.RequestResponseBodyMethodProcessor : Writing [AuthResponse[token=AvfSHjmjJp0Ha4wOMt1hDL8cfpWYGA8MklKKTOiH3VY, member=MemberResponse[id=6, displayN (truncated)...]
2026-09-13T23:40:14.403+07:00 DEBUG 16684 --- [tea-attendance-api] [nio-8080-exec-6] o.s.web.servlet.DispatcherServlet        : Completed 200 OK
2026-09-13T23:40:14.417+07:00 DEBUG 16684 --- [tea-attendance-api] [nio-8080-exec-2] o.s.web.servlet.DispatcherServlet        : GET "/api/members", parameters={}
2026-09-13T23:40:14.417+07:00 DEBUG 16684 --- [tea-attendance-api] [nio-8080-exec-9] o.s.web.servlet.DispatcherServlet        : GET "/api/drinks?includeInactive=true", parameters={masked}
2026-09-13T23:40:14.418+07:00 DEBUG 16684 --- [tea-attendance-api] [nio-8080-exec-9] s.w.s.m.m.a.RequestMappingHandlerMapping : Mapped to com.trasua.api.DrinkCatalogController#list(boolean)
2026-09-13T23:40:14.418+07:00 DEBUG 16684 --- [tea-attendance-api] [nio-8080-exec-2] s.w.s.m.m.a.RequestMappingHandlerMapping : Mapped to com.trasua.api.MemberController#list(boolean)
2026-09-13T23:40:14.419+07:00 DEBUG 16684 --- [tea-attendance-api] [nio-8080-exec-5] o.s.web.servlet.DispatcherServlet        : GET "/api/chat/messages", parameters={}
2026-09-13T23:40:14.419+07:00 DEBUG 16684 --- [tea-attendance-api] [nio-8080-exec-8] o.s.web.servlet.DispatcherServlet        : GET "/api/notifications?memberId=6", parameters={masked}
2026-09-13T23:40:14.419+07:00 DEBUG 16684 --- [tea-attendance-api] [io-8080-exec-10] o.s.web.servlet.DispatcherServlet        : GET "/api/expenses/range?from=2026-09-07&to=2026-09-13", parameters={masked}
2026-09-13T23:40:14.420+07:00 DEBUG 16684 --- [tea-attendance-api] [nio-8080-exec-5] s.w.s.m.m.a.RequestMappingHandlerMapping : Mapped to com.trasua.api.ChatController#list(Instant, int)
2026-09-13T23:40:14.420+07:00 DEBUG 16684 --- [tea-attendance-api] [nio-8080-exec-8] s.w.s.m.m.a.RequestMappingHandlerMapping : Mapped to com.trasua.api.NotificationController#list(Long)
2026-09-13T23:40:14.420+07:00 DEBUG 16684 --- [tea-attendance-api] [io-8080-exec-10] s.w.s.m.m.a.RequestMappingHandlerMapping : Mapped to com.trasua.api.ExpenseController#range(LocalDate, LocalDate)
2026-09-13T23:40:14.450+07:00 DEBUG 16684 --- [tea-attendance-api] [nio-8080-exec-5] org.hibernate.SQL                        : 
    select
        cm1_0.id,
        cm1_0.content,
        cm1_0.created_at,
        cm1_0.sender_member_id,
        s1_0.id,
        s1_0.account_name,
        s1_0.account_number,
        s1_0.active,
        s1_0.avatar_url,
        s1_0.bank_bin,
        s1_0.bank_name,
        s1_0.created_at,
        s1_0.display_name,
        s1_0.email,
        s1_0.password_hash,
        s1_0.qr_code_url,
        s1_0.reset_code_expires_at,
        s1_0.reset_code_hash,
        s1_0.role,
        s1_0.updated_at 
    from
        chat_messages cm1_0 
    join
        members s1_0 
            on s1_0.id=cm1_0.sender_member_id 
    order by
        cm1_0.created_at desc 
    limit
        ?
2026-09-13T23:40:14.457+07:00 DEBUG 16684 --- [tea-attendance-api] [nio-8080-exec-2] org.hibernate.SQL                        : 
    select
        m1_0.id,
        m1_0.account_name,
        m1_0.account_number,
        m1_0.active,
        m1_0.avatar_url,
        m1_0.bank_bin,
        m1_0.bank_name,
        m1_0.created_at,
        m1_0.display_name,
        m1_0.email,
        m1_0.password_hash,
        m1_0.qr_code_url,
        m1_0.reset_code_expires_at,
        m1_0.reset_code_hash,
        m1_0.role,
        m1_0.updated_at 
    from
        members m1_0 
    where
        m1_0.active 
    order by
        m1_0.display_name
2026-09-13T23:40:14.460+07:00 DEBUG 16684 --- [tea-attendance-api] [io-8080-exec-10] org.hibernate.SQL                        : 
    select
        distinct do1_0.id,
        do1_0.created_at,
        i1_0.order_id,
        i1_0.id,
        i1_0.consumer_member_id,
        c1_0.id,
        c1_0.account_name,
        c1_0.account_number,
        c1_0.active,
        c1_0.avatar_url,
        c1_0.bank_bin,
        c1_0.bank_name,
        c1_0.created_at,
        c1_0.display_name,
        c1_0.email,
        c1_0.password_hash,
        c1_0.qr_code_url,
        c1_0.reset_code_expires_at,
        c1_0.reset_code_hash,
        c1_0.role,
        c1_0.updated_at,
        i1_0.drink_name,
        i1_0.line_total,
        i1_0.quantity,
        i1_0.unit_price,
        do1_0.note,
        do1_0.order_date,
        do1_0.payer_member_id,
        p1_0.id,
        p1_0.account_name,
        p1_0.account_number,
        p1_0.active,
        p1_0.avatar_url,
        p1_0.bank_bin,
        p1_0.bank_name,
        p1_0.created_at,
        p1_0.display_name,
        p1_0.email,
        p1_0.password_hash,
        p1_0.qr_code_url,
        p1_0.reset_code_expires_at,
        p1_0.reset_code_hash,
        p1_0.role,
        p1_0.updated_at,
        do1_0.total_amount,
        do1_0.updated_at 
    from
        drink_orders do1_0 
    join
        members p1_0 
            on p1_0.id=do1_0.payer_member_id 
    left join
        order_items i1_0 
            on do1_0.id=i1_0.order_id 
    left join
        members c1_0 
            on c1_0.id=i1_0.consumer_member_id 
    where
        do1_0.order_date between ? and ? 
    order by
        do1_0.order_date,
        do1_0.id
2026-09-13T23:40:14.460+07:00 DEBUG 16684 --- [tea-attendance-api] [nio-8080-exec-8] org.hibernate.SQL                        : 
    select
        n1_0.id,
        n1_0.body,
        n1_0.created_at,
        n1_0.read_at,
        n1_0.recipient_member_id,
        r1_0.id,
        r1_0.account_name,
        r1_0.account_number,
        r1_0.active,
        r1_0.avatar_url,
        r1_0.bank_bin,
        r1_0.bank_name,
        r1_0.created_at,
        r1_0.display_name,
        r1_0.email,
        r1_0.password_hash,
        r1_0.qr_code_url,
        r1_0.reset_code_expires_at,
        r1_0.reset_code_hash,
        r1_0.role,
        r1_0.updated_at,
        n1_0.settlement_id,
        n1_0.title,
        n1_0.transfer_id,
        n1_0.type 
    from
        notifications n1_0 
    join
        members r1_0 
            on r1_0.id=n1_0.recipient_member_id 
    where
        r1_0.id=? 
    order by
        n1_0.created_at desc
2026-09-13T23:40:14.461+07:00 DEBUG 16684 --- [tea-attendance-api] [nio-8080-exec-9] org.hibernate.SQL                        : 
    select
        dci1_0.id,
        dci1_0.active,
        dci1_0.created_at,
        dci1_0.icon,
        dci1_0.name,
        dci1_0.price,
        dci1_0.updated_at 
    from
        drink_catalog dci1_0
2026-09-13T23:40:14.461+07:00 DEBUG 16684 --- [tea-attendance-api] [nio-8080-exec-5] org.hibernate.SQL                        : 
    select
        a1_0.message_id,
        a1_0.id,
        a1_0.byte_size,
        a1_0.content_type,
        a1_0.created_at,
        a1_0.original_filename,
        a1_0.storage_key 
    from
        chat_attachments a1_0 
    where
        a1_0.message_id=? 
    order by
        a1_0.id
2026-09-13T23:40:14.466+07:00 DEBUG 16684 --- [tea-attendance-api] [nio-8080-exec-5] org.hibernate.SQL                        : 
    select
        a1_0.message_id,
        a1_0.id,
        a1_0.byte_size,
        a1_0.content_type,
        a1_0.created_at,
        a1_0.original_filename,
        a1_0.storage_key 
    from
        chat_attachments a1_0 
    where
        a1_0.message_id=? 
    order by
        a1_0.id
2026-09-13T23:40:14.471+07:00 DEBUG 16684 --- [tea-attendance-api] [nio-8080-exec-5] org.hibernate.SQL                        : 
    select
        a1_0.message_id,
        a1_0.id,
        a1_0.byte_size,
        a1_0.content_type,
        a1_0.created_at,
        a1_0.original_filename,
        a1_0.storage_key 
    from
        chat_attachments a1_0 
    where
        a1_0.message_id=? 
    order by
        a1_0.id
2026-09-13T23:40:14.476+07:00 DEBUG 16684 --- [tea-attendance-api] [nio-8080-exec-5] org.hibernate.SQL                        : 
    select
        a1_0.message_id,
        a1_0.id,
        a1_0.byte_size,
        a1_0.content_type,
        a1_0.created_at,
        a1_0.original_filename,
        a1_0.storage_key 
    from
        chat_attachments a1_0 
    where
        a1_0.message_id=? 
    order by
        a1_0.id
2026-09-13T23:40:14.479+07:00 DEBUG 16684 --- [tea-attendance-api] [nio-8080-exec-8] m.m.a.RequestResponseBodyMethodProcessor : Using 'application/json', given [*/*] and supported [application/json, application/*+json]
2026-09-13T23:40:14.479+07:00 DEBUG 16684 --- [tea-attendance-api] [nio-8080-exec-2] m.m.a.RequestResponseBodyMethodProcessor : Using 'application/json', given [*/*] and supported [application/json, application/*+json]
2026-09-13T23:40:14.479+07:00 DEBUG 16684 --- [tea-attendance-api] [nio-8080-exec-9] m.m.a.RequestResponseBodyMethodProcessor : Using 'application/json', given [*/*] and supported [application/json, application/*+json]
2026-09-13T23:40:14.480+07:00 DEBUG 16684 --- [tea-attendance-api] [nio-8080-exec-8] m.m.a.RequestResponseBodyMethodProcessor : Writing [[]]
2026-09-13T23:40:14.480+07:00 DEBUG 16684 --- [tea-attendance-api] [nio-8080-exec-9] m.m.a.RequestResponseBodyMethodProcessor : Writing [[DrinkCatalogResponse[id=1, name=Tra da, price=5000, icon=?, active=true], DrinkCatalogResponse[id= (truncated)...]
2026-09-13T23:40:14.480+07:00 DEBUG 16684 --- [tea-attendance-api] [nio-8080-exec-2] m.m.a.RequestResponseBodyMethodProcessor : Writing [[MemberResponse[id=4, displayName=H??ng, email=huong@example.test, bankName=Techcombank, bankBin=970 (truncated)...]
2026-09-13T23:40:14.480+07:00 DEBUG 16684 --- [tea-attendance-api] [nio-8080-exec-9] o.s.web.servlet.DispatcherServlet        : Completed 200 OK
2026-09-13T23:40:14.480+07:00 DEBUG 16684 --- [tea-attendance-api] [nio-8080-exec-8] o.s.web.servlet.DispatcherServlet        : Completed 200 OK
2026-09-13T23:40:14.480+07:00 DEBUG 16684 --- [tea-attendance-api] [nio-8080-exec-2] o.s.web.servlet.DispatcherServlet        : Completed 200 OK
2026-09-13T23:40:14.483+07:00 DEBUG 16684 --- [tea-attendance-api] [io-8080-exec-10] m.m.a.RequestResponseBodyMethodProcessor : Using 'application/json', given [*/*] and supported [application/json, application/*+json]
2026-09-13T23:40:14.484+07:00 DEBUG 16684 --- [tea-attendance-api] [io-8080-exec-10] m.m.a.RequestResponseBodyMethodProcessor : Writing [[ExpenseResponse[id=1, orderDate=2026-09-12, payer=MemberBriefResponse[id=2, displayName=Linh Chi],  (truncated)...]
2026-09-13T23:40:14.485+07:00 DEBUG 16684 --- [tea-attendance-api] [io-8080-exec-10] o.s.web.servlet.DispatcherServlet        : Completed 200 OK
2026-09-13T23:40:14.485+07:00 DEBUG 16684 --- [tea-attendance-api] [nio-8080-exec-4] o.s.web.servlet.DispatcherServlet        : GET "/api/notifications?memberId=6", parameters={masked}
2026-09-13T23:40:14.485+07:00 DEBUG 16684 --- [tea-attendance-api] [nio-8080-exec-4] s.w.s.m.m.a.RequestMappingHandlerMapping : Mapped to com.trasua.api.NotificationController#list(Long)
2026-09-13T23:40:14.487+07:00 DEBUG 16684 --- [tea-attendance-api] [nio-8080-exec-1] o.s.web.servlet.DispatcherServlet        : GET "/api/members", parameters={}
2026-09-13T23:40:14.487+07:00 DEBUG 16684 --- [tea-attendance-api] [nio-8080-exec-1] s.w.s.m.m.a.RequestMappingHandlerMapping : Mapped to com.trasua.api.MemberController#list(boolean)
2026-09-13T23:40:14.487+07:00 DEBUG 16684 --- [tea-attendance-api] [nio-8080-exec-7] o.s.web.servlet.DispatcherServlet        : GET "/api/drinks?includeInactive=true", parameters={masked}
2026-09-13T23:40:14.487+07:00 DEBUG 16684 --- [tea-attendance-api] [nio-8080-exec-7] s.w.s.m.m.a.RequestMappingHandlerMapping : Mapped to com.trasua.api.DrinkCatalogController#list(boolean)
2026-09-13T23:40:14.492+07:00 DEBUG 16684 --- [tea-attendance-api] [nio-8080-exec-3] o.s.web.servlet.DispatcherServlet        : GET "/api/expenses/range?from=2026-09-07&to=2026-09-13", parameters={masked}
2026-09-13T23:40:14.492+07:00 DEBUG 16684 --- [tea-attendance-api] [nio-8080-exec-3] s.w.s.m.m.a.RequestMappingHandlerMapping : Mapped to com.trasua.api.ExpenseController#range(LocalDate, LocalDate)
2026-09-13T23:40:14.494+07:00 DEBUG 16684 --- [tea-attendance-api] [nio-8080-exec-5] m.m.a.RequestResponseBodyMethodProcessor : Using 'application/json', given [*/*] and supported [application/json, application/*+json]
2026-09-13T23:40:14.494+07:00 DEBUG 16684 --- [tea-attendance-api] [nio-8080-exec-5] m.m.a.RequestResponseBodyMethodProcessor : Writing [[ChatMessageResponse[id=2, sender=MemberBriefResponse[id=1, displayName=Minh Anh], content=alo, atta (truncated)...]
2026-09-13T23:40:14.494+07:00 DEBUG 16684 --- [tea-attendance-api] [nio-8080-exec-4] org.hibernate.SQL                        : 
    select
        n1_0.id,
        n1_0.body,
        n1_0.created_at,
        n1_0.read_at,
        n1_0.recipient_member_id,
        r1_0.id,
        r1_0.account_name,
        r1_0.account_number,
        r1_0.active,
        r1_0.avatar_url,
        r1_0.bank_bin,
        r1_0.bank_name,
        r1_0.created_at,
        r1_0.display_name,
        r1_0.email,
        r1_0.password_hash,
        r1_0.qr_code_url,
        r1_0.reset_code_expires_at,
        r1_0.reset_code_hash,
        r1_0.role,
        r1_0.updated_at,
        n1_0.settlement_id,
        n1_0.title,
        n1_0.transfer_id,
        n1_0.type 
    from
        notifications n1_0 
    join
        members r1_0 
            on r1_0.id=n1_0.recipient_member_id 
    where
        r1_0.id=? 
    order by
        n1_0.created_at desc
2026-09-13T23:40:14.495+07:00 DEBUG 16684 --- [tea-attendance-api] [nio-8080-exec-7] org.hibernate.SQL                        : 
    select
        dci1_0.id,
        dci1_0.active,
        dci1_0.created_at,
        dci1_0.icon,
        dci1_0.name,
        dci1_0.price,
        dci1_0.updated_at 
    from
        drink_catalog dci1_0
2026-09-13T23:40:14.495+07:00 DEBUG 16684 --- [tea-attendance-api] [nio-8080-exec-5] o.s.web.servlet.DispatcherServlet        : Completed 200 OK
2026-09-13T23:40:14.497+07:00 DEBUG 16684 --- [tea-attendance-api] [nio-8080-exec-1] org.hibernate.SQL                        : 
    select
        m1_0.id,
        m1_0.account_name,
        m1_0.account_number,
        m1_0.active,
        m1_0.avatar_url,
        m1_0.bank_bin,
        m1_0.bank_name,
        m1_0.created_at,
        m1_0.display_name,
        m1_0.email,
        m1_0.password_hash,
        m1_0.qr_code_url,
        m1_0.reset_code_expires_at,
        m1_0.reset_code_hash,
        m1_0.role,
        m1_0.updated_at 
    from
        members m1_0 
    where
        m1_0.active 
    order by
        m1_0.display_name
2026-09-13T23:40:14.500+07:00 DEBUG 16684 --- [tea-attendance-api] [nio-8080-exec-6] o.s.web.servlet.DispatcherServlet        : GET "/api/chat/messages", parameters={}
2026-09-13T23:40:14.501+07:00 DEBUG 16684 --- [tea-attendance-api] [nio-8080-exec-6] s.w.s.m.m.a.RequestMappingHandlerMapping : Mapped to com.trasua.api.ChatController#list(Instant, int)
2026-09-13T23:40:14.510+07:00 DEBUG 16684 --- [tea-attendance-api] [nio-8080-exec-4] m.m.a.RequestResponseBodyMethodProcessor : Using 'application/json', given [*/*] and supported [application/json, application/*+json]
2026-09-13T23:40:14.510+07:00 DEBUG 16684 --- [tea-attendance-api] [nio-8080-exec-6] org.hibernate.SQL                        : 
    select
        cm1_0.id,
        cm1_0.content,
        cm1_0.created_at,
        cm1_0.sender_member_id,
        s1_0.id,
        s1_0.account_name,
        s1_0.account_number,
        s1_0.active,
        s1_0.avatar_url,
        s1_0.bank_bin,
        s1_0.bank_name,
        s1_0.created_at,
        s1_0.display_name,
        s1_0.email,
        s1_0.password_hash,
        s1_0.qr_code_url,
        s1_0.reset_code_expires_at,
        s1_0.reset_code_hash,
        s1_0.role,
        s1_0.updated_at 
    from
        chat_messages cm1_0 
    join
        members s1_0 
            on s1_0.id=cm1_0.sender_member_id 
    order by
        cm1_0.created_at desc 
    limit
        ?
2026-09-13T23:40:14.510+07:00 DEBUG 16684 --- [tea-attendance-api] [nio-8080-exec-4] m.m.a.RequestResponseBodyMethodProcessor : Writing [[]]
2026-09-13T23:40:14.511+07:00 DEBUG 16684 --- [tea-attendance-api] [nio-8080-exec-4] o.s.web.servlet.DispatcherServlet        : Completed 200 OK
2026-09-13T23:40:14.513+07:00 DEBUG 16684 --- [tea-attendance-api] [nio-8080-exec-3] org.hibernate.SQL                        : 
    select
        distinct do1_0.id,
        do1_0.created_at,
        i1_0.order_id,
        i1_0.id,
        i1_0.consumer_member_id,
        c1_0.id,
        c1_0.account_name,
        c1_0.account_number,
        c1_0.active,
        c1_0.avatar_url,
        c1_0.bank_bin,
        c1_0.bank_name,
        c1_0.created_at,
        c1_0.display_name,
        c1_0.email,
        c1_0.password_hash,
        c1_0.qr_code_url,
        c1_0.reset_code_expires_at,
        c1_0.reset_code_hash,
        c1_0.role,
        c1_0.updated_at,
        i1_0.drink_name,
        i1_0.line_total,
        i1_0.quantity,
        i1_0.unit_price,
        do1_0.note,
        do1_0.order_date,
        do1_0.payer_member_id,
        p1_0.id,
        p1_0.account_name,
        p1_0.account_number,
        p1_0.active,
        p1_0.avatar_url,
        p1_0.bank_bin,
        p1_0.bank_name,
        p1_0.created_at,
        p1_0.display_name,
        p1_0.email,
        p1_0.password_hash,
        p1_0.qr_code_url,
        p1_0.reset_code_expires_at,
        p1_0.reset_code_hash,
        p1_0.role,
        p1_0.updated_at,
        do1_0.total_amount,
        do1_0.updated_at 
    from
        drink_orders do1_0 
    join
        members p1_0 
            on p1_0.id=do1_0.payer_member_id 
    left join
        order_items i1_0 
            on do1_0.id=i1_0.order_id 
    left join
        members c1_0 
            on c1_0.id=i1_0.consumer_member_id 
    where
        do1_0.order_date between ? and ? 
    order by
        do1_0.order_date,
        do1_0.id
2026-09-13T23:40:14.513+07:00 DEBUG 16684 --- [tea-attendance-api] [nio-8080-exec-7] m.m.a.RequestResponseBodyMethodProcessor : Using 'application/json', given [*/*] and supported [application/json, application/*+json]
2026-09-13T23:40:14.513+07:00 DEBUG 16684 --- [tea-attendance-api] [nio-8080-exec-7] m.m.a.RequestResponseBodyMethodProcessor : Writing [[DrinkCatalogResponse[id=1, name=Tra da, price=5000, icon=?, active=true], DrinkCatalogResponse[id= (truncated)...]
2026-09-13T23:40:14.514+07:00 DEBUG 16684 --- [tea-attendance-api] [nio-8080-exec-7] o.s.web.servlet.DispatcherServlet        : Completed 200 OK
2026-09-13T23:40:14.516+07:00 DEBUG 16684 --- [tea-attendance-api] [nio-8080-exec-6] org.hibernate.SQL                        : 
    select
        a1_0.message_id,
        a1_0.id,
        a1_0.byte_size,
        a1_0.content_type,
        a1_0.created_at,
        a1_0.original_filename,
        a1_0.storage_key 
    from
        chat_attachments a1_0 
    where
        a1_0.message_id=? 
    order by
        a1_0.id
2026-09-13T23:40:14.519+07:00 DEBUG 16684 --- [tea-attendance-api] [nio-8080-exec-1] m.m.a.RequestResponseBodyMethodProcessor : Using 'application/json', given [*/*] and supported [application/json, application/*+json]
2026-09-13T23:40:14.519+07:00 DEBUG 16684 --- [tea-attendance-api] [nio-8080-exec-1] m.m.a.RequestResponseBodyMethodProcessor : Writing [[MemberResponse[id=4, displayName=H??ng, email=huong@example.test, bankName=Techcombank, bankBin=970 (truncated)...]
2026-09-13T23:40:14.520+07:00 DEBUG 16684 --- [tea-attendance-api] [nio-8080-exec-1] o.s.web.servlet.DispatcherServlet        : Completed 200 OK
2026-09-13T23:40:14.526+07:00 DEBUG 16684 --- [tea-attendance-api] [nio-8080-exec-6] org.hibernate.SQL                        : 
    select
        a1_0.message_id,
        a1_0.id,
        a1_0.byte_size,
        a1_0.content_type,
        a1_0.created_at,
        a1_0.original_filename,
        a1_0.storage_key 
    from
        chat_attachments a1_0 
    where
        a1_0.message_id=? 
    order by
        a1_0.id
2026-09-13T23:40:14.530+07:00 DEBUG 16684 --- [tea-attendance-api] [nio-8080-exec-6] org.hibernate.SQL                        : 
    select
        a1_0.message_id,
        a1_0.id,
        a1_0.byte_size,
        a1_0.content_type,
        a1_0.created_at,
        a1_0.original_filename,
        a1_0.storage_key 
    from
        chat_attachments a1_0 
    where
        a1_0.message_id=? 
    order by
        a1_0.id
2026-09-13T23:40:14.534+07:00 DEBUG 16684 --- [tea-attendance-api] [nio-8080-exec-3] m.m.a.RequestResponseBodyMethodProcessor : Using 'application/json', given [*/*] and supported [application/json, application/*+json]
2026-09-13T23:40:14.534+07:00 DEBUG 16684 --- [tea-attendance-api] [nio-8080-exec-3] m.m.a.RequestResponseBodyMethodProcessor : Writing [[ExpenseResponse[id=1, orderDate=2026-09-12, payer=MemberBriefResponse[id=2, displayName=Linh Chi],  (truncated)...]
2026-09-13T23:40:14.535+07:00 DEBUG 16684 --- [tea-attendance-api] [nio-8080-exec-3] o.s.web.servlet.DispatcherServlet        : Completed 200 OK
2026-09-13T23:40:14.535+07:00 DEBUG 16684 --- [tea-attendance-api] [nio-8080-exec-6] org.hibernate.SQL                        : 
    select
        a1_0.message_id,
        a1_0.id,
        a1_0.byte_size,
        a1_0.content_type,
        a1_0.created_at,
        a1_0.original_filename,
        a1_0.storage_key 
    from
        chat_attachments a1_0 
    where
        a1_0.message_id=? 
    order by
        a1_0.id
2026-09-13T23:40:14.551+07:00 DEBUG 16684 --- [tea-attendance-api] [nio-8080-exec-6] m.m.a.RequestResponseBodyMethodProcessor : Using 'application/json', given [*/*] and supported [application/json, application/*+json]
2026-09-13T23:40:14.552+07:00 DEBUG 16684 --- [tea-attendance-api] [nio-8080-exec-6] m.m.a.RequestResponseBodyMethodProcessor : Writing [[ChatMessageResponse[id=2, sender=MemberBriefResponse[id=1, displayName=Minh Anh], content=alo, atta (truncated)...]
2026-09-13T23:40:14.552+07:00 DEBUG 16684 --- [tea-attendance-api] [nio-8080-exec-6] o.s.web.servlet.DispatcherServlet        : Completed 200 OK
2026-09-13T23:40:31.089+07:00 DEBUG 16684 --- [tea-attendance-api] [nio-8080-exec-8] o.s.web.servlet.DispatcherServlet        : POST "/api/chat/messages", parameters={}
2026-09-13T23:40:31.090+07:00 DEBUG 16684 --- [tea-attendance-api] [nio-8080-exec-8] s.w.s.m.m.a.RequestMappingHandlerMapping : Mapped to com.trasua.api.ChatController#send(ChatMessageRequest)
2026-09-13T23:40:31.098+07:00 DEBUG 16684 --- [tea-attendance-api] [nio-8080-exec-8] m.m.a.RequestResponseBodyMethodProcessor : Read "application/json;charset=UTF-8" to [ChatMessageRequest[senderMemberId=6, content=alo c? nhóm]]
2026-09-13T23:40:31.119+07:00 DEBUG 16684 --- [tea-attendance-api] [nio-8080-exec-8] org.hibernate.SQL                        : 
    select
        m1_0.id,
        m1_0.account_name,
        m1_0.account_number,
        m1_0.active,
        m1_0.avatar_url,
        m1_0.bank_bin,
        m1_0.bank_name,
        m1_0.created_at,
        m1_0.display_name,
        m1_0.email,
        m1_0.password_hash,
        m1_0.qr_code_url,
        m1_0.reset_code_expires_at,
        m1_0.reset_code_hash,
        m1_0.role,
        m1_0.updated_at 
    from
        members m1_0 
    where
        m1_0.id=?
2026-09-13T23:40:31.127+07:00 DEBUG 16684 --- [tea-attendance-api] [nio-8080-exec-8] org.hibernate.SQL                        : 
    insert 
    into
        chat_messages
        (content, created_at, sender_member_id) 
    values
        (?, ?, ?)
2026-09-13T23:40:31.141+07:00 DEBUG 16684 --- [tea-attendance-api] [nio-8080-exec-8] org.springframework.web.SimpLogging      : Processing MESSAGE destination=/topic/chat session=null payload={"id":6,"sender":{"id":6,"displayName":"Ph?m ??c Anh"},"content":"alo c? ...(truncated)
2026-09-13T23:40:31.167+07:00 DEBUG 16684 --- [tea-attendance-api] [nio-8080-exec-8] m.m.a.RequestResponseBodyMethodProcessor : Using 'application/json', given [*/*] and supported [application/json, application/*+json]
2026-09-13T23:40:31.167+07:00 DEBUG 16684 --- [tea-attendance-api] [nio-8080-exec-8] m.m.a.RequestResponseBodyMethodProcessor : Writing [ChatMessageResponse[id=6, sender=MemberBriefResponse[id=6, displayName=Ph?m ??c Anh], content=alo c? (truncated)...]
2026-09-13T23:40:31.168+07:00 DEBUG 16684 --- [tea-attendance-api] [nio-8080-exec-8] o.s.web.servlet.DispatcherServlet        : Completed 201 CREATED
2026-09-13T23:40:31.173+07:00 DEBUG 16684 --- [tea-attendance-api] [nio-8080-exec-9] o.s.web.servlet.DispatcherServlet        : GET "/api/chat/messages", parameters={}
2026-09-13T23:40:31.174+07:00 DEBUG 16684 --- [tea-attendance-api] [io-8080-exec-10] o.s.web.servlet.DispatcherServlet        : GET "/api/drinks?includeInactive=true", parameters={masked}
2026-09-13T23:40:31.173+07:00 DEBUG 16684 --- [tea-attendance-api] [nio-8080-exec-9] s.w.s.m.m.a.RequestMappingHandlerMapping : Mapped to com.trasua.api.ChatController#list(Instant, int)
2026-09-13T23:40:31.174+07:00 DEBUG 16684 --- [tea-attendance-api] [io-8080-exec-10] s.w.s.m.m.a.RequestMappingHandlerMapping : Mapped to com.trasua.api.DrinkCatalogController#list(boolean)
2026-09-13T23:40:31.174+07:00 DEBUG 16684 --- [tea-attendance-api] [nio-8080-exec-2] o.s.web.servlet.DispatcherServlet        : GET "/api/members", parameters={}
2026-09-13T23:40:31.176+07:00 DEBUG 16684 --- [tea-attendance-api] [nio-8080-exec-2] s.w.s.m.m.a.RequestMappingHandlerMapping : Mapped to com.trasua.api.MemberController#list(boolean)
2026-09-13T23:40:31.174+07:00 DEBUG 16684 --- [tea-attendance-api] [nio-8080-exec-5] o.s.web.servlet.DispatcherServlet        : GET "/api/expenses/range?from=2026-09-07&to=2026-09-13", parameters={masked}
2026-09-13T23:40:31.180+07:00 DEBUG 16684 --- [tea-attendance-api] [nio-8080-exec-4] o.s.web.servlet.DispatcherServlet        : GET "/api/notifications?memberId=6", parameters={masked}
2026-09-13T23:40:31.180+07:00 DEBUG 16684 --- [tea-attendance-api] [nio-8080-exec-5] s.w.s.m.m.a.RequestMappingHandlerMapping : Mapped to com.trasua.api.ExpenseController#range(LocalDate, LocalDate)
2026-09-13T23:40:31.180+07:00 DEBUG 16684 --- [tea-attendance-api] [nio-8080-exec-4] s.w.s.m.m.a.RequestMappingHandlerMapping : Mapped to com.trasua.api.NotificationController#list(Long)
2026-09-13T23:40:31.188+07:00 DEBUG 16684 --- [tea-attendance-api] [nio-8080-exec-9] org.hibernate.SQL                        : 
    select
        cm1_0.id,
        cm1_0.content,
        cm1_0.created_at,
        cm1_0.sender_member_id,
        s1_0.id,
        s1_0.account_name,
        s1_0.account_number,
        s1_0.active,
        s1_0.avatar_url,
        s1_0.bank_bin,
        s1_0.bank_name,
        s1_0.created_at,
        s1_0.display_name,
        s1_0.email,
        s1_0.password_hash,
        s1_0.qr_code_url,
        s1_0.reset_code_expires_at,
        s1_0.reset_code_hash,
        s1_0.role,
        s1_0.updated_at 
    from
        chat_messages cm1_0 
    join
        members s1_0 
            on s1_0.id=cm1_0.sender_member_id 
    order by
        cm1_0.created_at desc 
    limit
        ?
2026-09-13T23:40:31.188+07:00 DEBUG 16684 --- [tea-attendance-api] [io-8080-exec-10] org.hibernate.SQL                        : 
    select
        dci1_0.id,
        dci1_0.active,
        dci1_0.created_at,
        dci1_0.icon,
        dci1_0.name,
        dci1_0.price,
        dci1_0.updated_at 
    from
        drink_catalog dci1_0
2026-09-13T23:40:31.188+07:00 DEBUG 16684 --- [tea-attendance-api] [nio-8080-exec-2] org.hibernate.SQL                        : 
    select
        m1_0.id,
        m1_0.account_name,
        m1_0.account_number,
        m1_0.active,
        m1_0.avatar_url,
        m1_0.bank_bin,
        m1_0.bank_name,
        m1_0.created_at,
        m1_0.display_name,
        m1_0.email,
        m1_0.password_hash,
        m1_0.qr_code_url,
        m1_0.reset_code_expires_at,
        m1_0.reset_code_hash,
        m1_0.role,
        m1_0.updated_at 
    from
        members m1_0 
    where
        m1_0.active 
    order by
        m1_0.display_name
2026-09-13T23:40:31.190+07:00 DEBUG 16684 --- [tea-attendance-api] [nio-8080-exec-4] org.hibernate.SQL                        : 
    select
        n1_0.id,
        n1_0.body,
        n1_0.created_at,
        n1_0.read_at,
        n1_0.recipient_member_id,
        r1_0.id,
        r1_0.account_name,
        r1_0.account_number,
        r1_0.active,
        r1_0.avatar_url,
        r1_0.bank_bin,
        r1_0.bank_name,
        r1_0.created_at,
        r1_0.display_name,
        r1_0.email,
        r1_0.password_hash,
        r1_0.qr_code_url,
        r1_0.reset_code_expires_at,
        r1_0.reset_code_hash,
        r1_0.role,
        r1_0.updated_at,
        n1_0.settlement_id,
        n1_0.title,
        n1_0.transfer_id,
        n1_0.type 
    from
        notifications n1_0 
    join
        members r1_0 
            on r1_0.id=n1_0.recipient_member_id 
    where
        r1_0.id=? 
    order by
        n1_0.created_at desc
2026-09-13T23:40:31.190+07:00 DEBUG 16684 --- [tea-attendance-api] [nio-8080-exec-5] org.hibernate.SQL                        : 
    select
        distinct do1_0.id,
        do1_0.created_at,
        i1_0.order_id,
        i1_0.id,
        i1_0.consumer_member_id,
        c1_0.id,
        c1_0.account_name,
        c1_0.account_number,
        c1_0.active,
        c1_0.avatar_url,
        c1_0.bank_bin,
        c1_0.bank_name,
        c1_0.created_at,
        c1_0.display_name,
        c1_0.email,
        c1_0.password_hash,
        c1_0.qr_code_url,
        c1_0.reset_code_expires_at,
        c1_0.reset_code_hash,
        c1_0.role,
        c1_0.updated_at,
        i1_0.drink_name,
        i1_0.line_total,
        i1_0.quantity,
        i1_0.unit_price,
        do1_0.note,
        do1_0.order_date,
        do1_0.payer_member_id,
        p1_0.id,
        p1_0.account_name,
        p1_0.account_number,
        p1_0.active,
        p1_0.avatar_url,
        p1_0.bank_bin,
        p1_0.bank_name,
        p1_0.created_at,
        p1_0.display_name,
        p1_0.email,
        p1_0.password_hash,
        p1_0.qr_code_url,
        p1_0.reset_code_expires_at,
        p1_0.reset_code_hash,
        p1_0.role,
        p1_0.updated_at,
        do1_0.total_amount,
        do1_0.updated_at 
    from
        drink_orders do1_0 
    join
        members p1_0 
            on p1_0.id=do1_0.payer_member_id 
    left join
        order_items i1_0 
            on do1_0.id=i1_0.order_id 
    left join
        members c1_0 
            on c1_0.id=i1_0.consumer_member_id 
    where
        do1_0.order_date between ? and ? 
    order by
        do1_0.order_date,
        do1_0.id
2026-09-13T23:40:31.192+07:00 DEBUG 16684 --- [tea-attendance-api] [nio-8080-exec-9] org.hibernate.SQL                        : 
    select
        a1_0.message_id,
        a1_0.id,
        a1_0.byte_size,
        a1_0.content_type,
        a1_0.created_at,
        a1_0.original_filename,
        a1_0.storage_key 
    from
        chat_attachments a1_0 
    where
        a1_0.message_id=? 
    order by
        a1_0.id
2026-09-13T23:40:31.196+07:00 DEBUG 16684 --- [tea-attendance-api] [nio-8080-exec-9] org.hibernate.SQL                        : 
    select
        a1_0.message_id,
        a1_0.id,
        a1_0.byte_size,
        a1_0.content_type,
        a1_0.created_at,
        a1_0.original_filename,
        a1_0.storage_key 
    from
        chat_attachments a1_0 
    where
        a1_0.message_id=? 
    order by
        a1_0.id
2026-09-13T23:40:31.198+07:00 DEBUG 16684 --- [tea-attendance-api] [io-8080-exec-10] m.m.a.RequestResponseBodyMethodProcessor : Using 'application/json', given [*/*] and supported [application/json, application/*+json]
2026-09-13T23:40:31.199+07:00 DEBUG 16684 --- [tea-attendance-api] [io-8080-exec-10] m.m.a.RequestResponseBodyMethodProcessor : Writing [[DrinkCatalogResponse[id=1, name=Tra da, price=5000, icon=?, active=true], DrinkCatalogResponse[id= (truncated)...]
2026-09-13T23:40:31.200+07:00 DEBUG 16684 --- [tea-attendance-api] [nio-8080-exec-2] m.m.a.RequestResponseBodyMethodProcessor : Using 'application/json', given [*/*] and supported [application/json, application/*+json]
2026-09-13T23:40:31.200+07:00 DEBUG 16684 --- [tea-attendance-api] [io-8080-exec-10] o.s.web.servlet.DispatcherServlet        : Completed 200 OK
2026-09-13T23:40:31.200+07:00 DEBUG 16684 --- [tea-attendance-api] [nio-8080-exec-9] org.hibernate.SQL                        : 
    select
        a1_0.message_id,
        a1_0.id,
        a1_0.byte_size,
        a1_0.content_type,
        a1_0.created_at,
        a1_0.original_filename,
        a1_0.storage_key 
    from
        chat_attachments a1_0 
    where
        a1_0.message_id=? 
    order by
        a1_0.id
2026-09-13T23:40:31.200+07:00 DEBUG 16684 --- [tea-attendance-api] [nio-8080-exec-2] m.m.a.RequestResponseBodyMethodProcessor : Writing [[MemberResponse[id=4, displayName=H??ng, email=huong@example.test, bankName=Techcombank, bankBin=970 (truncated)...]
2026-09-13T23:40:31.201+07:00 DEBUG 16684 --- [tea-attendance-api] [nio-8080-exec-2] o.s.web.servlet.DispatcherServlet        : Completed 200 OK
2026-09-13T23:40:31.203+07:00 DEBUG 16684 --- [tea-attendance-api] [nio-8080-exec-4] m.m.a.RequestResponseBodyMethodProcessor : Using 'application/json', given [*/*] and supported [application/json, application/*+json]
2026-09-13T23:40:31.203+07:00 DEBUG 16684 --- [tea-attendance-api] [nio-8080-exec-4] m.m.a.RequestResponseBodyMethodProcessor : Writing [[]]
2026-09-13T23:40:31.203+07:00 DEBUG 16684 --- [tea-attendance-api] [nio-8080-exec-9] org.hibernate.SQL                        : 
    select
        a1_0.message_id,
        a1_0.id,
        a1_0.byte_size,
        a1_0.content_type,
        a1_0.created_at,
        a1_0.original_filename,
        a1_0.storage_key 
    from
        chat_attachments a1_0 
    where
        a1_0.message_id=? 
    order by
        a1_0.id
2026-09-13T23:40:31.205+07:00 DEBUG 16684 --- [tea-attendance-api] [nio-8080-exec-4] o.s.web.servlet.DispatcherServlet        : Completed 200 OK
2026-09-13T23:40:31.207+07:00 DEBUG 16684 --- [tea-attendance-api] [nio-8080-exec-5] m.m.a.RequestResponseBodyMethodProcessor : Using 'application/json', given [*/*] and supported [application/json, application/*+json]
2026-09-13T23:40:31.207+07:00 DEBUG 16684 --- [tea-attendance-api] [nio-8080-exec-9] org.hibernate.SQL                        : 
    select
        a1_0.message_id,
        a1_0.id,
        a1_0.byte_size,
        a1_0.content_type,
        a1_0.created_at,
        a1_0.original_filename,
        a1_0.storage_key 
    from
        chat_attachments a1_0 
    where
        a1_0.message_id=? 
    order by
        a1_0.id
2026-09-13T23:40:31.207+07:00 DEBUG 16684 --- [tea-attendance-api] [nio-8080-exec-5] m.m.a.RequestResponseBodyMethodProcessor : Writing [[ExpenseResponse[id=1, orderDate=2026-09-12, payer=MemberBriefResponse[id=2, displayName=Linh Chi],  (truncated)...]
2026-09-13T23:40:31.209+07:00 DEBUG 16684 --- [tea-attendance-api] [nio-8080-exec-5] o.s.web.servlet.DispatcherServlet        : Completed 200 OK
2026-09-13T23:40:31.219+07:00 DEBUG 16684 --- [tea-attendance-api] [nio-8080-exec-9] m.m.a.RequestResponseBodyMethodProcessor : Using 'application/json', given [*/*] and supported [application/json, application/*+json]
2026-09-13T23:40:31.219+07:00 DEBUG 16684 --- [tea-attendance-api] [nio-8080-exec-9] m.m.a.RequestResponseBodyMethodProcessor : Writing [[ChatMessageResponse[id=2, sender=MemberBriefResponse[id=1, displayName=Minh Anh], content=alo, atta (truncated)...]
2026-09-13T23:40:31.220+07:00 DEBUG 16684 --- [tea-attendance-api] [nio-8080-exec-9] o.s.web.servlet.DispatcherServlet        : Completed 200 OK
2026-09-13T23:40:34.142+07:00 DEBUG 16684 --- [tea-attendance-api] [nio-8080-exec-7] o.s.web.servlet.DispatcherServlet        : GET "/api/members", parameters={}
2026-09-13T23:40:34.143+07:00 DEBUG 16684 --- [tea-attendance-api] [nio-8080-exec-7] s.w.s.m.m.a.RequestMappingHandlerMapping : Mapped to com.trasua.api.MemberController#list(boolean)
2026-09-13T23:40:34.143+07:00 DEBUG 16684 --- [tea-attendance-api] [nio-8080-exec-3] o.s.web.servlet.DispatcherServlet        : GET "/api/expenses/range?from=2026-09-07&to=2026-09-13", parameters={masked}
2026-09-13T23:40:34.143+07:00 DEBUG 16684 --- [tea-attendance-api] [nio-8080-exec-1] o.s.web.servlet.DispatcherServlet        : GET "/api/drinks?includeInactive=true", parameters={masked}
2026-09-13T23:40:34.143+07:00 DEBUG 16684 --- [tea-attendance-api] [nio-8080-exec-6] o.s.web.servlet.DispatcherServlet        : GET "/api/chat/messages", parameters={}
2026-09-13T23:40:34.143+07:00 DEBUG 16684 --- [tea-attendance-api] [nio-8080-exec-6] s.w.s.m.m.a.RequestMappingHandlerMapping : Mapped to com.trasua.api.ChatController#list(Instant, int)
2026-09-13T23:40:34.143+07:00 DEBUG 16684 --- [tea-attendance-api] [nio-8080-exec-1] s.w.s.m.m.a.RequestMappingHandlerMapping : Mapped to com.trasua.api.DrinkCatalogController#list(boolean)
2026-09-13T23:40:34.143+07:00 DEBUG 16684 --- [tea-attendance-api] [nio-8080-exec-3] s.w.s.m.m.a.RequestMappingHandlerMapping : Mapped to com.trasua.api.ExpenseController#range(LocalDate, LocalDate)
2026-09-13T23:40:34.147+07:00 DEBUG 16684 --- [tea-attendance-api] [nio-8080-exec-8] o.s.web.servlet.DispatcherServlet        : GET "/api/notifications?memberId=6", parameters={masked}
2026-09-13T23:40:34.148+07:00 DEBUG 16684 --- [tea-attendance-api] [nio-8080-exec-8] s.w.s.m.m.a.RequestMappingHandlerMapping : Mapped to com.trasua.api.NotificationController#list(Long)
2026-09-13T23:40:34.157+07:00 DEBUG 16684 --- [tea-attendance-api] [nio-8080-exec-3] org.hibernate.SQL                        : 
    select
        distinct do1_0.id,
        do1_0.created_at,
        i1_0.order_id,
        i1_0.id,
        i1_0.consumer_member_id,
        c1_0.id,
        c1_0.account_name,
        c1_0.account_number,
        c1_0.active,
        c1_0.avatar_url,
        c1_0.bank_bin,
        c1_0.bank_name,
        c1_0.created_at,
        c1_0.display_name,
        c1_0.email,
        c1_0.password_hash,
        c1_0.qr_code_url,
        c1_0.reset_code_expires_at,
        c1_0.reset_code_hash,
        c1_0.role,
        c1_0.updated_at,
        i1_0.drink_name,
        i1_0.line_total,
        i1_0.quantity,
        i1_0.unit_price,
        do1_0.note,
        do1_0.order_date,
        do1_0.payer_member_id,
        p1_0.id,
        p1_0.account_name,
        p1_0.account_number,
        p1_0.active,
        p1_0.avatar_url,
        p1_0.bank_bin,
        p1_0.bank_name,
        p1_0.created_at,
        p1_0.display_name,
        p1_0.email,
        p1_0.password_hash,
        p1_0.qr_code_url,
        p1_0.reset_code_expires_at,
        p1_0.reset_code_hash,
        p1_0.role,
        p1_0.updated_at,
        do1_0.total_amount,
        do1_0.updated_at 
    from
        drink_orders do1_0 
    join
        members p1_0 
            on p1_0.id=do1_0.payer_member_id 
    left join
        order_items i1_0 
            on do1_0.id=i1_0.order_id 
    left join
        members c1_0 
            on c1_0.id=i1_0.consumer_member_id 
    where
        do1_0.order_date between ? and ? 
    order by
        do1_0.order_date,
        do1_0.id
2026-09-13T23:40:34.157+07:00 DEBUG 16684 --- [tea-attendance-api] [nio-8080-exec-7] org.hibernate.SQL                        : 
    select
        m1_0.id,
        m1_0.account_name,
        m1_0.account_number,
        m1_0.active,
        m1_0.avatar_url,
        m1_0.bank_bin,
        m1_0.bank_name,
        m1_0.created_at,
        m1_0.display_name,
        m1_0.email,
        m1_0.password_hash,
        m1_0.qr_code_url,
        m1_0.reset_code_expires_at,
        m1_0.reset_code_hash,
        m1_0.role,
        m1_0.updated_at 
    from
        members m1_0 
    where
        m1_0.active 
    order by
        m1_0.display_name
2026-09-13T23:40:34.158+07:00 DEBUG 16684 --- [tea-attendance-api] [nio-8080-exec-6] org.hibernate.SQL                        : 
    select
        cm1_0.id,
        cm1_0.content,
        cm1_0.created_at,
        cm1_0.sender_member_id,
        s1_0.id,
        s1_0.account_name,
        s1_0.account_number,
        s1_0.active,
        s1_0.avatar_url,
        s1_0.bank_bin,
        s1_0.bank_name,
        s1_0.created_at,
        s1_0.display_name,
        s1_0.email,
        s1_0.password_hash,
        s1_0.qr_code_url,
        s1_0.reset_code_expires_at,
        s1_0.reset_code_hash,
        s1_0.role,
        s1_0.updated_at 
    from
        chat_messages cm1_0 
    join
        members s1_0 
            on s1_0.id=cm1_0.sender_member_id 
    order by
        cm1_0.created_at desc 
    limit
        ?
2026-09-13T23:40:34.158+07:00 DEBUG 16684 --- [tea-attendance-api] [nio-8080-exec-1] org.hibernate.SQL                        : 
    select
        dci1_0.id,
        dci1_0.active,
        dci1_0.created_at,
        dci1_0.icon,
        dci1_0.name,
        dci1_0.price,
        dci1_0.updated_at 
    from
        drink_catalog dci1_0
2026-09-13T23:40:34.164+07:00 DEBUG 16684 --- [tea-attendance-api] [nio-8080-exec-8] org.hibernate.SQL                        : 
    select
        n1_0.id,
        n1_0.body,
        n1_0.created_at,
        n1_0.read_at,
        n1_0.recipient_member_id,
        r1_0.id,
        r1_0.account_name,
        r1_0.account_number,
        r1_0.active,
        r1_0.avatar_url,
        r1_0.bank_bin,
        r1_0.bank_name,
        r1_0.created_at,
        r1_0.display_name,
        r1_0.email,
        r1_0.password_hash,
        r1_0.qr_code_url,
        r1_0.reset_code_expires_at,
        r1_0.reset_code_hash,
        r1_0.role,
        r1_0.updated_at,
        n1_0.settlement_id,
        n1_0.title,
        n1_0.transfer_id,
        n1_0.type 
    from
        notifications n1_0 
    join
        members r1_0 
            on r1_0.id=n1_0.recipient_member_id 
    where
        r1_0.id=? 
    order by
        n1_0.created_at desc
2026-09-13T23:40:34.164+07:00 DEBUG 16684 --- [tea-attendance-api] [nio-8080-exec-6] org.hibernate.SQL                        : 
    select
        a1_0.message_id,
        a1_0.id,
        a1_0.byte_size,
        a1_0.content_type,
        a1_0.created_at,
        a1_0.original_filename,
        a1_0.storage_key 
    from
        chat_attachments a1_0 
    where
        a1_0.message_id=? 
    order by
        a1_0.id
2026-09-13T23:40:34.185+07:00 DEBUG 16684 --- [tea-attendance-api] [nio-8080-exec-6] org.hibernate.SQL                        : 
    select
        a1_0.message_id,
        a1_0.id,
        a1_0.byte_size,
        a1_0.content_type,
        a1_0.created_at,
        a1_0.original_filename,
        a1_0.storage_key 
    from
        chat_attachments a1_0 
    where
        a1_0.message_id=? 
    order by
        a1_0.id
2026-09-13T23:40:34.200+07:00 DEBUG 16684 --- [tea-attendance-api] [nio-8080-exec-6] org.hibernate.SQL                        : 
    select
        a1_0.message_id,
        a1_0.id,
        a1_0.byte_size,
        a1_0.content_type,
        a1_0.created_at,
        a1_0.original_filename,
        a1_0.storage_key 
    from
        chat_attachments a1_0 
    where
        a1_0.message_id=? 
    order by
        a1_0.id
2026-09-13T23:40:34.207+07:00 DEBUG 16684 --- [tea-attendance-api] [nio-8080-exec-1] m.m.a.RequestResponseBodyMethodProcessor : Using 'application/json', given [*/*] and supported [application/json, application/*+json]
2026-09-13T23:40:34.207+07:00 DEBUG 16684 --- [tea-attendance-api] [nio-8080-exec-7] m.m.a.RequestResponseBodyMethodProcessor : Using 'application/json', given [*/*] and supported [application/json, application/*+json]
2026-09-13T23:40:34.207+07:00 DEBUG 16684 --- [tea-attendance-api] [nio-8080-exec-6] org.hibernate.SQL                        : 
    select
        a1_0.message_id,
        a1_0.id,
        a1_0.byte_size,
        a1_0.content_type,
        a1_0.created_at,
        a1_0.original_filename,
        a1_0.storage_key 
    from
        chat_attachments a1_0 
    where
        a1_0.message_id=? 
    order by
        a1_0.id
2026-09-13T23:40:34.207+07:00 DEBUG 16684 --- [tea-attendance-api] [nio-8080-exec-1] m.m.a.RequestResponseBodyMethodProcessor : Writing [[DrinkCatalogResponse[id=1, name=Tra da, price=5000, icon=?, active=true], DrinkCatalogResponse[id= (truncated)...]
2026-09-13T23:40:34.207+07:00 DEBUG 16684 --- [tea-attendance-api] [nio-8080-exec-7] m.m.a.RequestResponseBodyMethodProcessor : Writing [[MemberResponse[id=4, displayName=H??ng, email=huong@example.test, bankName=Techcombank, bankBin=970 (truncated)...]
2026-09-13T23:40:34.208+07:00 DEBUG 16684 --- [tea-attendance-api] [nio-8080-exec-7] o.s.web.servlet.DispatcherServlet        : Completed 200 OK
2026-09-13T23:40:34.208+07:00 DEBUG 16684 --- [tea-attendance-api] [nio-8080-exec-1] o.s.web.servlet.DispatcherServlet        : Completed 200 OK
2026-09-13T23:40:34.209+07:00 DEBUG 16684 --- [tea-attendance-api] [nio-8080-exec-3] m.m.a.RequestResponseBodyMethodProcessor : Using 'application/json', given [*/*] and supported [application/json, application/*+json]
2026-09-13T23:40:34.210+07:00 DEBUG 16684 --- [tea-attendance-api] [nio-8080-exec-3] m.m.a.RequestResponseBodyMethodProcessor : Writing [[ExpenseResponse[id=1, orderDate=2026-09-12, payer=MemberBriefResponse[id=2, displayName=Linh Chi],  (truncated)...]
2026-09-13T23:40:34.211+07:00 DEBUG 16684 --- [tea-attendance-api] [nio-8080-exec-3] o.s.web.servlet.DispatcherServlet        : Completed 200 OK
2026-09-13T23:40:34.222+07:00 DEBUG 16684 --- [tea-attendance-api] [nio-8080-exec-8] m.m.a.RequestResponseBodyMethodProcessor : Using 'application/json', given [*/*] and supported [application/json, application/*+json]
2026-09-13T23:40:34.222+07:00 DEBUG 16684 --- [tea-attendance-api] [nio-8080-exec-8] m.m.a.RequestResponseBodyMethodProcessor : Writing [[]]
2026-09-13T23:40:34.223+07:00 DEBUG 16684 --- [tea-attendance-api] [nio-8080-exec-6] org.hibernate.SQL                        : 
    select
        a1_0.message_id,
        a1_0.id,
        a1_0.byte_size,
        a1_0.content_type,
        a1_0.created_at,
        a1_0.original_filename,
        a1_0.storage_key 
    from
        chat_attachments a1_0 
    where
        a1_0.message_id=? 
    order by
        a1_0.id
2026-09-13T23:40:34.223+07:00 DEBUG 16684 --- [tea-attendance-api] [nio-8080-exec-8] o.s.web.servlet.DispatcherServlet        : Completed 200 OK
2026-09-13T23:40:34.260+07:00 DEBUG 16684 --- [tea-attendance-api] [nio-8080-exec-6] m.m.a.RequestResponseBodyMethodProcessor : Using 'application/json', given [*/*] and supported [application/json, application/*+json]
2026-09-13T23:40:34.260+07:00 DEBUG 16684 --- [tea-attendance-api] [nio-8080-exec-6] m.m.a.RequestResponseBodyMethodProcessor : Writing [[ChatMessageResponse[id=2, sender=MemberBriefResponse[id=1, displayName=Minh Anh], content=alo, atta (truncated)...]
2026-09-13T23:40:34.260+07:00 DEBUG 16684 --- [tea-attendance-api] [nio-8080-exec-6] o.s.web.servlet.DispatcherServlet        : Completed 200 OK
2026-09-13T23:40:37.520+07:00 DEBUG 16684 --- [tea-attendance-api] [io-8080-exec-10] o.s.web.servlet.DispatcherServlet        : POST "/api/chat/messages", parameters={}
2026-09-13T23:40:37.520+07:00 DEBUG 16684 --- [tea-attendance-api] [io-8080-exec-10] s.w.s.m.m.a.RequestMappingHandlerMapping : Mapped to com.trasua.api.ChatController#send(ChatMessageRequest)
2026-09-13T23:40:37.521+07:00 DEBUG 16684 --- [tea-attendance-api] [io-8080-exec-10] m.m.a.RequestResponseBodyMethodProcessor : Read "application/json;charset=UTF-8" to [ChatMessageRequest[senderMemberId=6, content=chu?n 12h ?i u?ng nhé]]
2026-09-13T23:40:37.526+07:00 DEBUG 16684 --- [tea-attendance-api] [io-8080-exec-10] org.hibernate.SQL                        : 
    select
        m1_0.id,
        m1_0.account_name,
        m1_0.account_number,
        m1_0.active,
        m1_0.avatar_url,
        m1_0.bank_bin,
        m1_0.bank_name,
        m1_0.created_at,
        m1_0.display_name,
        m1_0.email,
        m1_0.password_hash,
        m1_0.qr_code_url,
        m1_0.reset_code_expires_at,
        m1_0.reset_code_hash,
        m1_0.role,
        m1_0.updated_at 
    from
        members m1_0 
    where
        m1_0.id=?
2026-09-13T23:40:37.530+07:00 DEBUG 16684 --- [tea-attendance-api] [io-8080-exec-10] org.hibernate.SQL                        : 
    insert 
    into
        chat_messages
        (content, created_at, sender_member_id) 
    values
        (?, ?, ?)
2026-09-13T23:40:37.536+07:00 DEBUG 16684 --- [tea-attendance-api] [io-8080-exec-10] org.springframework.web.SimpLogging      : Processing MESSAGE destination=/topic/chat session=null payload={"id":7,"sender":{"id":6,"displayName":"Ph?m ??c Anh"},"content":"chu?n 1...(truncated)
2026-09-13T23:40:37.551+07:00 DEBUG 16684 --- [tea-attendance-api] [io-8080-exec-10] m.m.a.RequestResponseBodyMethodProcessor : Using 'application/json', given [*/*] and supported [application/json, application/*+json]
2026-09-13T23:40:37.551+07:00 DEBUG 16684 --- [tea-attendance-api] [io-8080-exec-10] m.m.a.RequestResponseBodyMethodProcessor : Writing [ChatMessageResponse[id=7, sender=MemberBriefResponse[id=6, displayName=Ph?m ??c Anh], content=chu?n  (truncated)...]
2026-09-13T23:40:37.552+07:00 DEBUG 16684 --- [tea-attendance-api] [io-8080-exec-10] o.s.web.servlet.DispatcherServlet        : Completed 201 CREATED
2026-09-13T23:40:37.556+07:00 DEBUG 16684 --- [tea-attendance-api] [nio-8080-exec-4] o.s.web.servlet.DispatcherServlet        : GET "/api/members", parameters={}
2026-09-13T23:40:37.556+07:00 DEBUG 16684 --- [tea-attendance-api] [nio-8080-exec-5] o.s.web.servlet.DispatcherServlet        : GET "/api/drinks?includeInactive=true", parameters={masked}
2026-09-13T23:40:37.556+07:00 DEBUG 16684 --- [tea-attendance-api] [nio-8080-exec-9] o.s.web.servlet.DispatcherServlet        : GET "/api/expenses/range?from=2026-09-07&to=2026-09-13", parameters={masked}
2026-09-13T23:40:37.556+07:00 DEBUG 16684 --- [tea-attendance-api] [nio-8080-exec-2] o.s.web.servlet.DispatcherServlet        : GET "/api/chat/messages", parameters={}
2026-09-13T23:40:37.556+07:00 DEBUG 16684 --- [tea-attendance-api] [nio-8080-exec-4] s.w.s.m.m.a.RequestMappingHandlerMapping : Mapped to com.trasua.api.MemberController#list(boolean)
2026-09-13T23:40:37.556+07:00 DEBUG 16684 --- [tea-attendance-api] [nio-8080-exec-2] s.w.s.m.m.a.RequestMappingHandlerMapping : Mapped to com.trasua.api.ChatController#list(Instant, int)
2026-09-13T23:40:37.557+07:00 DEBUG 16684 --- [tea-attendance-api] [nio-8080-exec-5] s.w.s.m.m.a.RequestMappingHandlerMapping : Mapped to com.trasua.api.DrinkCatalogController#list(boolean)
2026-09-13T23:40:37.557+07:00 DEBUG 16684 --- [tea-attendance-api] [nio-8080-exec-7] o.s.web.servlet.DispatcherServlet        : GET "/api/notifications?memberId=6", parameters={masked}
2026-09-13T23:40:37.557+07:00 DEBUG 16684 --- [tea-attendance-api] [nio-8080-exec-9] s.w.s.m.m.a.RequestMappingHandlerMapping : Mapped to com.trasua.api.ExpenseController#range(LocalDate, LocalDate)
2026-09-13T23:40:37.558+07:00 DEBUG 16684 --- [tea-attendance-api] [nio-8080-exec-7] s.w.s.m.m.a.RequestMappingHandlerMapping : Mapped to com.trasua.api.NotificationController#list(Long)
2026-09-13T23:40:37.563+07:00 DEBUG 16684 --- [tea-attendance-api] [nio-8080-exec-7] org.hibernate.SQL                        : 
    select
        n1_0.id,
        n1_0.body,
        n1_0.created_at,
        n1_0.read_at,
        n1_0.recipient_member_id,
        r1_0.id,
        r1_0.account_name,
        r1_0.account_number,
        r1_0.active,
        r1_0.avatar_url,
        r1_0.bank_bin,
        r1_0.bank_name,
        r1_0.created_at,
        r1_0.display_name,
        r1_0.email,
        r1_0.password_hash,
        r1_0.qr_code_url,
        r1_0.reset_code_expires_at,
        r1_0.reset_code_hash,
        r1_0.role,
        r1_0.updated_at,
        n1_0.settlement_id,
        n1_0.title,
        n1_0.transfer_id,
        n1_0.type 
    from
        notifications n1_0 
    join
        members r1_0 
            on r1_0.id=n1_0.recipient_member_id 
    where
        r1_0.id=? 
    order by
        n1_0.created_at desc
2026-09-13T23:40:37.568+07:00 DEBUG 16684 --- [tea-attendance-api] [nio-8080-exec-2] org.hibernate.SQL                        : 
    select
        cm1_0.id,
        cm1_0.content,
        cm1_0.created_at,
        cm1_0.sender_member_id,
        s1_0.id,
        s1_0.account_name,
        s1_0.account_number,
        s1_0.active,
        s1_0.avatar_url,
        s1_0.bank_bin,
        s1_0.bank_name,
        s1_0.created_at,
        s1_0.display_name,
        s1_0.email,
        s1_0.password_hash,
        s1_0.qr_code_url,
        s1_0.reset_code_expires_at,
        s1_0.reset_code_hash,
        s1_0.role,
        s1_0.updated_at 
    from
        chat_messages cm1_0 
    join
        members s1_0 
            on s1_0.id=cm1_0.sender_member_id 
    order by
        cm1_0.created_at desc 
    limit
        ?
2026-09-13T23:40:37.568+07:00 DEBUG 16684 --- [tea-attendance-api] [nio-8080-exec-5] org.hibernate.SQL                        : 
    select
        dci1_0.id,
        dci1_0.active,
        dci1_0.created_at,
        dci1_0.icon,
        dci1_0.name,
        dci1_0.price,
        dci1_0.updated_at 
    from
        drink_catalog dci1_0
2026-09-13T23:40:37.569+07:00 DEBUG 16684 --- [tea-attendance-api] [nio-8080-exec-4] org.hibernate.SQL                        : 
    select
        m1_0.id,
        m1_0.account_name,
        m1_0.account_number,
        m1_0.active,
        m1_0.avatar_url,
        m1_0.bank_bin,
        m1_0.bank_name,
        m1_0.created_at,
        m1_0.display_name,
        m1_0.email,
        m1_0.password_hash,
        m1_0.qr_code_url,
        m1_0.reset_code_expires_at,
        m1_0.reset_code_hash,
        m1_0.role,
        m1_0.updated_at 
    from
        members m1_0 
    where
        m1_0.active 
    order by
        m1_0.display_name
2026-09-13T23:40:37.569+07:00 DEBUG 16684 --- [tea-attendance-api] [nio-8080-exec-9] org.hibernate.SQL                        : 
    select
        distinct do1_0.id,
        do1_0.created_at,
        i1_0.order_id,
        i1_0.id,
        i1_0.consumer_member_id,
        c1_0.id,
        c1_0.account_name,
        c1_0.account_number,
        c1_0.active,
        c1_0.avatar_url,
        c1_0.bank_bin,
        c1_0.bank_name,
        c1_0.created_at,
        c1_0.display_name,
        c1_0.email,
        c1_0.password_hash,
        c1_0.qr_code_url,
        c1_0.reset_code_expires_at,
        c1_0.reset_code_hash,
        c1_0.role,
        c1_0.updated_at,
        i1_0.drink_name,
        i1_0.line_total,
        i1_0.quantity,
        i1_0.unit_price,
        do1_0.note,
        do1_0.order_date,
        do1_0.payer_member_id,
        p1_0.id,
        p1_0.account_name,
        p1_0.account_number,
        p1_0.active,
        p1_0.avatar_url,
        p1_0.bank_bin,
        p1_0.bank_name,
        p1_0.created_at,
        p1_0.display_name,
        p1_0.email,
        p1_0.password_hash,
        p1_0.qr_code_url,
        p1_0.reset_code_expires_at,
        p1_0.reset_code_hash,
        p1_0.role,
        p1_0.updated_at,
        do1_0.total_amount,
        do1_0.updated_at 
    from
        drink_orders do1_0 
    join
        members p1_0 
            on p1_0.id=do1_0.payer_member_id 
    left join
        order_items i1_0 
            on do1_0.id=i1_0.order_id 
    left join
        members c1_0 
            on c1_0.id=i1_0.consumer_member_id 
    where
        do1_0.order_date between ? and ? 
    order by
        do1_0.order_date,
        do1_0.id
2026-09-13T23:40:37.574+07:00 DEBUG 16684 --- [tea-attendance-api] [nio-8080-exec-2] org.hibernate.SQL                        : 
    select
        a1_0.message_id,
        a1_0.id,
        a1_0.byte_size,
        a1_0.content_type,
        a1_0.created_at,
        a1_0.original_filename,
        a1_0.storage_key 
    from
        chat_attachments a1_0 
    where
        a1_0.message_id=? 
    order by
        a1_0.id
2026-09-13T23:40:37.577+07:00 DEBUG 16684 --- [tea-attendance-api] [nio-8080-exec-7] m.m.a.RequestResponseBodyMethodProcessor : Using 'application/json', given [*/*] and supported [application/json, application/*+json]
2026-09-13T23:40:37.577+07:00 DEBUG 16684 --- [tea-attendance-api] [nio-8080-exec-7] m.m.a.RequestResponseBodyMethodProcessor : Writing [[]]
2026-09-13T23:40:37.578+07:00 DEBUG 16684 --- [tea-attendance-api] [nio-8080-exec-2] org.hibernate.SQL                        : 
    select
        a1_0.message_id,
        a1_0.id,
        a1_0.byte_size,
        a1_0.content_type,
        a1_0.created_at,
        a1_0.original_filename,
        a1_0.storage_key 
    from
        chat_attachments a1_0 
    where
        a1_0.message_id=? 
    order by
        a1_0.id
2026-09-13T23:40:37.578+07:00 DEBUG 16684 --- [tea-attendance-api] [nio-8080-exec-7] o.s.web.servlet.DispatcherServlet        : Completed 200 OK
2026-09-13T23:40:37.582+07:00 DEBUG 16684 --- [tea-attendance-api] [nio-8080-exec-4] m.m.a.RequestResponseBodyMethodProcessor : Using 'application/json', given [*/*] and supported [application/json, application/*+json]
2026-09-13T23:40:37.582+07:00 DEBUG 16684 --- [tea-attendance-api] [nio-8080-exec-5] m.m.a.RequestResponseBodyMethodProcessor : Using 'application/json', given [*/*] and supported [application/json, application/*+json]
2026-09-13T23:40:37.582+07:00 DEBUG 16684 --- [tea-attendance-api] [nio-8080-exec-2] org.hibernate.SQL                        : 
    select
        a1_0.message_id,
        a1_0.id,
        a1_0.byte_size,
        a1_0.content_type,
        a1_0.created_at,
        a1_0.original_filename,
        a1_0.storage_key 
    from
        chat_attachments a1_0 
    where
        a1_0.message_id=? 
    order by
        a1_0.id
2026-09-13T23:40:37.582+07:00 DEBUG 16684 --- [tea-attendance-api] [nio-8080-exec-5] m.m.a.RequestResponseBodyMethodProcessor : Writing [[DrinkCatalogResponse[id=1, name=Tra da, price=5000, icon=?, active=true], DrinkCatalogResponse[id= (truncated)...]
2026-09-13T23:40:37.582+07:00 DEBUG 16684 --- [tea-attendance-api] [nio-8080-exec-4] m.m.a.RequestResponseBodyMethodProcessor : Writing [[MemberResponse[id=4, displayName=H??ng, email=huong@example.test, bankName=Techcombank, bankBin=970 (truncated)...]
2026-09-13T23:40:37.583+07:00 DEBUG 16684 --- [tea-attendance-api] [nio-8080-exec-4] o.s.web.servlet.DispatcherServlet        : Completed 200 OK
2026-09-13T23:40:37.583+07:00 DEBUG 16684 --- [tea-attendance-api] [nio-8080-exec-5] o.s.web.servlet.DispatcherServlet        : Completed 200 OK
2026-09-13T23:40:37.584+07:00 DEBUG 16684 --- [tea-attendance-api] [nio-8080-exec-9] m.m.a.RequestResponseBodyMethodProcessor : Using 'application/json', given [*/*] and supported [application/json, application/*+json]
2026-09-13T23:40:37.584+07:00 DEBUG 16684 --- [tea-attendance-api] [nio-8080-exec-9] m.m.a.RequestResponseBodyMethodProcessor : Writing [[ExpenseResponse[id=1, orderDate=2026-09-12, payer=MemberBriefResponse[id=2, displayName=Linh Chi],  (truncated)...]
2026-09-13T23:40:37.585+07:00 DEBUG 16684 --- [tea-attendance-api] [nio-8080-exec-9] o.s.web.servlet.DispatcherServlet        : Completed 200 OK
2026-09-13T23:40:37.586+07:00 DEBUG 16684 --- [tea-attendance-api] [nio-8080-exec-2] org.hibernate.SQL                        : 
    select
        a1_0.message_id,
        a1_0.id,
        a1_0.byte_size,
        a1_0.content_type,
        a1_0.created_at,
        a1_0.original_filename,
        a1_0.storage_key 
    from
        chat_attachments a1_0 
    where
        a1_0.message_id=? 
    order by
        a1_0.id
2026-09-13T23:40:37.589+07:00 DEBUG 16684 --- [tea-attendance-api] [nio-8080-exec-2] org.hibernate.SQL                        : 
    select
        a1_0.message_id,
        a1_0.id,
        a1_0.byte_size,
        a1_0.content_type,
        a1_0.created_at,
        a1_0.original_filename,
        a1_0.storage_key 
    from
        chat_attachments a1_0 
    where
        a1_0.message_id=? 
    order by
        a1_0.id
2026-09-13T23:40:37.592+07:00 DEBUG 16684 --- [tea-attendance-api] [nio-8080-exec-2] org.hibernate.SQL                        : 
    select
        a1_0.message_id,
        a1_0.id,
        a1_0.byte_size,
        a1_0.content_type,
        a1_0.created_at,
        a1_0.original_filename,
        a1_0.storage_key 
    from
        chat_attachments a1_0 
    where
        a1_0.message_id=? 
    order by
        a1_0.id
2026-09-13T23:40:37.599+07:00 DEBUG 16684 --- [tea-attendance-api] [nio-8080-exec-2] m.m.a.RequestResponseBodyMethodProcessor : Using 'application/json', given [*/*] and supported [application/json, application/*+json]
2026-09-13T23:40:37.599+07:00 DEBUG 16684 --- [tea-attendance-api] [nio-8080-exec-2] m.m.a.RequestResponseBodyMethodProcessor : Writing [[ChatMessageResponse[id=2, sender=MemberBriefResponse[id=1, displayName=Minh Anh], content=alo, atta (truncated)...]
2026-09-13T23:40:37.600+07:00 DEBUG 16684 --- [tea-attendance-api] [nio-8080-exec-2] o.s.web.servlet.DispatcherServlet        : Completed 200 OK
2026-09-13T23:41:24.946+07:00 DEBUG 16684 --- [tea-attendance-api] [nio-8080-exec-8] o.s.web.servlet.DispatcherServlet        : GET "/api/drinks?includeInactive=true", parameters={masked}
2026-09-13T23:41:24.946+07:00 DEBUG 16684 --- [tea-attendance-api] [nio-8080-exec-8] s.w.s.m.m.a.RequestMappingHandlerMapping : Mapped to com.trasua.api.DrinkCatalogController#list(boolean)
2026-09-13T23:41:24.946+07:00 DEBUG 16684 --- [tea-attendance-api] [nio-8080-exec-7] o.s.web.servlet.DispatcherServlet        : GET "/api/notifications?memberId=6", parameters={masked}
2026-09-13T23:41:24.946+07:00 DEBUG 16684 --- [tea-attendance-api] [nio-8080-exec-7] s.w.s.m.m.a.RequestMappingHandlerMapping : Mapped to com.trasua.api.NotificationController#list(Long)
2026-09-13T23:41:24.946+07:00 DEBUG 16684 --- [tea-attendance-api] [nio-8080-exec-6] o.s.web.servlet.DispatcherServlet        : GET "/api/expenses/range?from=2026-09-07&to=2026-09-13", parameters={masked}
2026-09-13T23:41:24.946+07:00 DEBUG 16684 --- [tea-attendance-api] [nio-8080-exec-3] o.s.web.servlet.DispatcherServlet        : GET "/api/members", parameters={}
2026-09-13T23:41:24.948+07:00 DEBUG 16684 --- [tea-attendance-api] [nio-8080-exec-6] s.w.s.m.m.a.RequestMappingHandlerMapping : Mapped to com.trasua.api.ExpenseController#range(LocalDate, LocalDate)
2026-09-13T23:41:24.948+07:00 DEBUG 16684 --- [tea-attendance-api] [nio-8080-exec-3] s.w.s.m.m.a.RequestMappingHandlerMapping : Mapped to com.trasua.api.MemberController#list(boolean)
2026-09-13T23:41:24.948+07:00 DEBUG 16684 --- [tea-attendance-api] [io-8080-exec-10] o.s.web.servlet.DispatcherServlet        : GET "/api/chat/messages", parameters={}
2026-09-13T23:41:24.950+07:00 DEBUG 16684 --- [tea-attendance-api] [io-8080-exec-10] s.w.s.m.m.a.RequestMappingHandlerMapping : Mapped to com.trasua.api.ChatController#list(Instant, int)
2026-09-13T23:41:24.960+07:00 DEBUG 16684 --- [tea-attendance-api] [nio-8080-exec-7] org.hibernate.SQL                        : 
    select
        n1_0.id,
        n1_0.body,
        n1_0.created_at,
        n1_0.read_at,
        n1_0.recipient_member_id,
        r1_0.id,
        r1_0.account_name,
        r1_0.account_number,
        r1_0.active,
        r1_0.avatar_url,
        r1_0.bank_bin,
        r1_0.bank_name,
        r1_0.created_at,
        r1_0.display_name,
        r1_0.email,
        r1_0.password_hash,
        r1_0.qr_code_url,
        r1_0.reset_code_expires_at,
        r1_0.reset_code_hash,
        r1_0.role,
        r1_0.updated_at,
        n1_0.settlement_id,
        n1_0.title,
        n1_0.transfer_id,
        n1_0.type 
    from
        notifications n1_0 
    join
        members r1_0 
            on r1_0.id=n1_0.recipient_member_id 
    where
        r1_0.id=? 
    order by
        n1_0.created_at desc
2026-09-13T23:41:24.961+07:00 DEBUG 16684 --- [tea-attendance-api] [nio-8080-exec-8] org.hibernate.SQL                        : 
    select
        dci1_0.id,
        dci1_0.active,
        dci1_0.created_at,
        dci1_0.icon,
        dci1_0.name,
        dci1_0.price,
        dci1_0.updated_at 
    from
        drink_catalog dci1_0
2026-09-13T23:41:24.965+07:00 DEBUG 16684 --- [tea-attendance-api] [nio-8080-exec-6] org.hibernate.SQL                        : 
    select
        distinct do1_0.id,
        do1_0.created_at,
        i1_0.order_id,
        i1_0.id,
        i1_0.consumer_member_id,
        c1_0.id,
        c1_0.account_name,
        c1_0.account_number,
        c1_0.active,
        c1_0.avatar_url,
        c1_0.bank_bin,
        c1_0.bank_name,
        c1_0.created_at,
        c1_0.display_name,
        c1_0.email,
        c1_0.password_hash,
        c1_0.qr_code_url,
        c1_0.reset_code_expires_at,
        c1_0.reset_code_hash,
        c1_0.role,
        c1_0.updated_at,
        i1_0.drink_name,
        i1_0.line_total,
        i1_0.quantity,
        i1_0.unit_price,
        do1_0.note,
        do1_0.order_date,
        do1_0.payer_member_id,
        p1_0.id,
        p1_0.account_name,
        p1_0.account_number,
        p1_0.active,
        p1_0.avatar_url,
        p1_0.bank_bin,
        p1_0.bank_name,
        p1_0.created_at,
        p1_0.display_name,
        p1_0.email,
        p1_0.password_hash,
        p1_0.qr_code_url,
        p1_0.reset_code_expires_at,
        p1_0.reset_code_hash,
        p1_0.role,
        p1_0.updated_at,
        do1_0.total_amount,
        do1_0.updated_at 
    from
        drink_orders do1_0 
    join
        members p1_0 
            on p1_0.id=do1_0.payer_member_id 
    left join
        order_items i1_0 
            on do1_0.id=i1_0.order_id 
    left join
        members c1_0 
            on c1_0.id=i1_0.consumer_member_id 
    where
        do1_0.order_date between ? and ? 
    order by
        do1_0.order_date,
        do1_0.id
2026-09-13T23:41:24.970+07:00 DEBUG 16684 --- [tea-attendance-api] [io-8080-exec-10] org.hibernate.SQL                        : 
    select
        cm1_0.id,
        cm1_0.content,
        cm1_0.created_at,
        cm1_0.sender_member_id,
        s1_0.id,
        s1_0.account_name,
        s1_0.account_number,
        s1_0.active,
        s1_0.avatar_url,
        s1_0.bank_bin,
        s1_0.bank_name,
        s1_0.created_at,
        s1_0.display_name,
        s1_0.email,
        s1_0.password_hash,
        s1_0.qr_code_url,
        s1_0.reset_code_expires_at,
        s1_0.reset_code_hash,
        s1_0.role,
        s1_0.updated_at 
    from
        chat_messages cm1_0 
    join
        members s1_0 
            on s1_0.id=cm1_0.sender_member_id 
    order by
        cm1_0.created_at desc 
    limit
        ?
2026-09-13T23:41:24.971+07:00 DEBUG 16684 --- [tea-attendance-api] [nio-8080-exec-3] org.hibernate.SQL                        : 
    select
        m1_0.id,
        m1_0.account_name,
        m1_0.account_number,
        m1_0.active,
        m1_0.avatar_url,
        m1_0.bank_bin,
        m1_0.bank_name,
        m1_0.created_at,
        m1_0.display_name,
        m1_0.email,
        m1_0.password_hash,
        m1_0.qr_code_url,
        m1_0.reset_code_expires_at,
        m1_0.reset_code_hash,
        m1_0.role,
        m1_0.updated_at 
    from
        members m1_0 
    where
        m1_0.active 
    order by
        m1_0.display_name
2026-09-13T23:41:24.973+07:00 DEBUG 16684 --- [tea-attendance-api] [nio-8080-exec-7] m.m.a.RequestResponseBodyMethodProcessor : Using 'application/json', given [*/*] and supported [application/json, application/*+json]
2026-09-13T23:41:24.973+07:00 DEBUG 16684 --- [tea-attendance-api] [nio-8080-exec-8] m.m.a.RequestResponseBodyMethodProcessor : Using 'application/json', given [*/*] and supported [application/json, application/*+json]
2026-09-13T23:41:24.974+07:00 DEBUG 16684 --- [tea-attendance-api] [nio-8080-exec-7] m.m.a.RequestResponseBodyMethodProcessor : Writing [[]]
2026-09-13T23:41:24.974+07:00 DEBUG 16684 --- [tea-attendance-api] [nio-8080-exec-8] m.m.a.RequestResponseBodyMethodProcessor : Writing [[DrinkCatalogResponse[id=1, name=Tra da, price=5000, icon=?, active=true], DrinkCatalogResponse[id= (truncated)...]
2026-09-13T23:41:24.975+07:00 DEBUG 16684 --- [tea-attendance-api] [nio-8080-exec-7] o.s.web.servlet.DispatcherServlet        : Completed 200 OK
2026-09-13T23:41:24.976+07:00 DEBUG 16684 --- [tea-attendance-api] [nio-8080-exec-8] o.s.web.servlet.DispatcherServlet        : Completed 200 OK
2026-09-13T23:41:24.979+07:00 DEBUG 16684 --- [tea-attendance-api] [io-8080-exec-10] org.hibernate.SQL                        : 
    select
        a1_0.message_id,
        a1_0.id,
        a1_0.byte_size,
        a1_0.content_type,
        a1_0.created_at,
        a1_0.original_filename,
        a1_0.storage_key 
    from
        chat_attachments a1_0 
    where
        a1_0.message_id=? 
    order by
        a1_0.id
2026-09-13T23:41:24.983+07:00 DEBUG 16684 --- [tea-attendance-api] [io-8080-exec-10] org.hibernate.SQL                        : 
    select
        a1_0.message_id,
        a1_0.id,
        a1_0.byte_size,
        a1_0.content_type,
        a1_0.created_at,
        a1_0.original_filename,
        a1_0.storage_key 
    from
        chat_attachments a1_0 
    where
        a1_0.message_id=? 
    order by
        a1_0.id
2026-09-13T23:41:24.984+07:00 DEBUG 16684 --- [tea-attendance-api] [nio-8080-exec-6] m.m.a.RequestResponseBodyMethodProcessor : Using 'application/json', given [*/*] and supported [application/json, application/*+json]
2026-09-13T23:41:24.985+07:00 DEBUG 16684 --- [tea-attendance-api] [nio-8080-exec-6] m.m.a.RequestResponseBodyMethodProcessor : Writing [[ExpenseResponse[id=1, orderDate=2026-09-12, payer=MemberBriefResponse[id=2, displayName=Linh Chi],  (truncated)...]
2026-09-13T23:41:24.985+07:00 DEBUG 16684 --- [tea-attendance-api] [nio-8080-exec-6] o.s.web.servlet.DispatcherServlet        : Completed 200 OK
2026-09-13T23:41:24.987+07:00 DEBUG 16684 --- [tea-attendance-api] [io-8080-exec-10] org.hibernate.SQL                        : 
    select
        a1_0.message_id,
        a1_0.id,
        a1_0.byte_size,
        a1_0.content_type,
        a1_0.created_at,
        a1_0.original_filename,
        a1_0.storage_key 
    from
        chat_attachments a1_0 
    where
        a1_0.message_id=? 
    order by
        a1_0.id
2026-09-13T23:41:24.988+07:00 DEBUG 16684 --- [tea-attendance-api] [nio-8080-exec-3] m.m.a.RequestResponseBodyMethodProcessor : Using 'application/json', given [*/*] and supported [application/json, application/*+json]
2026-09-13T23:41:24.988+07:00 DEBUG 16684 --- [tea-attendance-api] [nio-8080-exec-3] m.m.a.RequestResponseBodyMethodProcessor : Writing [[MemberResponse[id=4, displayName=H??ng, email=huong@example.test, bankName=Techcombank, bankBin=970 (truncated)...]
2026-09-13T23:41:24.989+07:00 DEBUG 16684 --- [tea-attendance-api] [nio-8080-exec-3] o.s.web.servlet.DispatcherServlet        : Completed 200 OK
2026-09-13T23:41:24.990+07:00 DEBUG 16684 --- [tea-attendance-api] [io-8080-exec-10] org.hibernate.SQL                        : 
    select
        a1_0.message_id,
        a1_0.id,
        a1_0.byte_size,
        a1_0.content_type,
        a1_0.created_at,
        a1_0.original_filename,
        a1_0.storage_key 
    from
        chat_attachments a1_0 
    where
        a1_0.message_id=? 
    order by
        a1_0.id
2026-09-13T23:41:24.995+07:00 DEBUG 16684 --- [tea-attendance-api] [io-8080-exec-10] org.hibernate.SQL                        : 
    select
        a1_0.message_id,
        a1_0.id,
        a1_0.byte_size,
        a1_0.content_type,
        a1_0.created_at,
        a1_0.original_filename,
        a1_0.storage_key 
    from
        chat_attachments a1_0 
    where
        a1_0.message_id=? 
    order by
        a1_0.id
2026-09-13T23:41:25.001+07:00 DEBUG 16684 --- [tea-attendance-api] [io-8080-exec-10] org.hibernate.SQL                        : 
    select
        a1_0.message_id,
        a1_0.id,
        a1_0.byte_size,
        a1_0.content_type,
        a1_0.created_at,
        a1_0.original_filename,
        a1_0.storage_key 
    from
        chat_attachments a1_0 
    where
        a1_0.message_id=? 
    order by
        a1_0.id
2026-09-13T23:41:25.016+07:00 DEBUG 16684 --- [tea-attendance-api] [io-8080-exec-10] m.m.a.RequestResponseBodyMethodProcessor : Using 'application/json', given [*/*] and supported [application/json, application/*+json]
2026-09-13T23:41:25.016+07:00 DEBUG 16684 --- [tea-attendance-api] [io-8080-exec-10] m.m.a.RequestResponseBodyMethodProcessor : Writing [[ChatMessageResponse[id=2, sender=MemberBriefResponse[id=1, displayName=Minh Anh], content=alo, atta (truncated)...]
2026-09-13T23:41:25.017+07:00 DEBUG 16684 --- [tea-attendance-api] [io-8080-exec-10] o.s.web.servlet.DispatcherServlet        : Completed 200 OK
2026-09-13T23:42:26.147+07:00 DEBUG 16684 --- [tea-attendance-api] [nio-8080-exec-7] o.s.web.servlet.DispatcherServlet        : GET "/api/members", parameters={}
2026-09-13T23:42:26.148+07:00 DEBUG 16684 --- [tea-attendance-api] [nio-8080-exec-7] s.w.s.m.m.a.RequestMappingHandlerMapping : Mapped to com.trasua.api.MemberController#list(boolean)
2026-09-13T23:42:26.148+07:00 DEBUG 16684 --- [tea-attendance-api] [nio-8080-exec-3] o.s.web.servlet.DispatcherServlet        : GET "/api/chat/messages", parameters={}
2026-09-13T23:42:26.148+07:00 DEBUG 16684 --- [tea-attendance-api] [nio-8080-exec-8] o.s.web.servlet.DispatcherServlet        : GET "/api/drinks?includeInactive=true", parameters={masked}
2026-09-13T23:42:26.148+07:00 DEBUG 16684 --- [tea-attendance-api] [nio-8080-exec-6] o.s.web.servlet.DispatcherServlet        : GET "/api/expenses/range?from=2026-09-07&to=2026-09-13", parameters={masked}
2026-09-13T23:42:26.148+07:00 DEBUG 16684 --- [tea-attendance-api] [nio-8080-exec-3] s.w.s.m.m.a.RequestMappingHandlerMapping : Mapped to com.trasua.api.ChatController#list(Instant, int)
2026-09-13T23:42:26.149+07:00 DEBUG 16684 --- [tea-attendance-api] [nio-8080-exec-8] s.w.s.m.m.a.RequestMappingHandlerMapping : Mapped to com.trasua.api.DrinkCatalogController#list(boolean)
2026-09-13T23:42:26.149+07:00 DEBUG 16684 --- [tea-attendance-api] [nio-8080-exec-6] s.w.s.m.m.a.RequestMappingHandlerMapping : Mapped to com.trasua.api.ExpenseController#range(LocalDate, LocalDate)
2026-09-13T23:42:26.149+07:00 DEBUG 16684 --- [tea-attendance-api] [io-8080-exec-10] o.s.web.servlet.DispatcherServlet        : GET "/api/notifications?memberId=6", parameters={masked}
2026-09-13T23:42:26.149+07:00 DEBUG 16684 --- [tea-attendance-api] [io-8080-exec-10] s.w.s.m.m.a.RequestMappingHandlerMapping : Mapped to com.trasua.api.NotificationController#list(Long)
2026-09-13T23:42:26.158+07:00 DEBUG 16684 --- [tea-attendance-api] [nio-8080-exec-3] org.hibernate.SQL                        : 
    select
        cm1_0.id,
        cm1_0.content,
        cm1_0.created_at,
        cm1_0.sender_member_id,
        s1_0.id,
        s1_0.account_name,
        s1_0.account_number,
        s1_0.active,
        s1_0.avatar_url,
        s1_0.bank_bin,
        s1_0.bank_name,
        s1_0.created_at,
        s1_0.display_name,
        s1_0.email,
        s1_0.password_hash,
        s1_0.qr_code_url,
        s1_0.reset_code_expires_at,
        s1_0.reset_code_hash,
        s1_0.role,
        s1_0.updated_at 
    from
        chat_messages cm1_0 
    join
        members s1_0 
            on s1_0.id=cm1_0.sender_member_id 
    order by
        cm1_0.created_at desc 
    limit
        ?
2026-09-13T23:42:26.159+07:00 DEBUG 16684 --- [tea-attendance-api] [io-8080-exec-10] org.hibernate.SQL                        : 
    select
        n1_0.id,
        n1_0.body,
        n1_0.created_at,
        n1_0.read_at,
        n1_0.recipient_member_id,
        r1_0.id,
        r1_0.account_name,
        r1_0.account_number,
        r1_0.active,
        r1_0.avatar_url,
        r1_0.bank_bin,
        r1_0.bank_name,
        r1_0.created_at,
        r1_0.display_name,
        r1_0.email,
        r1_0.password_hash,
        r1_0.qr_code_url,
        r1_0.reset_code_expires_at,
        r1_0.reset_code_hash,
        r1_0.role,
        r1_0.updated_at,
        n1_0.settlement_id,
        n1_0.title,
        n1_0.transfer_id,
        n1_0.type 
    from
        notifications n1_0 
    join
        members r1_0 
            on r1_0.id=n1_0.recipient_member_id 
    where
        r1_0.id=? 
    order by
        n1_0.created_at desc
2026-09-13T23:42:26.159+07:00 DEBUG 16684 --- [tea-attendance-api] [nio-8080-exec-7] org.hibernate.SQL                        : 
    select
        m1_0.id,
        m1_0.account_name,
        m1_0.account_number,
        m1_0.active,
        m1_0.avatar_url,
        m1_0.bank_bin,
        m1_0.bank_name,
        m1_0.created_at,
        m1_0.display_name,
        m1_0.email,
        m1_0.password_hash,
        m1_0.qr_code_url,
        m1_0.reset_code_expires_at,
        m1_0.reset_code_hash,
        m1_0.role,
        m1_0.updated_at 
    from
        members m1_0 
    where
        m1_0.active 
    order by
        m1_0.display_name
2026-09-13T23:42:26.160+07:00 DEBUG 16684 --- [tea-attendance-api] [nio-8080-exec-6] org.hibernate.SQL                        : 
    select
        distinct do1_0.id,
        do1_0.created_at,
        i1_0.order_id,
        i1_0.id,
        i1_0.consumer_member_id,
        c1_0.id,
        c1_0.account_name,
        c1_0.account_number,
        c1_0.active,
        c1_0.avatar_url,
        c1_0.bank_bin,
        c1_0.bank_name,
        c1_0.created_at,
        c1_0.display_name,
        c1_0.email,
        c1_0.password_hash,
        c1_0.qr_code_url,
        c1_0.reset_code_expires_at,
        c1_0.reset_code_hash,
        c1_0.role,
        c1_0.updated_at,
        i1_0.drink_name,
        i1_0.line_total,
        i1_0.quantity,
        i1_0.unit_price,
        do1_0.note,
        do1_0.order_date,
        do1_0.payer_member_id,
        p1_0.id,
        p1_0.account_name,
        p1_0.account_number,
        p1_0.active,
        p1_0.avatar_url,
        p1_0.bank_bin,
        p1_0.bank_name,
        p1_0.created_at,
        p1_0.display_name,
        p1_0.email,
        p1_0.password_hash,
        p1_0.qr_code_url,
        p1_0.reset_code_expires_at,
        p1_0.reset_code_hash,
        p1_0.role,
        p1_0.updated_at,
        do1_0.total_amount,
        do1_0.updated_at 
    from
        drink_orders do1_0 
    join
        members p1_0 
            on p1_0.id=do1_0.payer_member_id 
    left join
        order_items i1_0 
            on do1_0.id=i1_0.order_id 
    left join
        members c1_0 
            on c1_0.id=i1_0.consumer_member_id 
    where
        do1_0.order_date between ? and ? 
    order by
        do1_0.order_date,
        do1_0.id
2026-09-13T23:42:26.162+07:00 DEBUG 16684 --- [tea-attendance-api] [nio-8080-exec-8] org.hibernate.SQL                        : 
    select
        dci1_0.id,
        dci1_0.active,
        dci1_0.created_at,
        dci1_0.icon,
        dci1_0.name,
        dci1_0.price,
        dci1_0.updated_at 
    from
        drink_catalog dci1_0
2026-09-13T23:42:26.164+07:00 DEBUG 16684 --- [tea-attendance-api] [nio-8080-exec-3] org.hibernate.SQL                        : 
    select
        a1_0.message_id,
        a1_0.id,
        a1_0.byte_size,
        a1_0.content_type,
        a1_0.created_at,
        a1_0.original_filename,
        a1_0.storage_key 
    from
        chat_attachments a1_0 
    where
        a1_0.message_id=? 
    order by
        a1_0.id
2026-09-13T23:42:26.167+07:00 DEBUG 16684 --- [tea-attendance-api] [nio-8080-exec-3] org.hibernate.SQL                        : 
    select
        a1_0.message_id,
        a1_0.id,
        a1_0.byte_size,
        a1_0.content_type,
        a1_0.created_at,
        a1_0.original_filename,
        a1_0.storage_key 
    from
        chat_attachments a1_0 
    where
        a1_0.message_id=? 
    order by
        a1_0.id
2026-09-13T23:42:26.170+07:00 DEBUG 16684 --- [tea-attendance-api] [nio-8080-exec-7] m.m.a.RequestResponseBodyMethodProcessor : Using 'application/json', given [*/*] and supported [application/json, application/*+json]
2026-09-13T23:42:26.170+07:00 DEBUG 16684 --- [tea-attendance-api] [io-8080-exec-10] m.m.a.RequestResponseBodyMethodProcessor : Using 'application/json', given [*/*] and supported [application/json, application/*+json]
2026-09-13T23:42:26.170+07:00 DEBUG 16684 --- [tea-attendance-api] [nio-8080-exec-3] org.hibernate.SQL                        : 
    select
        a1_0.message_id,
        a1_0.id,
        a1_0.byte_size,
        a1_0.content_type,
        a1_0.created_at,
        a1_0.original_filename,
        a1_0.storage_key 
    from
        chat_attachments a1_0 
    where
        a1_0.message_id=? 
    order by
        a1_0.id
2026-09-13T23:42:26.170+07:00 DEBUG 16684 --- [tea-attendance-api] [io-8080-exec-10] m.m.a.RequestResponseBodyMethodProcessor : Writing [[]]
2026-09-13T23:42:26.170+07:00 DEBUG 16684 --- [tea-attendance-api] [nio-8080-exec-7] m.m.a.RequestResponseBodyMethodProcessor : Writing [[MemberResponse[id=4, displayName=H??ng, email=huong@example.test, bankName=Techcombank, bankBin=970 (truncated)...]
2026-09-13T23:42:26.171+07:00 DEBUG 16684 --- [tea-attendance-api] [nio-8080-exec-7] o.s.web.servlet.DispatcherServlet        : Completed 200 OK
2026-09-13T23:42:26.171+07:00 DEBUG 16684 --- [tea-attendance-api] [io-8080-exec-10] o.s.web.servlet.DispatcherServlet        : Completed 200 OK
2026-09-13T23:42:26.176+07:00 DEBUG 16684 --- [tea-attendance-api] [nio-8080-exec-3] org.hibernate.SQL                        : 
    select
        a1_0.message_id,
        a1_0.id,
        a1_0.byte_size,
        a1_0.content_type,
        a1_0.created_at,
        a1_0.original_filename,
        a1_0.storage_key 
    from
        chat_attachments a1_0 
    where
        a1_0.message_id=? 
    order by
        a1_0.id
2026-09-13T23:42:26.177+07:00 DEBUG 16684 --- [tea-attendance-api] [nio-8080-exec-8] m.m.a.RequestResponseBodyMethodProcessor : Using 'application/json', given [*/*] and supported [application/json, application/*+json]
2026-09-13T23:42:26.177+07:00 DEBUG 16684 --- [tea-attendance-api] [nio-8080-exec-6] m.m.a.RequestResponseBodyMethodProcessor : Using 'application/json', given [*/*] and supported [application/json, application/*+json]
2026-09-13T23:42:26.178+07:00 DEBUG 16684 --- [tea-attendance-api] [nio-8080-exec-8] m.m.a.RequestResponseBodyMethodProcessor : Writing [[DrinkCatalogResponse[id=1, name=Tra da, price=5000, icon=?, active=true], DrinkCatalogResponse[id= (truncated)...]
2026-09-13T23:42:26.178+07:00 DEBUG 16684 --- [tea-attendance-api] [nio-8080-exec-6] m.m.a.RequestResponseBodyMethodProcessor : Writing [[ExpenseResponse[id=1, orderDate=2026-09-12, payer=MemberBriefResponse[id=2, displayName=Linh Chi],  (truncated)...]
2026-09-13T23:42:26.178+07:00 DEBUG 16684 --- [tea-attendance-api] [nio-8080-exec-8] o.s.web.servlet.DispatcherServlet        : Completed 200 OK
2026-09-13T23:42:26.178+07:00 DEBUG 16684 --- [tea-attendance-api] [nio-8080-exec-6] o.s.web.servlet.DispatcherServlet        : Completed 200 OK
2026-09-13T23:42:26.180+07:00 DEBUG 16684 --- [tea-attendance-api] [nio-8080-exec-3] org.hibernate.SQL                        : 
    select
        a1_0.message_id,
        a1_0.id,
        a1_0.byte_size,
        a1_0.content_type,
        a1_0.created_at,
        a1_0.original_filename,
        a1_0.storage_key 
    from
        chat_attachments a1_0 
    where
        a1_0.message_id=? 
    order by
        a1_0.id
2026-09-13T23:42:26.183+07:00 DEBUG 16684 --- [tea-attendance-api] [nio-8080-exec-3] org.hibernate.SQL                        : 
    select
        a1_0.message_id,
        a1_0.id,
        a1_0.byte_size,
        a1_0.content_type,
        a1_0.created_at,
        a1_0.original_filename,
        a1_0.storage_key 
    from
        chat_attachments a1_0 
    where
        a1_0.message_id=? 
    order by
        a1_0.id
2026-09-13T23:42:26.193+07:00 DEBUG 16684 --- [tea-attendance-api] [nio-8080-exec-3] m.m.a.RequestResponseBodyMethodProcessor : Using 'application/json', given [*/*] and supported [application/json, application/*+json]
2026-09-13T23:42:26.194+07:00 DEBUG 16684 --- [tea-attendance-api] [nio-8080-exec-3] m.m.a.RequestResponseBodyMethodProcessor : Writing [[ChatMessageResponse[id=2, sender=MemberBriefResponse[id=1, displayName=Minh Anh], content=alo, atta (truncated)...]
2026-09-13T23:42:26.194+07:00 DEBUG 16684 --- [tea-attendance-api] [nio-8080-exec-3] o.s.web.servlet.DispatcherServlet        : Completed 200 OK
2026-09-13T23:42:26.558+07:00 DEBUG 16684 --- [tea-attendance-api] [nio-8080-exec-4] o.s.web.servlet.DispatcherServlet        : GET "/api/drinks?includeInactive=true", parameters={masked}
2026-09-13T23:42:26.558+07:00 DEBUG 16684 --- [tea-attendance-api] [nio-8080-exec-9] o.s.web.servlet.DispatcherServlet        : GET "/api/members", parameters={}
2026-09-13T23:42:26.558+07:00 DEBUG 16684 --- [tea-attendance-api] [nio-8080-exec-2] o.s.web.servlet.DispatcherServlet        : GET "/api/expenses/range?from=2026-09-07&to=2026-09-13", parameters={masked}
2026-09-13T23:42:26.558+07:00 DEBUG 16684 --- [tea-attendance-api] [nio-8080-exec-4] s.w.s.m.m.a.RequestMappingHandlerMapping : Mapped to com.trasua.api.DrinkCatalogController#list(boolean)
2026-09-13T23:42:26.558+07:00 DEBUG 16684 --- [tea-attendance-api] [nio-8080-exec-2] s.w.s.m.m.a.RequestMappingHandlerMapping : Mapped to com.trasua.api.ExpenseController#range(LocalDate, LocalDate)
2026-09-13T23:42:26.558+07:00 DEBUG 16684 --- [tea-attendance-api] [nio-8080-exec-1] o.s.web.servlet.DispatcherServlet        : GET "/api/chat/messages", parameters={}
2026-09-13T23:42:26.558+07:00 DEBUG 16684 --- [tea-attendance-api] [nio-8080-exec-1] s.w.s.m.m.a.RequestMappingHandlerMapping : Mapped to com.trasua.api.ChatController#list(Instant, int)
2026-09-13T23:42:26.558+07:00 DEBUG 16684 --- [tea-attendance-api] [nio-8080-exec-5] o.s.web.servlet.DispatcherServlet        : GET "/api/notifications?memberId=6", parameters={masked}
2026-09-13T23:42:26.559+07:00 DEBUG 16684 --- [tea-attendance-api] [nio-8080-exec-5] s.w.s.m.m.a.RequestMappingHandlerMapping : Mapped to com.trasua.api.NotificationController#list(Long)
2026-09-13T23:42:26.558+07:00 DEBUG 16684 --- [tea-attendance-api] [nio-8080-exec-9] s.w.s.m.m.a.RequestMappingHandlerMapping : Mapped to com.trasua.api.MemberController#list(boolean)
2026-09-13T23:42:26.565+07:00 DEBUG 16684 --- [tea-attendance-api] [nio-8080-exec-5] org.hibernate.SQL                        : 
    select
        n1_0.id,
        n1_0.body,
        n1_0.created_at,
        n1_0.read_at,
        n1_0.recipient_member_id,
        r1_0.id,
        r1_0.account_name,
        r1_0.account_number,
        r1_0.active,
        r1_0.avatar_url,
        r1_0.bank_bin,
        r1_0.bank_name,
        r1_0.created_at,
        r1_0.display_name,
        r1_0.email,
        r1_0.password_hash,
        r1_0.qr_code_url,
        r1_0.reset_code_expires_at,
        r1_0.reset_code_hash,
        r1_0.role,
        r1_0.updated_at,
        n1_0.settlement_id,
        n1_0.title,
        n1_0.transfer_id,
        n1_0.type 
    from
        notifications n1_0 
    join
        members r1_0 
            on r1_0.id=n1_0.recipient_member_id 
    where
        r1_0.id=? 
    order by
        n1_0.created_at desc
2026-09-13T23:42:26.565+07:00 DEBUG 16684 --- [tea-attendance-api] [nio-8080-exec-2] org.hibernate.SQL                        : 
    select
        distinct do1_0.id,
        do1_0.created_at,
        i1_0.order_id,
        i1_0.id,
        i1_0.consumer_member_id,
        c1_0.id,
        c1_0.account_name,
        c1_0.account_number,
        c1_0.active,
        c1_0.avatar_url,
        c1_0.bank_bin,
        c1_0.bank_name,
        c1_0.created_at,
        c1_0.display_name,
        c1_0.email,
        c1_0.password_hash,
        c1_0.qr_code_url,
        c1_0.reset_code_expires_at,
        c1_0.reset_code_hash,
        c1_0.role,
        c1_0.updated_at,
        i1_0.drink_name,
        i1_0.line_total,
        i1_0.quantity,
        i1_0.unit_price,
        do1_0.note,
        do1_0.order_date,
        do1_0.payer_member_id,
        p1_0.id,
        p1_0.account_name,
        p1_0.account_number,
        p1_0.active,
        p1_0.avatar_url,
        p1_0.bank_bin,
        p1_0.bank_name,
        p1_0.created_at,
        p1_0.display_name,
        p1_0.email,
        p1_0.password_hash,
        p1_0.qr_code_url,
        p1_0.reset_code_expires_at,
        p1_0.reset_code_hash,
        p1_0.role,
        p1_0.updated_at,
        do1_0.total_amount,
        do1_0.updated_at 
    from
        drink_orders do1_0 
    join
        members p1_0 
            on p1_0.id=do1_0.payer_member_id 
    left join
        order_items i1_0 
            on do1_0.id=i1_0.order_id 
    left join
        members c1_0 
            on c1_0.id=i1_0.consumer_member_id 
    where
        do1_0.order_date between ? and ? 
    order by
        do1_0.order_date,
        do1_0.id
2026-09-13T23:42:26.565+07:00 DEBUG 16684 --- [tea-attendance-api] [nio-8080-exec-4] org.hibernate.SQL                        : 
    select
        dci1_0.id,
        dci1_0.active,
        dci1_0.created_at,
        dci1_0.icon,
        dci1_0.name,
        dci1_0.price,
        dci1_0.updated_at 
    from
        drink_catalog dci1_0
2026-09-13T23:42:26.566+07:00 DEBUG 16684 --- [tea-attendance-api] [nio-8080-exec-9] org.hibernate.SQL                        : 
    select
        m1_0.id,
        m1_0.account_name,
        m1_0.account_number,
        m1_0.active,
        m1_0.avatar_url,
        m1_0.bank_bin,
        m1_0.bank_name,
        m1_0.created_at,
        m1_0.display_name,
        m1_0.email,
        m1_0.password_hash,
        m1_0.qr_code_url,
        m1_0.reset_code_expires_at,
        m1_0.reset_code_hash,
        m1_0.role,
        m1_0.updated_at 
    from
        members m1_0 
    where
        m1_0.active 
    order by
        m1_0.display_name
2026-09-13T23:42:26.569+07:00 DEBUG 16684 --- [tea-attendance-api] [nio-8080-exec-1] org.hibernate.SQL                        : 
    select
        cm1_0.id,
        cm1_0.content,
        cm1_0.created_at,
        cm1_0.sender_member_id,
        s1_0.id,
        s1_0.account_name,
        s1_0.account_number,
        s1_0.active,
        s1_0.avatar_url,
        s1_0.bank_bin,
        s1_0.bank_name,
        s1_0.created_at,
        s1_0.display_name,
        s1_0.email,
        s1_0.password_hash,
        s1_0.qr_code_url,
        s1_0.reset_code_expires_at,
        s1_0.reset_code_hash,
        s1_0.role,
        s1_0.updated_at 
    from
        chat_messages cm1_0 
    join
        members s1_0 
            on s1_0.id=cm1_0.sender_member_id 
    order by
        cm1_0.created_at desc 
    limit
        ?
2026-09-13T23:42:26.576+07:00 DEBUG 16684 --- [tea-attendance-api] [nio-8080-exec-1] org.hibernate.SQL                        : 
    select
        a1_0.message_id,
        a1_0.id,
        a1_0.byte_size,
        a1_0.content_type,
        a1_0.created_at,
        a1_0.original_filename,
        a1_0.storage_key 
    from
        chat_attachments a1_0 
    where
        a1_0.message_id=? 
    order by
        a1_0.id
2026-09-13T23:42:26.578+07:00 DEBUG 16684 --- [tea-attendance-api] [nio-8080-exec-5] m.m.a.RequestResponseBodyMethodProcessor : Using 'application/json', given [*/*] and supported [application/json, application/*+json]
2026-09-13T23:42:26.578+07:00 DEBUG 16684 --- [tea-attendance-api] [nio-8080-exec-5] m.m.a.RequestResponseBodyMethodProcessor : Writing [[]]
2026-09-13T23:42:26.578+07:00 DEBUG 16684 --- [tea-attendance-api] [nio-8080-exec-4] m.m.a.RequestResponseBodyMethodProcessor : Using 'application/json', given [*/*] and supported [application/json, application/*+json]
2026-09-13T23:42:26.579+07:00 DEBUG 16684 --- [tea-attendance-api] [nio-8080-exec-9] m.m.a.RequestResponseBodyMethodProcessor : Using 'application/json', given [*/*] and supported [application/json, application/*+json]
2026-09-13T23:42:26.579+07:00 DEBUG 16684 --- [tea-attendance-api] [nio-8080-exec-4] m.m.a.RequestResponseBodyMethodProcessor : Writing [[DrinkCatalogResponse[id=1, name=Tra da, price=5000, icon=?, active=true], DrinkCatalogResponse[id= (truncated)...]
2026-09-13T23:42:26.579+07:00 DEBUG 16684 --- [tea-attendance-api] [nio-8080-exec-5] o.s.web.servlet.DispatcherServlet        : Completed 200 OK
2026-09-13T23:42:26.579+07:00 DEBUG 16684 --- [tea-attendance-api] [nio-8080-exec-9] m.m.a.RequestResponseBodyMethodProcessor : Writing [[MemberResponse[id=4, displayName=H??ng, email=huong@example.test, bankName=Techcombank, bankBin=970 (truncated)...]
2026-09-13T23:42:26.579+07:00 DEBUG 16684 --- [tea-attendance-api] [nio-8080-exec-4] o.s.web.servlet.DispatcherServlet        : Completed 200 OK
2026-09-13T23:42:26.579+07:00 DEBUG 16684 --- [tea-attendance-api] [nio-8080-exec-9] o.s.web.servlet.DispatcherServlet        : Completed 200 OK
2026-09-13T23:42:26.582+07:00 DEBUG 16684 --- [tea-attendance-api] [nio-8080-exec-1] org.hibernate.SQL                        : 
    select
        a1_0.message_id,
        a1_0.id,
        a1_0.byte_size,
        a1_0.content_type,
        a1_0.created_at,
        a1_0.original_filename,
        a1_0.storage_key 
    from
        chat_attachments a1_0 
    where
        a1_0.message_id=? 
    order by
        a1_0.id
2026-09-13T23:42:26.587+07:00 DEBUG 16684 --- [tea-attendance-api] [nio-8080-exec-1] org.hibernate.SQL                        : 
    select
        a1_0.message_id,
        a1_0.id,
        a1_0.byte_size,
        a1_0.content_type,
        a1_0.created_at,
        a1_0.original_filename,
        a1_0.storage_key 
    from
        chat_attachments a1_0 
    where
        a1_0.message_id=? 
    order by
        a1_0.id
2026-09-13T23:42:26.590+07:00 DEBUG 16684 --- [tea-attendance-api] [nio-8080-exec-2] m.m.a.RequestResponseBodyMethodProcessor : Using 'application/json', given [*/*] and supported [application/json, application/*+json]
2026-09-13T23:42:26.591+07:00 DEBUG 16684 --- [tea-attendance-api] [nio-8080-exec-2] m.m.a.RequestResponseBodyMethodProcessor : Writing [[ExpenseResponse[id=1, orderDate=2026-09-12, payer=MemberBriefResponse[id=2, displayName=Linh Chi],  (truncated)...]
2026-09-13T23:42:26.591+07:00 DEBUG 16684 --- [tea-attendance-api] [nio-8080-exec-1] org.hibernate.SQL                        : 
    select
        a1_0.message_id,
        a1_0.id,
        a1_0.byte_size,
        a1_0.content_type,
        a1_0.created_at,
        a1_0.original_filename,
        a1_0.storage_key 
    from
        chat_attachments a1_0 
    where
        a1_0.message_id=? 
    order by
        a1_0.id
2026-09-13T23:42:26.592+07:00 DEBUG 16684 --- [tea-attendance-api] [nio-8080-exec-2] o.s.web.servlet.DispatcherServlet        : Completed 200 OK
2026-09-13T23:42:26.595+07:00 DEBUG 16684 --- [tea-attendance-api] [nio-8080-exec-1] org.hibernate.SQL                        : 
    select
        a1_0.message_id,
        a1_0.id,
        a1_0.byte_size,
        a1_0.content_type,
        a1_0.created_at,
        a1_0.original_filename,
        a1_0.storage_key 
    from
        chat_attachments a1_0 
    where
        a1_0.message_id=? 
    order by
        a1_0.id
2026-09-13T23:42:26.597+07:00 DEBUG 16684 --- [tea-attendance-api] [nio-8080-exec-1] org.hibernate.SQL                        : 
    select
        a1_0.message_id,
        a1_0.id,
        a1_0.byte_size,
        a1_0.content_type,
        a1_0.created_at,
        a1_0.original_filename,
        a1_0.storage_key 
    from
        chat_attachments a1_0 
    where
        a1_0.message_id=? 
    order by
        a1_0.id
2026-09-13T23:42:26.605+07:00 DEBUG 16684 --- [tea-attendance-api] [nio-8080-exec-1] m.m.a.RequestResponseBodyMethodProcessor : Using 'application/json', given [*/*] and supported [application/json, application/*+json]
2026-09-13T23:42:26.606+07:00 DEBUG 16684 --- [tea-attendance-api] [nio-8080-exec-1] m.m.a.RequestResponseBodyMethodProcessor : Writing [[ChatMessageResponse[id=2, sender=MemberBriefResponse[id=1, displayName=Minh Anh], content=alo, atta (truncated)...]
2026-09-13T23:42:26.607+07:00 DEBUG 16684 --- [tea-attendance-api] [nio-8080-exec-1] o.s.web.servlet.DispatcherServlet        : Completed 200 OK
2026-09-13T23:42:26.731+07:00 DEBUG 16684 --- [tea-attendance-api] [nio-8080-exec-7] o.s.web.servlet.DispatcherServlet        : GET "/api/drinks?includeInactive=true", parameters={masked}
2026-09-13T23:42:26.730+07:00 DEBUG 16684 --- [tea-attendance-api] [io-8080-exec-10] o.s.web.servlet.DispatcherServlet        : GET "/api/members", parameters={}
2026-09-13T23:42:26.731+07:00 DEBUG 16684 --- [tea-attendance-api] [nio-8080-exec-7] s.w.s.m.m.a.RequestMappingHandlerMapping : Mapped to com.trasua.api.DrinkCatalogController#list(boolean)
2026-09-13T23:42:26.731+07:00 DEBUG 16684 --- [tea-attendance-api] [io-8080-exec-10] s.w.s.m.m.a.RequestMappingHandlerMapping : Mapped to com.trasua.api.MemberController#list(boolean)
2026-09-13T23:42:26.731+07:00 DEBUG 16684 --- [tea-attendance-api] [nio-8080-exec-8] o.s.web.servlet.DispatcherServlet        : GET "/api/expenses/range?from=2026-09-07&to=2026-09-13", parameters={masked}
2026-09-13T23:42:26.732+07:00 DEBUG 16684 --- [tea-attendance-api] [nio-8080-exec-8] s.w.s.m.m.a.RequestMappingHandlerMapping : Mapped to com.trasua.api.ExpenseController#range(LocalDate, LocalDate)
2026-09-13T23:42:26.733+07:00 DEBUG 16684 --- [tea-attendance-api] [nio-8080-exec-6] o.s.web.servlet.DispatcherServlet        : GET "/api/chat/messages", parameters={}
2026-09-13T23:42:26.734+07:00 DEBUG 16684 --- [tea-attendance-api] [nio-8080-exec-6] s.w.s.m.m.a.RequestMappingHandlerMapping : Mapped to com.trasua.api.ChatController#list(Instant, int)
2026-09-13T23:42:26.736+07:00 DEBUG 16684 --- [tea-attendance-api] [nio-8080-exec-3] o.s.web.servlet.DispatcherServlet        : GET "/api/notifications?memberId=6", parameters={masked}
2026-09-13T23:42:26.737+07:00 DEBUG 16684 --- [tea-attendance-api] [nio-8080-exec-3] s.w.s.m.m.a.RequestMappingHandlerMapping : Mapped to com.trasua.api.NotificationController#list(Long)
2026-09-13T23:42:26.739+07:00 DEBUG 16684 --- [tea-attendance-api] [nio-8080-exec-7] org.hibernate.SQL                        : 
    select
        dci1_0.id,
        dci1_0.active,
        dci1_0.created_at,
        dci1_0.icon,
        dci1_0.name,
        dci1_0.price,
        dci1_0.updated_at 
    from
        drink_catalog dci1_0
2026-09-13T23:42:26.740+07:00 DEBUG 16684 --- [tea-attendance-api] [io-8080-exec-10] org.hibernate.SQL                        : 
    select
        m1_0.id,
        m1_0.account_name,
        m1_0.account_number,
        m1_0.active,
        m1_0.avatar_url,
        m1_0.bank_bin,
        m1_0.bank_name,
        m1_0.created_at,
        m1_0.display_name,
        m1_0.email,
        m1_0.password_hash,
        m1_0.qr_code_url,
        m1_0.reset_code_expires_at,
        m1_0.reset_code_hash,
        m1_0.role,
        m1_0.updated_at 
    from
        members m1_0 
    where
        m1_0.active 
    order by
        m1_0.display_name
2026-09-13T23:42:26.742+07:00 DEBUG 16684 --- [tea-attendance-api] [nio-8080-exec-8] org.hibernate.SQL                        : 
    select
        distinct do1_0.id,
        do1_0.created_at,
        i1_0.order_id,
        i1_0.id,
        i1_0.consumer_member_id,
        c1_0.id,
        c1_0.account_name,
        c1_0.account_number,
        c1_0.active,
        c1_0.avatar_url,
        c1_0.bank_bin,
        c1_0.bank_name,
        c1_0.created_at,
        c1_0.display_name,
        c1_0.email,
        c1_0.password_hash,
        c1_0.qr_code_url,
        c1_0.reset_code_expires_at,
        c1_0.reset_code_hash,
        c1_0.role,
        c1_0.updated_at,
        i1_0.drink_name,
        i1_0.line_total,
        i1_0.quantity,
        i1_0.unit_price,
        do1_0.note,
        do1_0.order_date,
        do1_0.payer_member_id,
        p1_0.id,
        p1_0.account_name,
        p1_0.account_number,
        p1_0.active,
        p1_0.avatar_url,
        p1_0.bank_bin,
        p1_0.bank_name,
        p1_0.created_at,
        p1_0.display_name,
        p1_0.email,
        p1_0.password_hash,
        p1_0.qr_code_url,
        p1_0.reset_code_expires_at,
        p1_0.reset_code_hash,
        p1_0.role,
        p1_0.updated_at,
        do1_0.total_amount,
        do1_0.updated_at 
    from
        drink_orders do1_0 
    join
        members p1_0 
            on p1_0.id=do1_0.payer_member_id 
    left join
        order_items i1_0 
            on do1_0.id=i1_0.order_id 
    left join
        members c1_0 
            on c1_0.id=i1_0.consumer_member_id 
    where
        do1_0.order_date between ? and ? 
    order by
        do1_0.order_date,
        do1_0.id
2026-09-13T23:42:26.743+07:00 DEBUG 16684 --- [tea-attendance-api] [nio-8080-exec-6] org.hibernate.SQL                        : 
    select
        cm1_0.id,
        cm1_0.content,
        cm1_0.created_at,
        cm1_0.sender_member_id,
        s1_0.id,
        s1_0.account_name,
        s1_0.account_number,
        s1_0.active,
        s1_0.avatar_url,
        s1_0.bank_bin,
        s1_0.bank_name,
        s1_0.created_at,
        s1_0.display_name,
        s1_0.email,
        s1_0.password_hash,
        s1_0.qr_code_url,
        s1_0.reset_code_expires_at,
        s1_0.reset_code_hash,
        s1_0.role,
        s1_0.updated_at 
    from
        chat_messages cm1_0 
    join
        members s1_0 
            on s1_0.id=cm1_0.sender_member_id 
    order by
        cm1_0.created_at desc 
    limit
        ?
2026-09-13T23:42:26.747+07:00 DEBUG 16684 --- [tea-attendance-api] [nio-8080-exec-3] org.hibernate.SQL                        : 
    select
        n1_0.id,
        n1_0.body,
        n1_0.created_at,
        n1_0.read_at,
        n1_0.recipient_member_id,
        r1_0.id,
        r1_0.account_name,
        r1_0.account_number,
        r1_0.active,
        r1_0.avatar_url,
        r1_0.bank_bin,
        r1_0.bank_name,
        r1_0.created_at,
        r1_0.display_name,
        r1_0.email,
        r1_0.password_hash,
        r1_0.qr_code_url,
        r1_0.reset_code_expires_at,
        r1_0.reset_code_hash,
        r1_0.role,
        r1_0.updated_at,
        n1_0.settlement_id,
        n1_0.title,
        n1_0.transfer_id,
        n1_0.type 
    from
        notifications n1_0 
    join
        members r1_0 
            on r1_0.id=n1_0.recipient_member_id 
    where
        r1_0.id=? 
    order by
        n1_0.created_at desc
2026-09-13T23:42:26.747+07:00 DEBUG 16684 --- [tea-attendance-api] [nio-8080-exec-6] org.hibernate.SQL                        : 
    select
        a1_0.message_id,
        a1_0.id,
        a1_0.byte_size,
        a1_0.content_type,
        a1_0.created_at,
        a1_0.original_filename,
        a1_0.storage_key 
    from
        chat_attachments a1_0 
    where
        a1_0.message_id=? 
    order by
        a1_0.id
2026-09-13T23:42:26.750+07:00 DEBUG 16684 --- [tea-attendance-api] [nio-8080-exec-6] org.hibernate.SQL                        : 
    select
        a1_0.message_id,
        a1_0.id,
        a1_0.byte_size,
        a1_0.content_type,
        a1_0.created_at,
        a1_0.original_filename,
        a1_0.storage_key 
    from
        chat_attachments a1_0 
    where
        a1_0.message_id=? 
    order by
        a1_0.id
2026-09-13T23:42:26.752+07:00 DEBUG 16684 --- [tea-attendance-api] [io-8080-exec-10] m.m.a.RequestResponseBodyMethodProcessor : Using 'application/json', given [*/*] and supported [application/json, application/*+json]
2026-09-13T23:42:26.752+07:00 DEBUG 16684 --- [tea-attendance-api] [nio-8080-exec-7] m.m.a.RequestResponseBodyMethodProcessor : Using 'application/json', given [*/*] and supported [application/json, application/*+json]
2026-09-13T23:42:26.753+07:00 DEBUG 16684 --- [tea-attendance-api] [nio-8080-exec-7] m.m.a.RequestResponseBodyMethodProcessor : Writing [[DrinkCatalogResponse[id=1, name=Tra da, price=5000, icon=?, active=true], DrinkCatalogResponse[id= (truncated)...]
2026-09-13T23:42:26.753+07:00 DEBUG 16684 --- [tea-attendance-api] [io-8080-exec-10] m.m.a.RequestResponseBodyMethodProcessor : Writing [[MemberResponse[id=4, displayName=H??ng, email=huong@example.test, bankName=Techcombank, bankBin=970 (truncated)...]
2026-09-13T23:42:26.754+07:00 DEBUG 16684 --- [tea-attendance-api] [nio-8080-exec-6] org.hibernate.SQL                        : 
    select
        a1_0.message_id,
        a1_0.id,
        a1_0.byte_size,
        a1_0.content_type,
        a1_0.created_at,
        a1_0.original_filename,
        a1_0.storage_key 
    from
        chat_attachments a1_0 
    where
        a1_0.message_id=? 
    order by
        a1_0.id
2026-09-13T23:42:26.754+07:00 DEBUG 16684 --- [tea-attendance-api] [nio-8080-exec-7] o.s.web.servlet.DispatcherServlet        : Completed 200 OK
2026-09-13T23:42:26.754+07:00 DEBUG 16684 --- [tea-attendance-api] [io-8080-exec-10] o.s.web.servlet.DispatcherServlet        : Completed 200 OK
2026-09-13T23:42:26.757+07:00 DEBUG 16684 --- [tea-attendance-api] [nio-8080-exec-6] org.hibernate.SQL                        : 
    select
        a1_0.message_id,
        a1_0.id,
        a1_0.byte_size,
        a1_0.content_type,
        a1_0.created_at,
        a1_0.original_filename,
        a1_0.storage_key 
    from
        chat_attachments a1_0 
    where
        a1_0.message_id=? 
    order by
        a1_0.id
2026-09-13T23:42:26.757+07:00 DEBUG 16684 --- [tea-attendance-api] [nio-8080-exec-3] m.m.a.RequestResponseBodyMethodProcessor : Using 'application/json', given [*/*] and supported [application/json, application/*+json]
2026-09-13T23:42:26.757+07:00 DEBUG 16684 --- [tea-attendance-api] [nio-8080-exec-3] m.m.a.RequestResponseBodyMethodProcessor : Writing [[]]
2026-09-13T23:42:26.758+07:00 DEBUG 16684 --- [tea-attendance-api] [nio-8080-exec-3] o.s.web.servlet.DispatcherServlet        : Completed 200 OK
2026-09-13T23:42:26.761+07:00 DEBUG 16684 --- [tea-attendance-api] [nio-8080-exec-6] org.hibernate.SQL                        : 
    select
        a1_0.message_id,
        a1_0.id,
        a1_0.byte_size,
        a1_0.content_type,
        a1_0.created_at,
        a1_0.original_filename,
        a1_0.storage_key 
    from
        chat_attachments a1_0 
    where
        a1_0.message_id=? 
    order by
        a1_0.id
2026-09-13T23:42:26.765+07:00 DEBUG 16684 --- [tea-attendance-api] [nio-8080-exec-6] org.hibernate.SQL                        : 
    select
        a1_0.message_id,
        a1_0.id,
        a1_0.byte_size,
        a1_0.content_type,
        a1_0.created_at,
        a1_0.original_filename,
        a1_0.storage_key 
    from
        chat_attachments a1_0 
    where
        a1_0.message_id=? 
    order by
        a1_0.id
2026-09-13T23:42:26.774+07:00 DEBUG 16684 --- [tea-attendance-api] [nio-8080-exec-8] m.m.a.RequestResponseBodyMethodProcessor : Using 'application/json', given [*/*] and supported [application/json, application/*+json]
2026-09-13T23:42:26.774+07:00 DEBUG 16684 --- [tea-attendance-api] [nio-8080-exec-6] m.m.a.RequestResponseBodyMethodProcessor : Using 'application/json', given [*/*] and supported [application/json, application/*+json]
2026-09-13T23:42:26.774+07:00 DEBUG 16684 --- [tea-attendance-api] [nio-8080-exec-8] m.m.a.RequestResponseBodyMethodProcessor : Writing [[ExpenseResponse[id=1, orderDate=2026-09-12, payer=MemberBriefResponse[id=2, displayName=Linh Chi],  (truncated)...]
2026-09-13T23:42:26.774+07:00 DEBUG 16684 --- [tea-attendance-api] [nio-8080-exec-6] m.m.a.RequestResponseBodyMethodProcessor : Writing [[ChatMessageResponse[id=2, sender=MemberBriefResponse[id=1, displayName=Minh Anh], content=alo, atta (truncated)...]
2026-09-13T23:42:26.775+07:00 DEBUG 16684 --- [tea-attendance-api] [nio-8080-exec-6] o.s.web.servlet.DispatcherServlet        : Completed 200 OK
2026-09-13T23:42:26.775+07:00 DEBUG 16684 --- [tea-attendance-api] [nio-8080-exec-8] o.s.web.servlet.DispatcherServlet        : Completed 200 OK
2026-09-13T23:42:26.978+07:00 DEBUG 16684 --- [tea-attendance-api] [nio-8080-exec-5] o.s.web.servlet.DispatcherServlet        : GET "/api/members", parameters={}
2026-09-13T23:42:26.978+07:00 DEBUG 16684 --- [tea-attendance-api] [nio-8080-exec-5] s.w.s.m.m.a.RequestMappingHandlerMapping : Mapped to com.trasua.api.MemberController#list(boolean)
2026-09-13T23:42:26.978+07:00 DEBUG 16684 --- [tea-attendance-api] [nio-8080-exec-4] o.s.web.servlet.DispatcherServlet        : GET "/api/drinks?includeInactive=true", parameters={masked}
2026-09-13T23:42:26.978+07:00 DEBUG 16684 --- [tea-attendance-api] [nio-8080-exec-9] o.s.web.servlet.DispatcherServlet        : GET "/api/expenses/range?from=2026-09-07&to=2026-09-13", parameters={masked}
2026-09-13T23:42:26.978+07:00 DEBUG 16684 --- [tea-attendance-api] [nio-8080-exec-4] s.w.s.m.m.a.RequestMappingHandlerMapping : Mapped to com.trasua.api.DrinkCatalogController#list(boolean)
2026-09-13T23:42:26.978+07:00 DEBUG 16684 --- [tea-attendance-api] [nio-8080-exec-2] o.s.web.servlet.DispatcherServlet        : GET "/api/chat/messages", parameters={}
2026-09-13T23:42:26.978+07:00 DEBUG 16684 --- [tea-attendance-api] [nio-8080-exec-9] s.w.s.m.m.a.RequestMappingHandlerMapping : Mapped to com.trasua.api.ExpenseController#range(LocalDate, LocalDate)
2026-09-13T23:42:26.978+07:00 DEBUG 16684 --- [tea-attendance-api] [nio-8080-exec-2] s.w.s.m.m.a.RequestMappingHandlerMapping : Mapped to com.trasua.api.ChatController#list(Instant, int)
2026-09-13T23:42:26.981+07:00 DEBUG 16684 --- [tea-attendance-api] [nio-8080-exec-1] o.s.web.servlet.DispatcherServlet        : GET "/api/notifications?memberId=6", parameters={masked}
2026-09-13T23:42:26.981+07:00 DEBUG 16684 --- [tea-attendance-api] [nio-8080-exec-1] s.w.s.m.m.a.RequestMappingHandlerMapping : Mapped to com.trasua.api.NotificationController#list(Long)
2026-09-13T23:42:26.984+07:00 DEBUG 16684 --- [tea-attendance-api] [nio-8080-exec-2] org.hibernate.SQL                        : 
    select
        cm1_0.id,
        cm1_0.content,
        cm1_0.created_at,
        cm1_0.sender_member_id,
        s1_0.id,
        s1_0.account_name,
        s1_0.account_number,
        s1_0.active,
        s1_0.avatar_url,
        s1_0.bank_bin,
        s1_0.bank_name,
        s1_0.created_at,
        s1_0.display_name,
        s1_0.email,
        s1_0.password_hash,
        s1_0.qr_code_url,
        s1_0.reset_code_expires_at,
        s1_0.reset_code_hash,
        s1_0.role,
        s1_0.updated_at 
    from
        chat_messages cm1_0 
    join
        members s1_0 
            on s1_0.id=cm1_0.sender_member_id 
    order by
        cm1_0.created_at desc 
    limit
        ?
2026-09-13T23:42:26.985+07:00 DEBUG 16684 --- [tea-attendance-api] [nio-8080-exec-4] org.hibernate.SQL                        : 
    select
        dci1_0.id,
        dci1_0.active,
        dci1_0.created_at,
        dci1_0.icon,
        dci1_0.name,
        dci1_0.price,
        dci1_0.updated_at 
    from
        drink_catalog dci1_0
2026-09-13T23:42:26.986+07:00 DEBUG 16684 --- [tea-attendance-api] [nio-8080-exec-5] org.hibernate.SQL                        : 
    select
        m1_0.id,
        m1_0.account_name,
        m1_0.account_number,
        m1_0.active,
        m1_0.avatar_url,
        m1_0.bank_bin,
        m1_0.bank_name,
        m1_0.created_at,
        m1_0.display_name,
        m1_0.email,
        m1_0.password_hash,
        m1_0.qr_code_url,
        m1_0.reset_code_expires_at,
        m1_0.reset_code_hash,
        m1_0.role,
        m1_0.updated_at 
    from
        members m1_0 
    where
        m1_0.active 
    order by
        m1_0.display_name
2026-09-13T23:42:26.986+07:00 DEBUG 16684 --- [tea-attendance-api] [nio-8080-exec-9] org.hibernate.SQL                        : 
    select
        distinct do1_0.id,
        do1_0.created_at,
        i1_0.order_id,
        i1_0.id,
        i1_0.consumer_member_id,
        c1_0.id,
        c1_0.account_name,
        c1_0.account_number,
        c1_0.active,
        c1_0.avatar_url,
        c1_0.bank_bin,
        c1_0.bank_name,
        c1_0.created_at,
        c1_0.display_name,
        c1_0.email,
        c1_0.password_hash,
        c1_0.qr_code_url,
        c1_0.reset_code_expires_at,
        c1_0.reset_code_hash,
        c1_0.role,
        c1_0.updated_at,
        i1_0.drink_name,
        i1_0.line_total,
        i1_0.quantity,
        i1_0.unit_price,
        do1_0.note,
        do1_0.order_date,
        do1_0.payer_member_id,
        p1_0.id,
        p1_0.account_name,
        p1_0.account_number,
        p1_0.active,
        p1_0.avatar_url,
        p1_0.bank_bin,
        p1_0.bank_name,
        p1_0.created_at,
        p1_0.display_name,
        p1_0.email,
        p1_0.password_hash,
        p1_0.qr_code_url,
        p1_0.reset_code_expires_at,
        p1_0.reset_code_hash,
        p1_0.role,
        p1_0.updated_at,
        do1_0.total_amount,
        do1_0.updated_at 
    from
        drink_orders do1_0 
    join
        members p1_0 
            on p1_0.id=do1_0.payer_member_id 
    left join
        order_items i1_0 
            on do1_0.id=i1_0.order_id 
    left join
        members c1_0 
            on c1_0.id=i1_0.consumer_member_id 
    where
        do1_0.order_date between ? and ? 
    order by
        do1_0.order_date,
        do1_0.id
2026-09-13T23:42:26.989+07:00 DEBUG 16684 --- [tea-attendance-api] [nio-8080-exec-1] org.hibernate.SQL                        : 
    select
        n1_0.id,
        n1_0.body,
        n1_0.created_at,
        n1_0.read_at,
        n1_0.recipient_member_id,
        r1_0.id,
        r1_0.account_name,
        r1_0.account_number,
        r1_0.active,
        r1_0.avatar_url,
        r1_0.bank_bin,
        r1_0.bank_name,
        r1_0.created_at,
        r1_0.display_name,
        r1_0.email,
        r1_0.password_hash,
        r1_0.qr_code_url,
        r1_0.reset_code_expires_at,
        r1_0.reset_code_hash,
        r1_0.role,
        r1_0.updated_at,
        n1_0.settlement_id,
        n1_0.title,
        n1_0.transfer_id,
        n1_0.type 
    from
        notifications n1_0 
    join
        members r1_0 
            on r1_0.id=n1_0.recipient_member_id 
    where
        r1_0.id=? 
    order by
        n1_0.created_at desc
2026-09-13T23:42:26.992+07:00 DEBUG 16684 --- [tea-attendance-api] [nio-8080-exec-2] org.hibernate.SQL                        : 
    select
        a1_0.message_id,
        a1_0.id,
        a1_0.byte_size,
        a1_0.content_type,
        a1_0.created_at,
        a1_0.original_filename,
        a1_0.storage_key 
    from
        chat_attachments a1_0 
    where
        a1_0.message_id=? 
    order by
        a1_0.id
2026-09-13T23:42:26.996+07:00 DEBUG 16684 --- [tea-attendance-api] [nio-8080-exec-2] org.hibernate.SQL                        : 
    select
        a1_0.message_id,
        a1_0.id,
        a1_0.byte_size,
        a1_0.content_type,
        a1_0.created_at,
        a1_0.original_filename,
        a1_0.storage_key 
    from
        chat_attachments a1_0 
    where
        a1_0.message_id=? 
    order by
        a1_0.id
2026-09-13T23:42:26.997+07:00 DEBUG 16684 --- [tea-attendance-api] [nio-8080-exec-4] m.m.a.RequestResponseBodyMethodProcessor : Using 'application/json', given [*/*] and supported [application/json, application/*+json]
2026-09-13T23:42:26.997+07:00 DEBUG 16684 --- [tea-attendance-api] [nio-8080-exec-5] m.m.a.RequestResponseBodyMethodProcessor : Using 'application/json', given [*/*] and supported [application/json, application/*+json]
2026-09-13T23:42:26.997+07:00 DEBUG 16684 --- [tea-attendance-api] [nio-8080-exec-4] m.m.a.RequestResponseBodyMethodProcessor : Writing [[DrinkCatalogResponse[id=1, name=Tra da, price=5000, icon=?, active=true], DrinkCatalogResponse[id= (truncated)...]
2026-09-13T23:42:26.997+07:00 DEBUG 16684 --- [tea-attendance-api] [nio-8080-exec-5] m.m.a.RequestResponseBodyMethodProcessor : Writing [[MemberResponse[id=4, displayName=H??ng, email=huong@example.test, bankName=Techcombank, bankBin=970 (truncated)...]
2026-09-13T23:42:26.998+07:00 DEBUG 16684 --- [tea-attendance-api] [nio-8080-exec-4] o.s.web.servlet.DispatcherServlet        : Completed 200 OK
2026-09-13T23:42:26.998+07:00 DEBUG 16684 --- [tea-attendance-api] [nio-8080-exec-5] o.s.web.servlet.DispatcherServlet        : Completed 200 OK
2026-09-13T23:42:27.002+07:00 DEBUG 16684 --- [tea-attendance-api] [nio-8080-exec-1] m.m.a.RequestResponseBodyMethodProcessor : Using 'application/json', given [*/*] and supported [application/json, application/*+json]
2026-09-13T23:42:27.002+07:00 DEBUG 16684 --- [tea-attendance-api] [nio-8080-exec-1] m.m.a.RequestResponseBodyMethodProcessor : Writing [[]]
2026-09-13T23:42:27.002+07:00 DEBUG 16684 --- [tea-attendance-api] [nio-8080-exec-2] org.hibernate.SQL                        : 
    select
        a1_0.message_id,
        a1_0.id,
        a1_0.byte_size,
        a1_0.content_type,
        a1_0.created_at,
        a1_0.original_filename,
        a1_0.storage_key 
    from
        chat_attachments a1_0 
    where
        a1_0.message_id=? 
    order by
        a1_0.id
2026-09-13T23:42:27.002+07:00 DEBUG 16684 --- [tea-attendance-api] [nio-8080-exec-1] o.s.web.servlet.DispatcherServlet        : Completed 200 OK
2026-09-13T23:42:27.005+07:00 DEBUG 16684 --- [tea-attendance-api] [nio-8080-exec-9] m.m.a.RequestResponseBodyMethodProcessor : Using 'application/json', given [*/*] and supported [application/json, application/*+json]
2026-09-13T23:42:27.005+07:00 DEBUG 16684 --- [tea-attendance-api] [nio-8080-exec-9] m.m.a.RequestResponseBodyMethodProcessor : Writing [[ExpenseResponse[id=1, orderDate=2026-09-12, payer=MemberBriefResponse[id=2, displayName=Linh Chi],  (truncated)...]
2026-09-13T23:42:27.005+07:00 DEBUG 16684 --- [tea-attendance-api] [nio-8080-exec-2] org.hibernate.SQL                        : 
    select
        a1_0.message_id,
        a1_0.id,
        a1_0.byte_size,
        a1_0.content_type,
        a1_0.created_at,
        a1_0.original_filename,
        a1_0.storage_key 
    from
        chat_attachments a1_0 
    where
        a1_0.message_id=? 
    order by
        a1_0.id
2026-09-13T23:42:27.006+07:00 DEBUG 16684 --- [tea-attendance-api] [nio-8080-exec-9] o.s.web.servlet.DispatcherServlet        : Completed 200 OK
2026-09-13T23:42:27.009+07:00 DEBUG 16684 --- [tea-attendance-api] [nio-8080-exec-2] org.hibernate.SQL                        : 
    select
        a1_0.message_id,
        a1_0.id,
        a1_0.byte_size,
        a1_0.content_type,
        a1_0.created_at,
        a1_0.original_filename,
        a1_0.storage_key 
    from
        chat_attachments a1_0 
    where
        a1_0.message_id=? 
    order by
        a1_0.id
2026-09-13T23:42:27.012+07:00 DEBUG 16684 --- [tea-attendance-api] [nio-8080-exec-2] org.hibernate.SQL                        : 
    select
        a1_0.message_id,
        a1_0.id,
        a1_0.byte_size,
        a1_0.content_type,
        a1_0.created_at,
        a1_0.original_filename,
        a1_0.storage_key 
    from
        chat_attachments a1_0 
    where
        a1_0.message_id=? 
    order by
        a1_0.id
2026-09-13T23:42:27.019+07:00 DEBUG 16684 --- [tea-attendance-api] [nio-8080-exec-2] m.m.a.RequestResponseBodyMethodProcessor : Using 'application/json', given [*/*] and supported [application/json, application/*+json]
2026-09-13T23:42:27.019+07:00 DEBUG 16684 --- [tea-attendance-api] [nio-8080-exec-2] m.m.a.RequestResponseBodyMethodProcessor : Writing [[ChatMessageResponse[id=2, sender=MemberBriefResponse[id=1, displayName=Minh Anh], content=alo, atta (truncated)...]
2026-09-13T23:42:27.020+07:00 DEBUG 16684 --- [tea-attendance-api] [nio-8080-exec-2] o.s.web.servlet.DispatcherServlet        : Completed 200 OK
2026-09-13T23:42:27.124+07:00 DEBUG 16684 --- [tea-attendance-api] [nio-8080-exec-7] o.s.web.servlet.DispatcherServlet        : GET "/api/members", parameters={}
2026-09-13T23:42:27.124+07:00 DEBUG 16684 --- [tea-attendance-api] [io-8080-exec-10] o.s.web.servlet.DispatcherServlet        : GET "/api/drinks?includeInactive=true", parameters={masked}
2026-09-13T23:42:27.124+07:00 DEBUG 16684 --- [tea-attendance-api] [io-8080-exec-10] s.w.s.m.m.a.RequestMappingHandlerMapping : Mapped to com.trasua.api.DrinkCatalogController#list(boolean)
2026-09-13T23:42:27.124+07:00 DEBUG 16684 --- [tea-attendance-api] [nio-8080-exec-7] s.w.s.m.m.a.RequestMappingHandlerMapping : Mapped to com.trasua.api.MemberController#list(boolean)
2026-09-13T23:42:27.126+07:00 DEBUG 16684 --- [tea-attendance-api] [nio-8080-exec-8] o.s.web.servlet.DispatcherServlet        : GET "/api/chat/messages", parameters={}
2026-09-13T23:42:27.126+07:00 DEBUG 16684 --- [tea-attendance-api] [nio-8080-exec-8] s.w.s.m.m.a.RequestMappingHandlerMapping : Mapped to com.trasua.api.ChatController#list(Instant, int)
2026-09-13T23:42:27.126+07:00 DEBUG 16684 --- [tea-attendance-api] [nio-8080-exec-3] o.s.web.servlet.DispatcherServlet        : GET "/api/expenses/range?from=2026-09-07&to=2026-09-13", parameters={masked}
2026-09-13T23:42:27.126+07:00 DEBUG 16684 --- [tea-attendance-api] [nio-8080-exec-6] o.s.web.servlet.DispatcherServlet        : GET "/api/notifications?memberId=6", parameters={masked}
2026-09-13T23:42:27.126+07:00 DEBUG 16684 --- [tea-attendance-api] [nio-8080-exec-6] s.w.s.m.m.a.RequestMappingHandlerMapping : Mapped to com.trasua.api.NotificationController#list(Long)
2026-09-13T23:42:27.126+07:00 DEBUG 16684 --- [tea-attendance-api] [nio-8080-exec-3] s.w.s.m.m.a.RequestMappingHandlerMapping : Mapped to com.trasua.api.ExpenseController#range(LocalDate, LocalDate)
2026-09-13T23:42:27.132+07:00 DEBUG 16684 --- [tea-attendance-api] [nio-8080-exec-8] org.hibernate.SQL                        : 
    select
        cm1_0.id,
        cm1_0.content,
        cm1_0.created_at,
        cm1_0.sender_member_id,
        s1_0.id,
        s1_0.account_name,
        s1_0.account_number,
        s1_0.active,
        s1_0.avatar_url,
        s1_0.bank_bin,
        s1_0.bank_name,
        s1_0.created_at,
        s1_0.display_name,
        s1_0.email,
        s1_0.password_hash,
        s1_0.qr_code_url,
        s1_0.reset_code_expires_at,
        s1_0.reset_code_hash,
        s1_0.role,
        s1_0.updated_at 
    from
        chat_messages cm1_0 
    join
        members s1_0 
            on s1_0.id=cm1_0.sender_member_id 
    order by
        cm1_0.created_at desc 
    limit
        ?
2026-09-13T23:42:27.135+07:00 DEBUG 16684 --- [tea-attendance-api] [nio-8080-exec-6] org.hibernate.SQL                        : 
    select
        n1_0.id,
        n1_0.body,
        n1_0.created_at,
        n1_0.read_at,
        n1_0.recipient_member_id,
        r1_0.id,
        r1_0.account_name,
        r1_0.account_number,
        r1_0.active,
        r1_0.avatar_url,
        r1_0.bank_bin,
        r1_0.bank_name,
        r1_0.created_at,
        r1_0.display_name,
        r1_0.email,
        r1_0.password_hash,
        r1_0.qr_code_url,
        r1_0.reset_code_expires_at,
        r1_0.reset_code_hash,
        r1_0.role,
        r1_0.updated_at,
        n1_0.settlement_id,
        n1_0.title,
        n1_0.transfer_id,
        n1_0.type 
    from
        notifications n1_0 
    join
        members r1_0 
            on r1_0.id=n1_0.recipient_member_id 
    where
        r1_0.id=? 
    order by
        n1_0.created_at desc
2026-09-13T23:42:27.135+07:00 DEBUG 16684 --- [tea-attendance-api] [io-8080-exec-10] org.hibernate.SQL                        : 
    select
        dci1_0.id,
        dci1_0.active,
        dci1_0.created_at,
        dci1_0.icon,
        dci1_0.name,
        dci1_0.price,
        dci1_0.updated_at 
    from
        drink_catalog dci1_0
2026-09-13T23:42:27.136+07:00 DEBUG 16684 --- [tea-attendance-api] [nio-8080-exec-7] org.hibernate.SQL                        : 
    select
        m1_0.id,
        m1_0.account_name,
        m1_0.account_number,
        m1_0.active,
        m1_0.avatar_url,
        m1_0.bank_bin,
        m1_0.bank_name,
        m1_0.created_at,
        m1_0.display_name,
        m1_0.email,
        m1_0.password_hash,
        m1_0.qr_code_url,
        m1_0.reset_code_expires_at,
        m1_0.reset_code_hash,
        m1_0.role,
        m1_0.updated_at 
    from
        members m1_0 
    where
        m1_0.active 
    order by
        m1_0.display_name
2026-09-13T23:42:27.138+07:00 DEBUG 16684 --- [tea-attendance-api] [nio-8080-exec-3] org.hibernate.SQL                        : 
    select
        distinct do1_0.id,
        do1_0.created_at,
        i1_0.order_id,
        i1_0.id,
        i1_0.consumer_member_id,
        c1_0.id,
        c1_0.account_name,
        c1_0.account_number,
        c1_0.active,
        c1_0.avatar_url,
        c1_0.bank_bin,
        c1_0.bank_name,
        c1_0.created_at,
        c1_0.display_name,
        c1_0.email,
        c1_0.password_hash,
        c1_0.qr_code_url,
        c1_0.reset_code_expires_at,
        c1_0.reset_code_hash,
        c1_0.role,
        c1_0.updated_at,
        i1_0.drink_name,
        i1_0.line_total,
        i1_0.quantity,
        i1_0.unit_price,
        do1_0.note,
        do1_0.order_date,
        do1_0.payer_member_id,
        p1_0.id,
        p1_0.account_name,
        p1_0.account_number,
        p1_0.active,
        p1_0.avatar_url,
        p1_0.bank_bin,
        p1_0.bank_name,
        p1_0.created_at,
        p1_0.display_name,
        p1_0.email,
        p1_0.password_hash,
        p1_0.qr_code_url,
        p1_0.reset_code_expires_at,
        p1_0.reset_code_hash,
        p1_0.role,
        p1_0.updated_at,
        do1_0.total_amount,
        do1_0.updated_at 
    from
        drink_orders do1_0 
    join
        members p1_0 
            on p1_0.id=do1_0.payer_member_id 
    left join
        order_items i1_0 
            on do1_0.id=i1_0.order_id 
    left join
        members c1_0 
            on c1_0.id=i1_0.consumer_member_id 
    where
        do1_0.order_date between ? and ? 
    order by
        do1_0.order_date,
        do1_0.id
2026-09-13T23:42:27.139+07:00 DEBUG 16684 --- [tea-attendance-api] [nio-8080-exec-8] org.hibernate.SQL                        : 
    select
        a1_0.message_id,
        a1_0.id,
        a1_0.byte_size,
        a1_0.content_type,
        a1_0.created_at,
        a1_0.original_filename,
        a1_0.storage_key 
    from
        chat_attachments a1_0 
    where
        a1_0.message_id=? 
    order by
        a1_0.id
2026-09-13T23:42:27.142+07:00 DEBUG 16684 --- [tea-attendance-api] [nio-8080-exec-8] org.hibernate.SQL                        : 
    select
        a1_0.message_id,
        a1_0.id,
        a1_0.byte_size,
        a1_0.content_type,
        a1_0.created_at,
        a1_0.original_filename,
        a1_0.storage_key 
    from
        chat_attachments a1_0 
    where
        a1_0.message_id=? 
    order by
        a1_0.id
2026-09-13T23:42:27.146+07:00 DEBUG 16684 --- [tea-attendance-api] [nio-8080-exec-8] org.hibernate.SQL                        : 
    select
        a1_0.message_id,
        a1_0.id,
        a1_0.byte_size,
        a1_0.content_type,
        a1_0.created_at,
        a1_0.original_filename,
        a1_0.storage_key 
    from
        chat_attachments a1_0 
    where
        a1_0.message_id=? 
    order by
        a1_0.id
2026-09-13T23:42:27.148+07:00 DEBUG 16684 --- [tea-attendance-api] [nio-8080-exec-6] m.m.a.RequestResponseBodyMethodProcessor : Using 'application/json', given [*/*] and supported [application/json, application/*+json]
2026-09-13T23:42:27.148+07:00 DEBUG 16684 --- [tea-attendance-api] [io-8080-exec-10] m.m.a.RequestResponseBodyMethodProcessor : Using 'application/json', given [*/*] and supported [application/json, application/*+json]
2026-09-13T23:42:27.148+07:00 DEBUG 16684 --- [tea-attendance-api] [nio-8080-exec-6] m.m.a.RequestResponseBodyMethodProcessor : Writing [[]]
2026-09-13T23:42:27.149+07:00 DEBUG 16684 --- [tea-attendance-api] [io-8080-exec-10] m.m.a.RequestResponseBodyMethodProcessor : Writing [[DrinkCatalogResponse[id=1, name=Tra da, price=5000, icon=?, active=true], DrinkCatalogResponse[id= (truncated)...]
2026-09-13T23:42:27.149+07:00 DEBUG 16684 --- [tea-attendance-api] [nio-8080-exec-6] o.s.web.servlet.DispatcherServlet        : Completed 200 OK
2026-09-13T23:42:27.149+07:00 DEBUG 16684 --- [tea-attendance-api] [io-8080-exec-10] o.s.web.servlet.DispatcherServlet        : Completed 200 OK
2026-09-13T23:42:27.150+07:00 DEBUG 16684 --- [tea-attendance-api] [nio-8080-exec-7] m.m.a.RequestResponseBodyMethodProcessor : Using 'application/json', given [*/*] and supported [application/json, application/*+json]
2026-09-13T23:42:27.150+07:00 DEBUG 16684 --- [tea-attendance-api] [nio-8080-exec-8] org.hibernate.SQL                        : 
    select
        a1_0.message_id,
        a1_0.id,
        a1_0.byte_size,
        a1_0.content_type,
        a1_0.created_at,
        a1_0.original_filename,
        a1_0.storage_key 
    from
        chat_attachments a1_0 
    where
        a1_0.message_id=? 
    order by
        a1_0.id
2026-09-13T23:42:27.151+07:00 DEBUG 16684 --- [tea-attendance-api] [nio-8080-exec-7] m.m.a.RequestResponseBodyMethodProcessor : Writing [[MemberResponse[id=4, displayName=H??ng, email=huong@example.test, bankName=Techcombank, bankBin=970 (truncated)...]
2026-09-13T23:42:27.152+07:00 DEBUG 16684 --- [tea-attendance-api] [nio-8080-exec-7] o.s.web.servlet.DispatcherServlet        : Completed 200 OK
2026-09-13T23:42:27.154+07:00 DEBUG 16684 --- [tea-attendance-api] [nio-8080-exec-8] org.hibernate.SQL                        : 
    select
        a1_0.message_id,
        a1_0.id,
        a1_0.byte_size,
        a1_0.content_type,
        a1_0.created_at,
        a1_0.original_filename,
        a1_0.storage_key 
    from
        chat_attachments a1_0 
    where
        a1_0.message_id=? 
    order by
        a1_0.id
2026-09-13T23:42:27.156+07:00 DEBUG 16684 --- [tea-attendance-api] [nio-8080-exec-3] m.m.a.RequestResponseBodyMethodProcessor : Using 'application/json', given [*/*] and supported [application/json, application/*+json]
2026-09-13T23:42:27.157+07:00 DEBUG 16684 --- [tea-attendance-api] [nio-8080-exec-3] m.m.a.RequestResponseBodyMethodProcessor : Writing [[ExpenseResponse[id=1, orderDate=2026-09-12, payer=MemberBriefResponse[id=2, displayName=Linh Chi],  (truncated)...]
2026-09-13T23:42:27.157+07:00 DEBUG 16684 --- [tea-attendance-api] [nio-8080-exec-8] org.hibernate.SQL                        : 
    select
        a1_0.message_id,
        a1_0.id,
        a1_0.byte_size,
        a1_0.content_type,
        a1_0.created_at,
        a1_0.original_filename,
        a1_0.storage_key 
    from
        chat_attachments a1_0 
    where
        a1_0.message_id=? 
    order by
        a1_0.id
2026-09-13T23:42:27.157+07:00 DEBUG 16684 --- [tea-attendance-api] [nio-8080-exec-3] o.s.web.servlet.DispatcherServlet        : Completed 200 OK
2026-09-13T23:42:27.166+07:00 DEBUG 16684 --- [tea-attendance-api] [nio-8080-exec-8] m.m.a.RequestResponseBodyMethodProcessor : Using 'application/json', given [*/*] and supported [application/json, application/*+json]
2026-09-13T23:42:27.167+07:00 DEBUG 16684 --- [tea-attendance-api] [nio-8080-exec-8] m.m.a.RequestResponseBodyMethodProcessor : Writing [[ChatMessageResponse[id=2, sender=MemberBriefResponse[id=1, displayName=Minh Anh], content=alo, atta (truncated)...]
2026-09-13T23:42:27.167+07:00 DEBUG 16684 --- [tea-attendance-api] [nio-8080-exec-8] o.s.web.servlet.DispatcherServlet        : Completed 200 OK
2026-09-14T00:02:45.050+07:00 DEBUG 16684 --- [tea-attendance-api] [nio-8080-exec-5] o.s.web.servlet.DispatcherServlet        : OPTIONS "/api/expenses/range?from=2026-09-14&to=2026-09-20", parameters={masked}
2026-09-14T00:02:45.051+07:00 DEBUG 16684 --- [tea-attendance-api] [nio-8080-exec-3] o.s.web.servlet.DispatcherServlet        : GET "/api/chat/messages", parameters={}
2026-09-14T00:02:45.051+07:00 DEBUG 16684 --- [tea-attendance-api] [io-8080-exec-10] o.s.web.servlet.DispatcherServlet        : OPTIONS "/api/expenses/range?from=2026-09-14&to=2026-09-20", parameters={masked}
2026-09-14T00:02:45.051+07:00 DEBUG 16684 --- [tea-attendance-api] [nio-8080-exec-6] o.s.web.servlet.DispatcherServlet        : GET "/api/members", parameters={}
2026-09-14T00:02:45.050+07:00 DEBUG 16684 --- [tea-attendance-api] [nio-8080-exec-8] o.s.web.servlet.DispatcherServlet        : GET "/api/notifications?memberId=6", parameters={masked}
2026-09-14T00:02:45.051+07:00 DEBUG 16684 --- [tea-attendance-api] [nio-8080-exec-7] o.s.web.servlet.DispatcherServlet        : GET "/api/drinks?includeInactive=true", parameters={masked}
2026-09-14T00:02:45.067+07:00 DEBUG 16684 --- [tea-attendance-api] [nio-8080-exec-7] s.w.s.m.m.a.RequestMappingHandlerMapping : Mapped to com.trasua.api.DrinkCatalogController#list(boolean)
2026-09-14T00:02:45.067+07:00 DEBUG 16684 --- [tea-attendance-api] [nio-8080-exec-5] s.w.s.m.m.a.RequestMappingHandlerMapping : Mapped to com.trasua.api.ExpenseController#range(LocalDate, LocalDate)
2026-09-14T00:02:45.067+07:00 DEBUG 16684 --- [tea-attendance-api] [nio-8080-exec-3] s.w.s.m.m.a.RequestMappingHandlerMapping : Mapped to com.trasua.api.ChatController#list(Instant, int)
2026-09-14T00:02:45.067+07:00 DEBUG 16684 --- [tea-attendance-api] [nio-8080-exec-6] s.w.s.m.m.a.RequestMappingHandlerMapping : Mapped to com.trasua.api.MemberController#list(boolean)
2026-09-14T00:02:45.067+07:00 DEBUG 16684 --- [tea-attendance-api] [io-8080-exec-10] s.w.s.m.m.a.RequestMappingHandlerMapping : Mapped to com.trasua.api.ExpenseController#range(LocalDate, LocalDate)
2026-09-14T00:02:45.075+07:00 DEBUG 16684 --- [tea-attendance-api] [nio-8080-exec-8] s.w.s.m.m.a.RequestMappingHandlerMapping : Mapped to com.trasua.api.NotificationController#list(Long)
2026-09-14T00:02:45.084+07:00 DEBUG 16684 --- [tea-attendance-api] [nio-8080-exec-5] o.s.web.servlet.DispatcherServlet        : Completed 200 OK
2026-09-14T00:02:45.084+07:00 DEBUG 16684 --- [tea-attendance-api] [io-8080-exec-10] o.s.web.servlet.DispatcherServlet        : Completed 200 OK
2026-09-14T00:02:45.139+07:00 DEBUG 16684 --- [tea-attendance-api] [nio-8080-exec-9] o.s.web.servlet.DispatcherServlet        : GET "/api/expenses/range?from=2026-09-14&to=2026-09-20", parameters={masked}
2026-09-14T00:02:45.139+07:00 DEBUG 16684 --- [tea-attendance-api] [nio-8080-exec-9] s.w.s.m.m.a.RequestMappingHandlerMapping : Mapped to com.trasua.api.ExpenseController#range(LocalDate, LocalDate)
2026-09-14T00:02:45.216+07:00 DEBUG 16684 --- [tea-attendance-api] [nio-8080-exec-8] org.hibernate.SQL                        : 
    select
        n1_0.id,
        n1_0.body,
        n1_0.created_at,
        n1_0.read_at,
        n1_0.recipient_member_id,
        r1_0.id,
        r1_0.account_name,
        r1_0.account_number,
        r1_0.active,
        r1_0.avatar_url,
        r1_0.bank_bin,
        r1_0.bank_name,
        r1_0.created_at,
        r1_0.display_name,
        r1_0.email,
        r1_0.password_hash,
        r1_0.qr_code_url,
        r1_0.reset_code_expires_at,
        r1_0.reset_code_hash,
        r1_0.role,
        r1_0.updated_at,
        n1_0.settlement_id,
        n1_0.title,
        n1_0.transfer_id,
        n1_0.type 
    from
        notifications n1_0 
    join
        members r1_0 
            on r1_0.id=n1_0.recipient_member_id 
    where
        r1_0.id=? 
    order by
        n1_0.created_at desc
2026-09-14T00:02:45.227+07:00 DEBUG 16684 --- [tea-attendance-api] [nio-8080-exec-7] org.hibernate.SQL                        : 
    select
        dci1_0.id,
        dci1_0.active,
        dci1_0.created_at,
        dci1_0.icon,
        dci1_0.name,
        dci1_0.price,
        dci1_0.updated_at 
    from
        drink_catalog dci1_0
2026-09-14T00:02:45.229+07:00 DEBUG 16684 --- [tea-attendance-api] [nio-8080-exec-3] org.hibernate.SQL                        : 
    select
        cm1_0.id,
        cm1_0.content,
        cm1_0.created_at,
        cm1_0.sender_member_id,
        s1_0.id,
        s1_0.account_name,
        s1_0.account_number,
        s1_0.active,
        s1_0.avatar_url,
        s1_0.bank_bin,
        s1_0.bank_name,
        s1_0.created_at,
        s1_0.display_name,
        s1_0.email,
        s1_0.password_hash,
        s1_0.qr_code_url,
        s1_0.reset_code_expires_at,
        s1_0.reset_code_hash,
        s1_0.role,
        s1_0.updated_at 
    from
        chat_messages cm1_0 
    join
        members s1_0 
            on s1_0.id=cm1_0.sender_member_id 
    order by
        cm1_0.created_at desc 
    limit
        ?
2026-09-14T00:02:45.231+07:00 DEBUG 16684 --- [tea-attendance-api] [nio-8080-exec-6] org.hibernate.SQL                        : 
    select
        m1_0.id,
        m1_0.account_name,
        m1_0.account_number,
        m1_0.active,
        m1_0.avatar_url,
        m1_0.bank_bin,
        m1_0.bank_name,
        m1_0.created_at,
        m1_0.display_name,
        m1_0.email,
        m1_0.password_hash,
        m1_0.qr_code_url,
        m1_0.reset_code_expires_at,
        m1_0.reset_code_hash,
        m1_0.role,
        m1_0.updated_at 
    from
        members m1_0 
    where
        m1_0.active 
    order by
        m1_0.display_name
2026-09-14T00:02:45.245+07:00 DEBUG 16684 --- [tea-attendance-api] [nio-8080-exec-9] org.hibernate.SQL                        : 
    select
        distinct do1_0.id,
        do1_0.created_at,
        i1_0.order_id,
        i1_0.id,
        i1_0.consumer_member_id,
        c1_0.id,
        c1_0.account_name,
        c1_0.account_number,
        c1_0.active,
        c1_0.avatar_url,
        c1_0.bank_bin,
        c1_0.bank_name,
        c1_0.created_at,
        c1_0.display_name,
        c1_0.email,
        c1_0.password_hash,
        c1_0.qr_code_url,
        c1_0.reset_code_expires_at,
        c1_0.reset_code_hash,
        c1_0.role,
        c1_0.updated_at,
        i1_0.drink_name,
        i1_0.line_total,
        i1_0.quantity,
        i1_0.unit_price,
        do1_0.note,
        do1_0.order_date,
        do1_0.payer_member_id,
        p1_0.id,
        p1_0.account_name,
        p1_0.account_number,
        p1_0.active,
        p1_0.avatar_url,
        p1_0.bank_bin,
        p1_0.bank_name,
        p1_0.created_at,
        p1_0.display_name,
        p1_0.email,
        p1_0.password_hash,
        p1_0.qr_code_url,
        p1_0.reset_code_expires_at,
        p1_0.reset_code_hash,
        p1_0.role,
        p1_0.updated_at,
        do1_0.total_amount,
        do1_0.updated_at 
    from
        drink_orders do1_0 
    join
        members p1_0 
            on p1_0.id=do1_0.payer_member_id 
    left join
        order_items i1_0 
            on do1_0.id=i1_0.order_id 
    left join
        members c1_0 
            on c1_0.id=i1_0.consumer_member_id 
    where
        do1_0.order_date between ? and ? 
    order by
        do1_0.order_date,
        do1_0.id
2026-09-14T00:02:45.267+07:00 DEBUG 16684 --- [tea-attendance-api] [nio-8080-exec-3] org.hibernate.SQL                        : 
    select
        a1_0.message_id,
        a1_0.id,
        a1_0.byte_size,
        a1_0.content_type,
        a1_0.created_at,
        a1_0.original_filename,
        a1_0.storage_key 
    from
        chat_attachments a1_0 
    where
        a1_0.message_id=? 
    order by
        a1_0.id
2026-09-14T00:02:45.282+07:00 DEBUG 16684 --- [tea-attendance-api] [nio-8080-exec-3] org.hibernate.SQL                        : 
    select
        a1_0.message_id,
        a1_0.id,
        a1_0.byte_size,
        a1_0.content_type,
        a1_0.created_at,
        a1_0.original_filename,
        a1_0.storage_key 
    from
        chat_attachments a1_0 
    where
        a1_0.message_id=? 
    order by
        a1_0.id
2026-09-14T00:02:45.284+07:00 DEBUG 16684 --- [tea-attendance-api] [nio-8080-exec-8] m.m.a.RequestResponseBodyMethodProcessor : Using 'application/json', given [*/*] and supported [application/json, application/*+json]
2026-09-14T00:02:45.284+07:00 DEBUG 16684 --- [tea-attendance-api] [nio-8080-exec-7] m.m.a.RequestResponseBodyMethodProcessor : Using 'application/json', given [*/*] and supported [application/json, application/*+json]
2026-09-14T00:02:45.286+07:00 DEBUG 16684 --- [tea-attendance-api] [nio-8080-exec-8] m.m.a.RequestResponseBodyMethodProcessor : Writing [[]]
2026-09-14T00:02:45.286+07:00 DEBUG 16684 --- [tea-attendance-api] [nio-8080-exec-7] m.m.a.RequestResponseBodyMethodProcessor : Writing [[DrinkCatalogResponse[id=1, name=Tra da, price=5000, icon=?, active=true], DrinkCatalogResponse[id= (truncated)...]
2026-09-14T00:02:45.288+07:00 DEBUG 16684 --- [tea-attendance-api] [nio-8080-exec-3] org.hibernate.SQL                        : 
    select
        a1_0.message_id,
        a1_0.id,
        a1_0.byte_size,
        a1_0.content_type,
        a1_0.created_at,
        a1_0.original_filename,
        a1_0.storage_key 
    from
        chat_attachments a1_0 
    where
        a1_0.message_id=? 
    order by
        a1_0.id
2026-09-14T00:02:45.292+07:00 DEBUG 16684 --- [tea-attendance-api] [nio-8080-exec-8] o.s.web.servlet.DispatcherServlet        : Completed 200 OK
2026-09-14T00:02:45.292+07:00 DEBUG 16684 --- [tea-attendance-api] [nio-8080-exec-6] m.m.a.RequestResponseBodyMethodProcessor : Using 'application/json', given [*/*] and supported [application/json, application/*+json]
2026-09-14T00:02:45.293+07:00 DEBUG 16684 --- [tea-attendance-api] [nio-8080-exec-3] org.hibernate.SQL                        : 
    select
        a1_0.message_id,
        a1_0.id,
        a1_0.byte_size,
        a1_0.content_type,
        a1_0.created_at,
        a1_0.original_filename,
        a1_0.storage_key 
    from
        chat_attachments a1_0 
    where
        a1_0.message_id=? 
    order by
        a1_0.id
2026-09-14T00:02:45.294+07:00 DEBUG 16684 --- [tea-attendance-api] [nio-8080-exec-6] m.m.a.RequestResponseBodyMethodProcessor : Writing [[MemberResponse[id=4, displayName=H??ng, email=huong@example.test, bankName=Techcombank, bankBin=970 (truncated)...]
2026-09-14T00:02:45.295+07:00 DEBUG 16684 --- [tea-attendance-api] [nio-8080-exec-7] o.s.web.servlet.DispatcherServlet        : Completed 200 OK
2026-09-14T00:02:45.296+07:00 DEBUG 16684 --- [tea-attendance-api] [nio-8080-exec-6] o.s.web.servlet.DispatcherServlet        : Completed 200 OK
2026-09-14T00:02:45.301+07:00 DEBUG 16684 --- [tea-attendance-api] [nio-8080-exec-3] org.hibernate.SQL                        : 
    select
        a1_0.message_id,
        a1_0.id,
        a1_0.byte_size,
        a1_0.content_type,
        a1_0.created_at,
        a1_0.original_filename,
        a1_0.storage_key 
    from
        chat_attachments a1_0 
    where
        a1_0.message_id=? 
    order by
        a1_0.id
2026-09-14T00:02:45.301+07:00 DEBUG 16684 --- [tea-attendance-api] [nio-8080-exec-4] o.s.web.servlet.DispatcherServlet        : GET "/api/drinks?includeInactive=true", parameters={masked}
2026-09-14T00:02:45.301+07:00 DEBUG 16684 --- [tea-attendance-api] [nio-8080-exec-1] o.s.web.servlet.DispatcherServlet        : GET "/api/members", parameters={}
2026-09-14T00:02:45.301+07:00 DEBUG 16684 --- [tea-attendance-api] [nio-8080-exec-2] o.s.web.servlet.DispatcherServlet        : GET "/api/notifications?memberId=6", parameters={masked}
2026-09-14T00:02:45.301+07:00 DEBUG 16684 --- [tea-attendance-api] [nio-8080-exec-1] s.w.s.m.m.a.RequestMappingHandlerMapping : Mapped to com.trasua.api.MemberController#list(boolean)
2026-09-14T00:02:45.301+07:00 DEBUG 16684 --- [tea-attendance-api] [nio-8080-exec-2] s.w.s.m.m.a.RequestMappingHandlerMapping : Mapped to com.trasua.api.NotificationController#list(Long)
2026-09-14T00:02:45.301+07:00 DEBUG 16684 --- [tea-attendance-api] [nio-8080-exec-4] s.w.s.m.m.a.RequestMappingHandlerMapping : Mapped to com.trasua.api.DrinkCatalogController#list(boolean)
2026-09-14T00:02:45.309+07:00 DEBUG 16684 --- [tea-attendance-api] [nio-8080-exec-3] org.hibernate.SQL                        : 
    select
        a1_0.message_id,
        a1_0.id,
        a1_0.byte_size,
        a1_0.content_type,
        a1_0.created_at,
        a1_0.original_filename,
        a1_0.storage_key 
    from
        chat_attachments a1_0 
    where
        a1_0.message_id=? 
    order by
        a1_0.id
2026-09-14T00:02:45.313+07:00 DEBUG 16684 --- [tea-attendance-api] [nio-8080-exec-2] org.hibernate.SQL                        : 
    select
        n1_0.id,
        n1_0.body,
        n1_0.created_at,
        n1_0.read_at,
        n1_0.recipient_member_id,
        r1_0.id,
        r1_0.account_name,
        r1_0.account_number,
        r1_0.active,
        r1_0.avatar_url,
        r1_0.bank_bin,
        r1_0.bank_name,
        r1_0.created_at,
        r1_0.display_name,
        r1_0.email,
        r1_0.password_hash,
        r1_0.qr_code_url,
        r1_0.reset_code_expires_at,
        r1_0.reset_code_hash,
        r1_0.role,
        r1_0.updated_at,
        n1_0.settlement_id,
        n1_0.title,
        n1_0.transfer_id,
        n1_0.type 
    from
        notifications n1_0 
    join
        members r1_0 
            on r1_0.id=n1_0.recipient_member_id 
    where
        r1_0.id=? 
    order by
        n1_0.created_at desc
2026-09-14T00:02:45.313+07:00 DEBUG 16684 --- [tea-attendance-api] [nio-8080-exec-4] org.hibernate.SQL                        : 
    select
        dci1_0.id,
        dci1_0.active,
        dci1_0.created_at,
        dci1_0.icon,
        dci1_0.name,
        dci1_0.price,
        dci1_0.updated_at 
    from
        drink_catalog dci1_0
2026-09-14T00:02:45.319+07:00 DEBUG 16684 --- [tea-attendance-api] [nio-8080-exec-1] org.hibernate.SQL                        : 
    select
        m1_0.id,
        m1_0.account_name,
        m1_0.account_number,
        m1_0.active,
        m1_0.avatar_url,
        m1_0.bank_bin,
        m1_0.bank_name,
        m1_0.created_at,
        m1_0.display_name,
        m1_0.email,
        m1_0.password_hash,
        m1_0.qr_code_url,
        m1_0.reset_code_expires_at,
        m1_0.reset_code_hash,
        m1_0.role,
        m1_0.updated_at 
    from
        members m1_0 
    where
        m1_0.active 
    order by
        m1_0.display_name
2026-09-14T00:02:45.328+07:00 DEBUG 16684 --- [tea-attendance-api] [nio-8080-exec-3] m.m.a.RequestResponseBodyMethodProcessor : Using 'application/json', given [*/*] and supported [application/json, application/*+json]
2026-09-14T00:02:45.329+07:00 DEBUG 16684 --- [tea-attendance-api] [nio-8080-exec-3] m.m.a.RequestResponseBodyMethodProcessor : Writing [[ChatMessageResponse[id=2, sender=MemberBriefResponse[id=1, displayName=Minh Anh], content=alo, atta (truncated)...]
2026-09-14T00:02:45.331+07:00 DEBUG 16684 --- [tea-attendance-api] [nio-8080-exec-3] o.s.web.servlet.DispatcherServlet        : Completed 200 OK
2026-09-14T00:02:45.333+07:00 DEBUG 16684 --- [tea-attendance-api] [nio-8080-exec-2] m.m.a.RequestResponseBodyMethodProcessor : Using 'application/json', given [*/*] and supported [application/json, application/*+json]
2026-09-14T00:02:45.333+07:00 DEBUG 16684 --- [tea-attendance-api] [nio-8080-exec-4] m.m.a.RequestResponseBodyMethodProcessor : Using 'application/json', given [*/*] and supported [application/json, application/*+json]
2026-09-14T00:02:45.334+07:00 DEBUG 16684 --- [tea-attendance-api] [nio-8080-exec-2] m.m.a.RequestResponseBodyMethodProcessor : Writing [[]]
2026-09-14T00:02:45.334+07:00 DEBUG 16684 --- [tea-attendance-api] [nio-8080-exec-4] m.m.a.RequestResponseBodyMethodProcessor : Writing [[DrinkCatalogResponse[id=1, name=Tra da, price=5000, icon=?, active=true], DrinkCatalogResponse[id= (truncated)...]
2026-09-14T00:02:45.334+07:00 DEBUG 16684 --- [tea-attendance-api] [nio-8080-exec-5] o.s.web.servlet.DispatcherServlet        : GET "/api/chat/messages", parameters={}
2026-09-14T00:02:45.334+07:00 DEBUG 16684 --- [tea-attendance-api] [nio-8080-exec-2] o.s.web.servlet.DispatcherServlet        : Completed 200 OK
2026-09-14T00:02:45.335+07:00 DEBUG 16684 --- [tea-attendance-api] [nio-8080-exec-5] s.w.s.m.m.a.RequestMappingHandlerMapping : Mapped to com.trasua.api.ChatController#list(Instant, int)
2026-09-14T00:02:45.335+07:00 DEBUG 16684 --- [tea-attendance-api] [nio-8080-exec-4] o.s.web.servlet.DispatcherServlet        : Completed 200 OK
2026-09-14T00:02:45.341+07:00 DEBUG 16684 --- [tea-attendance-api] [nio-8080-exec-1] m.m.a.RequestResponseBodyMethodProcessor : Using 'application/json', given [*/*] and supported [application/json, application/*+json]
2026-09-14T00:02:45.341+07:00 DEBUG 16684 --- [tea-attendance-api] [nio-8080-exec-9] m.m.a.RequestResponseBodyMethodProcessor : Using 'application/json', given [*/*] and supported [application/json, application/*+json]
2026-09-14T00:02:45.341+07:00 DEBUG 16684 --- [tea-attendance-api] [nio-8080-exec-9] m.m.a.RequestResponseBodyMethodProcessor : Writing [[]]
2026-09-14T00:02:45.341+07:00 DEBUG 16684 --- [tea-attendance-api] [nio-8080-exec-1] m.m.a.RequestResponseBodyMethodProcessor : Writing [[MemberResponse[id=4, displayName=H??ng, email=huong@example.test, bankName=Techcombank, bankBin=970 (truncated)...]
2026-09-14T00:02:45.342+07:00 DEBUG 16684 --- [tea-attendance-api] [nio-8080-exec-9] o.s.web.servlet.DispatcherServlet        : Completed 200 OK
2026-09-14T00:02:45.342+07:00 DEBUG 16684 --- [tea-attendance-api] [nio-8080-exec-1] o.s.web.servlet.DispatcherServlet        : Completed 200 OK
2026-09-14T00:02:45.345+07:00 DEBUG 16684 --- [tea-attendance-api] [io-8080-exec-10] o.s.web.servlet.DispatcherServlet        : GET "/api/expenses/range?from=2026-09-14&to=2026-09-20", parameters={masked}
2026-09-14T00:02:45.345+07:00 DEBUG 16684 --- [tea-attendance-api] [nio-8080-exec-5] org.hibernate.SQL                        : 
    select
        cm1_0.id,
        cm1_0.content,
        cm1_0.created_at,
        cm1_0.sender_member_id,
        s1_0.id,
        s1_0.account_name,
        s1_0.account_number,
        s1_0.active,
        s1_0.avatar_url,
        s1_0.bank_bin,
        s1_0.bank_name,
        s1_0.created_at,
        s1_0.display_name,
        s1_0.email,
        s1_0.password_hash,
        s1_0.qr_code_url,
        s1_0.reset_code_expires_at,
        s1_0.reset_code_hash,
        s1_0.role,
        s1_0.updated_at 
    from
        chat_messages cm1_0 
    join
        members s1_0 
            on s1_0.id=cm1_0.sender_member_id 
    order by
        cm1_0.created_at desc 
    limit
        ?
2026-09-14T00:02:45.346+07:00 DEBUG 16684 --- [tea-attendance-api] [io-8080-exec-10] s.w.s.m.m.a.RequestMappingHandlerMapping : Mapped to com.trasua.api.ExpenseController#range(LocalDate, LocalDate)
2026-09-14T00:02:45.354+07:00 DEBUG 16684 --- [tea-attendance-api] [nio-8080-exec-5] org.hibernate.SQL                        : 
    select
        a1_0.message_id,
        a1_0.id,
        a1_0.byte_size,
        a1_0.content_type,
        a1_0.created_at,
        a1_0.original_filename,
        a1_0.storage_key 
    from
        chat_attachments a1_0 
    where
        a1_0.message_id=? 
    order by
        a1_0.id
2026-09-14T00:02:45.356+07:00 DEBUG 16684 --- [tea-attendance-api] [io-8080-exec-10] org.hibernate.SQL                        : 
    select
        distinct do1_0.id,
        do1_0.created_at,
        i1_0.order_id,
        i1_0.id,
        i1_0.consumer_member_id,
        c1_0.id,
        c1_0.account_name,
        c1_0.account_number,
        c1_0.active,
        c1_0.avatar_url,
        c1_0.bank_bin,
        c1_0.bank_name,
        c1_0.created_at,
        c1_0.display_name,
        c1_0.email,
        c1_0.password_hash,
        c1_0.qr_code_url,
        c1_0.reset_code_expires_at,
        c1_0.reset_code_hash,
        c1_0.role,
        c1_0.updated_at,
        i1_0.drink_name,
        i1_0.line_total,
        i1_0.quantity,
        i1_0.unit_price,
        do1_0.note,
        do1_0.order_date,
        do1_0.payer_member_id,
        p1_0.id,
        p1_0.account_name,
        p1_0.account_number,
        p1_0.active,
        p1_0.avatar_url,
        p1_0.bank_bin,
        p1_0.bank_name,
        p1_0.created_at,
        p1_0.display_name,
        p1_0.email,
        p1_0.password_hash,
        p1_0.qr_code_url,
        p1_0.reset_code_expires_at,
        p1_0.reset_code_hash,
        p1_0.role,
        p1_0.updated_at,
        do1_0.total_amount,
        do1_0.updated_at 
    from
        drink_orders do1_0 
    join
        members p1_0 
            on p1_0.id=do1_0.payer_member_id 
    left join
        order_items i1_0 
            on do1_0.id=i1_0.order_id 
    left join
        members c1_0 
            on c1_0.id=i1_0.consumer_member_id 
    where
        do1_0.order_date between ? and ? 
    order by
        do1_0.order_date,
        do1_0.id
2026-09-14T00:02:45.362+07:00 DEBUG 16684 --- [tea-attendance-api] [nio-8080-exec-5] org.hibernate.SQL                        : 
    select
        a1_0.message_id,
        a1_0.id,
        a1_0.byte_size,
        a1_0.content_type,
        a1_0.created_at,
        a1_0.original_filename,
        a1_0.storage_key 
    from
        chat_attachments a1_0 
    where
        a1_0.message_id=? 
    order by
        a1_0.id
2026-09-14T00:02:45.369+07:00 DEBUG 16684 --- [tea-attendance-api] [nio-8080-exec-5] org.hibernate.SQL                        : 
    select
        a1_0.message_id,
        a1_0.id,
        a1_0.byte_size,
        a1_0.content_type,
        a1_0.created_at,
        a1_0.original_filename,
        a1_0.storage_key 
    from
        chat_attachments a1_0 
    where
        a1_0.message_id=? 
    order by
        a1_0.id
2026-09-14T00:02:45.369+07:00 DEBUG 16684 --- [tea-attendance-api] [nio-8080-exec-8] o.s.web.servlet.DispatcherServlet        : GET "/api/members", parameters={}
2026-09-14T00:02:45.369+07:00 DEBUG 16684 --- [tea-attendance-api] [nio-8080-exec-8] s.w.s.m.m.a.RequestMappingHandlerMapping : Mapped to com.trasua.api.MemberController#list(boolean)
2026-09-14T00:02:45.378+07:00 DEBUG 16684 --- [tea-attendance-api] [nio-8080-exec-5] org.hibernate.SQL                        : 
    select
        a1_0.message_id,
        a1_0.id,
        a1_0.byte_size,
        a1_0.content_type,
        a1_0.created_at,
        a1_0.original_filename,
        a1_0.storage_key 
    from
        chat_attachments a1_0 
    where
        a1_0.message_id=? 
    order by
        a1_0.id
2026-09-14T00:02:45.383+07:00 DEBUG 16684 --- [tea-attendance-api] [nio-8080-exec-5] org.hibernate.SQL                        : 
    select
        a1_0.message_id,
        a1_0.id,
        a1_0.byte_size,
        a1_0.content_type,
        a1_0.created_at,
        a1_0.original_filename,
        a1_0.storage_key 
    from
        chat_attachments a1_0 
    where
        a1_0.message_id=? 
    order by
        a1_0.id
2026-09-14T00:02:45.383+07:00 DEBUG 16684 --- [tea-attendance-api] [nio-8080-exec-7] o.s.web.servlet.DispatcherServlet        : GET "/api/drinks?includeInactive=true", parameters={masked}
2026-09-14T00:02:45.383+07:00 DEBUG 16684 --- [tea-attendance-api] [nio-8080-exec-7] s.w.s.m.m.a.RequestMappingHandlerMapping : Mapped to com.trasua.api.DrinkCatalogController#list(boolean)
2026-09-14T00:02:45.384+07:00 DEBUG 16684 --- [tea-attendance-api] [nio-8080-exec-8] org.hibernate.SQL                        : 
    select
        m1_0.id,
        m1_0.account_name,
        m1_0.account_number,
        m1_0.active,
        m1_0.avatar_url,
        m1_0.bank_bin,
        m1_0.bank_name,
        m1_0.created_at,
        m1_0.display_name,
        m1_0.email,
        m1_0.password_hash,
        m1_0.qr_code_url,
        m1_0.reset_code_expires_at,
        m1_0.reset_code_hash,
        m1_0.role,
        m1_0.updated_at 
    from
        members m1_0 
    where
        m1_0.active 
    order by
        m1_0.display_name
2026-09-14T00:02:45.389+07:00 DEBUG 16684 --- [tea-attendance-api] [nio-8080-exec-5] org.hibernate.SQL                        : 
    select
        a1_0.message_id,
        a1_0.id,
        a1_0.byte_size,
        a1_0.content_type,
        a1_0.created_at,
        a1_0.original_filename,
        a1_0.storage_key 
    from
        chat_attachments a1_0 
    where
        a1_0.message_id=? 
    order by
        a1_0.id
2026-09-14T00:02:45.394+07:00 DEBUG 16684 --- [tea-attendance-api] [io-8080-exec-10] m.m.a.RequestResponseBodyMethodProcessor : Using 'application/json', given [*/*] and supported [application/json, application/*+json]
2026-09-14T00:02:45.395+07:00 DEBUG 16684 --- [tea-attendance-api] [io-8080-exec-10] m.m.a.RequestResponseBodyMethodProcessor : Writing [[]]
2026-09-14T00:02:45.395+07:00 DEBUG 16684 --- [tea-attendance-api] [nio-8080-exec-7] org.hibernate.SQL                        : 
    select
        dci1_0.id,
        dci1_0.active,
        dci1_0.created_at,
        dci1_0.icon,
        dci1_0.name,
        dci1_0.price,
        dci1_0.updated_at 
    from
        drink_catalog dci1_0
2026-09-14T00:02:45.396+07:00 DEBUG 16684 --- [tea-attendance-api] [io-8080-exec-10] o.s.web.servlet.DispatcherServlet        : Completed 200 OK
2026-09-14T00:02:45.399+07:00 DEBUG 16684 --- [tea-attendance-api] [nio-8080-exec-6] o.s.web.servlet.DispatcherServlet        : GET "/api/expenses/range?from=2026-09-14&to=2026-09-20", parameters={masked}
2026-09-14T00:02:45.400+07:00 DEBUG 16684 --- [tea-attendance-api] [nio-8080-exec-6] s.w.s.m.m.a.RequestMappingHandlerMapping : Mapped to com.trasua.api.ExpenseController#range(LocalDate, LocalDate)
2026-09-14T00:02:45.400+07:00 DEBUG 16684 --- [tea-attendance-api] [nio-8080-exec-3] o.s.web.servlet.DispatcherServlet        : GET "/api/notifications?memberId=6", parameters={masked}
2026-09-14T00:02:45.400+07:00 DEBUG 16684 --- [tea-attendance-api] [nio-8080-exec-3] s.w.s.m.m.a.RequestMappingHandlerMapping : Mapped to com.trasua.api.NotificationController#list(Long)
2026-09-14T00:02:45.410+07:00 DEBUG 16684 --- [tea-attendance-api] [nio-8080-exec-8] m.m.a.RequestResponseBodyMethodProcessor : Using 'application/json', given [*/*] and supported [application/json, application/*+json]
2026-09-14T00:02:45.411+07:00 DEBUG 16684 --- [tea-attendance-api] [nio-8080-exec-8] m.m.a.RequestResponseBodyMethodProcessor : Writing [[MemberResponse[id=4, displayName=H??ng, email=huong@example.test, bankName=Techcombank, bankBin=970 (truncated)...]
2026-09-14T00:02:45.413+07:00 DEBUG 16684 --- [tea-attendance-api] [nio-8080-exec-8] o.s.web.servlet.DispatcherServlet        : Completed 200 OK
2026-09-14T00:02:45.414+07:00 DEBUG 16684 --- [tea-attendance-api] [nio-8080-exec-6] org.hibernate.SQL                        : 
    select
        distinct do1_0.id,
        do1_0.created_at,
        i1_0.order_id,
        i1_0.id,
        i1_0.consumer_member_id,
        c1_0.id,
        c1_0.account_name,
        c1_0.account_number,
        c1_0.active,
        c1_0.avatar_url,
        c1_0.bank_bin,
        c1_0.bank_name,
        c1_0.created_at,
        c1_0.display_name,
        c1_0.email,
        c1_0.password_hash,
        c1_0.qr_code_url,
        c1_0.reset_code_expires_at,
        c1_0.reset_code_hash,
        c1_0.role,
        c1_0.updated_at,
        i1_0.drink_name,
        i1_0.line_total,
        i1_0.quantity,
        i1_0.unit_price,
        do1_0.note,
        do1_0.order_date,
        do1_0.payer_member_id,
        p1_0.id,
        p1_0.account_name,
        p1_0.account_number,
        p1_0.active,
        p1_0.avatar_url,
        p1_0.bank_bin,
        p1_0.bank_name,
        p1_0.created_at,
        p1_0.display_name,
        p1_0.email,
        p1_0.password_hash,
        p1_0.qr_code_url,
        p1_0.reset_code_expires_at,
        p1_0.reset_code_hash,
        p1_0.role,
        p1_0.updated_at,
        do1_0.total_amount,
        do1_0.updated_at 
    from
        drink_orders do1_0 
    join
        members p1_0 
            on p1_0.id=do1_0.payer_member_id 
    left join
        order_items i1_0 
            on do1_0.id=i1_0.order_id 
    left join
        members c1_0 
            on c1_0.id=i1_0.consumer_member_id 
    where
        do1_0.order_date between ? and ? 
    order by
        do1_0.order_date,
        do1_0.id
2026-09-14T00:02:45.415+07:00 DEBUG 16684 --- [tea-attendance-api] [nio-8080-exec-5] m.m.a.RequestResponseBodyMethodProcessor : Using 'application/json', given [*/*] and supported [application/json, application/*+json]
2026-09-14T00:02:45.415+07:00 DEBUG 16684 --- [tea-attendance-api] [nio-8080-exec-3] org.hibernate.SQL                        : 
    select
        n1_0.id,
        n1_0.body,
        n1_0.created_at,
        n1_0.read_at,
        n1_0.recipient_member_id,
        r1_0.id,
        r1_0.account_name,
        r1_0.account_number,
        r1_0.active,
        r1_0.avatar_url,
        r1_0.bank_bin,
        r1_0.bank_name,
        r1_0.created_at,
        r1_0.display_name,
        r1_0.email,
        r1_0.password_hash,
        r1_0.qr_code_url,
        r1_0.reset_code_expires_at,
        r1_0.reset_code_hash,
        r1_0.role,
        r1_0.updated_at,
        n1_0.settlement_id,
        n1_0.title,
        n1_0.transfer_id,
        n1_0.type 
    from
        notifications n1_0 
    join
        members r1_0 
            on r1_0.id=n1_0.recipient_member_id 
    where
        r1_0.id=? 
    order by
        n1_0.created_at desc
2026-09-14T00:02:45.415+07:00 DEBUG 16684 --- [tea-attendance-api] [nio-8080-exec-5] m.m.a.RequestResponseBodyMethodProcessor : Writing [[ChatMessageResponse[id=2, sender=MemberBriefResponse[id=1, displayName=Minh Anh], content=alo, atta (truncated)...]
2026-09-14T00:02:45.416+07:00 DEBUG 16684 --- [tea-attendance-api] [nio-8080-exec-5] o.s.web.servlet.DispatcherServlet        : Completed 200 OK
2026-09-14T00:02:45.416+07:00 DEBUG 16684 --- [tea-attendance-api] [nio-8080-exec-2] o.s.web.servlet.DispatcherServlet        : GET "/api/members", parameters={}
2026-09-14T00:02:45.416+07:00 DEBUG 16684 --- [tea-attendance-api] [nio-8080-exec-2] s.w.s.m.m.a.RequestMappingHandlerMapping : Mapped to com.trasua.api.MemberController#list(boolean)
2026-09-14T00:02:45.416+07:00 DEBUG 16684 --- [tea-attendance-api] [nio-8080-exec-4] o.s.web.servlet.DispatcherServlet        : GET "/api/chat/messages", parameters={}
2026-09-14T00:02:45.416+07:00 DEBUG 16684 --- [tea-attendance-api] [nio-8080-exec-4] s.w.s.m.m.a.RequestMappingHandlerMapping : Mapped to com.trasua.api.ChatController#list(Instant, int)
2026-09-14T00:02:45.424+07:00 DEBUG 16684 --- [tea-attendance-api] [nio-8080-exec-7] m.m.a.RequestResponseBodyMethodProcessor : Using 'application/json', given [*/*] and supported [application/json, application/*+json]
2026-09-14T00:02:45.426+07:00 DEBUG 16684 --- [tea-attendance-api] [nio-8080-exec-7] m.m.a.RequestResponseBodyMethodProcessor : Writing [[DrinkCatalogResponse[id=1, name=Tra da, price=5000, icon=?, active=true], DrinkCatalogResponse[id= (truncated)...]
2026-09-14T00:02:45.427+07:00 DEBUG 16684 --- [tea-attendance-api] [nio-8080-exec-7] o.s.web.servlet.DispatcherServlet        : Completed 200 OK
2026-09-14T00:02:45.431+07:00 DEBUG 16684 --- [tea-attendance-api] [nio-8080-exec-9] o.s.web.servlet.DispatcherServlet        : GET "/api/drinks?includeInactive=true", parameters={masked}
2026-09-14T00:02:45.431+07:00 DEBUG 16684 --- [tea-attendance-api] [nio-8080-exec-9] s.w.s.m.m.a.RequestMappingHandlerMapping : Mapped to com.trasua.api.DrinkCatalogController#list(boolean)
2026-09-14T00:02:45.438+07:00 DEBUG 16684 --- [tea-attendance-api] [nio-8080-exec-4] org.hibernate.SQL                        : 
    select
        cm1_0.id,
        cm1_0.content,
        cm1_0.created_at,
        cm1_0.sender_member_id,
        s1_0.id,
        s1_0.account_name,
        s1_0.account_number,
        s1_0.active,
        s1_0.avatar_url,
        s1_0.bank_bin,
        s1_0.bank_name,
        s1_0.created_at,
        s1_0.display_name,
        s1_0.email,
        s1_0.password_hash,
        s1_0.qr_code_url,
        s1_0.reset_code_expires_at,
        s1_0.reset_code_hash,
        s1_0.role,
        s1_0.updated_at 
    from
        chat_messages cm1_0 
    join
        members s1_0 
            on s1_0.id=cm1_0.sender_member_id 
    order by
        cm1_0.created_at desc 
    limit
        ?
2026-09-14T00:02:45.440+07:00 DEBUG 16684 --- [tea-attendance-api] [nio-8080-exec-9] org.hibernate.SQL                        : 
    select
        dci1_0.id,
        dci1_0.active,
        dci1_0.created_at,
        dci1_0.icon,
        dci1_0.name,
        dci1_0.price,
        dci1_0.updated_at 
    from
        drink_catalog dci1_0
2026-09-14T00:02:45.445+07:00 DEBUG 16684 --- [tea-attendance-api] [nio-8080-exec-2] org.hibernate.SQL                        : 
    select
        m1_0.id,
        m1_0.account_name,
        m1_0.account_number,
        m1_0.active,
        m1_0.avatar_url,
        m1_0.bank_bin,
        m1_0.bank_name,
        m1_0.created_at,
        m1_0.display_name,
        m1_0.email,
        m1_0.password_hash,
        m1_0.qr_code_url,
        m1_0.reset_code_expires_at,
        m1_0.reset_code_hash,
        m1_0.role,
        m1_0.updated_at 
    from
        members m1_0 
    where
        m1_0.active 
    order by
        m1_0.display_name
2026-09-14T00:02:45.451+07:00 DEBUG 16684 --- [tea-attendance-api] [nio-8080-exec-6] m.m.a.RequestResponseBodyMethodProcessor : Using 'application/json', given [*/*] and supported [application/json, application/*+json]
2026-09-14T00:02:45.451+07:00 DEBUG 16684 --- [tea-attendance-api] [nio-8080-exec-3] m.m.a.RequestResponseBodyMethodProcessor : Using 'application/json', given [*/*] and supported [application/json, application/*+json]
2026-09-14T00:02:45.451+07:00 DEBUG 16684 --- [tea-attendance-api] [nio-8080-exec-3] m.m.a.RequestResponseBodyMethodProcessor : Writing [[]]
2026-09-14T00:02:45.451+07:00 DEBUG 16684 --- [tea-attendance-api] [nio-8080-exec-6] m.m.a.RequestResponseBodyMethodProcessor : Writing [[]]
2026-09-14T00:02:45.452+07:00 DEBUG 16684 --- [tea-attendance-api] [nio-8080-exec-3] o.s.web.servlet.DispatcherServlet        : Completed 200 OK
2026-09-14T00:02:45.452+07:00 DEBUG 16684 --- [tea-attendance-api] [nio-8080-exec-6] o.s.web.servlet.DispatcherServlet        : Completed 200 OK
2026-09-14T00:02:45.460+07:00 DEBUG 16684 --- [tea-attendance-api] [nio-8080-exec-4] org.hibernate.SQL                        : 
    select
        a1_0.message_id,
        a1_0.id,
        a1_0.byte_size,
        a1_0.content_type,
        a1_0.created_at,
        a1_0.original_filename,
        a1_0.storage_key 
    from
        chat_attachments a1_0 
    where
        a1_0.message_id=? 
    order by
        a1_0.id
2026-09-14T00:02:45.460+07:00 DEBUG 16684 --- [tea-attendance-api] [nio-8080-exec-1] o.s.web.servlet.DispatcherServlet        : GET "/api/notifications?memberId=6", parameters={masked}
2026-09-14T00:02:45.460+07:00 DEBUG 16684 --- [tea-attendance-api] [nio-8080-exec-1] s.w.s.m.m.a.RequestMappingHandlerMapping : Mapped to com.trasua.api.NotificationController#list(Long)
2026-09-14T00:02:45.462+07:00 DEBUG 16684 --- [tea-attendance-api] [io-8080-exec-10] o.s.web.servlet.DispatcherServlet        : GET "/api/expenses/range?from=2026-09-14&to=2026-09-20", parameters={masked}
2026-09-14T00:02:45.462+07:00 DEBUG 16684 --- [tea-attendance-api] [io-8080-exec-10] s.w.s.m.m.a.RequestMappingHandlerMapping : Mapped to com.trasua.api.ExpenseController#range(LocalDate, LocalDate)
2026-09-14T00:02:45.467+07:00 DEBUG 16684 --- [tea-attendance-api] [nio-8080-exec-9] m.m.a.RequestResponseBodyMethodProcessor : Using 'application/json', given [*/*] and supported [application/json, application/*+json]
2026-09-14T00:02:45.467+07:00 DEBUG 16684 --- [tea-attendance-api] [nio-8080-exec-9] m.m.a.RequestResponseBodyMethodProcessor : Writing [[DrinkCatalogResponse[id=1, name=Tra da, price=5000, icon=?, active=true], DrinkCatalogResponse[id= (truncated)...]
2026-09-14T00:02:45.470+07:00 DEBUG 16684 --- [tea-attendance-api] [nio-8080-exec-9] o.s.web.servlet.DispatcherServlet        : Completed 200 OK
2026-09-14T00:02:45.470+07:00 DEBUG 16684 --- [tea-attendance-api] [nio-8080-exec-1] org.hibernate.SQL                        : 
    select
        n1_0.id,
        n1_0.body,
        n1_0.created_at,
        n1_0.read_at,
        n1_0.recipient_member_id,
        r1_0.id,
        r1_0.account_name,
        r1_0.account_number,
        r1_0.active,
        r1_0.avatar_url,
        r1_0.bank_bin,
        r1_0.bank_name,
        r1_0.created_at,
        r1_0.display_name,
        r1_0.email,
        r1_0.password_hash,
        r1_0.qr_code_url,
        r1_0.reset_code_expires_at,
        r1_0.reset_code_hash,
        r1_0.role,
        r1_0.updated_at,
        n1_0.settlement_id,
        n1_0.title,
        n1_0.transfer_id,
        n1_0.type 
    from
        notifications n1_0 
    join
        members r1_0 
            on r1_0.id=n1_0.recipient_member_id 
    where
        r1_0.id=? 
    order by
        n1_0.created_at desc
2026-09-14T00:02:45.470+07:00 DEBUG 16684 --- [tea-attendance-api] [nio-8080-exec-2] m.m.a.RequestResponseBodyMethodProcessor : Using 'application/json', given [*/*] and supported [application/json, application/*+json]
2026-09-14T00:02:45.470+07:00 DEBUG 16684 --- [tea-attendance-api] [io-8080-exec-10] org.hibernate.SQL                        : 
    select
        distinct do1_0.id,
        do1_0.created_at,
        i1_0.order_id,
        i1_0.id,
        i1_0.consumer_member_id,
        c1_0.id,
        c1_0.account_name,
        c1_0.account_number,
        c1_0.active,
        c1_0.avatar_url,
        c1_0.bank_bin,
        c1_0.bank_name,
        c1_0.created_at,
        c1_0.display_name,
        c1_0.email,
        c1_0.password_hash,
        c1_0.qr_code_url,
        c1_0.reset_code_expires_at,
        c1_0.reset_code_hash,
        c1_0.role,
        c1_0.updated_at,
        i1_0.drink_name,
        i1_0.line_total,
        i1_0.quantity,
        i1_0.unit_price,
        do1_0.note,
        do1_0.order_date,
        do1_0.payer_member_id,
        p1_0.id,
        p1_0.account_name,
        p1_0.account_number,
        p1_0.active,
        p1_0.avatar_url,
        p1_0.bank_bin,
        p1_0.bank_name,
        p1_0.created_at,
        p1_0.display_name,
        p1_0.email,
        p1_0.password_hash,
        p1_0.qr_code_url,
        p1_0.reset_code_expires_at,
        p1_0.reset_code_hash,
        p1_0.role,
        p1_0.updated_at,
        do1_0.total_amount,
        do1_0.updated_at 
    from
        drink_orders do1_0 
    join
        members p1_0 
            on p1_0.id=do1_0.payer_member_id 
    left join
        order_items i1_0 
            on do1_0.id=i1_0.order_id 
    left join
        members c1_0 
            on c1_0.id=i1_0.consumer_member_id 
    where
        do1_0.order_date between ? and ? 
    order by
        do1_0.order_date,
        do1_0.id
2026-09-14T00:02:45.470+07:00 DEBUG 16684 --- [tea-attendance-api] [nio-8080-exec-4] org.hibernate.SQL                        : 
    select
        a1_0.message_id,
        a1_0.id,
        a1_0.byte_size,
        a1_0.content_type,
        a1_0.created_at,
        a1_0.original_filename,
        a1_0.storage_key 
    from
        chat_attachments a1_0 
    where
        a1_0.message_id=? 
    order by
        a1_0.id
2026-09-14T00:02:45.470+07:00 DEBUG 16684 --- [tea-attendance-api] [nio-8080-exec-2] m.m.a.RequestResponseBodyMethodProcessor : Writing [[MemberResponse[id=4, displayName=H??ng, email=huong@example.test, bankName=Techcombank, bankBin=970 (truncated)...]
2026-09-14T00:02:45.476+07:00 DEBUG 16684 --- [tea-attendance-api] [nio-8080-exec-2] o.s.web.servlet.DispatcherServlet        : Completed 200 OK
2026-09-14T00:02:45.483+07:00 DEBUG 16684 --- [tea-attendance-api] [nio-8080-exec-4] org.hibernate.SQL                        : 
    select
        a1_0.message_id,
        a1_0.id,
        a1_0.byte_size,
        a1_0.content_type,
        a1_0.created_at,
        a1_0.original_filename,
        a1_0.storage_key 
    from
        chat_attachments a1_0 
    where
        a1_0.message_id=? 
    order by
        a1_0.id
2026-09-14T00:02:45.492+07:00 DEBUG 16684 --- [tea-attendance-api] [nio-8080-exec-4] org.hibernate.SQL                        : 
    select
        a1_0.message_id,
        a1_0.id,
        a1_0.byte_size,
        a1_0.content_type,
        a1_0.created_at,
        a1_0.original_filename,
        a1_0.storage_key 
    from
        chat_attachments a1_0 
    where
        a1_0.message_id=? 
    order by
        a1_0.id
2026-09-14T00:02:45.499+07:00 DEBUG 16684 --- [tea-attendance-api] [nio-8080-exec-4] org.hibernate.SQL                        : 
    select
        a1_0.message_id,
        a1_0.id,
        a1_0.byte_size,
        a1_0.content_type,
        a1_0.created_at,
        a1_0.original_filename,
        a1_0.storage_key 
    from
        chat_attachments a1_0 
    where
        a1_0.message_id=? 
    order by
        a1_0.id
2026-09-14T00:02:45.500+07:00 DEBUG 16684 --- [tea-attendance-api] [nio-8080-exec-1] m.m.a.RequestResponseBodyMethodProcessor : Using 'application/json', given [*/*] and supported [application/json, application/*+json]
2026-09-14T00:02:45.501+07:00 DEBUG 16684 --- [tea-attendance-api] [nio-8080-exec-1] m.m.a.RequestResponseBodyMethodProcessor : Writing [[]]
2026-09-14T00:02:45.502+07:00 DEBUG 16684 --- [tea-attendance-api] [nio-8080-exec-1] o.s.web.servlet.DispatcherServlet        : Completed 200 OK
2026-09-14T00:02:45.504+07:00 DEBUG 16684 --- [tea-attendance-api] [nio-8080-exec-4] org.hibernate.SQL                        : 
    select
        a1_0.message_id,
        a1_0.id,
        a1_0.byte_size,
        a1_0.content_type,
        a1_0.created_at,
        a1_0.original_filename,
        a1_0.storage_key 
    from
        chat_attachments a1_0 
    where
        a1_0.message_id=? 
    order by
        a1_0.id
2026-09-14T00:02:45.535+07:00 DEBUG 16684 --- [tea-attendance-api] [nio-8080-exec-4] m.m.a.RequestResponseBodyMethodProcessor : Using 'application/json', given [*/*] and supported [application/json, application/*+json]
2026-09-14T00:02:45.536+07:00 DEBUG 16684 --- [tea-attendance-api] [nio-8080-exec-4] m.m.a.RequestResponseBodyMethodProcessor : Writing [[ChatMessageResponse[id=2, sender=MemberBriefResponse[id=1, displayName=Minh Anh], content=alo, atta (truncated)...]
2026-09-14T00:02:45.538+07:00 DEBUG 16684 --- [tea-attendance-api] [nio-8080-exec-4] o.s.web.servlet.DispatcherServlet        : Completed 200 OK
2026-09-14T00:02:45.544+07:00 DEBUG 16684 --- [tea-attendance-api] [io-8080-exec-10] m.m.a.RequestResponseBodyMethodProcessor : Using 'application/json', given [*/*] and supported [application/json, application/*+json]
2026-09-14T00:02:45.545+07:00 DEBUG 16684 --- [tea-attendance-api] [io-8080-exec-10] m.m.a.RequestResponseBodyMethodProcessor : Writing [[]]
2026-09-14T00:02:45.546+07:00 DEBUG 16684 --- [tea-attendance-api] [io-8080-exec-10] o.s.web.servlet.DispatcherServlet        : Completed 200 OK
2026-09-14T00:02:45.547+07:00 DEBUG 16684 --- [tea-attendance-api] [nio-8080-exec-8] o.s.web.servlet.DispatcherServlet        : GET "/api/chat/messages", parameters={}
2026-09-14T00:02:45.548+07:00 DEBUG 16684 --- [tea-attendance-api] [nio-8080-exec-8] s.w.s.m.m.a.RequestMappingHandlerMapping : Mapped to com.trasua.api.ChatController#list(Instant, int)
2026-09-14T00:02:45.565+07:00 DEBUG 16684 --- [tea-attendance-api] [nio-8080-exec-8] org.hibernate.SQL                        : 
    select
        cm1_0.id,
        cm1_0.content,
        cm1_0.created_at,
        cm1_0.sender_member_id,
        s1_0.id,
        s1_0.account_name,
        s1_0.account_number,
        s1_0.active,
        s1_0.avatar_url,
        s1_0.bank_bin,
        s1_0.bank_name,
        s1_0.created_at,
        s1_0.display_name,
        s1_0.email,
        s1_0.password_hash,
        s1_0.qr_code_url,
        s1_0.reset_code_expires_at,
        s1_0.reset_code_hash,
        s1_0.role,
        s1_0.updated_at 
    from
        chat_messages cm1_0 
    join
        members s1_0 
            on s1_0.id=cm1_0.sender_member_id 
    order by
        cm1_0.created_at desc 
    limit
        ?
2026-09-14T00:02:45.577+07:00 DEBUG 16684 --- [tea-attendance-api] [nio-8080-exec-8] org.hibernate.SQL                        : 
    select
        a1_0.message_id,
        a1_0.id,
        a1_0.byte_size,
        a1_0.content_type,
        a1_0.created_at,
        a1_0.original_filename,
        a1_0.storage_key 
    from
        chat_attachments a1_0 
    where
        a1_0.message_id=? 
    order by
        a1_0.id
2026-09-14T00:02:45.584+07:00 DEBUG 16684 --- [tea-attendance-api] [nio-8080-exec-8] org.hibernate.SQL                        : 
    select
        a1_0.message_id,
        a1_0.id,
        a1_0.byte_size,
        a1_0.content_type,
        a1_0.created_at,
        a1_0.original_filename,
        a1_0.storage_key 
    from
        chat_attachments a1_0 
    where
        a1_0.message_id=? 
    order by
        a1_0.id
2026-09-14T00:02:45.588+07:00 DEBUG 16684 --- [tea-attendance-api] [nio-8080-exec-8] org.hibernate.SQL                        : 
    select
        a1_0.message_id,
        a1_0.id,
        a1_0.byte_size,
        a1_0.content_type,
        a1_0.created_at,
        a1_0.original_filename,
        a1_0.storage_key 
    from
        chat_attachments a1_0 
    where
        a1_0.message_id=? 
    order by
        a1_0.id
2026-09-14T00:02:45.594+07:00 DEBUG 16684 --- [tea-attendance-api] [nio-8080-exec-8] org.hibernate.SQL                        : 
    select
        a1_0.message_id,
        a1_0.id,
        a1_0.byte_size,
        a1_0.content_type,
        a1_0.created_at,
        a1_0.original_filename,
        a1_0.storage_key 
    from
        chat_attachments a1_0 
    where
        a1_0.message_id=? 
    order by
        a1_0.id
2026-09-14T00:02:45.599+07:00 DEBUG 16684 --- [tea-attendance-api] [nio-8080-exec-8] org.hibernate.SQL                        : 
    select
        a1_0.message_id,
        a1_0.id,
        a1_0.byte_size,
        a1_0.content_type,
        a1_0.created_at,
        a1_0.original_filename,
        a1_0.storage_key 
    from
        chat_attachments a1_0 
    where
        a1_0.message_id=? 
    order by
        a1_0.id
2026-09-14T00:02:45.604+07:00 DEBUG 16684 --- [tea-attendance-api] [nio-8080-exec-8] org.hibernate.SQL                        : 
    select
        a1_0.message_id,
        a1_0.id,
        a1_0.byte_size,
        a1_0.content_type,
        a1_0.created_at,
        a1_0.original_filename,
        a1_0.storage_key 
    from
        chat_attachments a1_0 
    where
        a1_0.message_id=? 
    order by
        a1_0.id
2026-09-14T00:02:45.621+07:00 DEBUG 16684 --- [tea-attendance-api] [nio-8080-exec-8] m.m.a.RequestResponseBodyMethodProcessor : Using 'application/json', given [*/*] and supported [application/json, application/*+json]
2026-09-14T00:02:45.621+07:00 DEBUG 16684 --- [tea-attendance-api] [nio-8080-exec-8] m.m.a.RequestResponseBodyMethodProcessor : Writing [[ChatMessageResponse[id=2, sender=MemberBriefResponse[id=1, displayName=Minh Anh], content=alo, atta (truncated)...]
2026-09-14T00:02:45.623+07:00 DEBUG 16684 --- [tea-attendance-api] [nio-8080-exec-8] o.s.web.servlet.DispatcherServlet        : Completed 200 OK
2026-09-14T00:02:45.632+07:00 DEBUG 16684 --- [tea-attendance-api] [nio-8080-exec-5] o.s.web.servlet.DispatcherServlet        : GET "/api/members", parameters={}
2026-09-14T00:02:45.632+07:00 DEBUG 16684 --- [tea-attendance-api] [nio-8080-exec-5] s.w.s.m.m.a.RequestMappingHandlerMapping : Mapped to com.trasua.api.MemberController#list(boolean)
2026-09-14T00:02:45.636+07:00 DEBUG 16684 --- [tea-attendance-api] [nio-8080-exec-7] o.s.web.servlet.DispatcherServlet        : GET "/api/drinks?includeInactive=true", parameters={masked}
2026-09-14T00:02:45.636+07:00 DEBUG 16684 --- [tea-attendance-api] [nio-8080-exec-7] s.w.s.m.m.a.RequestMappingHandlerMapping : Mapped to com.trasua.api.DrinkCatalogController#list(boolean)
2026-09-14T00:02:45.643+07:00 DEBUG 16684 --- [tea-attendance-api] [nio-8080-exec-3] o.s.web.servlet.DispatcherServlet        : GET "/api/chat/messages", parameters={}
2026-09-14T00:02:45.643+07:00 DEBUG 16684 --- [tea-attendance-api] [nio-8080-exec-6] o.s.web.servlet.DispatcherServlet        : GET "/api/expenses/range?from=2026-09-14&to=2026-09-20", parameters={masked}
2026-09-14T00:02:45.643+07:00 DEBUG 16684 --- [tea-attendance-api] [nio-8080-exec-6] s.w.s.m.m.a.RequestMappingHandlerMapping : Mapped to com.trasua.api.ExpenseController#range(LocalDate, LocalDate)
2026-09-14T00:02:45.643+07:00 DEBUG 16684 --- [tea-attendance-api] [nio-8080-exec-3] s.w.s.m.m.a.RequestMappingHandlerMapping : Mapped to com.trasua.api.ChatController#list(Instant, int)
2026-09-14T00:02:45.645+07:00 DEBUG 16684 --- [tea-attendance-api] [nio-8080-exec-5] org.hibernate.SQL                        : 
    select
        m1_0.id,
        m1_0.account_name,
        m1_0.account_number,
        m1_0.active,
        m1_0.avatar_url,
        m1_0.bank_bin,
        m1_0.bank_name,
        m1_0.created_at,
        m1_0.display_name,
        m1_0.email,
        m1_0.password_hash,
        m1_0.qr_code_url,
        m1_0.reset_code_expires_at,
        m1_0.reset_code_hash,
        m1_0.role,
        m1_0.updated_at 
    from
        members m1_0 
    where
        m1_0.active 
    order by
        m1_0.display_name
2026-09-14T00:02:45.647+07:00 DEBUG 16684 --- [tea-attendance-api] [nio-8080-exec-9] o.s.web.servlet.DispatcherServlet        : GET "/api/notifications?memberId=6", parameters={masked}
2026-09-14T00:02:45.648+07:00 DEBUG 16684 --- [tea-attendance-api] [nio-8080-exec-9] s.w.s.m.m.a.RequestMappingHandlerMapping : Mapped to com.trasua.api.NotificationController#list(Long)
2026-09-14T00:02:45.650+07:00 DEBUG 16684 --- [tea-attendance-api] [nio-8080-exec-7] org.hibernate.SQL                        : 
    select
        dci1_0.id,
        dci1_0.active,
        dci1_0.created_at,
        dci1_0.icon,
        dci1_0.name,
        dci1_0.price,
        dci1_0.updated_at 
    from
        drink_catalog dci1_0
2026-09-14T00:02:45.654+07:00 DEBUG 16684 --- [tea-attendance-api] [nio-8080-exec-3] org.hibernate.SQL                        : 
    select
        cm1_0.id,
        cm1_0.content,
        cm1_0.created_at,
        cm1_0.sender_member_id,
        s1_0.id,
        s1_0.account_name,
        s1_0.account_number,
        s1_0.active,
        s1_0.avatar_url,
        s1_0.bank_bin,
        s1_0.bank_name,
        s1_0.created_at,
        s1_0.display_name,
        s1_0.email,
        s1_0.password_hash,
        s1_0.qr_code_url,
        s1_0.reset_code_expires_at,
        s1_0.reset_code_hash,
        s1_0.role,
        s1_0.updated_at 
    from
        chat_messages cm1_0 
    join
        members s1_0 
            on s1_0.id=cm1_0.sender_member_id 
    order by
        cm1_0.created_at desc 
    limit
        ?
2026-09-14T00:02:45.655+07:00 DEBUG 16684 --- [tea-attendance-api] [nio-8080-exec-6] org.hibernate.SQL                        : 
    select
        distinct do1_0.id,
        do1_0.created_at,
        i1_0.order_id,
        i1_0.id,
        i1_0.consumer_member_id,
        c1_0.id,
        c1_0.account_name,
        c1_0.account_number,
        c1_0.active,
        c1_0.avatar_url,
        c1_0.bank_bin,
        c1_0.bank_name,
        c1_0.created_at,
        c1_0.display_name,
        c1_0.email,
        c1_0.password_hash,
        c1_0.qr_code_url,
        c1_0.reset_code_expires_at,
        c1_0.reset_code_hash,
        c1_0.role,
        c1_0.updated_at,
        i1_0.drink_name,
        i1_0.line_total,
        i1_0.quantity,
        i1_0.unit_price,
        do1_0.note,
        do1_0.order_date,
        do1_0.payer_member_id,
        p1_0.id,
        p1_0.account_name,
        p1_0.account_number,
        p1_0.active,
        p1_0.avatar_url,
        p1_0.bank_bin,
        p1_0.bank_name,
        p1_0.created_at,
        p1_0.display_name,
        p1_0.email,
        p1_0.password_hash,
        p1_0.qr_code_url,
        p1_0.reset_code_expires_at,
        p1_0.reset_code_hash,
        p1_0.role,
        p1_0.updated_at,
        do1_0.total_amount,
        do1_0.updated_at 
    from
        drink_orders do1_0 
    join
        members p1_0 
            on p1_0.id=do1_0.payer_member_id 
    left join
        order_items i1_0 
            on do1_0.id=i1_0.order_id 
    left join
        members c1_0 
            on c1_0.id=i1_0.consumer_member_id 
    where
        do1_0.order_date between ? and ? 
    order by
        do1_0.order_date,
        do1_0.id
2026-09-14T00:02:45.663+07:00 DEBUG 16684 --- [tea-attendance-api] [nio-8080-exec-9] org.hibernate.SQL                        : 
    select
        n1_0.id,
        n1_0.body,
        n1_0.created_at,
        n1_0.read_at,
        n1_0.recipient_member_id,
        r1_0.id,
        r1_0.account_name,
        r1_0.account_number,
        r1_0.active,
        r1_0.avatar_url,
        r1_0.bank_bin,
        r1_0.bank_name,
        r1_0.created_at,
        r1_0.display_name,
        r1_0.email,
        r1_0.password_hash,
        r1_0.qr_code_url,
        r1_0.reset_code_expires_at,
        r1_0.reset_code_hash,
        r1_0.role,
        r1_0.updated_at,
        n1_0.settlement_id,
        n1_0.title,
        n1_0.transfer_id,
        n1_0.type 
    from
        notifications n1_0 
    join
        members r1_0 
            on r1_0.id=n1_0.recipient_member_id 
    where
        r1_0.id=? 
    order by
        n1_0.created_at desc
2026-09-14T00:02:45.664+07:00 DEBUG 16684 --- [tea-attendance-api] [nio-8080-exec-3] org.hibernate.SQL                        : 
    select
        a1_0.message_id,
        a1_0.id,
        a1_0.byte_size,
        a1_0.content_type,
        a1_0.created_at,
        a1_0.original_filename,
        a1_0.storage_key 
    from
        chat_attachments a1_0 
    where
        a1_0.message_id=? 
    order by
        a1_0.id
2026-09-14T00:02:45.667+07:00 DEBUG 16684 --- [tea-attendance-api] [nio-8080-exec-5] m.m.a.RequestResponseBodyMethodProcessor : Using 'application/json', given [*/*] and supported [application/json, application/*+json]
2026-09-14T00:02:45.667+07:00 DEBUG 16684 --- [tea-attendance-api] [nio-8080-exec-7] m.m.a.RequestResponseBodyMethodProcessor : Using 'application/json', given [*/*] and supported [application/json, application/*+json]
2026-09-14T00:02:45.667+07:00 DEBUG 16684 --- [tea-attendance-api] [nio-8080-exec-3] org.hibernate.SQL                        : 
    select
        a1_0.message_id,
        a1_0.id,
        a1_0.byte_size,
        a1_0.content_type,
        a1_0.created_at,
        a1_0.original_filename,
        a1_0.storage_key 
    from
        chat_attachments a1_0 
    where
        a1_0.message_id=? 
    order by
        a1_0.id
2026-09-14T00:02:45.667+07:00 DEBUG 16684 --- [tea-attendance-api] [nio-8080-exec-7] m.m.a.RequestResponseBodyMethodProcessor : Writing [[DrinkCatalogResponse[id=1, name=Tra da, price=5000, icon=?, active=true], DrinkCatalogResponse[id= (truncated)...]
2026-09-14T00:02:45.667+07:00 DEBUG 16684 --- [tea-attendance-api] [nio-8080-exec-5] m.m.a.RequestResponseBodyMethodProcessor : Writing [[MemberResponse[id=4, displayName=H??ng, email=huong@example.test, bankName=Techcombank, bankBin=970 (truncated)...]
2026-09-14T00:02:45.668+07:00 DEBUG 16684 --- [tea-attendance-api] [nio-8080-exec-7] o.s.web.servlet.DispatcherServlet        : Completed 200 OK
2026-09-14T00:02:45.669+07:00 DEBUG 16684 --- [tea-attendance-api] [nio-8080-exec-5] o.s.web.servlet.DispatcherServlet        : Completed 200 OK
2026-09-14T00:02:45.671+07:00 DEBUG 16684 --- [tea-attendance-api] [nio-8080-exec-3] org.hibernate.SQL                        : 
    select
        a1_0.message_id,
        a1_0.id,
        a1_0.byte_size,
        a1_0.content_type,
        a1_0.created_at,
        a1_0.original_filename,
        a1_0.storage_key 
    from
        chat_attachments a1_0 
    where
        a1_0.message_id=? 
    order by
        a1_0.id
2026-09-14T00:02:45.672+07:00 DEBUG 16684 --- [tea-attendance-api] [nio-8080-exec-2] o.s.web.servlet.DispatcherServlet        : GET "/api/drinks?includeInactive=true", parameters={masked}
2026-09-14T00:02:45.672+07:00 DEBUG 16684 --- [tea-attendance-api] [nio-8080-exec-2] s.w.s.m.m.a.RequestMappingHandlerMapping : Mapped to com.trasua.api.DrinkCatalogController#list(boolean)
2026-09-14T00:02:45.674+07:00 DEBUG 16684 --- [tea-attendance-api] [nio-8080-exec-1] o.s.web.servlet.DispatcherServlet        : GET "/api/members", parameters={}
2026-09-14T00:02:45.675+07:00 DEBUG 16684 --- [tea-attendance-api] [nio-8080-exec-1] s.w.s.m.m.a.RequestMappingHandlerMapping : Mapped to com.trasua.api.MemberController#list(boolean)
2026-09-14T00:02:45.681+07:00 DEBUG 16684 --- [tea-attendance-api] [nio-8080-exec-6] m.m.a.RequestResponseBodyMethodProcessor : Using 'application/json', given [*/*] and supported [application/json, application/*+json]
2026-09-14T00:02:45.681+07:00 DEBUG 16684 --- [tea-attendance-api] [nio-8080-exec-6] m.m.a.RequestResponseBodyMethodProcessor : Writing [[]]
2026-09-14T00:02:45.681+07:00 DEBUG 16684 --- [tea-attendance-api] [nio-8080-exec-3] org.hibernate.SQL                        : 
    select
        a1_0.message_id,
        a1_0.id,
        a1_0.byte_size,
        a1_0.content_type,
        a1_0.created_at,
        a1_0.original_filename,
        a1_0.storage_key 
    from
        chat_attachments a1_0 
    where
        a1_0.message_id=? 
    order by
        a1_0.id
2026-09-14T00:02:45.682+07:00 DEBUG 16684 --- [tea-attendance-api] [nio-8080-exec-6] o.s.web.servlet.DispatcherServlet        : Completed 200 OK
2026-09-14T00:02:45.683+07:00 DEBUG 16684 --- [tea-attendance-api] [nio-8080-exec-4] o.s.web.servlet.DispatcherServlet        : GET "/api/expenses/range?from=2026-09-14&to=2026-09-20", parameters={masked}
2026-09-14T00:02:45.683+07:00 DEBUG 16684 --- [tea-attendance-api] [nio-8080-exec-4] s.w.s.m.m.a.RequestMappingHandlerMapping : Mapped to com.trasua.api.ExpenseController#range(LocalDate, LocalDate)
2026-09-14T00:02:45.688+07:00 DEBUG 16684 --- [tea-attendance-api] [nio-8080-exec-3] org.hibernate.SQL                        : 
    select
        a1_0.message_id,
        a1_0.id,
        a1_0.byte_size,
        a1_0.content_type,
        a1_0.created_at,
        a1_0.original_filename,
        a1_0.storage_key 
    from
        chat_attachments a1_0 
    where
        a1_0.message_id=? 
    order by
        a1_0.id
2026-09-14T00:02:45.688+07:00 DEBUG 16684 --- [tea-attendance-api] [nio-8080-exec-2] org.hibernate.SQL                        : 
    select
        dci1_0.id,
        dci1_0.active,
        dci1_0.created_at,
        dci1_0.icon,
        dci1_0.name,
        dci1_0.price,
        dci1_0.updated_at 
    from
        drink_catalog dci1_0
2026-09-14T00:02:45.693+07:00 DEBUG 16684 --- [tea-attendance-api] [nio-8080-exec-1] org.hibernate.SQL                        : 
    select
        m1_0.id,
        m1_0.account_name,
        m1_0.account_number,
        m1_0.active,
        m1_0.avatar_url,
        m1_0.bank_bin,
        m1_0.bank_name,
        m1_0.created_at,
        m1_0.display_name,
        m1_0.email,
        m1_0.password_hash,
        m1_0.qr_code_url,
        m1_0.reset_code_expires_at,
        m1_0.reset_code_hash,
        m1_0.role,
        m1_0.updated_at 
    from
        members m1_0 
    where
        m1_0.active 
    order by
        m1_0.display_name
2026-09-14T00:02:45.695+07:00 DEBUG 16684 --- [tea-attendance-api] [nio-8080-exec-9] m.m.a.RequestResponseBodyMethodProcessor : Using 'application/json', given [*/*] and supported [application/json, application/*+json]
2026-09-14T00:02:45.695+07:00 DEBUG 16684 --- [tea-attendance-api] [nio-8080-exec-9] m.m.a.RequestResponseBodyMethodProcessor : Writing [[]]
2026-09-14T00:02:45.695+07:00 DEBUG 16684 --- [tea-attendance-api] [nio-8080-exec-9] o.s.web.servlet.DispatcherServlet        : Completed 200 OK
2026-09-14T00:02:45.697+07:00 DEBUG 16684 --- [tea-attendance-api] [nio-8080-exec-3] org.hibernate.SQL                        : 
    select
        a1_0.message_id,
        a1_0.id,
        a1_0.byte_size,
        a1_0.content_type,
        a1_0.created_at,
        a1_0.original_filename,
        a1_0.storage_key 
    from
        chat_attachments a1_0 
    where
        a1_0.message_id=? 
    order by
        a1_0.id
2026-09-14T00:02:45.699+07:00 DEBUG 16684 --- [tea-attendance-api] [io-8080-exec-10] o.s.web.servlet.DispatcherServlet        : GET "/api/notifications?memberId=6", parameters={masked}
2026-09-14T00:02:45.699+07:00 DEBUG 16684 --- [tea-attendance-api] [io-8080-exec-10] s.w.s.m.m.a.RequestMappingHandlerMapping : Mapped to com.trasua.api.NotificationController#list(Long)
2026-09-14T00:02:45.703+07:00 DEBUG 16684 --- [tea-attendance-api] [nio-8080-exec-4] org.hibernate.SQL                        : 
    select
        distinct do1_0.id,
        do1_0.created_at,
        i1_0.order_id,
        i1_0.id,
        i1_0.consumer_member_id,
        c1_0.id,
        c1_0.account_name,
        c1_0.account_number,
        c1_0.active,
        c1_0.avatar_url,
        c1_0.bank_bin,
        c1_0.bank_name,
        c1_0.created_at,
        c1_0.display_name,
        c1_0.email,
        c1_0.password_hash,
        c1_0.qr_code_url,
        c1_0.reset_code_expires_at,
        c1_0.reset_code_hash,
        c1_0.role,
        c1_0.updated_at,
        i1_0.drink_name,
        i1_0.line_total,
        i1_0.quantity,
        i1_0.unit_price,
        do1_0.note,
        do1_0.order_date,
        do1_0.payer_member_id,
        p1_0.id,
        p1_0.account_name,
        p1_0.account_number,
        p1_0.active,
        p1_0.avatar_url,
        p1_0.bank_bin,
        p1_0.bank_name,
        p1_0.created_at,
        p1_0.display_name,
        p1_0.email,
        p1_0.password_hash,
        p1_0.qr_code_url,
        p1_0.reset_code_expires_at,
        p1_0.reset_code_hash,
        p1_0.role,
        p1_0.updated_at,
        do1_0.total_amount,
        do1_0.updated_at 
    from
        drink_orders do1_0 
    join
        members p1_0 
            on p1_0.id=do1_0.payer_member_id 
    left join
        order_items i1_0 
            on do1_0.id=i1_0.order_id 
    left join
        members c1_0 
            on c1_0.id=i1_0.consumer_member_id 
    where
        do1_0.order_date between ? and ? 
    order by
        do1_0.order_date,
        do1_0.id
2026-09-14T00:02:45.709+07:00 DEBUG 16684 --- [tea-attendance-api] [nio-8080-exec-2] m.m.a.RequestResponseBodyMethodProcessor : Using 'application/json', given [*/*] and supported [application/json, application/*+json]
2026-09-14T00:02:45.710+07:00 DEBUG 16684 --- [tea-attendance-api] [nio-8080-exec-2] m.m.a.RequestResponseBodyMethodProcessor : Writing [[DrinkCatalogResponse[id=1, name=Tra da, price=5000, icon=?, active=true], DrinkCatalogResponse[id= (truncated)...]
2026-09-14T00:02:45.711+07:00 DEBUG 16684 --- [tea-attendance-api] [io-8080-exec-10] org.hibernate.SQL                        : 
    select
        n1_0.id,
        n1_0.body,
        n1_0.created_at,
        n1_0.read_at,
        n1_0.recipient_member_id,
        r1_0.id,
        r1_0.account_name,
        r1_0.account_number,
        r1_0.active,
        r1_0.avatar_url,
        r1_0.bank_bin,
        r1_0.bank_name,
        r1_0.created_at,
        r1_0.display_name,
        r1_0.email,
        r1_0.password_hash,
        r1_0.qr_code_url,
        r1_0.reset_code_expires_at,
        r1_0.reset_code_hash,
        r1_0.role,
        r1_0.updated_at,
        n1_0.settlement_id,
        n1_0.title,
        n1_0.transfer_id,
        n1_0.type 
    from
        notifications n1_0 
    join
        members r1_0 
            on r1_0.id=n1_0.recipient_member_id 
    where
        r1_0.id=? 
    order by
        n1_0.created_at desc
2026-09-14T00:02:45.711+07:00 DEBUG 16684 --- [tea-attendance-api] [nio-8080-exec-2] o.s.web.servlet.DispatcherServlet        : Completed 200 OK
2026-09-14T00:02:45.713+07:00 DEBUG 16684 --- [tea-attendance-api] [nio-8080-exec-1] m.m.a.RequestResponseBodyMethodProcessor : Using 'application/json', given [*/*] and supported [application/json, application/*+json]
2026-09-14T00:02:45.714+07:00 DEBUG 16684 --- [tea-attendance-api] [nio-8080-exec-1] m.m.a.RequestResponseBodyMethodProcessor : Writing [[MemberResponse[id=4, displayName=H??ng, email=huong@example.test, bankName=Techcombank, bankBin=970 (truncated)...]
2026-09-14T00:02:45.715+07:00 DEBUG 16684 --- [tea-attendance-api] [nio-8080-exec-1] o.s.web.servlet.DispatcherServlet        : Completed 200 OK
2026-09-14T00:02:45.716+07:00 DEBUG 16684 --- [tea-attendance-api] [nio-8080-exec-3] m.m.a.RequestResponseBodyMethodProcessor : Using 'application/json', given [*/*] and supported [application/json, application/*+json]
2026-09-14T00:02:45.717+07:00 DEBUG 16684 --- [tea-attendance-api] [nio-8080-exec-3] m.m.a.RequestResponseBodyMethodProcessor : Writing [[ChatMessageResponse[id=2, sender=MemberBriefResponse[id=1, displayName=Minh Anh], content=alo, atta (truncated)...]
2026-09-14T00:02:45.717+07:00 DEBUG 16684 --- [tea-attendance-api] [nio-8080-exec-3] o.s.web.servlet.DispatcherServlet        : Completed 200 OK
2026-09-14T00:02:45.721+07:00 DEBUG 16684 --- [tea-attendance-api] [nio-8080-exec-8] o.s.web.servlet.DispatcherServlet        : GET "/api/chat/messages", parameters={}
2026-09-14T00:02:45.721+07:00 DEBUG 16684 --- [tea-attendance-api] [nio-8080-exec-8] s.w.s.m.m.a.RequestMappingHandlerMapping : Mapped to com.trasua.api.ChatController#list(Instant, int)
2026-09-14T00:02:45.730+07:00 DEBUG 16684 --- [tea-attendance-api] [io-8080-exec-10] m.m.a.RequestResponseBodyMethodProcessor : Using 'application/json', given [*/*] and supported [application/json, application/*+json]
2026-09-14T00:02:45.730+07:00 DEBUG 16684 --- [tea-attendance-api] [io-8080-exec-10] m.m.a.RequestResponseBodyMethodProcessor : Writing [[]]
2026-09-14T00:02:45.730+07:00 DEBUG 16684 --- [tea-attendance-api] [io-8080-exec-10] o.s.web.servlet.DispatcherServlet        : Completed 200 OK
2026-09-14T00:02:45.733+07:00 DEBUG 16684 --- [tea-attendance-api] [nio-8080-exec-4] m.m.a.RequestResponseBodyMethodProcessor : Using 'application/json', given [*/*] and supported [application/json, application/*+json]
2026-09-14T00:02:45.733+07:00 DEBUG 16684 --- [tea-attendance-api] [nio-8080-exec-8] org.hibernate.SQL                        : 
    select
        cm1_0.id,
        cm1_0.content,
        cm1_0.created_at,
        cm1_0.sender_member_id,
        s1_0.id,
        s1_0.account_name,
        s1_0.account_number,
        s1_0.active,
        s1_0.avatar_url,
        s1_0.bank_bin,
        s1_0.bank_name,
        s1_0.created_at,
        s1_0.display_name,
        s1_0.email,
        s1_0.password_hash,
        s1_0.qr_code_url,
        s1_0.reset_code_expires_at,
        s1_0.reset_code_hash,
        s1_0.role,
        s1_0.updated_at 
    from
        chat_messages cm1_0 
    join
        members s1_0 
            on s1_0.id=cm1_0.sender_member_id 
    order by
        cm1_0.created_at desc 
    limit
        ?
2026-09-14T00:02:45.733+07:00 DEBUG 16684 --- [tea-attendance-api] [nio-8080-exec-4] m.m.a.RequestResponseBodyMethodProcessor : Writing [[]]
2026-09-14T00:02:45.734+07:00 DEBUG 16684 --- [tea-attendance-api] [nio-8080-exec-4] o.s.web.servlet.DispatcherServlet        : Completed 200 OK
2026-09-14T00:02:45.740+07:00 DEBUG 16684 --- [tea-attendance-api] [nio-8080-exec-8] org.hibernate.SQL                        : 
    select
        a1_0.message_id,
        a1_0.id,
        a1_0.byte_size,
        a1_0.content_type,
        a1_0.created_at,
        a1_0.original_filename,
        a1_0.storage_key 
    from
        chat_attachments a1_0 
    where
        a1_0.message_id=? 
    order by
        a1_0.id
2026-09-14T00:02:45.747+07:00 DEBUG 16684 --- [tea-attendance-api] [nio-8080-exec-8] org.hibernate.SQL                        : 
    select
        a1_0.message_id,
        a1_0.id,
        a1_0.byte_size,
        a1_0.content_type,
        a1_0.created_at,
        a1_0.original_filename,
        a1_0.storage_key 
    from
        chat_attachments a1_0 
    where
        a1_0.message_id=? 
    order by
        a1_0.id
2026-09-14T00:02:45.752+07:00 DEBUG 16684 --- [tea-attendance-api] [nio-8080-exec-8] org.hibernate.SQL                        : 
    select
        a1_0.message_id,
        a1_0.id,
        a1_0.byte_size,
        a1_0.content_type,
        a1_0.created_at,
        a1_0.original_filename,
        a1_0.storage_key 
    from
        chat_attachments a1_0 
    where
        a1_0.message_id=? 
    order by
        a1_0.id
2026-09-14T00:02:45.761+07:00 DEBUG 16684 --- [tea-attendance-api] [nio-8080-exec-8] org.hibernate.SQL                        : 
    select
        a1_0.message_id,
        a1_0.id,
        a1_0.byte_size,
        a1_0.content_type,
        a1_0.created_at,
        a1_0.original_filename,
        a1_0.storage_key 
    from
        chat_attachments a1_0 
    where
        a1_0.message_id=? 
    order by
        a1_0.id
2026-09-14T00:02:45.766+07:00 DEBUG 16684 --- [tea-attendance-api] [nio-8080-exec-8] org.hibernate.SQL                        : 
    select
        a1_0.message_id,
        a1_0.id,
        a1_0.byte_size,
        a1_0.content_type,
        a1_0.created_at,
        a1_0.original_filename,
        a1_0.storage_key 
    from
        chat_attachments a1_0 
    where
        a1_0.message_id=? 
    order by
        a1_0.id
2026-09-14T00:02:45.771+07:00 DEBUG 16684 --- [tea-attendance-api] [nio-8080-exec-8] org.hibernate.SQL                        : 
    select
        a1_0.message_id,
        a1_0.id,
        a1_0.byte_size,
        a1_0.content_type,
        a1_0.created_at,
        a1_0.original_filename,
        a1_0.storage_key 
    from
        chat_attachments a1_0 
    where
        a1_0.message_id=? 
    order by
        a1_0.id
2026-09-14T00:02:45.787+07:00 DEBUG 16684 --- [tea-attendance-api] [nio-8080-exec-8] m.m.a.RequestResponseBodyMethodProcessor : Using 'application/json', given [*/*] and supported [application/json, application/*+json]
2026-09-14T00:02:45.787+07:00 DEBUG 16684 --- [tea-attendance-api] [nio-8080-exec-8] m.m.a.RequestResponseBodyMethodProcessor : Writing [[ChatMessageResponse[id=2, sender=MemberBriefResponse[id=1, displayName=Minh Anh], content=alo, atta (truncated)...]
2026-09-14T00:02:45.789+07:00 DEBUG 16684 --- [tea-attendance-api] [nio-8080-exec-8] o.s.web.servlet.DispatcherServlet        : Completed 200 OK
2026-09-14T00:06:01.168+07:00 DEBUG 16684 --- [tea-attendance-api] [nio-8080-exec-3] o.s.web.servlet.DispatcherServlet        : GET "/api/drinks?includeInactive=true", parameters={masked}
2026-09-14T00:06:01.168+07:00 DEBUG 16684 --- [tea-attendance-api] [io-8080-exec-10] o.s.web.servlet.DispatcherServlet        : GET "/api/notifications?memberId=6", parameters={masked}
2026-09-14T00:06:01.169+07:00 DEBUG 16684 --- [tea-attendance-api] [nio-8080-exec-3] s.w.s.m.m.a.RequestMappingHandlerMapping : Mapped to com.trasua.api.DrinkCatalogController#list(boolean)
2026-09-14T00:06:01.169+07:00 DEBUG 16684 --- [tea-attendance-api] [io-8080-exec-10] s.w.s.m.m.a.RequestMappingHandlerMapping : Mapped to com.trasua.api.NotificationController#list(Long)
2026-09-14T00:06:01.171+07:00 DEBUG 16684 --- [tea-attendance-api] [nio-8080-exec-8] o.s.web.servlet.DispatcherServlet        : GET "/api/expenses/range?from=2026-09-14&to=2026-09-20", parameters={masked}
2026-09-14T00:06:01.172+07:00 DEBUG 16684 --- [tea-attendance-api] [nio-8080-exec-8] s.w.s.m.m.a.RequestMappingHandlerMapping : Mapped to com.trasua.api.ExpenseController#range(LocalDate, LocalDate)
2026-09-14T00:06:01.172+07:00 DEBUG 16684 --- [tea-attendance-api] [nio-8080-exec-1] o.s.web.servlet.DispatcherServlet        : GET "/api/chat/messages", parameters={}
2026-09-14T00:06:01.173+07:00 DEBUG 16684 --- [tea-attendance-api] [nio-8080-exec-1] s.w.s.m.m.a.RequestMappingHandlerMapping : Mapped to com.trasua.api.ChatController#list(Instant, int)
2026-09-14T00:06:01.168+07:00 DEBUG 16684 --- [tea-attendance-api] [nio-8080-exec-4] o.s.web.servlet.DispatcherServlet        : GET "/api/members", parameters={}
2026-09-14T00:06:01.173+07:00 DEBUG 16684 --- [tea-attendance-api] [nio-8080-exec-4] s.w.s.m.m.a.RequestMappingHandlerMapping : Mapped to com.trasua.api.MemberController#list(boolean)
2026-09-14T00:06:01.221+07:00 DEBUG 16684 --- [tea-attendance-api] [nio-8080-exec-8] org.hibernate.SQL                        : 
    select
        distinct do1_0.id,
        do1_0.created_at,
        i1_0.order_id,
        i1_0.id,
        i1_0.consumer_member_id,
        c1_0.id,
        c1_0.account_name,
        c1_0.account_number,
        c1_0.active,
        c1_0.avatar_url,
        c1_0.bank_bin,
        c1_0.bank_name,
        c1_0.created_at,
        c1_0.display_name,
        c1_0.email,
        c1_0.password_hash,
        c1_0.qr_code_url,
        c1_0.reset_code_expires_at,
        c1_0.reset_code_hash,
        c1_0.role,
        c1_0.updated_at,
        i1_0.drink_name,
        i1_0.line_total,
        i1_0.quantity,
        i1_0.unit_price,
        do1_0.note,
        do1_0.order_date,
        do1_0.payer_member_id,
        p1_0.id,
        p1_0.account_name,
        p1_0.account_number,
        p1_0.active,
        p1_0.avatar_url,
        p1_0.bank_bin,
        p1_0.bank_name,
        p1_0.created_at,
        p1_0.display_name,
        p1_0.email,
        p1_0.password_hash,
        p1_0.qr_code_url,
        p1_0.reset_code_expires_at,
        p1_0.reset_code_hash,
        p1_0.role,
        p1_0.updated_at,
        do1_0.total_amount,
        do1_0.updated_at 
    from
        drink_orders do1_0 
    join
        members p1_0 
            on p1_0.id=do1_0.payer_member_id 
    left join
        order_items i1_0 
            on do1_0.id=i1_0.order_id 
    left join
        members c1_0 
            on c1_0.id=i1_0.consumer_member_id 
    where
        do1_0.order_date between ? and ? 
    order by
        do1_0.order_date,
        do1_0.id
2026-09-14T00:06:01.224+07:00 DEBUG 16684 --- [tea-attendance-api] [nio-8080-exec-4] org.hibernate.SQL                        : 
    select
        m1_0.id,
        m1_0.account_name,
        m1_0.account_number,
        m1_0.active,
        m1_0.avatar_url,
        m1_0.bank_bin,
        m1_0.bank_name,
        m1_0.created_at,
        m1_0.display_name,
        m1_0.email,
        m1_0.password_hash,
        m1_0.qr_code_url,
        m1_0.reset_code_expires_at,
        m1_0.reset_code_hash,
        m1_0.role,
        m1_0.updated_at 
    from
        members m1_0 
    where
        m1_0.active 
    order by
        m1_0.display_name
2026-09-14T00:06:01.229+07:00 DEBUG 16684 --- [tea-attendance-api] [io-8080-exec-10] org.hibernate.SQL                        : 
    select
        n1_0.id,
        n1_0.body,
        n1_0.created_at,
        n1_0.read_at,
        n1_0.recipient_member_id,
        r1_0.id,
        r1_0.account_name,
        r1_0.account_number,
        r1_0.active,
        r1_0.avatar_url,
        r1_0.bank_bin,
        r1_0.bank_name,
        r1_0.created_at,
        r1_0.display_name,
        r1_0.email,
        r1_0.password_hash,
        r1_0.qr_code_url,
        r1_0.reset_code_expires_at,
        r1_0.reset_code_hash,
        r1_0.role,
        r1_0.updated_at,
        n1_0.settlement_id,
        n1_0.title,
        n1_0.transfer_id,
        n1_0.type 
    from
        notifications n1_0 
    join
        members r1_0 
            on r1_0.id=n1_0.recipient_member_id 
    where
        r1_0.id=? 
    order by
        n1_0.created_at desc
2026-09-14T00:06:01.229+07:00 DEBUG 16684 --- [tea-attendance-api] [nio-8080-exec-1] org.hibernate.SQL                        : 
    select
        cm1_0.id,
        cm1_0.content,
        cm1_0.created_at,
        cm1_0.sender_member_id,
        s1_0.id,
        s1_0.account_name,
        s1_0.account_number,
        s1_0.active,
        s1_0.avatar_url,
        s1_0.bank_bin,
        s1_0.bank_name,
        s1_0.created_at,
        s1_0.display_name,
        s1_0.email,
        s1_0.password_hash,
        s1_0.qr_code_url,
        s1_0.reset_code_expires_at,
        s1_0.reset_code_hash,
        s1_0.role,
        s1_0.updated_at 
    from
        chat_messages cm1_0 
    join
        members s1_0 
            on s1_0.id=cm1_0.sender_member_id 
    order by
        cm1_0.created_at desc 
    limit
        ?
2026-09-14T00:06:01.241+07:00 DEBUG 16684 --- [tea-attendance-api] [nio-8080-exec-3] org.hibernate.SQL                        : 
    select
        dci1_0.id,
        dci1_0.active,
        dci1_0.created_at,
        dci1_0.icon,
        dci1_0.name,
        dci1_0.price,
        dci1_0.updated_at 
    from
        drink_catalog dci1_0
2026-09-14T00:06:01.275+07:00 DEBUG 16684 --- [tea-attendance-api] [nio-8080-exec-1] org.hibernate.SQL                        : 
    select
        a1_0.message_id,
        a1_0.id,
        a1_0.byte_size,
        a1_0.content_type,
        a1_0.created_at,
        a1_0.original_filename,
        a1_0.storage_key 
    from
        chat_attachments a1_0 
    where
        a1_0.message_id=? 
    order by
        a1_0.id
2026-09-14T00:06:01.279+07:00 DEBUG 16684 --- [tea-attendance-api] [nio-8080-exec-3] m.m.a.RequestResponseBodyMethodProcessor : Using 'application/json', given [*/*] and supported [application/json, application/*+json]
2026-09-14T00:06:01.280+07:00 DEBUG 16684 --- [tea-attendance-api] [nio-8080-exec-3] m.m.a.RequestResponseBodyMethodProcessor : Writing [[DrinkCatalogResponse[id=1, name=Tra da, price=5000, icon=?, active=true], DrinkCatalogResponse[id= (truncated)...]
2026-09-14T00:06:01.283+07:00 DEBUG 16684 --- [tea-attendance-api] [nio-8080-exec-3] o.s.web.servlet.DispatcherServlet        : Completed 200 OK
2026-09-14T00:06:01.295+07:00 DEBUG 16684 --- [tea-attendance-api] [nio-8080-exec-1] org.hibernate.SQL                        : 
    select
        a1_0.message_id,
        a1_0.id,
        a1_0.byte_size,
        a1_0.content_type,
        a1_0.created_at,
        a1_0.original_filename,
        a1_0.storage_key 
    from
        chat_attachments a1_0 
    where
        a1_0.message_id=? 
    order by
        a1_0.id
2026-09-14T00:06:01.303+07:00 DEBUG 16684 --- [tea-attendance-api] [nio-8080-exec-2] o.s.web.servlet.DispatcherServlet        : GET "/api/drinks?includeInactive=true", parameters={masked}
2026-09-14T00:06:01.304+07:00 DEBUG 16684 --- [tea-attendance-api] [nio-8080-exec-2] s.w.s.m.m.a.RequestMappingHandlerMapping : Mapped to com.trasua.api.DrinkCatalogController#list(boolean)
2026-09-14T00:06:01.343+07:00 DEBUG 16684 --- [tea-attendance-api] [nio-8080-exec-1] org.hibernate.SQL                        : 
    select
        a1_0.message_id,
        a1_0.id,
        a1_0.byte_size,
        a1_0.content_type,
        a1_0.created_at,
        a1_0.original_filename,
        a1_0.storage_key 
    from
        chat_attachments a1_0 
    where
        a1_0.message_id=? 
    order by
        a1_0.id
2026-09-14T00:06:01.345+07:00 DEBUG 16684 --- [tea-attendance-api] [nio-8080-exec-4] m.m.a.RequestResponseBodyMethodProcessor : Using 'application/json', given [*/*] and supported [application/json, application/*+json]
2026-09-14T00:06:01.345+07:00 DEBUG 16684 --- [tea-attendance-api] [nio-8080-exec-4] m.m.a.RequestResponseBodyMethodProcessor : Writing [[MemberResponse[id=4, displayName=H??ng, email=huong@example.test, bankName=Techcombank, bankBin=970 (truncated)...]
2026-09-14T00:06:01.354+07:00 DEBUG 16684 --- [tea-attendance-api] [nio-8080-exec-4] o.s.web.servlet.DispatcherServlet        : Completed 200 OK
2026-09-14T00:06:01.366+07:00 DEBUG 16684 --- [tea-attendance-api] [nio-8080-exec-2] org.hibernate.SQL                        : 
    select
        dci1_0.id,
        dci1_0.active,
        dci1_0.created_at,
        dci1_0.icon,
        dci1_0.name,
        dci1_0.price,
        dci1_0.updated_at 
    from
        drink_catalog dci1_0
2026-09-14T00:06:01.372+07:00 DEBUG 16684 --- [tea-attendance-api] [io-8080-exec-10] m.m.a.RequestResponseBodyMethodProcessor : Using 'application/json', given [*/*] and supported [application/json, application/*+json]
2026-09-14T00:06:01.373+07:00 DEBUG 16684 --- [tea-attendance-api] [nio-8080-exec-1] org.hibernate.SQL                        : 
    select
        a1_0.message_id,
        a1_0.id,
        a1_0.byte_size,
        a1_0.content_type,
        a1_0.created_at,
        a1_0.original_filename,
        a1_0.storage_key 
    from
        chat_attachments a1_0 
    where
        a1_0.message_id=? 
    order by
        a1_0.id
2026-09-14T00:06:01.373+07:00 DEBUG 16684 --- [tea-attendance-api] [io-8080-exec-10] m.m.a.RequestResponseBodyMethodProcessor : Writing [[]]
2026-09-14T00:06:01.374+07:00 DEBUG 16684 --- [tea-attendance-api] [io-8080-exec-10] o.s.web.servlet.DispatcherServlet        : Completed 200 OK
2026-09-14T00:06:01.392+07:00 DEBUG 16684 --- [tea-attendance-api] [nio-8080-exec-5] o.s.web.servlet.DispatcherServlet        : GET "/api/members", parameters={}
2026-09-14T00:06:01.392+07:00 DEBUG 16684 --- [tea-attendance-api] [nio-8080-exec-5] s.w.s.m.m.a.RequestMappingHandlerMapping : Mapped to com.trasua.api.MemberController#list(boolean)
2026-09-14T00:06:01.406+07:00 DEBUG 16684 --- [tea-attendance-api] [nio-8080-exec-7] o.s.web.servlet.DispatcherServlet        : GET "/api/notifications?memberId=6", parameters={masked}
2026-09-14T00:06:01.408+07:00 DEBUG 16684 --- [tea-attendance-api] [nio-8080-exec-7] s.w.s.m.m.a.RequestMappingHandlerMapping : Mapped to com.trasua.api.NotificationController#list(Long)
2026-09-14T00:06:01.414+07:00 DEBUG 16684 --- [tea-attendance-api] [nio-8080-exec-1] org.hibernate.SQL                        : 
    select
        a1_0.message_id,
        a1_0.id,
        a1_0.byte_size,
        a1_0.content_type,
        a1_0.created_at,
        a1_0.original_filename,
        a1_0.storage_key 
    from
        chat_attachments a1_0 
    where
        a1_0.message_id=? 
    order by
        a1_0.id
2026-09-14T00:06:01.441+07:00 DEBUG 16684 --- [tea-attendance-api] [nio-8080-exec-1] org.hibernate.SQL                        : 
    select
        a1_0.message_id,
        a1_0.id,
        a1_0.byte_size,
        a1_0.content_type,
        a1_0.created_at,
        a1_0.original_filename,
        a1_0.storage_key 
    from
        chat_attachments a1_0 
    where
        a1_0.message_id=? 
    order by
        a1_0.id
2026-09-14T00:06:01.444+07:00 DEBUG 16684 --- [tea-attendance-api] [nio-8080-exec-7] org.hibernate.SQL                        : 
    select
        n1_0.id,
        n1_0.body,
        n1_0.created_at,
        n1_0.read_at,
        n1_0.recipient_member_id,
        r1_0.id,
        r1_0.account_name,
        r1_0.account_number,
        r1_0.active,
        r1_0.avatar_url,
        r1_0.bank_bin,
        r1_0.bank_name,
        r1_0.created_at,
        r1_0.display_name,
        r1_0.email,
        r1_0.password_hash,
        r1_0.qr_code_url,
        r1_0.reset_code_expires_at,
        r1_0.reset_code_hash,
        r1_0.role,
        r1_0.updated_at,
        n1_0.settlement_id,
        n1_0.title,
        n1_0.transfer_id,
        n1_0.type 
    from
        notifications n1_0 
    join
        members r1_0 
            on r1_0.id=n1_0.recipient_member_id 
    where
        r1_0.id=? 
    order by
        n1_0.created_at desc
2026-09-14T00:06:01.452+07:00 DEBUG 16684 --- [tea-attendance-api] [nio-8080-exec-8] m.m.a.RequestResponseBodyMethodProcessor : Using 'application/json', given [*/*] and supported [application/json, application/*+json]
2026-09-14T00:06:01.452+07:00 DEBUG 16684 --- [tea-attendance-api] [nio-8080-exec-8] m.m.a.RequestResponseBodyMethodProcessor : Writing [[]]
2026-09-14T00:06:01.453+07:00 DEBUG 16684 --- [tea-attendance-api] [nio-8080-exec-8] o.s.web.servlet.DispatcherServlet        : Completed 200 OK
2026-09-14T00:06:01.454+07:00 DEBUG 16684 --- [tea-attendance-api] [nio-8080-exec-5] org.hibernate.SQL                        : 
    select
        m1_0.id,
        m1_0.account_name,
        m1_0.account_number,
        m1_0.active,
        m1_0.avatar_url,
        m1_0.bank_bin,
        m1_0.bank_name,
        m1_0.created_at,
        m1_0.display_name,
        m1_0.email,
        m1_0.password_hash,
        m1_0.qr_code_url,
        m1_0.reset_code_expires_at,
        m1_0.reset_code_hash,
        m1_0.role,
        m1_0.updated_at 
    from
        members m1_0 
    where
        m1_0.active 
    order by
        m1_0.display_name
2026-09-14T00:06:01.455+07:00 DEBUG 16684 --- [tea-attendance-api] [nio-8080-exec-2] m.m.a.RequestResponseBodyMethodProcessor : Using 'application/json', given [*/*] and supported [application/json, application/*+json]
2026-09-14T00:06:01.456+07:00 DEBUG 16684 --- [tea-attendance-api] [nio-8080-exec-2] m.m.a.RequestResponseBodyMethodProcessor : Writing [[DrinkCatalogResponse[id=1, name=Tra da, price=5000, icon=?, active=true], DrinkCatalogResponse[id= (truncated)...]
2026-09-14T00:06:01.457+07:00 DEBUG 16684 --- [tea-attendance-api] [nio-8080-exec-2] o.s.web.servlet.DispatcherServlet        : Completed 200 OK
2026-09-14T00:06:01.467+07:00 DEBUG 16684 --- [tea-attendance-api] [nio-8080-exec-9] o.s.web.servlet.DispatcherServlet        : GET "/api/expenses/range?from=2026-09-14&to=2026-09-20", parameters={masked}
2026-09-14T00:06:01.467+07:00 DEBUG 16684 --- [tea-attendance-api] [nio-8080-exec-9] s.w.s.m.m.a.RequestMappingHandlerMapping : Mapped to com.trasua.api.ExpenseController#range(LocalDate, LocalDate)
2026-09-14T00:06:01.477+07:00 DEBUG 16684 --- [tea-attendance-api] [nio-8080-exec-1] m.m.a.RequestResponseBodyMethodProcessor : Using 'application/json', given [*/*] and supported [application/json, application/*+json]
2026-09-14T00:06:01.477+07:00 DEBUG 16684 --- [tea-attendance-api] [nio-8080-exec-1] m.m.a.RequestResponseBodyMethodProcessor : Writing [[ChatMessageResponse[id=2, sender=MemberBriefResponse[id=1, displayName=Minh Anh], content=alo, atta (truncated)...]
2026-09-14T00:06:01.477+07:00 DEBUG 16684 --- [tea-attendance-api] [nio-8080-exec-1] o.s.web.servlet.DispatcherServlet        : Completed 200 OK
2026-09-14T00:06:01.488+07:00 DEBUG 16684 --- [tea-attendance-api] [nio-8080-exec-6] o.s.web.servlet.DispatcherServlet        : GET "/api/chat/messages", parameters={}
2026-09-14T00:06:01.488+07:00 DEBUG 16684 --- [tea-attendance-api] [nio-8080-exec-6] s.w.s.m.m.a.RequestMappingHandlerMapping : Mapped to com.trasua.api.ChatController#list(Instant, int)
2026-09-14T00:06:01.493+07:00 DEBUG 16684 --- [tea-attendance-api] [nio-8080-exec-7] m.m.a.RequestResponseBodyMethodProcessor : Using 'application/json', given [*/*] and supported [application/json, application/*+json]
2026-09-14T00:06:01.493+07:00 DEBUG 16684 --- [tea-attendance-api] [nio-8080-exec-7] m.m.a.RequestResponseBodyMethodProcessor : Writing [[]]
2026-09-14T00:06:01.495+07:00 DEBUG 16684 --- [tea-attendance-api] [nio-8080-exec-7] o.s.web.servlet.DispatcherServlet        : Completed 200 OK
2026-09-14T00:06:01.496+07:00 DEBUG 16684 --- [tea-attendance-api] [nio-8080-exec-9] org.hibernate.SQL                        : 
    select
        distinct do1_0.id,
        do1_0.created_at,
        i1_0.order_id,
        i1_0.id,
        i1_0.consumer_member_id,
        c1_0.id,
        c1_0.account_name,
        c1_0.account_number,
        c1_0.active,
        c1_0.avatar_url,
        c1_0.bank_bin,
        c1_0.bank_name,
        c1_0.created_at,
        c1_0.display_name,
        c1_0.email,
        c1_0.password_hash,
        c1_0.qr_code_url,
        c1_0.reset_code_expires_at,
        c1_0.reset_code_hash,
        c1_0.role,
        c1_0.updated_at,
        i1_0.drink_name,
        i1_0.line_total,
        i1_0.quantity,
        i1_0.unit_price,
        do1_0.note,
        do1_0.order_date,
        do1_0.payer_member_id,
        p1_0.id,
        p1_0.account_name,
        p1_0.account_number,
        p1_0.active,
        p1_0.avatar_url,
        p1_0.bank_bin,
        p1_0.bank_name,
        p1_0.created_at,
        p1_0.display_name,
        p1_0.email,
        p1_0.password_hash,
        p1_0.qr_code_url,
        p1_0.reset_code_expires_at,
        p1_0.reset_code_hash,
        p1_0.role,
        p1_0.updated_at,
        do1_0.total_amount,
        do1_0.updated_at 
    from
        drink_orders do1_0 
    join
        members p1_0 
            on p1_0.id=do1_0.payer_member_id 
    left join
        order_items i1_0 
            on do1_0.id=i1_0.order_id 
    left join
        members c1_0 
            on c1_0.id=i1_0.consumer_member_id 
    where
        do1_0.order_date between ? and ? 
    order by
        do1_0.order_date,
        do1_0.id
2026-09-14T00:06:01.546+07:00 DEBUG 16684 --- [tea-attendance-api] [nio-8080-exec-6] org.hibernate.SQL                        : 
    select
        cm1_0.id,
        cm1_0.content,
        cm1_0.created_at,
        cm1_0.sender_member_id,
        s1_0.id,
        s1_0.account_name,
        s1_0.account_number,
        s1_0.active,
        s1_0.avatar_url,
        s1_0.bank_bin,
        s1_0.bank_name,
        s1_0.created_at,
        s1_0.display_name,
        s1_0.email,
        s1_0.password_hash,
        s1_0.qr_code_url,
        s1_0.reset_code_expires_at,
        s1_0.reset_code_hash,
        s1_0.role,
        s1_0.updated_at 
    from
        chat_messages cm1_0 
    join
        members s1_0 
            on s1_0.id=cm1_0.sender_member_id 
    order by
        cm1_0.created_at desc 
    limit
        ?
2026-09-14T00:06:01.588+07:00 DEBUG 16684 --- [tea-attendance-api] [nio-8080-exec-6] org.hibernate.SQL                        : 
    select
        a1_0.message_id,
        a1_0.id,
        a1_0.byte_size,
        a1_0.content_type,
        a1_0.created_at,
        a1_0.original_filename,
        a1_0.storage_key 
    from
        chat_attachments a1_0 
    where
        a1_0.message_id=? 
    order by
        a1_0.id
2026-09-14T00:06:01.593+07:00 DEBUG 16684 --- [tea-attendance-api] [nio-8080-exec-5] m.m.a.RequestResponseBodyMethodProcessor : Using 'application/json', given [*/*] and supported [application/json, application/*+json]
2026-09-14T00:06:01.594+07:00 DEBUG 16684 --- [tea-attendance-api] [nio-8080-exec-9] m.m.a.RequestResponseBodyMethodProcessor : Using 'application/json', given [*/*] and supported [application/json, application/*+json]
2026-09-14T00:06:01.594+07:00 DEBUG 16684 --- [tea-attendance-api] [nio-8080-exec-9] m.m.a.RequestResponseBodyMethodProcessor : Writing [[]]
2026-09-14T00:06:01.594+07:00 DEBUG 16684 --- [tea-attendance-api] [nio-8080-exec-5] m.m.a.RequestResponseBodyMethodProcessor : Writing [[MemberResponse[id=4, displayName=H??ng, email=huong@example.test, bankName=Techcombank, bankBin=970 (truncated)...]
2026-09-14T00:06:01.597+07:00 DEBUG 16684 --- [tea-attendance-api] [nio-8080-exec-9] o.s.web.servlet.DispatcherServlet        : Completed 200 OK
2026-09-14T00:06:01.598+07:00 DEBUG 16684 --- [tea-attendance-api] [nio-8080-exec-5] o.s.web.servlet.DispatcherServlet        : Completed 200 OK
2026-09-14T00:06:01.601+07:00 DEBUG 16684 --- [tea-attendance-api] [nio-8080-exec-6] org.hibernate.SQL                        : 
    select
        a1_0.message_id,
        a1_0.id,
        a1_0.byte_size,
        a1_0.content_type,
        a1_0.created_at,
        a1_0.original_filename,
        a1_0.storage_key 
    from
        chat_attachments a1_0 
    where
        a1_0.message_id=? 
    order by
        a1_0.id
2026-09-14T00:06:01.611+07:00 DEBUG 16684 --- [tea-attendance-api] [nio-8080-exec-6] org.hibernate.SQL                        : 
    select
        a1_0.message_id,
        a1_0.id,
        a1_0.byte_size,
        a1_0.content_type,
        a1_0.created_at,
        a1_0.original_filename,
        a1_0.storage_key 
    from
        chat_attachments a1_0 
    where
        a1_0.message_id=? 
    order by
        a1_0.id
2026-09-14T00:06:01.624+07:00 DEBUG 16684 --- [tea-attendance-api] [nio-8080-exec-6] org.hibernate.SQL                        : 
    select
        a1_0.message_id,
        a1_0.id,
        a1_0.byte_size,
        a1_0.content_type,
        a1_0.created_at,
        a1_0.original_filename,
        a1_0.storage_key 
    from
        chat_attachments a1_0 
    where
        a1_0.message_id=? 
    order by
        a1_0.id
2026-09-14T00:06:01.647+07:00 DEBUG 16684 --- [tea-attendance-api] [nio-8080-exec-6] org.hibernate.SQL                        : 
    select
        a1_0.message_id,
        a1_0.id,
        a1_0.byte_size,
        a1_0.content_type,
        a1_0.created_at,
        a1_0.original_filename,
        a1_0.storage_key 
    from
        chat_attachments a1_0 
    where
        a1_0.message_id=? 
    order by
        a1_0.id
2026-09-14T00:06:01.677+07:00 DEBUG 16684 --- [tea-attendance-api] [nio-8080-exec-6] org.hibernate.SQL                        : 
    select
        a1_0.message_id,
        a1_0.id,
        a1_0.byte_size,
        a1_0.content_type,
        a1_0.created_at,
        a1_0.original_filename,
        a1_0.storage_key 
    from
        chat_attachments a1_0 
    where
        a1_0.message_id=? 
    order by
        a1_0.id
2026-09-14T00:06:01.709+07:00 DEBUG 16684 --- [tea-attendance-api] [nio-8080-exec-6] m.m.a.RequestResponseBodyMethodProcessor : Using 'application/json', given [*/*] and supported [application/json, application/*+json]
2026-09-14T00:06:01.709+07:00 DEBUG 16684 --- [tea-attendance-api] [nio-8080-exec-6] m.m.a.RequestResponseBodyMethodProcessor : Writing [[ChatMessageResponse[id=2, sender=MemberBriefResponse[id=1, displayName=Minh Anh], content=alo, atta (truncated)...]
2026-09-14T00:06:01.712+07:00 DEBUG 16684 --- [tea-attendance-api] [nio-8080-exec-6] o.s.web.servlet.DispatcherServlet        : Completed 200 OK
2026-09-14T00:06:01.767+07:00 DEBUG 16684 --- [tea-attendance-api] [nio-8080-exec-3] o.s.web.servlet.DispatcherServlet        : GET "/api/members", parameters={}
2026-09-14T00:06:01.768+07:00 DEBUG 16684 --- [tea-attendance-api] [nio-8080-exec-3] s.w.s.m.m.a.RequestMappingHandlerMapping : Mapped to com.trasua.api.MemberController#list(boolean)
2026-09-14T00:06:01.771+07:00 DEBUG 16684 --- [tea-attendance-api] [nio-8080-exec-4] o.s.web.servlet.DispatcherServlet        : GET "/api/drinks?includeInactive=true", parameters={masked}
2026-09-14T00:06:01.771+07:00 DEBUG 16684 --- [tea-attendance-api] [nio-8080-exec-4] s.w.s.m.m.a.RequestMappingHandlerMapping : Mapped to com.trasua.api.DrinkCatalogController#list(boolean)
2026-09-14T00:06:01.777+07:00 DEBUG 16684 --- [tea-attendance-api] [io-8080-exec-10] o.s.web.servlet.DispatcherServlet        : GET "/api/expenses/range?from=2026-09-14&to=2026-09-20", parameters={masked}
2026-09-14T00:06:01.777+07:00 DEBUG 16684 --- [tea-attendance-api] [io-8080-exec-10] s.w.s.m.m.a.RequestMappingHandlerMapping : Mapped to com.trasua.api.ExpenseController#range(LocalDate, LocalDate)
2026-09-14T00:06:01.778+07:00 DEBUG 16684 --- [tea-attendance-api] [nio-8080-exec-2] o.s.web.servlet.DispatcherServlet        : GET "/api/notifications?memberId=6", parameters={masked}
2026-09-14T00:06:01.779+07:00 DEBUG 16684 --- [tea-attendance-api] [nio-8080-exec-2] s.w.s.m.m.a.RequestMappingHandlerMapping : Mapped to com.trasua.api.NotificationController#list(Long)
2026-09-14T00:06:01.779+07:00 DEBUG 16684 --- [tea-attendance-api] [nio-8080-exec-8] o.s.web.servlet.DispatcherServlet        : GET "/api/chat/messages", parameters={}
2026-09-14T00:06:01.779+07:00 DEBUG 16684 --- [tea-attendance-api] [nio-8080-exec-8] s.w.s.m.m.a.RequestMappingHandlerMapping : Mapped to com.trasua.api.ChatController#list(Instant, int)
2026-09-14T00:06:01.779+07:00 DEBUG 16684 --- [tea-attendance-api] [nio-8080-exec-3] org.hibernate.SQL                        : 
    select
        m1_0.id,
        m1_0.account_name,
        m1_0.account_number,
        m1_0.active,
        m1_0.avatar_url,
        m1_0.bank_bin,
        m1_0.bank_name,
        m1_0.created_at,
        m1_0.display_name,
        m1_0.email,
        m1_0.password_hash,
        m1_0.qr_code_url,
        m1_0.reset_code_expires_at,
        m1_0.reset_code_hash,
        m1_0.role,
        m1_0.updated_at 
    from
        members m1_0 
    where
        m1_0.active 
    order by
        m1_0.display_name
2026-09-14T00:06:01.789+07:00 DEBUG 16684 --- [tea-attendance-api] [nio-8080-exec-4] org.hibernate.SQL                        : 
    select
        dci1_0.id,
        dci1_0.active,
        dci1_0.created_at,
        dci1_0.icon,
        dci1_0.name,
        dci1_0.price,
        dci1_0.updated_at 
    from
        drink_catalog dci1_0
2026-09-14T00:06:01.792+07:00 DEBUG 16684 --- [tea-attendance-api] [nio-8080-exec-8] org.hibernate.SQL                        : 
    select
        cm1_0.id,
        cm1_0.content,
        cm1_0.created_at,
        cm1_0.sender_member_id,
        s1_0.id,
        s1_0.account_name,
        s1_0.account_number,
        s1_0.active,
        s1_0.avatar_url,
        s1_0.bank_bin,
        s1_0.bank_name,
        s1_0.created_at,
        s1_0.display_name,
        s1_0.email,
        s1_0.password_hash,
        s1_0.qr_code_url,
        s1_0.reset_code_expires_at,
        s1_0.reset_code_hash,
        s1_0.role,
        s1_0.updated_at 
    from
        chat_messages cm1_0 
    join
        members s1_0 
            on s1_0.id=cm1_0.sender_member_id 
    order by
        cm1_0.created_at desc 
    limit
        ?
2026-09-14T00:06:01.793+07:00 DEBUG 16684 --- [tea-attendance-api] [nio-8080-exec-2] org.hibernate.SQL                        : 
    select
        n1_0.id,
        n1_0.body,
        n1_0.created_at,
        n1_0.read_at,
        n1_0.recipient_member_id,
        r1_0.id,
        r1_0.account_name,
        r1_0.account_number,
        r1_0.active,
        r1_0.avatar_url,
        r1_0.bank_bin,
        r1_0.bank_name,
        r1_0.created_at,
        r1_0.display_name,
        r1_0.email,
        r1_0.password_hash,
        r1_0.qr_code_url,
        r1_0.reset_code_expires_at,
        r1_0.reset_code_hash,
        r1_0.role,
        r1_0.updated_at,
        n1_0.settlement_id,
        n1_0.title,
        n1_0.transfer_id,
        n1_0.type 
    from
        notifications n1_0 
    join
        members r1_0 
            on r1_0.id=n1_0.recipient_member_id 
    where
        r1_0.id=? 
    order by
        n1_0.created_at desc
2026-09-14T00:06:01.797+07:00 DEBUG 16684 --- [tea-attendance-api] [io-8080-exec-10] org.hibernate.SQL                        : 
    select
        distinct do1_0.id,
        do1_0.created_at,
        i1_0.order_id,
        i1_0.id,
        i1_0.consumer_member_id,
        c1_0.id,
        c1_0.account_name,
        c1_0.account_number,
        c1_0.active,
        c1_0.avatar_url,
        c1_0.bank_bin,
        c1_0.bank_name,
        c1_0.created_at,
        c1_0.display_name,
        c1_0.email,
        c1_0.password_hash,
        c1_0.qr_code_url,
        c1_0.reset_code_expires_at,
        c1_0.reset_code_hash,
        c1_0.role,
        c1_0.updated_at,
        i1_0.drink_name,
        i1_0.line_total,
        i1_0.quantity,
        i1_0.unit_price,
        do1_0.note,
        do1_0.order_date,
        do1_0.payer_member_id,
        p1_0.id,
        p1_0.account_name,
        p1_0.account_number,
        p1_0.active,
        p1_0.avatar_url,
        p1_0.bank_bin,
        p1_0.bank_name,
        p1_0.created_at,
        p1_0.display_name,
        p1_0.email,
        p1_0.password_hash,
        p1_0.qr_code_url,
        p1_0.reset_code_expires_at,
        p1_0.reset_code_hash,
        p1_0.role,
        p1_0.updated_at,
        do1_0.total_amount,
        do1_0.updated_at 
    from
        drink_orders do1_0 
    join
        members p1_0 
            on p1_0.id=do1_0.payer_member_id 
    left join
        order_items i1_0 
            on do1_0.id=i1_0.order_id 
    left join
        members c1_0 
            on c1_0.id=i1_0.consumer_member_id 
    where
        do1_0.order_date between ? and ? 
    order by
        do1_0.order_date,
        do1_0.id
2026-09-14T00:06:01.826+07:00 DEBUG 16684 --- [tea-attendance-api] [nio-8080-exec-8] org.hibernate.SQL                        : 
    select
        a1_0.message_id,
        a1_0.id,
        a1_0.byte_size,
        a1_0.content_type,
        a1_0.created_at,
        a1_0.original_filename,
        a1_0.storage_key 
    from
        chat_attachments a1_0 
    where
        a1_0.message_id=? 
    order by
        a1_0.id
2026-09-14T00:06:01.836+07:00 DEBUG 16684 --- [tea-attendance-api] [nio-8080-exec-3] m.m.a.RequestResponseBodyMethodProcessor : Using 'application/json', given [*/*] and supported [application/json, application/*+json]
2026-09-14T00:06:01.837+07:00 DEBUG 16684 --- [tea-attendance-api] [nio-8080-exec-3] m.m.a.RequestResponseBodyMethodProcessor : Writing [[MemberResponse[id=4, displayName=H??ng, email=huong@example.test, bankName=Techcombank, bankBin=970 (truncated)...]
2026-09-14T00:06:01.838+07:00 DEBUG 16684 --- [tea-attendance-api] [nio-8080-exec-3] o.s.web.servlet.DispatcherServlet        : Completed 200 OK
2026-09-14T00:06:01.845+07:00 DEBUG 16684 --- [tea-attendance-api] [nio-8080-exec-1] o.s.web.servlet.DispatcherServlet        : GET "/api/members", parameters={}
2026-09-14T00:06:01.846+07:00 DEBUG 16684 --- [tea-attendance-api] [nio-8080-exec-1] s.w.s.m.m.a.RequestMappingHandlerMapping : Mapped to com.trasua.api.MemberController#list(boolean)
2026-09-14T00:06:01.947+07:00 DEBUG 16684 --- [tea-attendance-api] [nio-8080-exec-8] org.hibernate.SQL                        : 
    select
        a1_0.message_id,
        a1_0.id,
        a1_0.byte_size,
        a1_0.content_type,
        a1_0.created_at,
        a1_0.original_filename,
        a1_0.storage_key 
    from
        chat_attachments a1_0 
    where
        a1_0.message_id=? 
    order by
        a1_0.id
2026-09-14T00:06:02.023+07:00 DEBUG 16684 --- [tea-attendance-api] [nio-8080-exec-2] m.m.a.RequestResponseBodyMethodProcessor : Using 'application/json', given [*/*] and supported [application/json, application/*+json]
2026-09-14T00:06:02.023+07:00 DEBUG 16684 --- [tea-attendance-api] [nio-8080-exec-2] m.m.a.RequestResponseBodyMethodProcessor : Writing [[]]
2026-09-14T00:06:02.024+07:00 DEBUG 16684 --- [tea-attendance-api] [nio-8080-exec-8] org.hibernate.SQL                        : 
    select
        a1_0.message_id,
        a1_0.id,
        a1_0.byte_size,
        a1_0.content_type,
        a1_0.created_at,
        a1_0.original_filename,
        a1_0.storage_key 
    from
        chat_attachments a1_0 
    where
        a1_0.message_id=? 
    order by
        a1_0.id
2026-09-14T00:06:02.024+07:00 DEBUG 16684 --- [tea-attendance-api] [nio-8080-exec-2] o.s.web.servlet.DispatcherServlet        : Completed 200 OK
2026-09-14T00:06:02.025+07:00 DEBUG 16684 --- [tea-attendance-api] [nio-8080-exec-1] org.hibernate.SQL                        : 
    select
        m1_0.id,
        m1_0.account_name,
        m1_0.account_number,
        m1_0.active,
        m1_0.avatar_url,
        m1_0.bank_bin,
        m1_0.bank_name,
        m1_0.created_at,
        m1_0.display_name,
        m1_0.email,
        m1_0.password_hash,
        m1_0.qr_code_url,
        m1_0.reset_code_expires_at,
        m1_0.reset_code_hash,
        m1_0.role,
        m1_0.updated_at 
    from
        members m1_0 
    where
        m1_0.active 
    order by
        m1_0.display_name
2026-09-14T00:06:02.037+07:00 DEBUG 16684 --- [tea-attendance-api] [nio-8080-exec-7] o.s.web.servlet.DispatcherServlet        : GET "/api/notifications?memberId=6", parameters={masked}
2026-09-14T00:06:02.038+07:00 DEBUG 16684 --- [tea-attendance-api] [nio-8080-exec-7] s.w.s.m.m.a.RequestMappingHandlerMapping : Mapped to com.trasua.api.NotificationController#list(Long)
2026-09-14T00:06:02.043+07:00 DEBUG 16684 --- [tea-attendance-api] [nio-8080-exec-4] m.m.a.RequestResponseBodyMethodProcessor : Using 'application/json', given [*/*] and supported [application/json, application/*+json]
2026-09-14T00:06:02.043+07:00 DEBUG 16684 --- [tea-attendance-api] [nio-8080-exec-4] m.m.a.RequestResponseBodyMethodProcessor : Writing [[DrinkCatalogResponse[id=1, name=Tra da, price=5000, icon=?, active=true], DrinkCatalogResponse[id= (truncated)...]
2026-09-14T00:06:02.044+07:00 DEBUG 16684 --- [tea-attendance-api] [nio-8080-exec-8] org.hibernate.SQL                        : 
    select
        a1_0.message_id,
        a1_0.id,
        a1_0.byte_size,
        a1_0.content_type,
        a1_0.created_at,
        a1_0.original_filename,
        a1_0.storage_key 
    from
        chat_attachments a1_0 
    where
        a1_0.message_id=? 
    order by
        a1_0.id
2026-09-14T00:06:02.044+07:00 DEBUG 16684 --- [tea-attendance-api] [nio-8080-exec-4] o.s.web.servlet.DispatcherServlet        : Completed 200 OK
2026-09-14T00:06:02.046+07:00 DEBUG 16684 --- [tea-attendance-api] [io-8080-exec-10] m.m.a.RequestResponseBodyMethodProcessor : Using 'application/json', given [*/*] and supported [application/json, application/*+json]
2026-09-14T00:06:02.047+07:00 DEBUG 16684 --- [tea-attendance-api] [io-8080-exec-10] m.m.a.RequestResponseBodyMethodProcessor : Writing [[]]
2026-09-14T00:06:02.050+07:00 DEBUG 16684 --- [tea-attendance-api] [io-8080-exec-10] o.s.web.servlet.DispatcherServlet        : Completed 200 OK
2026-09-14T00:06:02.060+07:00 DEBUG 16684 --- [tea-attendance-api] [nio-8080-exec-8] org.hibernate.SQL                        : 
    select
        a1_0.message_id,
        a1_0.id,
        a1_0.byte_size,
        a1_0.content_type,
        a1_0.created_at,
        a1_0.original_filename,
        a1_0.storage_key 
    from
        chat_attachments a1_0 
    where
        a1_0.message_id=? 
    order by
        a1_0.id
2026-09-14T00:06:02.060+07:00 DEBUG 16684 --- [tea-attendance-api] [nio-8080-exec-7] org.hibernate.SQL                        : 
    select
        n1_0.id,
        n1_0.body,
        n1_0.created_at,
        n1_0.read_at,
        n1_0.recipient_member_id,
        r1_0.id,
        r1_0.account_name,
        r1_0.account_number,
        r1_0.active,
        r1_0.avatar_url,
        r1_0.bank_bin,
        r1_0.bank_name,
        r1_0.created_at,
        r1_0.display_name,
        r1_0.email,
        r1_0.password_hash,
        r1_0.qr_code_url,
        r1_0.reset_code_expires_at,
        r1_0.reset_code_hash,
        r1_0.role,
        r1_0.updated_at,
        n1_0.settlement_id,
        n1_0.title,
        n1_0.transfer_id,
        n1_0.type 
    from
        notifications n1_0 
    join
        members r1_0 
            on r1_0.id=n1_0.recipient_member_id 
    where
        r1_0.id=? 
    order by
        n1_0.created_at desc
2026-09-14T00:06:02.064+07:00 DEBUG 16684 --- [tea-attendance-api] [nio-8080-exec-9] o.s.web.servlet.DispatcherServlet        : GET "/api/drinks?includeInactive=true", parameters={masked}
2026-09-14T00:06:02.064+07:00 DEBUG 16684 --- [tea-attendance-api] [nio-8080-exec-9] s.w.s.m.m.a.RequestMappingHandlerMapping : Mapped to com.trasua.api.DrinkCatalogController#list(boolean)
2026-09-14T00:06:02.067+07:00 DEBUG 16684 --- [tea-attendance-api] [nio-8080-exec-5] o.s.web.servlet.DispatcherServlet        : GET "/api/expenses/range?from=2026-09-14&to=2026-09-20", parameters={masked}
2026-09-14T00:06:02.067+07:00 DEBUG 16684 --- [tea-attendance-api] [nio-8080-exec-5] s.w.s.m.m.a.RequestMappingHandlerMapping : Mapped to com.trasua.api.ExpenseController#range(LocalDate, LocalDate)
2026-09-14T00:06:02.078+07:00 DEBUG 16684 --- [tea-attendance-api] [nio-8080-exec-8] org.hibernate.SQL                        : 
    select
        a1_0.message_id,
        a1_0.id,
        a1_0.byte_size,
        a1_0.content_type,
        a1_0.created_at,
        a1_0.original_filename,
        a1_0.storage_key 
    from
        chat_attachments a1_0 
    where
        a1_0.message_id=? 
    order by
        a1_0.id
2026-09-14T00:06:02.090+07:00 DEBUG 16684 --- [tea-attendance-api] [nio-8080-exec-1] m.m.a.RequestResponseBodyMethodProcessor : Using 'application/json', given [*/*] and supported [application/json, application/*+json]
2026-09-14T00:06:02.091+07:00 DEBUG 16684 --- [tea-attendance-api] [nio-8080-exec-1] m.m.a.RequestResponseBodyMethodProcessor : Writing [[MemberResponse[id=4, displayName=H??ng, email=huong@example.test, bankName=Techcombank, bankBin=970 (truncated)...]
2026-09-14T00:06:02.091+07:00 DEBUG 16684 --- [tea-attendance-api] [nio-8080-exec-9] org.hibernate.SQL                        : 
    select
        dci1_0.id,
        dci1_0.active,
        dci1_0.created_at,
        dci1_0.icon,
        dci1_0.name,
        dci1_0.price,
        dci1_0.updated_at 
    from
        drink_catalog dci1_0
2026-09-14T00:06:02.091+07:00 DEBUG 16684 --- [tea-attendance-api] [nio-8080-exec-5] org.hibernate.SQL                        : 
    select
        distinct do1_0.id,
        do1_0.created_at,
        i1_0.order_id,
        i1_0.id,
        i1_0.consumer_member_id,
        c1_0.id,
        c1_0.account_name,
        c1_0.account_number,
        c1_0.active,
        c1_0.avatar_url,
        c1_0.bank_bin,
        c1_0.bank_name,
        c1_0.created_at,
        c1_0.display_name,
        c1_0.email,
        c1_0.password_hash,
        c1_0.qr_code_url,
        c1_0.reset_code_expires_at,
        c1_0.reset_code_hash,
        c1_0.role,
        c1_0.updated_at,
        i1_0.drink_name,
        i1_0.line_total,
        i1_0.quantity,
        i1_0.unit_price,
        do1_0.note,
        do1_0.order_date,
        do1_0.payer_member_id,
        p1_0.id,
        p1_0.account_name,
        p1_0.account_number,
        p1_0.active,
        p1_0.avatar_url,
        p1_0.bank_bin,
        p1_0.bank_name,
        p1_0.created_at,
        p1_0.display_name,
        p1_0.email,
        p1_0.password_hash,
        p1_0.qr_code_url,
        p1_0.reset_code_expires_at,
        p1_0.reset_code_hash,
        p1_0.role,
        p1_0.updated_at,
        do1_0.total_amount,
        do1_0.updated_at 
    from
        drink_orders do1_0 
    join
        members p1_0 
            on p1_0.id=do1_0.payer_member_id 
    left join
        order_items i1_0 
            on do1_0.id=i1_0.order_id 
    left join
        members c1_0 
            on c1_0.id=i1_0.consumer_member_id 
    where
        do1_0.order_date between ? and ? 
    order by
        do1_0.order_date,
        do1_0.id
2026-09-14T00:06:02.091+07:00 DEBUG 16684 --- [tea-attendance-api] [nio-8080-exec-1] o.s.web.servlet.DispatcherServlet        : Completed 200 OK
2026-09-14T00:06:02.109+07:00 DEBUG 16684 --- [tea-attendance-api] [nio-8080-exec-7] m.m.a.RequestResponseBodyMethodProcessor : Using 'application/json', given [*/*] and supported [application/json, application/*+json]
2026-09-14T00:06:02.109+07:00 DEBUG 16684 --- [tea-attendance-api] [nio-8080-exec-7] m.m.a.RequestResponseBodyMethodProcessor : Writing [[]]
2026-09-14T00:06:02.110+07:00 DEBUG 16684 --- [tea-attendance-api] [nio-8080-exec-7] o.s.web.servlet.DispatcherServlet        : Completed 200 OK
2026-09-14T00:06:02.139+07:00 DEBUG 16684 --- [tea-attendance-api] [nio-8080-exec-8] m.m.a.RequestResponseBodyMethodProcessor : Using 'application/json', given [*/*] and supported [application/json, application/*+json]
2026-09-14T00:06:02.139+07:00 DEBUG 16684 --- [tea-attendance-api] [nio-8080-exec-8] m.m.a.RequestResponseBodyMethodProcessor : Writing [[ChatMessageResponse[id=2, sender=MemberBriefResponse[id=1, displayName=Minh Anh], content=alo, atta (truncated)...]
2026-09-14T00:06:02.139+07:00 DEBUG 16684 --- [tea-attendance-api] [nio-8080-exec-8] o.s.web.servlet.DispatcherServlet        : Completed 200 OK
2026-09-14T00:06:02.159+07:00 DEBUG 16684 --- [tea-attendance-api] [nio-8080-exec-9] m.m.a.RequestResponseBodyMethodProcessor : Using 'application/json', given [*/*] and supported [application/json, application/*+json]
2026-09-14T00:06:02.159+07:00 DEBUG 16684 --- [tea-attendance-api] [nio-8080-exec-9] m.m.a.RequestResponseBodyMethodProcessor : Writing [[DrinkCatalogResponse[id=1, name=Tra da, price=5000, icon=?, active=true], DrinkCatalogResponse[id= (truncated)...]
2026-09-14T00:06:02.159+07:00 DEBUG 16684 --- [tea-attendance-api] [nio-8080-exec-9] o.s.web.servlet.DispatcherServlet        : Completed 200 OK
2026-09-14T00:06:02.166+07:00 DEBUG 16684 --- [tea-attendance-api] [nio-8080-exec-6] o.s.web.servlet.DispatcherServlet        : GET "/api/chat/messages", parameters={}
2026-09-14T00:06:02.167+07:00 DEBUG 16684 --- [tea-attendance-api] [nio-8080-exec-6] s.w.s.m.m.a.RequestMappingHandlerMapping : Mapped to com.trasua.api.ChatController#list(Instant, int)
2026-09-14T00:06:02.176+07:00 DEBUG 16684 --- [tea-attendance-api] [nio-8080-exec-6] org.hibernate.SQL                        : 
    select
        cm1_0.id,
        cm1_0.content,
        cm1_0.created_at,
        cm1_0.sender_member_id,
        s1_0.id,
        s1_0.account_name,
        s1_0.account_number,
        s1_0.active,
        s1_0.avatar_url,
        s1_0.bank_bin,
        s1_0.bank_name,
        s1_0.created_at,
        s1_0.display_name,
        s1_0.email,
        s1_0.password_hash,
        s1_0.qr_code_url,
        s1_0.reset_code_expires_at,
        s1_0.reset_code_hash,
        s1_0.role,
        s1_0.updated_at 
    from
        chat_messages cm1_0 
    join
        members s1_0 
            on s1_0.id=cm1_0.sender_member_id 
    order by
        cm1_0.created_at desc 
    limit
        ?
2026-09-14T00:06:02.193+07:00 DEBUG 16684 --- [tea-attendance-api] [nio-8080-exec-6] org.hibernate.SQL                        : 
    select
        a1_0.message_id,
        a1_0.id,
        a1_0.byte_size,
        a1_0.content_type,
        a1_0.created_at,
        a1_0.original_filename,
        a1_0.storage_key 
    from
        chat_attachments a1_0 
    where
        a1_0.message_id=? 
    order by
        a1_0.id
2026-09-14T00:06:02.204+07:00 DEBUG 16684 --- [tea-attendance-api] [nio-8080-exec-6] org.hibernate.SQL                        : 
    select
        a1_0.message_id,
        a1_0.id,
        a1_0.byte_size,
        a1_0.content_type,
        a1_0.created_at,
        a1_0.original_filename,
        a1_0.storage_key 
    from
        chat_attachments a1_0 
    where
        a1_0.message_id=? 
    order by
        a1_0.id
2026-09-14T00:06:02.210+07:00 DEBUG 16684 --- [tea-attendance-api] [nio-8080-exec-6] org.hibernate.SQL                        : 
    select
        a1_0.message_id,
        a1_0.id,
        a1_0.byte_size,
        a1_0.content_type,
        a1_0.created_at,
        a1_0.original_filename,
        a1_0.storage_key 
    from
        chat_attachments a1_0 
    where
        a1_0.message_id=? 
    order by
        a1_0.id
2026-09-14T00:06:02.213+07:00 DEBUG 16684 --- [tea-attendance-api] [nio-8080-exec-5] m.m.a.RequestResponseBodyMethodProcessor : Using 'application/json', given [*/*] and supported [application/json, application/*+json]
2026-09-14T00:06:02.214+07:00 DEBUG 16684 --- [tea-attendance-api] [nio-8080-exec-5] m.m.a.RequestResponseBodyMethodProcessor : Writing [[]]
2026-09-14T00:06:02.215+07:00 DEBUG 16684 --- [tea-attendance-api] [nio-8080-exec-5] o.s.web.servlet.DispatcherServlet        : Completed 200 OK
2026-09-14T00:06:02.223+07:00 DEBUG 16684 --- [tea-attendance-api] [nio-8080-exec-6] org.hibernate.SQL                        : 
    select
        a1_0.message_id,
        a1_0.id,
        a1_0.byte_size,
        a1_0.content_type,
        a1_0.created_at,
        a1_0.original_filename,
        a1_0.storage_key 
    from
        chat_attachments a1_0 
    where
        a1_0.message_id=? 
    order by
        a1_0.id
2026-09-14T00:06:02.235+07:00 DEBUG 16684 --- [tea-attendance-api] [nio-8080-exec-6] org.hibernate.SQL                        : 
    select
        a1_0.message_id,
        a1_0.id,
        a1_0.byte_size,
        a1_0.content_type,
        a1_0.created_at,
        a1_0.original_filename,
        a1_0.storage_key 
    from
        chat_attachments a1_0 
    where
        a1_0.message_id=? 
    order by
        a1_0.id
2026-09-14T00:06:02.243+07:00 DEBUG 16684 --- [tea-attendance-api] [nio-8080-exec-6] org.hibernate.SQL                        : 
    select
        a1_0.message_id,
        a1_0.id,
        a1_0.byte_size,
        a1_0.content_type,
        a1_0.created_at,
        a1_0.original_filename,
        a1_0.storage_key 
    from
        chat_attachments a1_0 
    where
        a1_0.message_id=? 
    order by
        a1_0.id
2026-09-14T00:06:02.278+07:00 DEBUG 16684 --- [tea-attendance-api] [nio-8080-exec-6] m.m.a.RequestResponseBodyMethodProcessor : Using 'application/json', given [*/*] and supported [application/json, application/*+json]
2026-09-14T00:06:02.280+07:00 DEBUG 16684 --- [tea-attendance-api] [nio-8080-exec-6] m.m.a.RequestResponseBodyMethodProcessor : Writing [[ChatMessageResponse[id=2, sender=MemberBriefResponse[id=1, displayName=Minh Anh], content=alo, atta (truncated)...]
2026-09-14T00:06:02.281+07:00 DEBUG 16684 --- [tea-attendance-api] [nio-8080-exec-6] o.s.web.servlet.DispatcherServlet        : Completed 200 OK
2026-09-14T00:06:02.490+07:00 DEBUG 16684 --- [tea-attendance-api] [nio-8080-exec-3] o.s.web.servlet.DispatcherServlet        : GET "/api/members", parameters={}
2026-09-14T00:06:02.490+07:00 DEBUG 16684 --- [tea-attendance-api] [nio-8080-exec-3] s.w.s.m.m.a.RequestMappingHandlerMapping : Mapped to com.trasua.api.MemberController#list(boolean)
2026-09-14T00:06:02.492+07:00 DEBUG 16684 --- [tea-attendance-api] [nio-8080-exec-2] o.s.web.servlet.DispatcherServlet        : GET "/api/drinks?includeInactive=true", parameters={masked}
2026-09-14T00:06:02.494+07:00 DEBUG 16684 --- [tea-attendance-api] [nio-8080-exec-2] s.w.s.m.m.a.RequestMappingHandlerMapping : Mapped to com.trasua.api.DrinkCatalogController#list(boolean)
2026-09-14T00:06:02.496+07:00 DEBUG 16684 --- [tea-attendance-api] [nio-8080-exec-4] o.s.web.servlet.DispatcherServlet        : GET "/api/expenses/range?from=2026-09-14&to=2026-09-20", parameters={masked}
2026-09-14T00:06:02.497+07:00 DEBUG 16684 --- [tea-attendance-api] [nio-8080-exec-4] s.w.s.m.m.a.RequestMappingHandlerMapping : Mapped to com.trasua.api.ExpenseController#range(LocalDate, LocalDate)
2026-09-14T00:06:02.506+07:00 DEBUG 16684 --- [tea-attendance-api] [nio-8080-exec-3] org.hibernate.SQL                        : 
    select
        m1_0.id,
        m1_0.account_name,
        m1_0.account_number,
        m1_0.active,
        m1_0.avatar_url,
        m1_0.bank_bin,
        m1_0.bank_name,
        m1_0.created_at,
        m1_0.display_name,
        m1_0.email,
        m1_0.password_hash,
        m1_0.qr_code_url,
        m1_0.reset_code_expires_at,
        m1_0.reset_code_hash,
        m1_0.role,
        m1_0.updated_at 
    from
        members m1_0 
    where
        m1_0.active 
    order by
        m1_0.display_name
2026-09-14T00:06:02.509+07:00 DEBUG 16684 --- [tea-attendance-api] [nio-8080-exec-4] org.hibernate.SQL                        : 
    select
        distinct do1_0.id,
        do1_0.created_at,
        i1_0.order_id,
        i1_0.id,
        i1_0.consumer_member_id,
        c1_0.id,
        c1_0.account_name,
        c1_0.account_number,
        c1_0.active,
        c1_0.avatar_url,
        c1_0.bank_bin,
        c1_0.bank_name,
        c1_0.created_at,
        c1_0.display_name,
        c1_0.email,
        c1_0.password_hash,
        c1_0.qr_code_url,
        c1_0.reset_code_expires_at,
        c1_0.reset_code_hash,
        c1_0.role,
        c1_0.updated_at,
        i1_0.drink_name,
        i1_0.line_total,
        i1_0.quantity,
        i1_0.unit_price,
        do1_0.note,
        do1_0.order_date,
        do1_0.payer_member_id,
        p1_0.id,
        p1_0.account_name,
        p1_0.account_number,
        p1_0.active,
        p1_0.avatar_url,
        p1_0.bank_bin,
        p1_0.bank_name,
        p1_0.created_at,
        p1_0.display_name,
        p1_0.email,
        p1_0.password_hash,
        p1_0.qr_code_url,
        p1_0.reset_code_expires_at,
        p1_0.reset_code_hash,
        p1_0.role,
        p1_0.updated_at,
        do1_0.total_amount,
        do1_0.updated_at 
    from
        drink_orders do1_0 
    join
        members p1_0 
            on p1_0.id=do1_0.payer_member_id 
    left join
        order_items i1_0 
            on do1_0.id=i1_0.order_id 
    left join
        members c1_0 
            on c1_0.id=i1_0.consumer_member_id 
    where
        do1_0.order_date between ? and ? 
    order by
        do1_0.order_date,
        do1_0.id
2026-09-14T00:06:02.511+07:00 DEBUG 16684 --- [tea-attendance-api] [nio-8080-exec-2] org.hibernate.SQL                        : 
    select
        dci1_0.id,
        dci1_0.active,
        dci1_0.created_at,
        dci1_0.icon,
        dci1_0.name,
        dci1_0.price,
        dci1_0.updated_at 
    from
        drink_catalog dci1_0
2026-09-14T00:06:02.518+07:00 DEBUG 16684 --- [tea-attendance-api] [io-8080-exec-10] o.s.web.servlet.DispatcherServlet        : GET "/api/chat/messages", parameters={}
2026-09-14T00:06:02.524+07:00 DEBUG 16684 --- [tea-attendance-api] [io-8080-exec-10] s.w.s.m.m.a.RequestMappingHandlerMapping : Mapped to com.trasua.api.ChatController#list(Instant, int)
2026-09-14T00:06:02.531+07:00 DEBUG 16684 --- [tea-attendance-api] [nio-8080-exec-1] o.s.web.servlet.DispatcherServlet        : GET "/api/notifications?memberId=6", parameters={masked}
2026-09-14T00:06:02.532+07:00 DEBUG 16684 --- [tea-attendance-api] [nio-8080-exec-1] s.w.s.m.m.a.RequestMappingHandlerMapping : Mapped to com.trasua.api.NotificationController#list(Long)
2026-09-14T00:06:02.542+07:00 DEBUG 16684 --- [tea-attendance-api] [nio-8080-exec-3] m.m.a.RequestResponseBodyMethodProcessor : Using 'application/json', given [*/*] and supported [application/json, application/*+json]
2026-09-14T00:06:02.544+07:00 DEBUG 16684 --- [tea-attendance-api] [nio-8080-exec-3] m.m.a.RequestResponseBodyMethodProcessor : Writing [[MemberResponse[id=4, displayName=H??ng, email=huong@example.test, bankName=Techcombank, bankBin=970 (truncated)...]
2026-09-14T00:06:02.544+07:00 DEBUG 16684 --- [tea-attendance-api] [nio-8080-exec-1] org.hibernate.SQL                        : 
    select
        n1_0.id,
        n1_0.body,
        n1_0.created_at,
        n1_0.read_at,
        n1_0.recipient_member_id,
        r1_0.id,
        r1_0.account_name,
        r1_0.account_number,
        r1_0.active,
        r1_0.avatar_url,
        r1_0.bank_bin,
        r1_0.bank_name,
        r1_0.created_at,
        r1_0.display_name,
        r1_0.email,
        r1_0.password_hash,
        r1_0.qr_code_url,
        r1_0.reset_code_expires_at,
        r1_0.reset_code_hash,
        r1_0.role,
        r1_0.updated_at,
        n1_0.settlement_id,
        n1_0.title,
        n1_0.transfer_id,
        n1_0.type 
    from
        notifications n1_0 
    join
        members r1_0 
            on r1_0.id=n1_0.recipient_member_id 
    where
        r1_0.id=? 
    order by
        n1_0.created_at desc
2026-09-14T00:06:02.545+07:00 DEBUG 16684 --- [tea-attendance-api] [io-8080-exec-10] org.hibernate.SQL                        : 
    select
        cm1_0.id,
        cm1_0.content,
        cm1_0.created_at,
        cm1_0.sender_member_id,
        s1_0.id,
        s1_0.account_name,
        s1_0.account_number,
        s1_0.active,
        s1_0.avatar_url,
        s1_0.bank_bin,
        s1_0.bank_name,
        s1_0.created_at,
        s1_0.display_name,
        s1_0.email,
        s1_0.password_hash,
        s1_0.qr_code_url,
        s1_0.reset_code_expires_at,
        s1_0.reset_code_hash,
        s1_0.role,
        s1_0.updated_at 
    from
        chat_messages cm1_0 
    join
        members s1_0 
            on s1_0.id=cm1_0.sender_member_id 
    order by
        cm1_0.created_at desc 
    limit
        ?
2026-09-14T00:06:02.545+07:00 DEBUG 16684 --- [tea-attendance-api] [nio-8080-exec-3] o.s.web.servlet.DispatcherServlet        : Completed 200 OK
2026-09-14T00:06:02.555+07:00 DEBUG 16684 --- [tea-attendance-api] [nio-8080-exec-7] o.s.web.servlet.DispatcherServlet        : GET "/api/members", parameters={}
2026-09-14T00:06:02.555+07:00 DEBUG 16684 --- [tea-attendance-api] [nio-8080-exec-7] s.w.s.m.m.a.RequestMappingHandlerMapping : Mapped to com.trasua.api.MemberController#list(boolean)
2026-09-14T00:06:02.558+07:00 DEBUG 16684 --- [tea-attendance-api] [io-8080-exec-10] org.hibernate.SQL                        : 
    select
        a1_0.message_id,
        a1_0.id,
        a1_0.byte_size,
        a1_0.content_type,
        a1_0.created_at,
        a1_0.original_filename,
        a1_0.storage_key 
    from
        chat_attachments a1_0 
    where
        a1_0.message_id=? 
    order by
        a1_0.id
2026-09-14T00:06:02.560+07:00 DEBUG 16684 --- [tea-attendance-api] [nio-8080-exec-4] m.m.a.RequestResponseBodyMethodProcessor : Using 'application/json', given [*/*] and supported [application/json, application/*+json]
2026-09-14T00:06:02.560+07:00 DEBUG 16684 --- [tea-attendance-api] [nio-8080-exec-4] m.m.a.RequestResponseBodyMethodProcessor : Writing [[]]
2026-09-14T00:06:02.561+07:00 DEBUG 16684 --- [tea-attendance-api] [nio-8080-exec-4] o.s.web.servlet.DispatcherServlet        : Completed 200 OK
2026-09-14T00:06:02.570+07:00 DEBUG 16684 --- [tea-attendance-api] [nio-8080-exec-8] o.s.web.servlet.DispatcherServlet        : GET "/api/expenses/range?from=2026-09-14&to=2026-09-20", parameters={masked}
2026-09-14T00:06:02.571+07:00 DEBUG 16684 --- [tea-attendance-api] [nio-8080-exec-8] s.w.s.m.m.a.RequestMappingHandlerMapping : Mapped to com.trasua.api.ExpenseController#range(LocalDate, LocalDate)
2026-09-14T00:06:02.573+07:00 DEBUG 16684 --- [tea-attendance-api] [io-8080-exec-10] org.hibernate.SQL                        : 
    select
        a1_0.message_id,
        a1_0.id,
        a1_0.byte_size,
        a1_0.content_type,
        a1_0.created_at,
        a1_0.original_filename,
        a1_0.storage_key 
    from
        chat_attachments a1_0 
    where
        a1_0.message_id=? 
    order by
        a1_0.id
2026-09-14T00:06:02.576+07:00 DEBUG 16684 --- [tea-attendance-api] [nio-8080-exec-2] m.m.a.RequestResponseBodyMethodProcessor : Using 'application/json', given [*/*] and supported [application/json, application/*+json]
2026-09-14T00:06:02.577+07:00 DEBUG 16684 --- [tea-attendance-api] [nio-8080-exec-2] m.m.a.RequestResponseBodyMethodProcessor : Writing [[DrinkCatalogResponse[id=1, name=Tra da, price=5000, icon=?, active=true], DrinkCatalogResponse[id= (truncated)...]
2026-09-14T00:06:02.579+07:00 DEBUG 16684 --- [tea-attendance-api] [nio-8080-exec-2] o.s.web.servlet.DispatcherServlet        : Completed 200 OK
2026-09-14T00:06:02.580+07:00 DEBUG 16684 --- [tea-attendance-api] [nio-8080-exec-7] org.hibernate.SQL                        : 
    select
        m1_0.id,
        m1_0.account_name,
        m1_0.account_number,
        m1_0.active,
        m1_0.avatar_url,
        m1_0.bank_bin,
        m1_0.bank_name,
        m1_0.created_at,
        m1_0.display_name,
        m1_0.email,
        m1_0.password_hash,
        m1_0.qr_code_url,
        m1_0.reset_code_expires_at,
        m1_0.reset_code_hash,
        m1_0.role,
        m1_0.updated_at 
    from
        members m1_0 
    where
        m1_0.active 
    order by
        m1_0.display_name
2026-09-14T00:06:02.584+07:00 DEBUG 16684 --- [tea-attendance-api] [io-8080-exec-10] org.hibernate.SQL                        : 
    select
        a1_0.message_id,
        a1_0.id,
        a1_0.byte_size,
        a1_0.content_type,
        a1_0.created_at,
        a1_0.original_filename,
        a1_0.storage_key 
    from
        chat_attachments a1_0 
    where
        a1_0.message_id=? 
    order by
        a1_0.id
2026-09-14T00:06:02.587+07:00 DEBUG 16684 --- [tea-attendance-api] [nio-8080-exec-1] m.m.a.RequestResponseBodyMethodProcessor : Using 'application/json', given [*/*] and supported [application/json, application/*+json]
2026-09-14T00:06:02.587+07:00 DEBUG 16684 --- [tea-attendance-api] [nio-8080-exec-1] m.m.a.RequestResponseBodyMethodProcessor : Writing [[]]
2026-09-14T00:06:02.588+07:00 DEBUG 16684 --- [tea-attendance-api] [nio-8080-exec-1] o.s.web.servlet.DispatcherServlet        : Completed 200 OK
2026-09-14T00:06:02.589+07:00 DEBUG 16684 --- [tea-attendance-api] [nio-8080-exec-9] o.s.web.servlet.DispatcherServlet        : GET "/api/drinks?includeInactive=true", parameters={masked}
2026-09-14T00:06:02.589+07:00 DEBUG 16684 --- [tea-attendance-api] [nio-8080-exec-8] org.hibernate.SQL                        : 
    select
        distinct do1_0.id,
        do1_0.created_at,
        i1_0.order_id,
        i1_0.id,
        i1_0.consumer_member_id,
        c1_0.id,
        c1_0.account_name,
        c1_0.account_number,
        c1_0.active,
        c1_0.avatar_url,
        c1_0.bank_bin,
        c1_0.bank_name,
        c1_0.created_at,
        c1_0.display_name,
        c1_0.email,
        c1_0.password_hash,
        c1_0.qr_code_url,
        c1_0.reset_code_expires_at,
        c1_0.reset_code_hash,
        c1_0.role,
        c1_0.updated_at,
        i1_0.drink_name,
        i1_0.line_total,
        i1_0.quantity,
        i1_0.unit_price,
        do1_0.note,
        do1_0.order_date,
        do1_0.payer_member_id,
        p1_0.id,
        p1_0.account_name,
        p1_0.account_number,
        p1_0.active,
        p1_0.avatar_url,
        p1_0.bank_bin,
        p1_0.bank_name,
        p1_0.created_at,
        p1_0.display_name,
        p1_0.email,
        p1_0.password_hash,
        p1_0.qr_code_url,
        p1_0.reset_code_expires_at,
        p1_0.reset_code_hash,
        p1_0.role,
        p1_0.updated_at,
        do1_0.total_amount,
        do1_0.updated_at 
    from
        drink_orders do1_0 
    join
        members p1_0 
            on p1_0.id=do1_0.payer_member_id 
    left join
        order_items i1_0 
            on do1_0.id=i1_0.order_id 
    left join
        members c1_0 
            on c1_0.id=i1_0.consumer_member_id 
    where
        do1_0.order_date between ? and ? 
    order by
        do1_0.order_date,
        do1_0.id
2026-09-14T00:06:02.590+07:00 DEBUG 16684 --- [tea-attendance-api] [nio-8080-exec-9] s.w.s.m.m.a.RequestMappingHandlerMapping : Mapped to com.trasua.api.DrinkCatalogController#list(boolean)
2026-09-14T00:06:02.589+07:00 DEBUG 16684 --- [tea-attendance-api] [io-8080-exec-10] org.hibernate.SQL                        : 
    select
        a1_0.message_id,
        a1_0.id,
        a1_0.byte_size,
        a1_0.content_type,
        a1_0.created_at,
        a1_0.original_filename,
        a1_0.storage_key 
    from
        chat_attachments a1_0 
    where
        a1_0.message_id=? 
    order by
        a1_0.id
2026-09-14T00:06:02.593+07:00 DEBUG 16684 --- [tea-attendance-api] [nio-8080-exec-5] o.s.web.servlet.DispatcherServlet        : GET "/api/notifications?memberId=6", parameters={masked}
2026-09-14T00:06:02.594+07:00 DEBUG 16684 --- [tea-attendance-api] [nio-8080-exec-5] s.w.s.m.m.a.RequestMappingHandlerMapping : Mapped to com.trasua.api.NotificationController#list(Long)
2026-09-14T00:06:02.594+07:00 DEBUG 16684 --- [tea-attendance-api] [io-8080-exec-10] org.hibernate.SQL                        : 
    select
        a1_0.message_id,
        a1_0.id,
        a1_0.byte_size,
        a1_0.content_type,
        a1_0.created_at,
        a1_0.original_filename,
        a1_0.storage_key 
    from
        chat_attachments a1_0 
    where
        a1_0.message_id=? 
    order by
        a1_0.id
2026-09-14T00:06:02.605+07:00 DEBUG 16684 --- [tea-attendance-api] [io-8080-exec-10] org.hibernate.SQL                        : 
    select
        a1_0.message_id,
        a1_0.id,
        a1_0.byte_size,
        a1_0.content_type,
        a1_0.created_at,
        a1_0.original_filename,
        a1_0.storage_key 
    from
        chat_attachments a1_0 
    where
        a1_0.message_id=? 
    order by
        a1_0.id
2026-09-14T00:06:02.607+07:00 DEBUG 16684 --- [tea-attendance-api] [nio-8080-exec-5] org.hibernate.SQL                        : 
    select
        n1_0.id,
        n1_0.body,
        n1_0.created_at,
        n1_0.read_at,
        n1_0.recipient_member_id,
        r1_0.id,
        r1_0.account_name,
        r1_0.account_number,
        r1_0.active,
        r1_0.avatar_url,
        r1_0.bank_bin,
        r1_0.bank_name,
        r1_0.created_at,
        r1_0.display_name,
        r1_0.email,
        r1_0.password_hash,
        r1_0.qr_code_url,
        r1_0.reset_code_expires_at,
        r1_0.reset_code_hash,
        r1_0.role,
        r1_0.updated_at,
        n1_0.settlement_id,
        n1_0.title,
        n1_0.transfer_id,
        n1_0.type 
    from
        notifications n1_0 
    join
        members r1_0 
            on r1_0.id=n1_0.recipient_member_id 
    where
        r1_0.id=? 
    order by
        n1_0.created_at desc
2026-09-14T00:06:02.609+07:00 DEBUG 16684 --- [tea-attendance-api] [nio-8080-exec-9] org.hibernate.SQL                        : 
    select
        dci1_0.id,
        dci1_0.active,
        dci1_0.created_at,
        dci1_0.icon,
        dci1_0.name,
        dci1_0.price,
        dci1_0.updated_at 
    from
        drink_catalog dci1_0
2026-09-14T00:06:02.615+07:00 DEBUG 16684 --- [tea-attendance-api] [nio-8080-exec-7] m.m.a.RequestResponseBodyMethodProcessor : Using 'application/json', given [*/*] and supported [application/json, application/*+json]
2026-09-14T00:06:02.617+07:00 DEBUG 16684 --- [tea-attendance-api] [nio-8080-exec-7] m.m.a.RequestResponseBodyMethodProcessor : Writing [[MemberResponse[id=4, displayName=H??ng, email=huong@example.test, bankName=Techcombank, bankBin=970 (truncated)...]
2026-09-14T00:06:02.619+07:00 DEBUG 16684 --- [tea-attendance-api] [nio-8080-exec-7] o.s.web.servlet.DispatcherServlet        : Completed 200 OK
2026-09-14T00:06:02.620+07:00 DEBUG 16684 --- [tea-attendance-api] [nio-8080-exec-8] m.m.a.RequestResponseBodyMethodProcessor : Using 'application/json', given [*/*] and supported [application/json, application/*+json]
2026-09-14T00:06:02.620+07:00 DEBUG 16684 --- [tea-attendance-api] [nio-8080-exec-8] m.m.a.RequestResponseBodyMethodProcessor : Writing [[]]
2026-09-14T00:06:02.620+07:00 DEBUG 16684 --- [tea-attendance-api] [nio-8080-exec-8] o.s.web.servlet.DispatcherServlet        : Completed 200 OK
2026-09-14T00:06:02.628+07:00 DEBUG 16684 --- [tea-attendance-api] [io-8080-exec-10] m.m.a.RequestResponseBodyMethodProcessor : Using 'application/json', given [*/*] and supported [application/json, application/*+json]
2026-09-14T00:06:02.629+07:00 DEBUG 16684 --- [tea-attendance-api] [io-8080-exec-10] m.m.a.RequestResponseBodyMethodProcessor : Writing [[ChatMessageResponse[id=2, sender=MemberBriefResponse[id=1, displayName=Minh Anh], content=alo, atta (truncated)...]
2026-09-14T00:06:02.628+07:00 DEBUG 16684 --- [tea-attendance-api] [nio-8080-exec-5] m.m.a.RequestResponseBodyMethodProcessor : Using 'application/json', given [*/*] and supported [application/json, application/*+json]
2026-09-14T00:06:02.629+07:00 DEBUG 16684 --- [tea-attendance-api] [nio-8080-exec-5] m.m.a.RequestResponseBodyMethodProcessor : Writing [[]]
2026-09-14T00:06:02.630+07:00 DEBUG 16684 --- [tea-attendance-api] [io-8080-exec-10] o.s.web.servlet.DispatcherServlet        : Completed 200 OK
2026-09-14T00:06:02.630+07:00 DEBUG 16684 --- [tea-attendance-api] [nio-8080-exec-5] o.s.web.servlet.DispatcherServlet        : Completed 200 OK
2026-09-14T00:06:02.634+07:00 DEBUG 16684 --- [tea-attendance-api] [nio-8080-exec-9] m.m.a.RequestResponseBodyMethodProcessor : Using 'application/json', given [*/*] and supported [application/json, application/*+json]
2026-09-14T00:06:02.635+07:00 DEBUG 16684 --- [tea-attendance-api] [nio-8080-exec-9] m.m.a.RequestResponseBodyMethodProcessor : Writing [[DrinkCatalogResponse[id=1, name=Tra da, price=5000, icon=?, active=true], DrinkCatalogResponse[id= (truncated)...]
2026-09-14T00:06:02.636+07:00 DEBUG 16684 --- [tea-attendance-api] [nio-8080-exec-9] o.s.web.servlet.DispatcherServlet        : Completed 200 OK
2026-09-14T00:06:02.638+07:00 DEBUG 16684 --- [tea-attendance-api] [nio-8080-exec-6] o.s.web.servlet.DispatcherServlet        : GET "/api/chat/messages", parameters={}
2026-09-14T00:06:02.639+07:00 DEBUG 16684 --- [tea-attendance-api] [nio-8080-exec-6] s.w.s.m.m.a.RequestMappingHandlerMapping : Mapped to com.trasua.api.ChatController#list(Instant, int)
2026-09-14T00:06:02.648+07:00 DEBUG 16684 --- [tea-attendance-api] [nio-8080-exec-6] org.hibernate.SQL                        : 
    select
        cm1_0.id,
        cm1_0.content,
        cm1_0.created_at,
        cm1_0.sender_member_id,
        s1_0.id,
        s1_0.account_name,
        s1_0.account_number,
        s1_0.active,
        s1_0.avatar_url,
        s1_0.bank_bin,
        s1_0.bank_name,
        s1_0.created_at,
        s1_0.display_name,
        s1_0.email,
        s1_0.password_hash,
        s1_0.qr_code_url,
        s1_0.reset_code_expires_at,
        s1_0.reset_code_hash,
        s1_0.role,
        s1_0.updated_at 
    from
        chat_messages cm1_0 
    join
        members s1_0 
            on s1_0.id=cm1_0.sender_member_id 
    order by
        cm1_0.created_at desc 
    limit
        ?
2026-09-14T00:06:02.657+07:00 DEBUG 16684 --- [tea-attendance-api] [nio-8080-exec-6] org.hibernate.SQL                        : 
    select
        a1_0.message_id,
        a1_0.id,
        a1_0.byte_size,
        a1_0.content_type,
        a1_0.created_at,
        a1_0.original_filename,
        a1_0.storage_key 
    from
        chat_attachments a1_0 
    where
        a1_0.message_id=? 
    order by
        a1_0.id
2026-09-14T00:06:02.661+07:00 DEBUG 16684 --- [tea-attendance-api] [nio-8080-exec-6] org.hibernate.SQL                        : 
    select
        a1_0.message_id,
        a1_0.id,
        a1_0.byte_size,
        a1_0.content_type,
        a1_0.created_at,
        a1_0.original_filename,
        a1_0.storage_key 
    from
        chat_attachments a1_0 
    where
        a1_0.message_id=? 
    order by
        a1_0.id
2026-09-14T00:06:02.666+07:00 DEBUG 16684 --- [tea-attendance-api] [nio-8080-exec-6] org.hibernate.SQL                        : 
    select
        a1_0.message_id,
        a1_0.id,
        a1_0.byte_size,
        a1_0.content_type,
        a1_0.created_at,
        a1_0.original_filename,
        a1_0.storage_key 
    from
        chat_attachments a1_0 
    where
        a1_0.message_id=? 
    order by
        a1_0.id
2026-09-14T00:06:02.672+07:00 DEBUG 16684 --- [tea-attendance-api] [nio-8080-exec-6] org.hibernate.SQL                        : 
    select
        a1_0.message_id,
        a1_0.id,
        a1_0.byte_size,
        a1_0.content_type,
        a1_0.created_at,
        a1_0.original_filename,
        a1_0.storage_key 
    from
        chat_attachments a1_0 
    where
        a1_0.message_id=? 
    order by
        a1_0.id
2026-09-14T00:06:02.677+07:00 DEBUG 16684 --- [tea-attendance-api] [nio-8080-exec-6] org.hibernate.SQL                        : 
    select
        a1_0.message_id,
        a1_0.id,
        a1_0.byte_size,
        a1_0.content_type,
        a1_0.created_at,
        a1_0.original_filename,
        a1_0.storage_key 
    from
        chat_attachments a1_0 
    where
        a1_0.message_id=? 
    order by
        a1_0.id
2026-09-14T00:06:02.682+07:00 DEBUG 16684 --- [tea-attendance-api] [nio-8080-exec-6] org.hibernate.SQL                        : 
    select
        a1_0.message_id,
        a1_0.id,
        a1_0.byte_size,
        a1_0.content_type,
        a1_0.created_at,
        a1_0.original_filename,
        a1_0.storage_key 
    from
        chat_attachments a1_0 
    where
        a1_0.message_id=? 
    order by
        a1_0.id
2026-09-14T00:06:02.701+07:00 DEBUG 16684 --- [tea-attendance-api] [nio-8080-exec-6] m.m.a.RequestResponseBodyMethodProcessor : Using 'application/json', given [*/*] and supported [application/json, application/*+json]
2026-09-14T00:06:02.701+07:00 DEBUG 16684 --- [tea-attendance-api] [nio-8080-exec-6] m.m.a.RequestResponseBodyMethodProcessor : Writing [[ChatMessageResponse[id=2, sender=MemberBriefResponse[id=1, displayName=Minh Anh], content=alo, atta (truncated)...]
2026-09-14T00:06:02.702+07:00 DEBUG 16684 --- [tea-attendance-api] [nio-8080-exec-6] o.s.web.servlet.DispatcherServlet        : Completed 200 OK
2026-09-14T00:07:08.845+07:00  INFO 16684 --- [tea-attendance-api] [MessageBroker-2] o.s.w.s.c.WebSocketMessageBrokerStats    : WebSocketSession[0 current WS(0)-HttpStream(0)-HttpPoll(0), 0 total, 0 closed abnormally (0 connect failure, 0 send limit, 0 transport error)], stompSubProtocol[processed CONNECT(0)-CONNECTED(0)-DISCONNECT(0)], stompBrokerRelay[null], inboundChannel[pool size = 0, active threads = 0, queued tasks = 0, completed tasks = 0], outboundChannel[pool size = 0, active threads = 0, queued tasks = 0, completed tasks = 0], sockJsScheduler[pool size = 3, active threads = 1, queued tasks = 1, completed tasks = 1]
2026-09-14T00:08:09.703+07:00 DEBUG 16684 --- [tea-attendance-api] [nio-8080-exec-8] o.s.web.servlet.DispatcherServlet        : OPTIONS "/api/members?includeInactive=true", parameters={masked}
2026-09-14T00:08:09.704+07:00 DEBUG 16684 --- [tea-attendance-api] [nio-8080-exec-8] s.w.s.m.m.a.RequestMappingHandlerMapping : Mapped to com.trasua.api.MemberController#list(boolean)
2026-09-14T00:08:09.704+07:00 DEBUG 16684 --- [tea-attendance-api] [nio-8080-exec-8] o.s.web.servlet.DispatcherServlet        : Completed 200 OK
2026-09-14T00:08:09.739+07:00 DEBUG 16684 --- [tea-attendance-api] [nio-8080-exec-5] o.s.web.servlet.DispatcherServlet        : GET "/api/members?includeInactive=true", parameters={masked}
2026-09-14T00:08:09.739+07:00 DEBUG 16684 --- [tea-attendance-api] [nio-8080-exec-5] s.w.s.m.m.a.RequestMappingHandlerMapping : Mapped to com.trasua.api.MemberController#list(boolean)
2026-09-14T00:08:09.745+07:00 DEBUG 16684 --- [tea-attendance-api] [io-8080-exec-10] o.s.web.servlet.DispatcherServlet        : GET "/api/drinks?includeInactive=true", parameters={masked}
2026-09-14T00:08:09.745+07:00 DEBUG 16684 --- [tea-attendance-api] [nio-8080-exec-2] o.s.web.servlet.DispatcherServlet        : GET "/api/notifications?memberId=6", parameters={masked}
2026-09-14T00:08:09.745+07:00 DEBUG 16684 --- [tea-attendance-api] [nio-8080-exec-6] o.s.web.servlet.DispatcherServlet        : GET "/api/chat/messages", parameters={}
2026-09-14T00:08:09.745+07:00 DEBUG 16684 --- [tea-attendance-api] [nio-8080-exec-9] o.s.web.servlet.DispatcherServlet        : GET "/api/expenses/range?from=2026-09-14&to=2026-09-20", parameters={masked}
2026-09-14T00:08:09.745+07:00 DEBUG 16684 --- [tea-attendance-api] [io-8080-exec-10] s.w.s.m.m.a.RequestMappingHandlerMapping : Mapped to com.trasua.api.DrinkCatalogController#list(boolean)
2026-09-14T00:08:09.745+07:00 DEBUG 16684 --- [tea-attendance-api] [nio-8080-exec-2] s.w.s.m.m.a.RequestMappingHandlerMapping : Mapped to com.trasua.api.NotificationController#list(Long)
2026-09-14T00:08:09.745+07:00 DEBUG 16684 --- [tea-attendance-api] [nio-8080-exec-9] s.w.s.m.m.a.RequestMappingHandlerMapping : Mapped to com.trasua.api.ExpenseController#range(LocalDate, LocalDate)
2026-09-14T00:08:09.745+07:00 DEBUG 16684 --- [tea-attendance-api] [nio-8080-exec-6] s.w.s.m.m.a.RequestMappingHandlerMapping : Mapped to com.trasua.api.ChatController#list(Instant, int)
2026-09-14T00:08:09.803+07:00 DEBUG 16684 --- [tea-attendance-api] [nio-8080-exec-2] org.hibernate.SQL                        : 
    select
        n1_0.id,
        n1_0.body,
        n1_0.created_at,
        n1_0.read_at,
        n1_0.recipient_member_id,
        r1_0.id,
        r1_0.account_name,
        r1_0.account_number,
        r1_0.active,
        r1_0.avatar_url,
        r1_0.bank_bin,
        r1_0.bank_name,
        r1_0.created_at,
        r1_0.display_name,
        r1_0.email,
        r1_0.password_hash,
        r1_0.qr_code_url,
        r1_0.reset_code_expires_at,
        r1_0.reset_code_hash,
        r1_0.role,
        r1_0.updated_at,
        n1_0.settlement_id,
        n1_0.title,
        n1_0.transfer_id,
        n1_0.type 
    from
        notifications n1_0 
    join
        members r1_0 
            on r1_0.id=n1_0.recipient_member_id 
    where
        r1_0.id=? 
    order by
        n1_0.created_at desc
2026-09-14T00:08:09.803+07:00 DEBUG 16684 --- [tea-attendance-api] [nio-8080-exec-9] org.hibernate.SQL                        : 
    select
        distinct do1_0.id,
        do1_0.created_at,
        i1_0.order_id,
        i1_0.id,
        i1_0.consumer_member_id,
        c1_0.id,
        c1_0.account_name,
        c1_0.account_number,
        c1_0.active,
        c1_0.avatar_url,
        c1_0.bank_bin,
        c1_0.bank_name,
        c1_0.created_at,
        c1_0.display_name,
        c1_0.email,
        c1_0.password_hash,
        c1_0.qr_code_url,
        c1_0.reset_code_expires_at,
        c1_0.reset_code_hash,
        c1_0.role,
        c1_0.updated_at,
        i1_0.drink_name,
        i1_0.line_total,
        i1_0.quantity,
        i1_0.unit_price,
        do1_0.note,
        do1_0.order_date,
        do1_0.payer_member_id,
        p1_0.id,
        p1_0.account_name,
        p1_0.account_number,
        p1_0.active,
        p1_0.avatar_url,
        p1_0.bank_bin,
        p1_0.bank_name,
        p1_0.created_at,
        p1_0.display_name,
        p1_0.email,
        p1_0.password_hash,
        p1_0.qr_code_url,
        p1_0.reset_code_expires_at,
        p1_0.reset_code_hash,
        p1_0.role,
        p1_0.updated_at,
        do1_0.total_amount,
        do1_0.updated_at 
    from
        drink_orders do1_0 
    join
        members p1_0 
            on p1_0.id=do1_0.payer_member_id 
    left join
        order_items i1_0 
            on do1_0.id=i1_0.order_id 
    left join
        members c1_0 
            on c1_0.id=i1_0.consumer_member_id 
    where
        do1_0.order_date between ? and ? 
    order by
        do1_0.order_date,
        do1_0.id
2026-09-14T00:08:09.803+07:00 DEBUG 16684 --- [tea-attendance-api] [nio-8080-exec-6] org.hibernate.SQL                        : 
    select
        cm1_0.id,
        cm1_0.content,
        cm1_0.created_at,
        cm1_0.sender_member_id,
        s1_0.id,
        s1_0.account_name,
        s1_0.account_number,
        s1_0.active,
        s1_0.avatar_url,
        s1_0.bank_bin,
        s1_0.bank_name,
        s1_0.created_at,
        s1_0.display_name,
        s1_0.email,
        s1_0.password_hash,
        s1_0.qr_code_url,
        s1_0.reset_code_expires_at,
        s1_0.reset_code_hash,
        s1_0.role,
        s1_0.updated_at 
    from
        chat_messages cm1_0 
    join
        members s1_0 
            on s1_0.id=cm1_0.sender_member_id 
    order by
        cm1_0.created_at desc 
    limit
        ?
2026-09-14T00:08:09.803+07:00 DEBUG 16684 --- [tea-attendance-api] [io-8080-exec-10] org.hibernate.SQL                        : 
    select
        dci1_0.id,
        dci1_0.active,
        dci1_0.created_at,
        dci1_0.icon,
        dci1_0.name,
        dci1_0.price,
        dci1_0.updated_at 
    from
        drink_catalog dci1_0
2026-09-14T00:08:09.811+07:00 DEBUG 16684 --- [tea-attendance-api] [nio-8080-exec-6] org.hibernate.SQL                        : 
    select
        a1_0.message_id,
        a1_0.id,
        a1_0.byte_size,
        a1_0.content_type,
        a1_0.created_at,
        a1_0.original_filename,
        a1_0.storage_key 
    from
        chat_attachments a1_0 
    where
        a1_0.message_id=? 
    order by
        a1_0.id
2026-09-14T00:08:09.826+07:00 DEBUG 16684 --- [tea-attendance-api] [nio-8080-exec-6] org.hibernate.SQL                        : 
    select
        a1_0.message_id,
        a1_0.id,
        a1_0.byte_size,
        a1_0.content_type,
        a1_0.created_at,
        a1_0.original_filename,
        a1_0.storage_key 
    from
        chat_attachments a1_0 
    where
        a1_0.message_id=? 
    order by
        a1_0.id
2026-09-14T00:08:09.827+07:00 DEBUG 16684 --- [tea-attendance-api] [nio-8080-exec-5] org.hibernate.SQL                        : 
    select
        m1_0.id,
        m1_0.account_name,
        m1_0.account_number,
        m1_0.active,
        m1_0.avatar_url,
        m1_0.bank_bin,
        m1_0.bank_name,
        m1_0.created_at,
        m1_0.display_name,
        m1_0.email,
        m1_0.password_hash,
        m1_0.qr_code_url,
        m1_0.reset_code_expires_at,
        m1_0.reset_code_hash,
        m1_0.role,
        m1_0.updated_at 
    from
        members m1_0
2026-09-14T00:08:09.853+07:00 DEBUG 16684 --- [tea-attendance-api] [nio-8080-exec-6] org.hibernate.SQL                        : 
    select
        a1_0.message_id,
        a1_0.id,
        a1_0.byte_size,
        a1_0.content_type,
        a1_0.created_at,
        a1_0.original_filename,
        a1_0.storage_key 
    from
        chat_attachments a1_0 
    where
        a1_0.message_id=? 
    order by
        a1_0.id
2026-09-14T00:08:09.898+07:00 DEBUG 16684 --- [tea-attendance-api] [io-8080-exec-10] m.m.a.RequestResponseBodyMethodProcessor : Using 'application/json', given [*/*] and supported [application/json, application/*+json]
2026-09-14T00:08:09.898+07:00 DEBUG 16684 --- [tea-attendance-api] [nio-8080-exec-2] m.m.a.RequestResponseBodyMethodProcessor : Using 'application/json', given [*/*] and supported [application/json, application/*+json]
2026-09-14T00:08:09.898+07:00 DEBUG 16684 --- [tea-attendance-api] [nio-8080-exec-2] m.m.a.RequestResponseBodyMethodProcessor : Writing [[]]
2026-09-14T00:08:09.898+07:00 DEBUG 16684 --- [tea-attendance-api] [io-8080-exec-10] m.m.a.RequestResponseBodyMethodProcessor : Writing [[DrinkCatalogResponse[id=1, name=Tra da, price=5000, icon=?, active=true], DrinkCatalogResponse[id= (truncated)...]
2026-09-14T00:08:09.898+07:00 DEBUG 16684 --- [tea-attendance-api] [nio-8080-exec-6] org.hibernate.SQL                        : 
    select
        a1_0.message_id,
        a1_0.id,
        a1_0.byte_size,
        a1_0.content_type,
        a1_0.created_at,
        a1_0.original_filename,
        a1_0.storage_key 
    from
        chat_attachments a1_0 
    where
        a1_0.message_id=? 
    order by
        a1_0.id
2026-09-14T00:08:09.898+07:00 DEBUG 16684 --- [tea-attendance-api] [nio-8080-exec-2] o.s.web.servlet.DispatcherServlet        : Completed 200 OK
2026-09-14T00:08:09.898+07:00 DEBUG 16684 --- [tea-attendance-api] [io-8080-exec-10] o.s.web.servlet.DispatcherServlet        : Completed 200 OK
2026-09-14T00:08:09.907+07:00 DEBUG 16684 --- [tea-attendance-api] [nio-8080-exec-6] org.hibernate.SQL                        : 
    select
        a1_0.message_id,
        a1_0.id,
        a1_0.byte_size,
        a1_0.content_type,
        a1_0.created_at,
        a1_0.original_filename,
        a1_0.storage_key 
    from
        chat_attachments a1_0 
    where
        a1_0.message_id=? 
    order by
        a1_0.id
2026-09-14T00:08:09.923+07:00 DEBUG 16684 --- [tea-attendance-api] [nio-8080-exec-3] o.s.web.servlet.DispatcherServlet        : GET "/api/drinks?includeInactive=true", parameters={masked}
2026-09-14T00:08:09.923+07:00 DEBUG 16684 --- [tea-attendance-api] [nio-8080-exec-3] s.w.s.m.m.a.RequestMappingHandlerMapping : Mapped to com.trasua.api.DrinkCatalogController#list(boolean)
2026-09-14T00:08:09.954+07:00 DEBUG 16684 --- [tea-attendance-api] [nio-8080-exec-6] org.hibernate.SQL                        : 
    select
        a1_0.message_id,
        a1_0.id,
        a1_0.byte_size,
        a1_0.content_type,
        a1_0.created_at,
        a1_0.original_filename,
        a1_0.storage_key 
    from
        chat_attachments a1_0 
    where
        a1_0.message_id=? 
    order by
        a1_0.id
2026-09-14T00:08:09.971+07:00 DEBUG 16684 --- [tea-attendance-api] [nio-8080-exec-3] org.hibernate.SQL                        : 
    select
        dci1_0.id,
        dci1_0.active,
        dci1_0.created_at,
        dci1_0.icon,
        dci1_0.name,
        dci1_0.price,
        dci1_0.updated_at 
    from
        drink_catalog dci1_0
2026-09-14T00:08:09.974+07:00 DEBUG 16684 --- [tea-attendance-api] [nio-8080-exec-5] m.m.a.RequestResponseBodyMethodProcessor : Using 'application/json', given [*/*] and supported [application/json, application/*+json]
2026-09-14T00:08:09.974+07:00 DEBUG 16684 --- [tea-attendance-api] [nio-8080-exec-5] m.m.a.RequestResponseBodyMethodProcessor : Writing [[MemberResponse[id=1, displayName=Minh Anh, email=minh.anh@example.test, bankName=MB Bank, bankBin=9 (truncated)...]
2026-09-14T00:08:09.974+07:00 DEBUG 16684 --- [tea-attendance-api] [nio-8080-exec-5] o.s.web.servlet.DispatcherServlet        : Completed 200 OK
2026-09-14T00:08:09.991+07:00 DEBUG 16684 --- [tea-attendance-api] [nio-8080-exec-9] m.m.a.RequestResponseBodyMethodProcessor : Using 'application/json', given [*/*] and supported [application/json, application/*+json]
2026-09-14T00:08:09.991+07:00 DEBUG 16684 --- [tea-attendance-api] [nio-8080-exec-9] m.m.a.RequestResponseBodyMethodProcessor : Writing [[]]
2026-09-14T00:08:09.991+07:00 DEBUG 16684 --- [tea-attendance-api] [nio-8080-exec-9] o.s.web.servlet.DispatcherServlet        : Completed 200 OK
2026-09-14T00:08:10.003+07:00 DEBUG 16684 --- [tea-attendance-api] [nio-8080-exec-7] o.s.web.servlet.DispatcherServlet        : GET "/api/members?includeInactive=true", parameters={masked}
2026-09-14T00:08:10.004+07:00 DEBUG 16684 --- [tea-attendance-api] [nio-8080-exec-7] s.w.s.m.m.a.RequestMappingHandlerMapping : Mapped to com.trasua.api.MemberController#list(boolean)
2026-09-14T00:08:10.006+07:00 DEBUG 16684 --- [tea-attendance-api] [nio-8080-exec-6] m.m.a.RequestResponseBodyMethodProcessor : Using 'application/json', given [*/*] and supported [application/json, application/*+json]
2026-09-14T00:08:10.006+07:00 DEBUG 16684 --- [tea-attendance-api] [nio-8080-exec-6] m.m.a.RequestResponseBodyMethodProcessor : Writing [[ChatMessageResponse[id=2, sender=MemberBriefResponse[id=1, displayName=Minh Anh], content=alo, atta (truncated)...]
2026-09-14T00:08:10.008+07:00 DEBUG 16684 --- [tea-attendance-api] [nio-8080-exec-6] o.s.web.servlet.DispatcherServlet        : Completed 200 OK
2026-09-14T00:08:10.011+07:00 DEBUG 16684 --- [tea-attendance-api] [nio-8080-exec-4] o.s.web.servlet.DispatcherServlet        : GET "/api/expenses/range?from=2026-09-14&to=2026-09-20", parameters={masked}
2026-09-14T00:08:10.011+07:00 DEBUG 16684 --- [tea-attendance-api] [nio-8080-exec-4] s.w.s.m.m.a.RequestMappingHandlerMapping : Mapped to com.trasua.api.ExpenseController#range(LocalDate, LocalDate)
2026-09-14T00:08:10.011+07:00 DEBUG 16684 --- [tea-attendance-api] [nio-8080-exec-1] o.s.web.servlet.DispatcherServlet        : GET "/api/chat/messages", parameters={}
2026-09-14T00:08:10.011+07:00 DEBUG 16684 --- [tea-attendance-api] [nio-8080-exec-3] m.m.a.RequestResponseBodyMethodProcessor : Using 'application/json', given [*/*] and supported [application/json, application/*+json]
2026-09-14T00:08:10.012+07:00 DEBUG 16684 --- [tea-attendance-api] [nio-8080-exec-1] s.w.s.m.m.a.RequestMappingHandlerMapping : Mapped to com.trasua.api.ChatController#list(Instant, int)
2026-09-14T00:08:10.012+07:00 DEBUG 16684 --- [tea-attendance-api] [nio-8080-exec-3] m.m.a.RequestResponseBodyMethodProcessor : Writing [[DrinkCatalogResponse[id=1, name=Tra da, price=5000, icon=?, active=true], DrinkCatalogResponse[id= (truncated)...]
2026-09-14T00:08:10.013+07:00 DEBUG 16684 --- [tea-attendance-api] [nio-8080-exec-3] o.s.web.servlet.DispatcherServlet        : Completed 200 OK
2026-09-14T00:08:10.016+07:00 DEBUG 16684 --- [tea-attendance-api] [nio-8080-exec-8] o.s.web.servlet.DispatcherServlet        : GET "/api/notifications?memberId=6", parameters={masked}
2026-09-14T00:08:10.017+07:00 DEBUG 16684 --- [tea-attendance-api] [nio-8080-exec-8] s.w.s.m.m.a.RequestMappingHandlerMapping : Mapped to com.trasua.api.NotificationController#list(Long)
2026-09-14T00:08:10.020+07:00 DEBUG 16684 --- [tea-attendance-api] [nio-8080-exec-7] org.hibernate.SQL                        : 
    select
        m1_0.id,
        m1_0.account_name,
        m1_0.account_number,
        m1_0.active,
        m1_0.avatar_url,
        m1_0.bank_bin,
        m1_0.bank_name,
        m1_0.created_at,
        m1_0.display_name,
        m1_0.email,
        m1_0.password_hash,
        m1_0.qr_code_url,
        m1_0.reset_code_expires_at,
        m1_0.reset_code_hash,
        m1_0.role,
        m1_0.updated_at 
    from
        members m1_0
2026-09-14T00:08:10.035+07:00 DEBUG 16684 --- [tea-attendance-api] [io-8080-exec-10] o.s.web.servlet.DispatcherServlet        : GET "/api/drinks?includeInactive=true", parameters={masked}
2026-09-14T00:08:10.036+07:00 DEBUG 16684 --- [tea-attendance-api] [io-8080-exec-10] s.w.s.m.m.a.RequestMappingHandlerMapping : Mapped to com.trasua.api.DrinkCatalogController#list(boolean)
2026-09-14T00:08:10.043+07:00 DEBUG 16684 --- [tea-attendance-api] [nio-8080-exec-1] org.hibernate.SQL                        : 
    select
        cm1_0.id,
        cm1_0.content,
        cm1_0.created_at,
        cm1_0.sender_member_id,
        s1_0.id,
        s1_0.account_name,
        s1_0.account_number,
        s1_0.active,
        s1_0.avatar_url,
        s1_0.bank_bin,
        s1_0.bank_name,
        s1_0.created_at,
        s1_0.display_name,
        s1_0.email,
        s1_0.password_hash,
        s1_0.qr_code_url,
        s1_0.reset_code_expires_at,
        s1_0.reset_code_hash,
        s1_0.role,
        s1_0.updated_at 
    from
        chat_messages cm1_0 
    join
        members s1_0 
            on s1_0.id=cm1_0.sender_member_id 
    order by
        cm1_0.created_at desc 
    limit
        ?
2026-09-14T00:08:10.043+07:00 DEBUG 16684 --- [tea-attendance-api] [nio-8080-exec-8] org.hibernate.SQL                        : 
    select
        n1_0.id,
        n1_0.body,
        n1_0.created_at,
        n1_0.read_at,
        n1_0.recipient_member_id,
        r1_0.id,
        r1_0.account_name,
        r1_0.account_number,
        r1_0.active,
        r1_0.avatar_url,
        r1_0.bank_bin,
        r1_0.bank_name,
        r1_0.created_at,
        r1_0.display_name,
        r1_0.email,
        r1_0.password_hash,
        r1_0.qr_code_url,
        r1_0.reset_code_expires_at,
        r1_0.reset_code_hash,
        r1_0.role,
        r1_0.updated_at,
        n1_0.settlement_id,
        n1_0.title,
        n1_0.transfer_id,
        n1_0.type 
    from
        notifications n1_0 
    join
        members r1_0 
            on r1_0.id=n1_0.recipient_member_id 
    where
        r1_0.id=? 
    order by
        n1_0.created_at desc
2026-09-14T00:08:10.043+07:00 DEBUG 16684 --- [tea-attendance-api] [nio-8080-exec-4] org.hibernate.SQL                        : 
    select
        distinct do1_0.id,
        do1_0.created_at,
        i1_0.order_id,
        i1_0.id,
        i1_0.consumer_member_id,
        c1_0.id,
        c1_0.account_name,
        c1_0.account_number,
        c1_0.active,
        c1_0.avatar_url,
        c1_0.bank_bin,
        c1_0.bank_name,
        c1_0.created_at,
        c1_0.display_name,
        c1_0.email,
        c1_0.password_hash,
        c1_0.qr_code_url,
        c1_0.reset_code_expires_at,
        c1_0.reset_code_hash,
        c1_0.role,
        c1_0.updated_at,
        i1_0.drink_name,
        i1_0.line_total,
        i1_0.quantity,
        i1_0.unit_price,
        do1_0.note,
        do1_0.order_date,
        do1_0.payer_member_id,
        p1_0.id,
        p1_0.account_name,
        p1_0.account_number,
        p1_0.active,
        p1_0.avatar_url,
        p1_0.bank_bin,
        p1_0.bank_name,
        p1_0.created_at,
        p1_0.display_name,
        p1_0.email,
        p1_0.password_hash,
        p1_0.qr_code_url,
        p1_0.reset_code_expires_at,
        p1_0.reset_code_hash,
        p1_0.role,
        p1_0.updated_at,
        do1_0.total_amount,
        do1_0.updated_at 
    from
        drink_orders do1_0 
    join
        members p1_0 
            on p1_0.id=do1_0.payer_member_id 
    left join
        order_items i1_0 
            on do1_0.id=i1_0.order_id 
    left join
        members c1_0 
            on c1_0.id=i1_0.consumer_member_id 
    where
        do1_0.order_date between ? and ? 
    order by
        do1_0.order_date,
        do1_0.id
2026-09-14T00:08:10.057+07:00 DEBUG 16684 --- [tea-attendance-api] [io-8080-exec-10] org.hibernate.SQL                        : 
    select
        dci1_0.id,
        dci1_0.active,
        dci1_0.created_at,
        dci1_0.icon,
        dci1_0.name,
        dci1_0.price,
        dci1_0.updated_at 
    from
        drink_catalog dci1_0
2026-09-14T00:08:10.066+07:00 DEBUG 16684 --- [tea-attendance-api] [nio-8080-exec-7] m.m.a.RequestResponseBodyMethodProcessor : Using 'application/json', given [*/*] and supported [application/json, application/*+json]
2026-09-14T00:08:10.066+07:00 DEBUG 16684 --- [tea-attendance-api] [nio-8080-exec-1] org.hibernate.SQL                        : 
    select
        a1_0.message_id,
        a1_0.id,
        a1_0.byte_size,
        a1_0.content_type,
        a1_0.created_at,
        a1_0.original_filename,
        a1_0.storage_key 
    from
        chat_attachments a1_0 
    where
        a1_0.message_id=? 
    order by
        a1_0.id
2026-09-14T00:08:10.067+07:00 DEBUG 16684 --- [tea-attendance-api] [nio-8080-exec-7] m.m.a.RequestResponseBodyMethodProcessor : Writing [[MemberResponse[id=1, displayName=Minh Anh, email=minh.anh@example.test, bankName=MB Bank, bankBin=9 (truncated)...]
2026-09-14T00:08:10.068+07:00 DEBUG 16684 --- [tea-attendance-api] [nio-8080-exec-7] o.s.web.servlet.DispatcherServlet        : Completed 200 OK
2026-09-14T00:08:10.070+07:00 DEBUG 16684 --- [tea-attendance-api] [nio-8080-exec-1] org.hibernate.SQL                        : 
    select
        a1_0.message_id,
        a1_0.id,
        a1_0.byte_size,
        a1_0.content_type,
        a1_0.created_at,
        a1_0.original_filename,
        a1_0.storage_key 
    from
        chat_attachments a1_0 
    where
        a1_0.message_id=? 
    order by
        a1_0.id
2026-09-14T00:08:10.072+07:00 DEBUG 16684 --- [tea-attendance-api] [nio-8080-exec-2] o.s.web.servlet.DispatcherServlet        : GET "/api/members?includeInactive=true", parameters={masked}
2026-09-14T00:08:10.073+07:00 DEBUG 16684 --- [tea-attendance-api] [nio-8080-exec-2] s.w.s.m.m.a.RequestMappingHandlerMapping : Mapped to com.trasua.api.MemberController#list(boolean)
2026-09-14T00:08:10.077+07:00 DEBUG 16684 --- [tea-attendance-api] [nio-8080-exec-8] m.m.a.RequestResponseBodyMethodProcessor : Using 'application/json', given [*/*] and supported [application/json, application/*+json]
2026-09-14T00:08:10.076+07:00 DEBUG 16684 --- [tea-attendance-api] [nio-8080-exec-4] m.m.a.RequestResponseBodyMethodProcessor : Using 'application/json', given [*/*] and supported [application/json, application/*+json]
2026-09-14T00:08:10.077+07:00 DEBUG 16684 --- [tea-attendance-api] [nio-8080-exec-4] m.m.a.RequestResponseBodyMethodProcessor : Writing [[]]
2026-09-14T00:08:10.078+07:00 DEBUG 16684 --- [tea-attendance-api] [nio-8080-exec-1] org.hibernate.SQL                        : 
    select
        a1_0.message_id,
        a1_0.id,
        a1_0.byte_size,
        a1_0.content_type,
        a1_0.created_at,
        a1_0.original_filename,
        a1_0.storage_key 
    from
        chat_attachments a1_0 
    where
        a1_0.message_id=? 
    order by
        a1_0.id
2026-09-14T00:08:10.078+07:00 DEBUG 16684 --- [tea-attendance-api] [nio-8080-exec-4] o.s.web.servlet.DispatcherServlet        : Completed 200 OK
2026-09-14T00:08:10.079+07:00 DEBUG 16684 --- [tea-attendance-api] [nio-8080-exec-8] m.m.a.RequestResponseBodyMethodProcessor : Writing [[]]
2026-09-14T00:08:10.082+07:00 DEBUG 16684 --- [tea-attendance-api] [nio-8080-exec-5] o.s.web.servlet.DispatcherServlet        : GET "/api/expenses/range?from=2026-09-14&to=2026-09-20", parameters={masked}
2026-09-14T00:08:10.082+07:00 DEBUG 16684 --- [tea-attendance-api] [nio-8080-exec-5] s.w.s.m.m.a.RequestMappingHandlerMapping : Mapped to com.trasua.api.ExpenseController#range(LocalDate, LocalDate)
2026-09-14T00:08:10.083+07:00 DEBUG 16684 --- [tea-attendance-api] [nio-8080-exec-8] o.s.web.servlet.DispatcherServlet        : Completed 200 OK
2026-09-14T00:08:10.086+07:00 DEBUG 16684 --- [tea-attendance-api] [nio-8080-exec-9] o.s.web.servlet.DispatcherServlet        : GET "/api/notifications?memberId=6", parameters={masked}
2026-09-14T00:08:10.086+07:00 DEBUG 16684 --- [tea-attendance-api] [nio-8080-exec-9] s.w.s.m.m.a.RequestMappingHandlerMapping : Mapped to com.trasua.api.NotificationController#list(Long)
2026-09-14T00:08:10.105+07:00 DEBUG 16684 --- [tea-attendance-api] [io-8080-exec-10] m.m.a.RequestResponseBodyMethodProcessor : Using 'application/json', given [*/*] and supported [application/json, application/*+json]
2026-09-14T00:08:10.105+07:00 DEBUG 16684 --- [tea-attendance-api] [nio-8080-exec-1] org.hibernate.SQL                        : 
    select
        a1_0.message_id,
        a1_0.id,
        a1_0.byte_size,
        a1_0.content_type,
        a1_0.created_at,
        a1_0.original_filename,
        a1_0.storage_key 
    from
        chat_attachments a1_0 
    where
        a1_0.message_id=? 
    order by
        a1_0.id
2026-09-14T00:08:10.105+07:00 DEBUG 16684 --- [tea-attendance-api] [io-8080-exec-10] m.m.a.RequestResponseBodyMethodProcessor : Writing [[DrinkCatalogResponse[id=1, name=Tra da, price=5000, icon=?, active=true], DrinkCatalogResponse[id= (truncated)...]
2026-09-14T00:08:10.106+07:00 DEBUG 16684 --- [tea-attendance-api] [io-8080-exec-10] o.s.web.servlet.DispatcherServlet        : Completed 200 OK
2026-09-14T00:08:10.110+07:00 DEBUG 16684 --- [tea-attendance-api] [nio-8080-exec-6] o.s.web.servlet.DispatcherServlet        : GET "/api/drinks?includeInactive=true", parameters={masked}
2026-09-14T00:08:10.110+07:00 DEBUG 16684 --- [tea-attendance-api] [nio-8080-exec-6] s.w.s.m.m.a.RequestMappingHandlerMapping : Mapped to com.trasua.api.DrinkCatalogController#list(boolean)
2026-09-14T00:08:10.111+07:00 DEBUG 16684 --- [tea-attendance-api] [nio-8080-exec-2] org.hibernate.SQL                        : 
    select
        m1_0.id,
        m1_0.account_name,
        m1_0.account_number,
        m1_0.active,
        m1_0.avatar_url,
        m1_0.bank_bin,
        m1_0.bank_name,
        m1_0.created_at,
        m1_0.display_name,
        m1_0.email,
        m1_0.password_hash,
        m1_0.qr_code_url,
        m1_0.reset_code_expires_at,
        m1_0.reset_code_hash,
        m1_0.role,
        m1_0.updated_at 
    from
        members m1_0
2026-09-14T00:08:10.117+07:00 DEBUG 16684 --- [tea-attendance-api] [nio-8080-exec-1] org.hibernate.SQL                        : 
    select
        a1_0.message_id,
        a1_0.id,
        a1_0.byte_size,
        a1_0.content_type,
        a1_0.created_at,
        a1_0.original_filename,
        a1_0.storage_key 
    from
        chat_attachments a1_0 
    where
        a1_0.message_id=? 
    order by
        a1_0.id
2026-09-14T00:08:10.118+07:00 DEBUG 16684 --- [tea-attendance-api] [nio-8080-exec-9] org.hibernate.SQL                        : 
    select
        n1_0.id,
        n1_0.body,
        n1_0.created_at,
        n1_0.read_at,
        n1_0.recipient_member_id,
        r1_0.id,
        r1_0.account_name,
        r1_0.account_number,
        r1_0.active,
        r1_0.avatar_url,
        r1_0.bank_bin,
        r1_0.bank_name,
        r1_0.created_at,
        r1_0.display_name,
        r1_0.email,
        r1_0.password_hash,
        r1_0.qr_code_url,
        r1_0.reset_code_expires_at,
        r1_0.reset_code_hash,
        r1_0.role,
        r1_0.updated_at,
        n1_0.settlement_id,
        n1_0.title,
        n1_0.transfer_id,
        n1_0.type 
    from
        notifications n1_0 
    join
        members r1_0 
            on r1_0.id=n1_0.recipient_member_id 
    where
        r1_0.id=? 
    order by
        n1_0.created_at desc
2026-09-14T00:08:10.118+07:00 DEBUG 16684 --- [tea-attendance-api] [nio-8080-exec-5] org.hibernate.SQL                        : 
    select
        distinct do1_0.id,
        do1_0.created_at,
        i1_0.order_id,
        i1_0.id,
        i1_0.consumer_member_id,
        c1_0.id,
        c1_0.account_name,
        c1_0.account_number,
        c1_0.active,
        c1_0.avatar_url,
        c1_0.bank_bin,
        c1_0.bank_name,
        c1_0.created_at,
        c1_0.display_name,
        c1_0.email,
        c1_0.password_hash,
        c1_0.qr_code_url,
        c1_0.reset_code_expires_at,
        c1_0.reset_code_hash,
        c1_0.role,
        c1_0.updated_at,
        i1_0.drink_name,
        i1_0.line_total,
        i1_0.quantity,
        i1_0.unit_price,
        do1_0.note,
        do1_0.order_date,
        do1_0.payer_member_id,
        p1_0.id,
        p1_0.account_name,
        p1_0.account_number,
        p1_0.active,
        p1_0.avatar_url,
        p1_0.bank_bin,
        p1_0.bank_name,
        p1_0.created_at,
        p1_0.display_name,
        p1_0.email,
        p1_0.password_hash,
        p1_0.qr_code_url,
        p1_0.reset_code_expires_at,
        p1_0.reset_code_hash,
        p1_0.role,
        p1_0.updated_at,
        do1_0.total_amount,
        do1_0.updated_at 
    from
        drink_orders do1_0 
    join
        members p1_0 
            on p1_0.id=do1_0.payer_member_id 
    left join
        order_items i1_0 
            on do1_0.id=i1_0.order_id 
    left join
        members c1_0 
            on c1_0.id=i1_0.consumer_member_id 
    where
        do1_0.order_date between ? and ? 
    order by
        do1_0.order_date,
        do1_0.id
2026-09-14T00:08:10.123+07:00 DEBUG 16684 --- [tea-attendance-api] [nio-8080-exec-1] org.hibernate.SQL                        : 
    select
        a1_0.message_id,
        a1_0.id,
        a1_0.byte_size,
        a1_0.content_type,
        a1_0.created_at,
        a1_0.original_filename,
        a1_0.storage_key 
    from
        chat_attachments a1_0 
    where
        a1_0.message_id=? 
    order by
        a1_0.id
2026-09-14T00:08:10.123+07:00 DEBUG 16684 --- [tea-attendance-api] [nio-8080-exec-6] org.hibernate.SQL                        : 
    select
        dci1_0.id,
        dci1_0.active,
        dci1_0.created_at,
        dci1_0.icon,
        dci1_0.name,
        dci1_0.price,
        dci1_0.updated_at 
    from
        drink_catalog dci1_0
2026-09-14T00:08:10.137+07:00 DEBUG 16684 --- [tea-attendance-api] [nio-8080-exec-2] m.m.a.RequestResponseBodyMethodProcessor : Using 'application/json', given [*/*] and supported [application/json, application/*+json]
2026-09-14T00:08:10.137+07:00 DEBUG 16684 --- [tea-attendance-api] [nio-8080-exec-2] m.m.a.RequestResponseBodyMethodProcessor : Writing [[MemberResponse[id=1, displayName=Minh Anh, email=minh.anh@example.test, bankName=MB Bank, bankBin=9 (truncated)...]
2026-09-14T00:08:10.138+07:00 DEBUG 16684 --- [tea-attendance-api] [nio-8080-exec-2] o.s.web.servlet.DispatcherServlet        : Completed 200 OK
2026-09-14T00:08:10.140+07:00 DEBUG 16684 --- [tea-attendance-api] [nio-8080-exec-9] m.m.a.RequestResponseBodyMethodProcessor : Using 'application/json', given [*/*] and supported [application/json, application/*+json]
2026-09-14T00:08:10.140+07:00 DEBUG 16684 --- [tea-attendance-api] [nio-8080-exec-9] m.m.a.RequestResponseBodyMethodProcessor : Writing [[]]
2026-09-14T00:08:10.141+07:00 DEBUG 16684 --- [tea-attendance-api] [nio-8080-exec-9] o.s.web.servlet.DispatcherServlet        : Completed 200 OK
2026-09-14T00:08:10.142+07:00 DEBUG 16684 --- [tea-attendance-api] [nio-8080-exec-3] o.s.web.servlet.DispatcherServlet        : GET "/api/members?includeInactive=true", parameters={masked}
2026-09-14T00:08:10.142+07:00 DEBUG 16684 --- [tea-attendance-api] [nio-8080-exec-3] s.w.s.m.m.a.RequestMappingHandlerMapping : Mapped to com.trasua.api.MemberController#list(boolean)
2026-09-14T00:08:10.144+07:00 DEBUG 16684 --- [tea-attendance-api] [nio-8080-exec-6] m.m.a.RequestResponseBodyMethodProcessor : Using 'application/json', given [*/*] and supported [application/json, application/*+json]
2026-09-14T00:08:10.144+07:00 DEBUG 16684 --- [tea-attendance-api] [nio-8080-exec-1] m.m.a.RequestResponseBodyMethodProcessor : Using 'application/json', given [*/*] and supported [application/json, application/*+json]
2026-09-14T00:08:10.144+07:00 DEBUG 16684 --- [tea-attendance-api] [nio-8080-exec-6] m.m.a.RequestResponseBodyMethodProcessor : Writing [[DrinkCatalogResponse[id=1, name=Tra da, price=5000, icon=?, active=true], DrinkCatalogResponse[id= (truncated)...]
2026-09-14T00:08:10.145+07:00 DEBUG 16684 --- [tea-attendance-api] [nio-8080-exec-6] o.s.web.servlet.DispatcherServlet        : Completed 200 OK
2026-09-14T00:08:10.145+07:00 DEBUG 16684 --- [tea-attendance-api] [nio-8080-exec-1] m.m.a.RequestResponseBodyMethodProcessor : Writing [[ChatMessageResponse[id=2, sender=MemberBriefResponse[id=1, displayName=Minh Anh], content=alo, atta (truncated)...]
2026-09-14T00:08:10.148+07:00 DEBUG 16684 --- [tea-attendance-api] [nio-8080-exec-7] o.s.web.servlet.DispatcherServlet        : GET "/api/notifications?memberId=6", parameters={masked}
2026-09-14T00:08:10.149+07:00 DEBUG 16684 --- [tea-attendance-api] [nio-8080-exec-7] s.w.s.m.m.a.RequestMappingHandlerMapping : Mapped to com.trasua.api.NotificationController#list(Long)
2026-09-14T00:08:10.149+07:00 DEBUG 16684 --- [tea-attendance-api] [nio-8080-exec-1] o.s.web.servlet.DispatcherServlet        : Completed 200 OK
2026-09-14T00:08:10.163+07:00 DEBUG 16684 --- [tea-attendance-api] [nio-8080-exec-3] org.hibernate.SQL                        : 
    select
        m1_0.id,
        m1_0.account_name,
        m1_0.account_number,
        m1_0.active,
        m1_0.avatar_url,
        m1_0.bank_bin,
        m1_0.bank_name,
        m1_0.created_at,
        m1_0.display_name,
        m1_0.email,
        m1_0.password_hash,
        m1_0.qr_code_url,
        m1_0.reset_code_expires_at,
        m1_0.reset_code_hash,
        m1_0.role,
        m1_0.updated_at 
    from
        members m1_0
2026-09-14T00:08:10.166+07:00 DEBUG 16684 --- [tea-attendance-api] [nio-8080-exec-7] org.hibernate.SQL                        : 
    select
        n1_0.id,
        n1_0.body,
        n1_0.created_at,
        n1_0.read_at,
        n1_0.recipient_member_id,
        r1_0.id,
        r1_0.account_name,
        r1_0.account_number,
        r1_0.active,
        r1_0.avatar_url,
        r1_0.bank_bin,
        r1_0.bank_name,
        r1_0.created_at,
        r1_0.display_name,
        r1_0.email,
        r1_0.password_hash,
        r1_0.qr_code_url,
        r1_0.reset_code_expires_at,
        r1_0.reset_code_hash,
        r1_0.role,
        r1_0.updated_at,
        n1_0.settlement_id,
        n1_0.title,
        n1_0.transfer_id,
        n1_0.type 
    from
        notifications n1_0 
    join
        members r1_0 
            on r1_0.id=n1_0.recipient_member_id 
    where
        r1_0.id=? 
    order by
        n1_0.created_at desc
2026-09-14T00:08:10.168+07:00 DEBUG 16684 --- [tea-attendance-api] [nio-8080-exec-4] o.s.web.servlet.DispatcherServlet        : GET "/api/chat/messages", parameters={}
2026-09-14T00:08:10.169+07:00 DEBUG 16684 --- [tea-attendance-api] [nio-8080-exec-4] s.w.s.m.m.a.RequestMappingHandlerMapping : Mapped to com.trasua.api.ChatController#list(Instant, int)
2026-09-14T00:08:10.182+07:00 DEBUG 16684 --- [tea-attendance-api] [nio-8080-exec-4] org.hibernate.SQL                        : 
    select
        cm1_0.id,
        cm1_0.content,
        cm1_0.created_at,
        cm1_0.sender_member_id,
        s1_0.id,
        s1_0.account_name,
        s1_0.account_number,
        s1_0.active,
        s1_0.avatar_url,
        s1_0.bank_bin,
        s1_0.bank_name,
        s1_0.created_at,
        s1_0.display_name,
        s1_0.email,
        s1_0.password_hash,
        s1_0.qr_code_url,
        s1_0.reset_code_expires_at,
        s1_0.reset_code_hash,
        s1_0.role,
        s1_0.updated_at 
    from
        chat_messages cm1_0 
    join
        members s1_0 
            on s1_0.id=cm1_0.sender_member_id 
    order by
        cm1_0.created_at desc 
    limit
        ?
2026-09-14T00:08:10.187+07:00 DEBUG 16684 --- [tea-attendance-api] [nio-8080-exec-7] m.m.a.RequestResponseBodyMethodProcessor : Using 'application/json', given [*/*] and supported [application/json, application/*+json]
2026-09-14T00:08:10.187+07:00 DEBUG 16684 --- [tea-attendance-api] [nio-8080-exec-3] m.m.a.RequestResponseBodyMethodProcessor : Using 'application/json', given [*/*] and supported [application/json, application/*+json]
2026-09-14T00:08:10.187+07:00 DEBUG 16684 --- [tea-attendance-api] [nio-8080-exec-7] m.m.a.RequestResponseBodyMethodProcessor : Writing [[]]
2026-09-14T00:08:10.187+07:00 DEBUG 16684 --- [tea-attendance-api] [nio-8080-exec-3] m.m.a.RequestResponseBodyMethodProcessor : Writing [[MemberResponse[id=1, displayName=Minh Anh, email=minh.anh@example.test, bankName=MB Bank, bankBin=9 (truncated)...]
2026-09-14T00:08:10.188+07:00 DEBUG 16684 --- [tea-attendance-api] [nio-8080-exec-7] o.s.web.servlet.DispatcherServlet        : Completed 200 OK
2026-09-14T00:08:10.189+07:00 DEBUG 16684 --- [tea-attendance-api] [nio-8080-exec-3] o.s.web.servlet.DispatcherServlet        : Completed 200 OK
2026-09-14T00:08:10.191+07:00 DEBUG 16684 --- [tea-attendance-api] [nio-8080-exec-4] org.hibernate.SQL                        : 
    select
        a1_0.message_id,
        a1_0.id,
        a1_0.byte_size,
        a1_0.content_type,
        a1_0.created_at,
        a1_0.original_filename,
        a1_0.storage_key 
    from
        chat_attachments a1_0 
    where
        a1_0.message_id=? 
    order by
        a1_0.id
2026-09-14T00:08:10.204+07:00 DEBUG 16684 --- [tea-attendance-api] [nio-8080-exec-4] org.hibernate.SQL                        : 
    select
        a1_0.message_id,
        a1_0.id,
        a1_0.byte_size,
        a1_0.content_type,
        a1_0.created_at,
        a1_0.original_filename,
        a1_0.storage_key 
    from
        chat_attachments a1_0 
    where
        a1_0.message_id=? 
    order by
        a1_0.id
2026-09-14T00:08:10.209+07:00 DEBUG 16684 --- [tea-attendance-api] [nio-8080-exec-4] org.hibernate.SQL                        : 
    select
        a1_0.message_id,
        a1_0.id,
        a1_0.byte_size,
        a1_0.content_type,
        a1_0.created_at,
        a1_0.original_filename,
        a1_0.storage_key 
    from
        chat_attachments a1_0 
    where
        a1_0.message_id=? 
    order by
        a1_0.id
2026-09-14T00:08:10.222+07:00 DEBUG 16684 --- [tea-attendance-api] [nio-8080-exec-4] org.hibernate.SQL                        : 
    select
        a1_0.message_id,
        a1_0.id,
        a1_0.byte_size,
        a1_0.content_type,
        a1_0.created_at,
        a1_0.original_filename,
        a1_0.storage_key 
    from
        chat_attachments a1_0 
    where
        a1_0.message_id=? 
    order by
        a1_0.id
2026-09-14T00:08:10.226+07:00 DEBUG 16684 --- [tea-attendance-api] [nio-8080-exec-4] org.hibernate.SQL                        : 
    select
        a1_0.message_id,
        a1_0.id,
        a1_0.byte_size,
        a1_0.content_type,
        a1_0.created_at,
        a1_0.original_filename,
        a1_0.storage_key 
    from
        chat_attachments a1_0 
    where
        a1_0.message_id=? 
    order by
        a1_0.id
2026-09-14T00:08:10.233+07:00 DEBUG 16684 --- [tea-attendance-api] [nio-8080-exec-4] org.hibernate.SQL                        : 
    select
        a1_0.message_id,
        a1_0.id,
        a1_0.byte_size,
        a1_0.content_type,
        a1_0.created_at,
        a1_0.original_filename,
        a1_0.storage_key 
    from
        chat_attachments a1_0 
    where
        a1_0.message_id=? 
    order by
        a1_0.id
2026-09-14T00:08:10.237+07:00 DEBUG 16684 --- [tea-attendance-api] [nio-8080-exec-5] m.m.a.RequestResponseBodyMethodProcessor : Using 'application/json', given [*/*] and supported [application/json, application/*+json]
2026-09-14T00:08:10.237+07:00 DEBUG 16684 --- [tea-attendance-api] [nio-8080-exec-5] m.m.a.RequestResponseBodyMethodProcessor : Writing [[]]
2026-09-14T00:08:10.238+07:00 DEBUG 16684 --- [tea-attendance-api] [nio-8080-exec-5] o.s.web.servlet.DispatcherServlet        : Completed 200 OK
2026-09-14T00:08:10.244+07:00 DEBUG 16684 --- [tea-attendance-api] [nio-8080-exec-8] o.s.web.servlet.DispatcherServlet        : GET "/api/expenses/range?from=2026-09-14&to=2026-09-20", parameters={masked}
2026-09-14T00:08:10.244+07:00 DEBUG 16684 --- [tea-attendance-api] [nio-8080-exec-8] s.w.s.m.m.a.RequestMappingHandlerMapping : Mapped to com.trasua.api.ExpenseController#range(LocalDate, LocalDate)
2026-09-14T00:08:10.253+07:00 DEBUG 16684 --- [tea-attendance-api] [nio-8080-exec-4] m.m.a.RequestResponseBodyMethodProcessor : Using 'application/json', given [*/*] and supported [application/json, application/*+json]
2026-09-14T00:08:10.255+07:00 DEBUG 16684 --- [tea-attendance-api] [nio-8080-exec-4] m.m.a.RequestResponseBodyMethodProcessor : Writing [[ChatMessageResponse[id=2, sender=MemberBriefResponse[id=1, displayName=Minh Anh], content=alo, atta (truncated)...]
2026-09-14T00:08:10.256+07:00 DEBUG 16684 --- [tea-attendance-api] [nio-8080-exec-4] o.s.web.servlet.DispatcherServlet        : Completed 200 OK
2026-09-14T00:08:10.260+07:00 DEBUG 16684 --- [tea-attendance-api] [io-8080-exec-10] o.s.web.servlet.DispatcherServlet        : GET "/api/chat/messages", parameters={}
2026-09-14T00:08:10.261+07:00 DEBUG 16684 --- [tea-attendance-api] [io-8080-exec-10] s.w.s.m.m.a.RequestMappingHandlerMapping : Mapped to com.trasua.api.ChatController#list(Instant, int)
2026-09-14T00:08:10.268+07:00 DEBUG 16684 --- [tea-attendance-api] [nio-8080-exec-8] org.hibernate.SQL                        : 
    select
        distinct do1_0.id,
        do1_0.created_at,
        i1_0.order_id,
        i1_0.id,
        i1_0.consumer_member_id,
        c1_0.id,
        c1_0.account_name,
        c1_0.account_number,
        c1_0.active,
        c1_0.avatar_url,
        c1_0.bank_bin,
        c1_0.bank_name,
        c1_0.created_at,
        c1_0.display_name,
        c1_0.email,
        c1_0.password_hash,
        c1_0.qr_code_url,
        c1_0.reset_code_expires_at,
        c1_0.reset_code_hash,
        c1_0.role,
        c1_0.updated_at,
        i1_0.drink_name,
        i1_0.line_total,
        i1_0.quantity,
        i1_0.unit_price,
        do1_0.note,
        do1_0.order_date,
        do1_0.payer_member_id,
        p1_0.id,
        p1_0.account_name,
        p1_0.account_number,
        p1_0.active,
        p1_0.avatar_url,
        p1_0.bank_bin,
        p1_0.bank_name,
        p1_0.created_at,
        p1_0.display_name,
        p1_0.email,
        p1_0.password_hash,
        p1_0.qr_code_url,
        p1_0.reset_code_expires_at,
        p1_0.reset_code_hash,
        p1_0.role,
        p1_0.updated_at,
        do1_0.total_amount,
        do1_0.updated_at 
    from
        drink_orders do1_0 
    join
        members p1_0 
            on p1_0.id=do1_0.payer_member_id 
    left join
        order_items i1_0 
            on do1_0.id=i1_0.order_id 
    left join
        members c1_0 
            on c1_0.id=i1_0.consumer_member_id 
    where
        do1_0.order_date between ? and ? 
    order by
        do1_0.order_date,
        do1_0.id
2026-09-14T00:08:10.273+07:00 DEBUG 16684 --- [tea-attendance-api] [io-8080-exec-10] org.hibernate.SQL                        : 
    select
        cm1_0.id,
        cm1_0.content,
        cm1_0.created_at,
        cm1_0.sender_member_id,
        s1_0.id,
        s1_0.account_name,
        s1_0.account_number,
        s1_0.active,
        s1_0.avatar_url,
        s1_0.bank_bin,
        s1_0.bank_name,
        s1_0.created_at,
        s1_0.display_name,
        s1_0.email,
        s1_0.password_hash,
        s1_0.qr_code_url,
        s1_0.reset_code_expires_at,
        s1_0.reset_code_hash,
        s1_0.role,
        s1_0.updated_at 
    from
        chat_messages cm1_0 
    join
        members s1_0 
            on s1_0.id=cm1_0.sender_member_id 
    order by
        cm1_0.created_at desc 
    limit
        ?
2026-09-14T00:08:10.278+07:00 DEBUG 16684 --- [tea-attendance-api] [io-8080-exec-10] org.hibernate.SQL                        : 
    select
        a1_0.message_id,
        a1_0.id,
        a1_0.byte_size,
        a1_0.content_type,
        a1_0.created_at,
        a1_0.original_filename,
        a1_0.storage_key 
    from
        chat_attachments a1_0 
    where
        a1_0.message_id=? 
    order by
        a1_0.id
2026-09-14T00:08:10.286+07:00 DEBUG 16684 --- [tea-attendance-api] [io-8080-exec-10] org.hibernate.SQL                        : 
    select
        a1_0.message_id,
        a1_0.id,
        a1_0.byte_size,
        a1_0.content_type,
        a1_0.created_at,
        a1_0.original_filename,
        a1_0.storage_key 
    from
        chat_attachments a1_0 
    where
        a1_0.message_id=? 
    order by
        a1_0.id
2026-09-14T00:08:10.287+07:00 DEBUG 16684 --- [tea-attendance-api] [nio-8080-exec-8] m.m.a.RequestResponseBodyMethodProcessor : Using 'application/json', given [*/*] and supported [application/json, application/*+json]
2026-09-14T00:08:10.287+07:00 DEBUG 16684 --- [tea-attendance-api] [nio-8080-exec-8] m.m.a.RequestResponseBodyMethodProcessor : Writing [[]]
2026-09-14T00:08:10.288+07:00 DEBUG 16684 --- [tea-attendance-api] [nio-8080-exec-8] o.s.web.servlet.DispatcherServlet        : Completed 200 OK
2026-09-14T00:08:10.292+07:00 DEBUG 16684 --- [tea-attendance-api] [io-8080-exec-10] org.hibernate.SQL                        : 
    select
        a1_0.message_id,
        a1_0.id,
        a1_0.byte_size,
        a1_0.content_type,
        a1_0.created_at,
        a1_0.original_filename,
        a1_0.storage_key 
    from
        chat_attachments a1_0 
    where
        a1_0.message_id=? 
    order by
        a1_0.id
2026-09-14T00:08:10.297+07:00 DEBUG 16684 --- [tea-attendance-api] [io-8080-exec-10] org.hibernate.SQL                        : 
    select
        a1_0.message_id,
        a1_0.id,
        a1_0.byte_size,
        a1_0.content_type,
        a1_0.created_at,
        a1_0.original_filename,
        a1_0.storage_key 
    from
        chat_attachments a1_0 
    where
        a1_0.message_id=? 
    order by
        a1_0.id
2026-09-14T00:08:10.308+07:00 DEBUG 16684 --- [tea-attendance-api] [io-8080-exec-10] org.hibernate.SQL                        : 
    select
        a1_0.message_id,
        a1_0.id,
        a1_0.byte_size,
        a1_0.content_type,
        a1_0.created_at,
        a1_0.original_filename,
        a1_0.storage_key 
    from
        chat_attachments a1_0 
    where
        a1_0.message_id=? 
    order by
        a1_0.id
2026-09-14T00:08:10.311+07:00 DEBUG 16684 --- [tea-attendance-api] [io-8080-exec-10] org.hibernate.SQL                        : 
    select
        a1_0.message_id,
        a1_0.id,
        a1_0.byte_size,
        a1_0.content_type,
        a1_0.created_at,
        a1_0.original_filename,
        a1_0.storage_key 
    from
        chat_attachments a1_0 
    where
        a1_0.message_id=? 
    order by
        a1_0.id
2026-09-14T00:08:10.328+07:00 DEBUG 16684 --- [tea-attendance-api] [io-8080-exec-10] m.m.a.RequestResponseBodyMethodProcessor : Using 'application/json', given [*/*] and supported [application/json, application/*+json]
2026-09-14T00:08:10.328+07:00 DEBUG 16684 --- [tea-attendance-api] [io-8080-exec-10] m.m.a.RequestResponseBodyMethodProcessor : Writing [[ChatMessageResponse[id=2, sender=MemberBriefResponse[id=1, displayName=Minh Anh], content=alo, atta (truncated)...]
2026-09-14T00:08:10.330+07:00 DEBUG 16684 --- [tea-attendance-api] [io-8080-exec-10] o.s.web.servlet.DispatcherServlet        : Completed 200 OK
2026-09-14T00:08:10.363+07:00 DEBUG 16684 --- [tea-attendance-api] [nio-8080-exec-9] o.s.web.servlet.DispatcherServlet        : GET "/api/drinks?includeInactive=true", parameters={masked}
2026-09-14T00:08:10.364+07:00 DEBUG 16684 --- [tea-attendance-api] [nio-8080-exec-9] s.w.s.m.m.a.RequestMappingHandlerMapping : Mapped to com.trasua.api.DrinkCatalogController#list(boolean)
2026-09-14T00:08:10.366+07:00 DEBUG 16684 --- [tea-attendance-api] [nio-8080-exec-2] o.s.web.servlet.DispatcherServlet        : GET "/api/members?includeInactive=true", parameters={masked}
2026-09-14T00:08:10.366+07:00 DEBUG 16684 --- [tea-attendance-api] [nio-8080-exec-2] s.w.s.m.m.a.RequestMappingHandlerMapping : Mapped to com.trasua.api.MemberController#list(boolean)
2026-09-14T00:08:10.375+07:00 DEBUG 16684 --- [tea-attendance-api] [nio-8080-exec-2] org.hibernate.SQL                        : 
    select
        m1_0.id,
        m1_0.account_name,
        m1_0.account_number,
        m1_0.active,
        m1_0.avatar_url,
        m1_0.bank_bin,
        m1_0.bank_name,
        m1_0.created_at,
        m1_0.display_name,
        m1_0.email,
        m1_0.password_hash,
        m1_0.qr_code_url,
        m1_0.reset_code_expires_at,
        m1_0.reset_code_hash,
        m1_0.role,
        m1_0.updated_at 
    from
        members m1_0
2026-09-14T00:08:10.375+07:00 DEBUG 16684 --- [tea-attendance-api] [nio-8080-exec-9] org.hibernate.SQL                        : 
    select
        dci1_0.id,
        dci1_0.active,
        dci1_0.created_at,
        dci1_0.icon,
        dci1_0.name,
        dci1_0.price,
        dci1_0.updated_at 
    from
        drink_catalog dci1_0
2026-09-14T00:08:10.387+07:00 DEBUG 16684 --- [tea-attendance-api] [nio-8080-exec-6] o.s.web.servlet.DispatcherServlet        : GET "/api/expenses/range?from=2026-09-14&to=2026-09-20", parameters={masked}
2026-09-14T00:08:10.388+07:00 DEBUG 16684 --- [tea-attendance-api] [nio-8080-exec-6] s.w.s.m.m.a.RequestMappingHandlerMapping : Mapped to com.trasua.api.ExpenseController#range(LocalDate, LocalDate)
2026-09-14T00:08:10.389+07:00 DEBUG 16684 --- [tea-attendance-api] [nio-8080-exec-1] o.s.web.servlet.DispatcherServlet        : GET "/api/chat/messages", parameters={}
2026-09-14T00:08:10.389+07:00 DEBUG 16684 --- [tea-attendance-api] [nio-8080-exec-3] o.s.web.servlet.DispatcherServlet        : GET "/api/notifications?memberId=6", parameters={masked}
2026-09-14T00:08:10.389+07:00 DEBUG 16684 --- [tea-attendance-api] [nio-8080-exec-1] s.w.s.m.m.a.RequestMappingHandlerMapping : Mapped to com.trasua.api.ChatController#list(Instant, int)
2026-09-14T00:08:10.389+07:00 DEBUG 16684 --- [tea-attendance-api] [nio-8080-exec-3] s.w.s.m.m.a.RequestMappingHandlerMapping : Mapped to com.trasua.api.NotificationController#list(Long)
2026-09-14T00:08:10.406+07:00 DEBUG 16684 --- [tea-attendance-api] [nio-8080-exec-9] m.m.a.RequestResponseBodyMethodProcessor : Using 'application/json', given [*/*] and supported [application/json, application/*+json]
2026-09-14T00:08:10.406+07:00 DEBUG 16684 --- [tea-attendance-api] [nio-8080-exec-3] org.hibernate.SQL                        : 
    select
        n1_0.id,
        n1_0.body,
        n1_0.created_at,
        n1_0.read_at,
        n1_0.recipient_member_id,
        r1_0.id,
        r1_0.account_name,
        r1_0.account_number,
        r1_0.active,
        r1_0.avatar_url,
        r1_0.bank_bin,
        r1_0.bank_name,
        r1_0.created_at,
        r1_0.display_name,
        r1_0.email,
        r1_0.password_hash,
        r1_0.qr_code_url,
        r1_0.reset_code_expires_at,
        r1_0.reset_code_hash,
        r1_0.role,
        r1_0.updated_at,
        n1_0.settlement_id,
        n1_0.title,
        n1_0.transfer_id,
        n1_0.type 
    from
        notifications n1_0 
    join
        members r1_0 
            on r1_0.id=n1_0.recipient_member_id 
    where
        r1_0.id=? 
    order by
        n1_0.created_at desc
2026-09-14T00:08:10.406+07:00 DEBUG 16684 --- [tea-attendance-api] [nio-8080-exec-1] org.hibernate.SQL                        : 
    select
        cm1_0.id,
        cm1_0.content,
        cm1_0.created_at,
        cm1_0.sender_member_id,
        s1_0.id,
        s1_0.account_name,
        s1_0.account_number,
        s1_0.active,
        s1_0.avatar_url,
        s1_0.bank_bin,
        s1_0.bank_name,
        s1_0.created_at,
        s1_0.display_name,
        s1_0.email,
        s1_0.password_hash,
        s1_0.qr_code_url,
        s1_0.reset_code_expires_at,
        s1_0.reset_code_hash,
        s1_0.role,
        s1_0.updated_at 
    from
        chat_messages cm1_0 
    join
        members s1_0 
            on s1_0.id=cm1_0.sender_member_id 
    order by
        cm1_0.created_at desc 
    limit
        ?
2026-09-14T00:08:10.407+07:00 DEBUG 16684 --- [tea-attendance-api] [nio-8080-exec-9] m.m.a.RequestResponseBodyMethodProcessor : Writing [[DrinkCatalogResponse[id=1, name=Tra da, price=5000, icon=?, active=true], DrinkCatalogResponse[id= (truncated)...]
2026-09-14T00:08:10.407+07:00 DEBUG 16684 --- [tea-attendance-api] [nio-8080-exec-2] m.m.a.RequestResponseBodyMethodProcessor : Using 'application/json', given [*/*] and supported [application/json, application/*+json]
2026-09-14T00:08:10.407+07:00 DEBUG 16684 --- [tea-attendance-api] [nio-8080-exec-6] org.hibernate.SQL                        : 
    select
        distinct do1_0.id,
        do1_0.created_at,
        i1_0.order_id,
        i1_0.id,
        i1_0.consumer_member_id,
        c1_0.id,
        c1_0.account_name,
        c1_0.account_number,
        c1_0.active,
        c1_0.avatar_url,
        c1_0.bank_bin,
        c1_0.bank_name,
        c1_0.created_at,
        c1_0.display_name,
        c1_0.email,
        c1_0.password_hash,
        c1_0.qr_code_url,
        c1_0.reset_code_expires_at,
        c1_0.reset_code_hash,
        c1_0.role,
        c1_0.updated_at,
        i1_0.drink_name,
        i1_0.line_total,
        i1_0.quantity,
        i1_0.unit_price,
        do1_0.note,
        do1_0.order_date,
        do1_0.payer_member_id,
        p1_0.id,
        p1_0.account_name,
        p1_0.account_number,
        p1_0.active,
        p1_0.avatar_url,
        p1_0.bank_bin,
        p1_0.bank_name,
        p1_0.created_at,
        p1_0.display_name,
        p1_0.email,
        p1_0.password_hash,
        p1_0.qr_code_url,
        p1_0.reset_code_expires_at,
        p1_0.reset_code_hash,
        p1_0.role,
        p1_0.updated_at,
        do1_0.total_amount,
        do1_0.updated_at 
    from
        drink_orders do1_0 
    join
        members p1_0 
            on p1_0.id=do1_0.payer_member_id 
    left join
        order_items i1_0 
            on do1_0.id=i1_0.order_id 
    left join
        members c1_0 
            on c1_0.id=i1_0.consumer_member_id 
    where
        do1_0.order_date between ? and ? 
    order by
        do1_0.order_date,
        do1_0.id
2026-09-14T00:08:10.407+07:00 DEBUG 16684 --- [tea-attendance-api] [nio-8080-exec-9] o.s.web.servlet.DispatcherServlet        : Completed 200 OK
2026-09-14T00:08:10.407+07:00 DEBUG 16684 --- [tea-attendance-api] [nio-8080-exec-2] m.m.a.RequestResponseBodyMethodProcessor : Writing [[MemberResponse[id=1, displayName=Minh Anh, email=minh.anh@example.test, bankName=MB Bank, bankBin=9 (truncated)...]
2026-09-14T00:08:10.409+07:00 DEBUG 16684 --- [tea-attendance-api] [nio-8080-exec-2] o.s.web.servlet.DispatcherServlet        : Completed 200 OK
2026-09-14T00:08:10.414+07:00 DEBUG 16684 --- [tea-attendance-api] [nio-8080-exec-1] org.hibernate.SQL                        : 
    select
        a1_0.message_id,
        a1_0.id,
        a1_0.byte_size,
        a1_0.content_type,
        a1_0.created_at,
        a1_0.original_filename,
        a1_0.storage_key 
    from
        chat_attachments a1_0 
    where
        a1_0.message_id=? 
    order by
        a1_0.id
2026-09-14T00:08:10.415+07:00 DEBUG 16684 --- [tea-attendance-api] [nio-8080-exec-5] o.s.web.servlet.DispatcherServlet        : GET "/api/members?includeInactive=true", parameters={masked}
2026-09-14T00:08:10.415+07:00 DEBUG 16684 --- [tea-attendance-api] [nio-8080-exec-7] o.s.web.servlet.DispatcherServlet        : GET "/api/drinks?includeInactive=true", parameters={masked}
2026-09-14T00:08:10.416+07:00 DEBUG 16684 --- [tea-attendance-api] [nio-8080-exec-7] s.w.s.m.m.a.RequestMappingHandlerMapping : Mapped to com.trasua.api.DrinkCatalogController#list(boolean)
2026-09-14T00:08:10.416+07:00 DEBUG 16684 --- [tea-attendance-api] [nio-8080-exec-5] s.w.s.m.m.a.RequestMappingHandlerMapping : Mapped to com.trasua.api.MemberController#list(boolean)
2026-09-14T00:08:10.424+07:00 DEBUG 16684 --- [tea-attendance-api] [nio-8080-exec-1] org.hibernate.SQL                        : 
    select
        a1_0.message_id,
        a1_0.id,
        a1_0.byte_size,
        a1_0.content_type,
        a1_0.created_at,
        a1_0.original_filename,
        a1_0.storage_key 
    from
        chat_attachments a1_0 
    where
        a1_0.message_id=? 
    order by
        a1_0.id
2026-09-14T00:08:10.427+07:00 DEBUG 16684 --- [tea-attendance-api] [nio-8080-exec-5] org.hibernate.SQL                        : 
    select
        m1_0.id,
        m1_0.account_name,
        m1_0.account_number,
        m1_0.active,
        m1_0.avatar_url,
        m1_0.bank_bin,
        m1_0.bank_name,
        m1_0.created_at,
        m1_0.display_name,
        m1_0.email,
        m1_0.password_hash,
        m1_0.qr_code_url,
        m1_0.reset_code_expires_at,
        m1_0.reset_code_hash,
        m1_0.role,
        m1_0.updated_at 
    from
        members m1_0
2026-09-14T00:08:10.428+07:00 DEBUG 16684 --- [tea-attendance-api] [nio-8080-exec-1] org.hibernate.SQL                        : 
    select
        a1_0.message_id,
        a1_0.id,
        a1_0.byte_size,
        a1_0.content_type,
        a1_0.created_at,
        a1_0.original_filename,
        a1_0.storage_key 
    from
        chat_attachments a1_0 
    where
        a1_0.message_id=? 
    order by
        a1_0.id
2026-09-14T00:08:10.429+07:00 DEBUG 16684 --- [tea-attendance-api] [nio-8080-exec-7] org.hibernate.SQL                        : 
    select
        dci1_0.id,
        dci1_0.active,
        dci1_0.created_at,
        dci1_0.icon,
        dci1_0.name,
        dci1_0.price,
        dci1_0.updated_at 
    from
        drink_catalog dci1_0
2026-09-14T00:08:10.433+07:00 DEBUG 16684 --- [tea-attendance-api] [nio-8080-exec-3] m.m.a.RequestResponseBodyMethodProcessor : Using 'application/json', given [*/*] and supported [application/json, application/*+json]
2026-09-14T00:08:10.434+07:00 DEBUG 16684 --- [tea-attendance-api] [nio-8080-exec-3] m.m.a.RequestResponseBodyMethodProcessor : Writing [[]]
2026-09-14T00:08:10.435+07:00 DEBUG 16684 --- [tea-attendance-api] [nio-8080-exec-3] o.s.web.servlet.DispatcherServlet        : Completed 200 OK
2026-09-14T00:08:10.438+07:00 DEBUG 16684 --- [tea-attendance-api] [nio-8080-exec-1] org.hibernate.SQL                        : 
    select
        a1_0.message_id,
        a1_0.id,
        a1_0.byte_size,
        a1_0.content_type,
        a1_0.created_at,
        a1_0.original_filename,
        a1_0.storage_key 
    from
        chat_attachments a1_0 
    where
        a1_0.message_id=? 
    order by
        a1_0.id
2026-09-14T00:08:10.442+07:00 DEBUG 16684 --- [tea-attendance-api] [nio-8080-exec-4] o.s.web.servlet.DispatcherServlet        : GET "/api/notifications?memberId=6", parameters={masked}
2026-09-14T00:08:10.442+07:00 DEBUG 16684 --- [tea-attendance-api] [nio-8080-exec-4] s.w.s.m.m.a.RequestMappingHandlerMapping : Mapped to com.trasua.api.NotificationController#list(Long)
2026-09-14T00:08:10.445+07:00 DEBUG 16684 --- [tea-attendance-api] [nio-8080-exec-6] m.m.a.RequestResponseBodyMethodProcessor : Using 'application/json', given [*/*] and supported [application/json, application/*+json]
2026-09-14T00:08:10.445+07:00 DEBUG 16684 --- [tea-attendance-api] [nio-8080-exec-1] org.hibernate.SQL                        : 
    select
        a1_0.message_id,
        a1_0.id,
        a1_0.byte_size,
        a1_0.content_type,
        a1_0.created_at,
        a1_0.original_filename,
        a1_0.storage_key 
    from
        chat_attachments a1_0 
    where
        a1_0.message_id=? 
    order by
        a1_0.id
2026-09-14T00:08:10.445+07:00 DEBUG 16684 --- [tea-attendance-api] [nio-8080-exec-6] m.m.a.RequestResponseBodyMethodProcessor : Writing [[]]
2026-09-14T00:08:10.447+07:00 DEBUG 16684 --- [tea-attendance-api] [nio-8080-exec-6] o.s.web.servlet.DispatcherServlet        : Completed 200 OK
2026-09-14T00:08:10.454+07:00 DEBUG 16684 --- [tea-attendance-api] [nio-8080-exec-1] org.hibernate.SQL                        : 
    select
        a1_0.message_id,
        a1_0.id,
        a1_0.byte_size,
        a1_0.content_type,
        a1_0.created_at,
        a1_0.original_filename,
        a1_0.storage_key 
    from
        chat_attachments a1_0 
    where
        a1_0.message_id=? 
    order by
        a1_0.id
2026-09-14T00:08:10.456+07:00 DEBUG 16684 --- [tea-attendance-api] [nio-8080-exec-8] o.s.web.servlet.DispatcherServlet        : GET "/api/expenses/range?from=2026-09-14&to=2026-09-20", parameters={masked}
2026-09-14T00:08:10.456+07:00 DEBUG 16684 --- [tea-attendance-api] [nio-8080-exec-8] s.w.s.m.m.a.RequestMappingHandlerMapping : Mapped to com.trasua.api.ExpenseController#range(LocalDate, LocalDate)
2026-09-14T00:08:10.457+07:00 DEBUG 16684 --- [tea-attendance-api] [nio-8080-exec-5] m.m.a.RequestResponseBodyMethodProcessor : Using 'application/json', given [*/*] and supported [application/json, application/*+json]
2026-09-14T00:08:10.458+07:00 DEBUG 16684 --- [tea-attendance-api] [nio-8080-exec-5] m.m.a.RequestResponseBodyMethodProcessor : Writing [[MemberResponse[id=1, displayName=Minh Anh, email=minh.anh@example.test, bankName=MB Bank, bankBin=9 (truncated)...]
2026-09-14T00:08:10.459+07:00 DEBUG 16684 --- [tea-attendance-api] [nio-8080-exec-7] m.m.a.RequestResponseBodyMethodProcessor : Using 'application/json', given [*/*] and supported [application/json, application/*+json]
2026-09-14T00:08:10.459+07:00 DEBUG 16684 --- [tea-attendance-api] [nio-8080-exec-7] m.m.a.RequestResponseBodyMethodProcessor : Writing [[DrinkCatalogResponse[id=1, name=Tra da, price=5000, icon=?, active=true], DrinkCatalogResponse[id= (truncated)...]
2026-09-14T00:08:10.459+07:00 DEBUG 16684 --- [tea-attendance-api] [nio-8080-exec-4] org.hibernate.SQL                        : 
    select
        n1_0.id,
        n1_0.body,
        n1_0.created_at,
        n1_0.read_at,
        n1_0.recipient_member_id,
        r1_0.id,
        r1_0.account_name,
        r1_0.account_number,
        r1_0.active,
        r1_0.avatar_url,
        r1_0.bank_bin,
        r1_0.bank_name,
        r1_0.created_at,
        r1_0.display_name,
        r1_0.email,
        r1_0.password_hash,
        r1_0.qr_code_url,
        r1_0.reset_code_expires_at,
        r1_0.reset_code_hash,
        r1_0.role,
        r1_0.updated_at,
        n1_0.settlement_id,
        n1_0.title,
        n1_0.transfer_id,
        n1_0.type 
    from
        notifications n1_0 
    join
        members r1_0 
            on r1_0.id=n1_0.recipient_member_id 
    where
        r1_0.id=? 
    order by
        n1_0.created_at desc
2026-09-14T00:08:10.460+07:00 DEBUG 16684 --- [tea-attendance-api] [nio-8080-exec-5] o.s.web.servlet.DispatcherServlet        : Completed 200 OK
2026-09-14T00:08:10.460+07:00 DEBUG 16684 --- [tea-attendance-api] [nio-8080-exec-7] o.s.web.servlet.DispatcherServlet        : Completed 200 OK
2026-09-14T00:08:10.471+07:00 DEBUG 16684 --- [tea-attendance-api] [nio-8080-exec-8] org.hibernate.SQL                        : 
    select
        distinct do1_0.id,
        do1_0.created_at,
        i1_0.order_id,
        i1_0.id,
        i1_0.consumer_member_id,
        c1_0.id,
        c1_0.account_name,
        c1_0.account_number,
        c1_0.active,
        c1_0.avatar_url,
        c1_0.bank_bin,
        c1_0.bank_name,
        c1_0.created_at,
        c1_0.display_name,
        c1_0.email,
        c1_0.password_hash,
        c1_0.qr_code_url,
        c1_0.reset_code_expires_at,
        c1_0.reset_code_hash,
        c1_0.role,
        c1_0.updated_at,
        i1_0.drink_name,
        i1_0.line_total,
        i1_0.quantity,
        i1_0.unit_price,
        do1_0.note,
        do1_0.order_date,
        do1_0.payer_member_id,
        p1_0.id,
        p1_0.account_name,
        p1_0.account_number,
        p1_0.active,
        p1_0.avatar_url,
        p1_0.bank_bin,
        p1_0.bank_name,
        p1_0.created_at,
        p1_0.display_name,
        p1_0.email,
        p1_0.password_hash,
        p1_0.qr_code_url,
        p1_0.reset_code_expires_at,
        p1_0.reset_code_hash,
        p1_0.role,
        p1_0.updated_at,
        do1_0.total_amount,
        do1_0.updated_at 
    from
        drink_orders do1_0 
    join
        members p1_0 
            on p1_0.id=do1_0.payer_member_id 
    left join
        order_items i1_0 
            on do1_0.id=i1_0.order_id 
    left join
        members c1_0 
            on c1_0.id=i1_0.consumer_member_id 
    where
        do1_0.order_date between ? and ? 
    order by
        do1_0.order_date,
        do1_0.id
2026-09-14T00:08:10.478+07:00 DEBUG 16684 --- [tea-attendance-api] [nio-8080-exec-1] m.m.a.RequestResponseBodyMethodProcessor : Using 'application/json', given [*/*] and supported [application/json, application/*+json]
2026-09-14T00:08:10.479+07:00 DEBUG 16684 --- [tea-attendance-api] [nio-8080-exec-1] m.m.a.RequestResponseBodyMethodProcessor : Writing [[ChatMessageResponse[id=2, sender=MemberBriefResponse[id=1, displayName=Minh Anh], content=alo, atta (truncated)...]
2026-09-14T00:08:10.481+07:00 DEBUG 16684 --- [tea-attendance-api] [nio-8080-exec-1] o.s.web.servlet.DispatcherServlet        : Completed 200 OK
2026-09-14T00:08:10.486+07:00 DEBUG 16684 --- [tea-attendance-api] [io-8080-exec-10] o.s.web.servlet.DispatcherServlet        : GET "/api/chat/messages", parameters={}
2026-09-14T00:08:10.487+07:00 DEBUG 16684 --- [tea-attendance-api] [nio-8080-exec-4] m.m.a.RequestResponseBodyMethodProcessor : Using 'application/json', given [*/*] and supported [application/json, application/*+json]
2026-09-14T00:08:10.487+07:00 DEBUG 16684 --- [tea-attendance-api] [io-8080-exec-10] s.w.s.m.m.a.RequestMappingHandlerMapping : Mapped to com.trasua.api.ChatController#list(Instant, int)
2026-09-14T00:08:10.487+07:00 DEBUG 16684 --- [tea-attendance-api] [nio-8080-exec-4] m.m.a.RequestResponseBodyMethodProcessor : Writing [[]]
2026-09-14T00:08:10.487+07:00 DEBUG 16684 --- [tea-attendance-api] [nio-8080-exec-4] o.s.web.servlet.DispatcherServlet        : Completed 200 OK
2026-09-14T00:08:10.494+07:00 DEBUG 16684 --- [tea-attendance-api] [io-8080-exec-10] org.hibernate.SQL                        : 
    select
        cm1_0.id,
        cm1_0.content,
        cm1_0.created_at,
        cm1_0.sender_member_id,
        s1_0.id,
        s1_0.account_name,
        s1_0.account_number,
        s1_0.active,
        s1_0.avatar_url,
        s1_0.bank_bin,
        s1_0.bank_name,
        s1_0.created_at,
        s1_0.display_name,
        s1_0.email,
        s1_0.password_hash,
        s1_0.qr_code_url,
        s1_0.reset_code_expires_at,
        s1_0.reset_code_hash,
        s1_0.role,
        s1_0.updated_at 
    from
        chat_messages cm1_0 
    join
        members s1_0 
            on s1_0.id=cm1_0.sender_member_id 
    order by
        cm1_0.created_at desc 
    limit
        ?
2026-09-14T00:08:10.495+07:00 DEBUG 16684 --- [tea-attendance-api] [nio-8080-exec-8] m.m.a.RequestResponseBodyMethodProcessor : Using 'application/json', given [*/*] and supported [application/json, application/*+json]
2026-09-14T00:08:10.496+07:00 DEBUG 16684 --- [tea-attendance-api] [nio-8080-exec-8] m.m.a.RequestResponseBodyMethodProcessor : Writing [[]]
2026-09-14T00:08:10.498+07:00 DEBUG 16684 --- [tea-attendance-api] [nio-8080-exec-8] o.s.web.servlet.DispatcherServlet        : Completed 200 OK
2026-09-14T00:08:10.501+07:00 DEBUG 16684 --- [tea-attendance-api] [io-8080-exec-10] org.hibernate.SQL                        : 
    select
        a1_0.message_id,
        a1_0.id,
        a1_0.byte_size,
        a1_0.content_type,
        a1_0.created_at,
        a1_0.original_filename,
        a1_0.storage_key 
    from
        chat_attachments a1_0 
    where
        a1_0.message_id=? 
    order by
        a1_0.id
2026-09-14T00:08:10.505+07:00 DEBUG 16684 --- [tea-attendance-api] [io-8080-exec-10] org.hibernate.SQL                        : 
    select
        a1_0.message_id,
        a1_0.id,
        a1_0.byte_size,
        a1_0.content_type,
        a1_0.created_at,
        a1_0.original_filename,
        a1_0.storage_key 
    from
        chat_attachments a1_0 
    where
        a1_0.message_id=? 
    order by
        a1_0.id
2026-09-14T00:08:10.509+07:00 DEBUG 16684 --- [tea-attendance-api] [io-8080-exec-10] org.hibernate.SQL                        : 
    select
        a1_0.message_id,
        a1_0.id,
        a1_0.byte_size,
        a1_0.content_type,
        a1_0.created_at,
        a1_0.original_filename,
        a1_0.storage_key 
    from
        chat_attachments a1_0 
    where
        a1_0.message_id=? 
    order by
        a1_0.id
2026-09-14T00:08:10.513+07:00 DEBUG 16684 --- [tea-attendance-api] [io-8080-exec-10] org.hibernate.SQL                        : 
    select
        a1_0.message_id,
        a1_0.id,
        a1_0.byte_size,
        a1_0.content_type,
        a1_0.created_at,
        a1_0.original_filename,
        a1_0.storage_key 
    from
        chat_attachments a1_0 
    where
        a1_0.message_id=? 
    order by
        a1_0.id
2026-09-14T00:08:10.520+07:00 DEBUG 16684 --- [tea-attendance-api] [io-8080-exec-10] org.hibernate.SQL                        : 
    select
        a1_0.message_id,
        a1_0.id,
        a1_0.byte_size,
        a1_0.content_type,
        a1_0.created_at,
        a1_0.original_filename,
        a1_0.storage_key 
    from
        chat_attachments a1_0 
    where
        a1_0.message_id=? 
    order by
        a1_0.id
2026-09-14T00:08:10.526+07:00 DEBUG 16684 --- [tea-attendance-api] [io-8080-exec-10] org.hibernate.SQL                        : 
    select
        a1_0.message_id,
        a1_0.id,
        a1_0.byte_size,
        a1_0.content_type,
        a1_0.created_at,
        a1_0.original_filename,
        a1_0.storage_key 
    from
        chat_attachments a1_0 
    where
        a1_0.message_id=? 
    order by
        a1_0.id
2026-09-14T00:08:10.540+07:00 DEBUG 16684 --- [tea-attendance-api] [io-8080-exec-10] m.m.a.RequestResponseBodyMethodProcessor : Using 'application/json', given [*/*] and supported [application/json, application/*+json]
2026-09-14T00:08:10.541+07:00 DEBUG 16684 --- [tea-attendance-api] [io-8080-exec-10] m.m.a.RequestResponseBodyMethodProcessor : Writing [[ChatMessageResponse[id=2, sender=MemberBriefResponse[id=1, displayName=Minh Anh], content=alo, atta (truncated)...]
2026-09-14T00:08:10.542+07:00 DEBUG 16684 --- [tea-attendance-api] [io-8080-exec-10] o.s.web.servlet.DispatcherServlet        : Completed 200 OK
[INFO] ------------------------------------------------------------------------
[INFO] BUILD FAILURE
[INFO] ------------------------------------------------------------------------
[INFO] Total time:  39:49 min
[INFO] Finished at: 2026-09-14T00:15:13+07:00
[INFO] ------------------------------------------------------------------------
[ERROR] Failed to execute goal org.springframework.boot:spring-boot-maven-plugin:3.4.5:run (default-cli) on project tea-attendance-api: Process terminated with exit code: -1 -> [Help 1]
[ERROR] 
[ERROR] To see the full stack trace of the errors, re-run Maven with the -e switch.
[ERROR] Re-run Maven using the -X switch to enable full debug logging.
[ERROR] 
[ERROR] For more information about the errors and possible solutions, please read the following articles:
[ERROR] [Help 1] http://cwiki.apache.org/confluence/display/MAVEN/MojoExecutionException
