[INFO] Scanning for projects...
[INFO] 
[INFO] -------------------< com.trasua:tea-attendance-api >--------------------
[INFO] Building tea-attendance-api 0.0.1-SNAPSHOT
[INFO]   from pom.xml
[INFO] --------------------------------[ jar ]---------------------------------
[INFO] 
[INFO] >>> spring-boot:3.4.5:run (default-cli) > test-compile @ tea-attendance-api >>>
[INFO] 
[INFO] --- resources:3.3.1:resources (default-resources) @ tea-attendance-api ---
[INFO] Copying 1 resource from src\main\resources to target\classes
[INFO] Copying 2 resources from src\main\resources to target\classes
[INFO] 
[INFO] --- compiler:3.13.0:compile (default-compile) @ tea-attendance-api ---
[INFO] Nothing to compile - all classes are up to date.
[INFO] 
[INFO] --- resources:3.3.1:testResources (default-testResources) @ tea-attendance-api ---
[INFO] skip non existing resourceDirectory D:\web_diem_danh_tra_da\backend\src\test\resources
[INFO] 
[INFO] --- compiler:3.13.0:testCompile (default-testCompile) @ tea-attendance-api ---
[INFO] No sources to compile
[INFO] 
[INFO] <<< spring-boot:3.4.5:run (default-cli) < test-compile @ tea-attendance-api <<<
[INFO] 
[INFO] 
[INFO] --- spring-boot:3.4.5:run (default-cli) @ tea-attendance-api ---
[INFO] Attaching agents: []

  .   ____          _            __ _ _
 /\\ / ___'_ __ _ _(_)_ __  __ _ \ \ \ \
( ( )\___ | '_ | '_| | '_ \/ _` | \ \ \ \
 \\/  ___)| |_)| | | | | || (_| |  ) ) ) )
  '  |____| .__|_| |_|_| |_\__, | / / / /
 =========|_|==============|___/=/_/_/_/

 :: Spring Boot ::                (v3.4.5)

2026-09-12T15:29:34.238+07:00  INFO 23280 --- [tea-attendance-api] [           main] com.trasua.TeaAttendanceApplication      : Starting TeaAttendanceApplication using Java 17.0.20 with PID 23280 (D:\web_diem_danh_tra_da\backend\target\classes started by Admin in D:\web_diem_danh_tra_da\backend)
2026-09-12T15:29:34.246+07:00  INFO 23280 --- [tea-attendance-api] [           main] com.trasua.TeaAttendanceApplication      : No active profile set, falling back to 1 default profile: "default"
2026-09-12T15:29:34.247+07:00 DEBUG 23280 --- [tea-attendance-api] [           main] o.s.boot.SpringApplication               : Loading source class com.trasua.TeaAttendanceApplication
2026-09-12T15:29:34.471+07:00 DEBUG 23280 --- [tea-attendance-api] [           main] ConfigServletWebServerApplicationContext : Refreshing org.springframework.boot.web.servlet.context.AnnotationConfigServletWebServerApplicationContext@50de186c
2026-09-12T15:29:36.670+07:00  INFO 23280 --- [tea-attendance-api] [           main] .s.d.r.c.RepositoryConfigurationDelegate : Bootstrapping Spring Data JPA repositories in DEFAULT mode.
2026-09-12T15:29:36.742+07:00 DEBUG 23280 --- [tea-attendance-api] [           main] o.s.b.a.AutoConfigurationPackages        : @EnableAutoConfiguration was declared on a class in the package 'com.trasua'. Automatic @Repository and @Entity scanning is enabled.
2026-09-12T15:29:36.956+07:00  INFO 23280 --- [tea-attendance-api] [           main] .s.d.r.c.RepositoryConfigurationDelegate : Finished Spring Data repository scanning in 259 ms. Found 7 JPA repository interfaces.
2026-09-12T15:29:48.315+07:00 DEBUG 23280 --- [tea-attendance-api] [           main] .s.b.w.e.t.TomcatServletWebServerFactory : Code archive: C:\Users\CodexSandboxOffline\.m2\repository\org\springframework\boot\spring-boot\3.4.5\spring-boot-3.4.5.jar
2026-09-12T15:29:48.315+07:00 DEBUG 23280 --- [tea-attendance-api] [           main] .s.b.w.e.t.TomcatServletWebServerFactory : Code archive: C:\Users\CodexSandboxOffline\.m2\repository\org\springframework\boot\spring-boot\3.4.5\spring-boot-3.4.5.jar
2026-09-12T15:29:48.316+07:00 DEBUG 23280 --- [tea-attendance-api] [           main] .s.b.w.e.t.TomcatServletWebServerFactory : None of the document roots [src/main/webapp, public, static] point to a directory and will be ignored.
2026-09-12T15:29:48.502+07:00  INFO 23280 --- [tea-attendance-api] [           main] o.s.b.w.embedded.tomcat.TomcatWebServer  : Tomcat initialized with port 8080 (http)
2026-09-12T15:29:48.586+07:00  INFO 23280 --- [tea-attendance-api] [           main] o.apache.catalina.core.StandardService   : Starting service [Tomcat]
2026-09-12T15:29:48.620+07:00  INFO 23280 --- [tea-attendance-api] [           main] o.apache.catalina.core.StandardEngine    : Starting Servlet engine: [Apache Tomcat/10.1.40]
2026-09-12T15:29:48.800+07:00  INFO 23280 --- [tea-attendance-api] [           main] o.a.c.c.C.[Tomcat].[localhost].[/]       : Initializing Spring embedded WebApplicationContext
2026-09-12T15:29:48.801+07:00 DEBUG 23280 --- [tea-attendance-api] [           main] w.s.c.ServletWebServerApplicationContext : Published root WebApplicationContext as ServletContext attribute with name [org.springframework.web.context.WebApplicationContext.ROOT]
2026-09-12T15:29:48.803+07:00  INFO 23280 --- [tea-attendance-api] [           main] w.s.c.ServletWebServerApplicationContext : Root WebApplicationContext: initialization completed in 14330 ms
2026-09-12T15:29:48.873+07:00 DEBUG 23280 --- [tea-attendance-api] [           main] o.s.b.w.s.ServletContextInitializerBeans : Mapping filters: characterEncodingFilter urls=[/*] order=-2147483648, formContentFilter urls=[/*] order=-9900, requestContextFilter urls=[/*] order=-105
2026-09-12T15:29:48.873+07:00 DEBUG 23280 --- [tea-attendance-api] [           main] o.s.b.w.s.ServletContextInitializerBeans : Mapping servlets: dispatcherServlet urls=[/]
2026-09-12T15:29:48.955+07:00 DEBUG 23280 --- [tea-attendance-api] [           main] o.s.b.w.s.f.OrderedRequestContextFilter  : Filter 'requestContextFilter' configured for use
2026-09-12T15:29:48.967+07:00 DEBUG 23280 --- [tea-attendance-api] [           main] s.b.w.s.f.OrderedCharacterEncodingFilter : Filter 'characterEncodingFilter' configured for use
2026-09-12T15:29:48.968+07:00 DEBUG 23280 --- [tea-attendance-api] [           main] o.s.b.w.s.f.OrderedFormContentFilter     : Filter 'formContentFilter' configured for use
2026-09-12T15:29:50.394+07:00  INFO 23280 --- [tea-attendance-api] [           main] com.zaxxer.hikari.HikariDataSource       : HikariPool-1 - Starting...
2026-09-12T15:29:57.752+07:00  INFO 23280 --- [tea-attendance-api] [           main] com.zaxxer.hikari.pool.HikariPool        : HikariPool-1 - Added connection com.mysql.cj.jdbc.ConnectionImpl@410fc508
2026-09-12T15:29:57.759+07:00  INFO 23280 --- [tea-attendance-api] [           main] com.zaxxer.hikari.HikariDataSource       : HikariPool-1 - Start completed.
2026-09-12T15:29:57.916+07:00  INFO 23280 --- [tea-attendance-api] [           main] org.flywaydb.core.FlywayExecutor         : Database: jdbc:mysql://localhost:3307/tea_attendance?createDatabaseIfNotExist=true&useUnicode=true&characterEncoding=utf8&serverTimezone=Asia/Ho_Chi_Minh (MySQL 8.4)
2026-09-12T15:29:58.089+07:00  WARN 23280 --- [tea-attendance-api] [           main] o.f.c.internal.database.base.Database    : Flyway upgrade recommended: MySQL 8.4 is newer than this version of Flyway and support has not been tested. The latest supported version of MySQL is 8.1.
2026-09-12T15:29:58.284+07:00  INFO 23280 --- [tea-attendance-api] [           main] o.f.core.internal.command.DbValidate     : Successfully validated 2 migrations (execution time 00:00.164s)
2026-09-12T15:29:58.392+07:00  INFO 23280 --- [tea-attendance-api] [           main] o.f.core.internal.command.DbMigrate      : Current version of schema `tea_attendance`: 1
2026-09-12T15:29:58.443+07:00  INFO 23280 --- [tea-attendance-api] [           main] o.f.core.internal.command.DbMigrate      : Migrating schema `tea_attendance` to version "2 - add transfer updated at"
2026-09-12T15:30:01.134+07:00  INFO 23280 --- [tea-attendance-api] [           main] o.f.core.internal.command.DbMigrate      : Successfully applied 1 migration to schema `tea_attendance`, now at version v2 (execution time 00:02.379s)
2026-09-12T15:30:01.405+07:00  INFO 23280 --- [tea-attendance-api] [           main] o.hibernate.jpa.internal.util.LogHelper  : HHH000204: Processing PersistenceUnitInfo [name: default]
2026-09-12T15:30:01.638+07:00  INFO 23280 --- [tea-attendance-api] [           main] org.hibernate.Version                    : HHH000412: Hibernate ORM core version 6.6.13.Final
2026-09-12T15:30:01.756+07:00  INFO 23280 --- [tea-attendance-api] [           main] o.h.c.internal.RegionFactoryInitiator    : HHH000026: Second-level cache disabled
2026-09-12T15:30:02.684+07:00  INFO 23280 --- [tea-attendance-api] [           main] o.s.o.j.p.SpringPersistenceUnitInfo      : No LoadTimeWeaver setup: ignoring JPA class transformer
2026-09-12T15:30:03.030+07:00  INFO 23280 --- [tea-attendance-api] [           main] org.hibernate.orm.connections.pooling    : HHH10001005: Database info:
	Database JDBC URL [Connecting through datasource 'HikariDataSource (HikariPool-1)']
	Database driver: undefined/unknown
	Database version: 8.4.11
	Autocommit mode: undefined/unknown
	Isolation level: undefined/unknown
	Minimum pool size: undefined/unknown
	Maximum pool size: undefined/unknown
2026-09-12T15:30:08.367+07:00  INFO 23280 --- [tea-attendance-api] [           main] o.h.e.t.j.p.i.JtaPlatformInitiator       : HHH000489: No JTA platform available (set 'hibernate.transaction.jta.platform' to enable JTA platform integration)
2026-09-12T15:30:08.499+07:00  INFO 23280 --- [tea-attendance-api] [           main] j.LocalContainerEntityManagerFactoryBean : Initialized JPA EntityManagerFactory for persistence unit 'default'
2026-09-12T15:30:09.427+07:00  INFO 23280 --- [tea-attendance-api] [           main] o.s.d.j.r.query.QueryEnhancerFactory     : Hibernate is in classpath; If applicable, HQL parser will be used.
2026-09-12T15:30:12.452+07:00 DEBUG 23280 --- [tea-attendance-api] [           main] o.s.w.s.s.s.WebSocketHandlerMapping      : Patterns [/ws/**] in 'stompWebSocketHandlerMapping'
2026-09-12T15:30:12.622+07:00 DEBUG 23280 --- [tea-attendance-api] [           main] .WebSocketAnnotationMethodMessageHandler : 
	c.t.a.AttendanceController:
	
2026-09-12T15:30:12.624+07:00 DEBUG 23280 --- [tea-attendance-api] [           main] .WebSocketAnnotationMethodMessageHandler : 
	c.t.a.ChatController:
	
2026-09-12T15:30:12.625+07:00 DEBUG 23280 --- [tea-attendance-api] [           main] .WebSocketAnnotationMethodMessageHandler : 
	c.t.a.ExpenseController:
	
2026-09-12T15:30:12.626+07:00 DEBUG 23280 --- [tea-attendance-api] [           main] .WebSocketAnnotationMethodMessageHandler : 
	c.t.a.MemberController:
	
2026-09-12T15:30:12.626+07:00 DEBUG 23280 --- [tea-attendance-api] [           main] .WebSocketAnnotationMethodMessageHandler : 
	c.t.a.NotificationController:
	
2026-09-12T15:30:12.627+07:00 DEBUG 23280 --- [tea-attendance-api] [           main] .WebSocketAnnotationMethodMessageHandler : 
	c.t.a.WeeklySettlementController:
	
2026-09-12T15:30:12.645+07:00 DEBUG 23280 --- [tea-attendance-api] [           main] .WebSocketAnnotationMethodMessageHandler : 
	o.s.b.a.w.s.e.BasicErrorController:
	
2026-09-12T15:30:13.088+07:00 DEBUG 23280 --- [tea-attendance-api] [           main] s.w.s.m.m.a.RequestMappingHandlerMapping : 23 mappings in 'requestMappingHandlerMapping'
2026-09-12T15:30:13.203+07:00 DEBUG 23280 --- [tea-attendance-api] [           main] o.s.w.s.handler.SimpleUrlHandlerMapping  : Patterns [/webjars/**, /**] in 'resourceHandlerMapping'
2026-09-12T15:30:13.311+07:00 DEBUG 23280 --- [tea-attendance-api] [           main] s.w.s.m.m.a.RequestMappingHandlerAdapter : ControllerAdvice beans: 0 @ModelAttribute, 0 @InitBinder, 1 RequestBodyAdvice, 1 ResponseBodyAdvice
2026-09-12T15:30:13.488+07:00 DEBUG 23280 --- [tea-attendance-api] [           main] .m.m.a.ExceptionHandlerExceptionResolver : ControllerAdvice beans: 1 @ExceptionHandler, 1 ResponseBodyAdvice
2026-09-12T15:30:13.822+07:00 DEBUG 23280 --- [tea-attendance-api] [           main] org.springframework.web.SimpLogging      : clientOutboundChannel added SubProtocolWebSocketHandler[StompSubProtocolHandler[v10.stomp, v11.stomp, v12.stomp]]
2026-09-12T15:30:13.822+07:00 DEBUG 23280 --- [tea-attendance-api] [           main] org.springframework.web.SimpLogging      : clientInboundChannel added WebSocketAnnotationMethodMessageHandler[prefixes=[/app/]]
2026-09-12T15:30:13.823+07:00  INFO 23280 --- [tea-attendance-api] [           main] o.s.m.s.b.SimpleBrokerMessageHandler     : Starting...
2026-09-12T15:30:13.824+07:00 DEBUG 23280 --- [tea-attendance-api] [           main] org.springframework.web.SimpLogging      : clientInboundChannel added SimpleBrokerMessageHandler [org.springframework.messaging.simp.broker.DefaultSubscriptionRegistry@3a34d64a]
2026-09-12T15:30:13.824+07:00 DEBUG 23280 --- [tea-attendance-api] [           main] org.springframework.web.SimpLogging      : brokerChannel added SimpleBrokerMessageHandler [org.springframework.messaging.simp.broker.DefaultSubscriptionRegistry@3a34d64a]
2026-09-12T15:30:13.825+07:00  INFO 23280 --- [tea-attendance-api] [           main] o.s.m.s.b.SimpleBrokerMessageHandler     : BrokerAvailabilityEvent[available=true, SimpleBrokerMessageHandler [org.springframework.messaging.simp.broker.DefaultSubscriptionRegistry@3a34d64a]]
2026-09-12T15:30:13.828+07:00  INFO 23280 --- [tea-attendance-api] [           main] o.s.m.s.b.SimpleBrokerMessageHandler     : Started.
2026-09-12T15:30:13.828+07:00 DEBUG 23280 --- [tea-attendance-api] [           main] org.springframework.web.SimpLogging      : clientInboundChannel added UserDestinationMessageHandler[DefaultUserDestinationResolver[prefix=/user/]]
2026-09-12T15:30:13.829+07:00 DEBUG 23280 --- [tea-attendance-api] [           main] org.springframework.web.SimpLogging      : brokerChannel added UserDestinationMessageHandler[DefaultUserDestinationResolver[prefix=/user/]]
2026-09-12T15:30:13.897+07:00  INFO 23280 --- [tea-attendance-api] [           main] o.s.b.w.embedded.tomcat.TomcatWebServer  : Tomcat started on port 8080 (http) with context path '/'
2026-09-12T15:30:13.943+07:00 DEBUG 23280 --- [tea-attendance-api] [           main] .s.b.a.l.ConditionEvaluationReportLogger : 


============================
CONDITIONS EVALUATION REPORT
============================


Positive matches:
-----------------

   AopAutoConfiguration matched:
      - @ConditionalOnProperty (spring.aop.auto=true) matched (OnPropertyCondition)

   AopAutoConfiguration.AspectJAutoProxyingConfiguration matched:
      - @ConditionalOnClass found required class 'org.aspectj.weaver.Advice' (OnClassCondition)

   AopAutoConfiguration.AspectJAutoProxyingConfiguration.CglibAutoProxyConfiguration matched:
      - @ConditionalOnProperty (spring.aop.proxy-target-class=true) matched (OnPropertyCondition)

   ApplicationAvailabilityAutoConfiguration#applicationAvailability matched:
      - @ConditionalOnMissingBean (types: org.springframework.boot.availability.ApplicationAvailability; SearchStrategy: all) did not find any beans (OnBeanCondition)

   DataSourceAutoConfiguration matched:
      - @ConditionalOnClass found required classes 'javax.sql.DataSource', 'org.springframework.jdbc.datasource.embedded.EmbeddedDatabaseType' (OnClassCondition)
      - @ConditionalOnMissingBean (types: io.r2dbc.spi.ConnectionFactory; SearchStrategy: all) did not find any beans (OnBeanCondition)

   DataSourceAutoConfiguration.PooledDataSourceConfiguration matched:
      - AnyNestedCondition 1 matched 1 did not; NestedCondition on DataSourceAutoConfiguration.PooledDataSourceCondition.PooledDataSourceAvailable PooledDataSource found supported DataSource; NestedCondition on DataSourceAutoConfiguration.PooledDataSourceCondition.ExplicitType @ConditionalOnProperty (spring.datasource.type) did not find property 'type' (DataSourceAutoConfiguration.PooledDataSourceCondition)
      - @ConditionalOnMissingBean (types: javax.sql.DataSource,javax.sql.XADataSource; SearchStrategy: all) did not find any beans (OnBeanCondition)

   DataSourceAutoConfiguration.PooledDataSourceConfiguration#jdbcConnectionDetails matched:
      - @ConditionalOnMissingBean (types: org.springframework.boot.autoconfigure.jdbc.JdbcConnectionDetails; SearchStrategy: all) did not find any beans (OnBeanCondition)

   DataSourceConfiguration.Hikari matched:
      - @ConditionalOnClass found required class 'com.zaxxer.hikari.HikariDataSource' (OnClassCondition)
      - @ConditionalOnProperty (spring.datasource.type=com.zaxxer.hikari.HikariDataSource) matched (OnPropertyCondition)
      - @ConditionalOnMissingBean (types: javax.sql.DataSource; SearchStrategy: all) did not find any beans (OnBeanCondition)

   DataSourceInitializationConfiguration matched:
      - @ConditionalOnClass found required class 'org.springframework.jdbc.datasource.init.DatabasePopulator' (OnClassCondition)
      - @ConditionalOnSingleCandidate (types: javax.sql.DataSource; SearchStrategy: all) found a single bean 'dataSource'; @ConditionalOnMissingBean (types: org.springframework.boot.autoconfigure.sql.init.SqlDataSourceScriptDatabaseInitializer,org.springframework.boot.autoconfigure.sql.init.SqlR2dbcScriptDatabaseInitializer; SearchStrategy: all) did not find any beans (OnBeanCondition)

   DataSourceJmxConfiguration matched:
      - @ConditionalOnProperty (spring.jmx.enabled=true) matched (OnPropertyCondition)

   DataSourceJmxConfiguration.Hikari matched:
      - @ConditionalOnClass found required class 'com.zaxxer.hikari.HikariDataSource' (OnClassCondition)
      - @ConditionalOnSingleCandidate (types: javax.sql.DataSource; SearchStrategy: all) found a single bean 'dataSource' (OnBeanCondition)

   DataSourcePoolMetadataProvidersConfiguration.HikariPoolDataSourceMetadataProviderConfiguration matched:
      - @ConditionalOnClass found required class 'com.zaxxer.hikari.HikariDataSource' (OnClassCondition)

   DataSourceTransactionManagerAutoConfiguration matched:
      - @ConditionalOnClass found required classes 'javax.sql.DataSource', 'org.springframework.jdbc.core.JdbcTemplate', 'org.springframework.transaction.TransactionManager' (OnClassCondition)

   DataSourceTransactionManagerAutoConfiguration.JdbcTransactionManagerConfiguration matched:
      - @ConditionalOnSingleCandidate (types: javax.sql.DataSource; SearchStrategy: all) found a single bean 'dataSource' (OnBeanCondition)

   DispatcherServletAutoConfiguration matched:
      - @ConditionalOnClass found required class 'org.springframework.web.servlet.DispatcherServlet' (OnClassCondition)
      - found 'session' scope (OnWebApplicationCondition)

   DispatcherServletAutoConfiguration.DispatcherServletConfiguration matched:
      - @ConditionalOnClass found required class 'jakarta.servlet.ServletRegistration' (OnClassCondition)
      - Default DispatcherServlet did not find dispatcher servlet beans (DispatcherServletAutoConfiguration.DefaultDispatcherServletCondition)

   DispatcherServletAutoConfiguration.DispatcherServletRegistrationConfiguration matched:
      - @ConditionalOnClass found required class 'jakarta.servlet.ServletRegistration' (OnClassCondition)
      - DispatcherServlet Registration did not find servlet registration bean (DispatcherServletAutoConfiguration.DispatcherServletRegistrationCondition)

   DispatcherServletAutoConfiguration.DispatcherServletRegistrationConfiguration#dispatcherServletRegistration matched:
      - @ConditionalOnBean (names: dispatcherServlet types: org.springframework.web.servlet.DispatcherServlet; SearchStrategy: all) found bean 'dispatcherServlet' (OnBeanCondition)

   EmbeddedWebServerFactoryCustomizerAutoConfiguration matched:
      - @ConditionalOnWebApplication (required) found 'session' scope (OnWebApplicationCondition)
      - @ConditionalOnWarDeployment the application is not deployed as a WAR file. (OnWarDeploymentCondition)

   EmbeddedWebServerFactoryCustomizerAutoConfiguration.TomcatWebServerFactoryCustomizerConfiguration matched:
      - @ConditionalOnClass found required classes 'org.apache.catalina.startup.Tomcat', 'org.apache.coyote.UpgradeProtocol' (OnClassCondition)

   ErrorMvcAutoConfiguration matched:
      - @ConditionalOnClass found required classes 'jakarta.servlet.Servlet', 'org.springframework.web.servlet.DispatcherServlet' (OnClassCondition)
      - found 'session' scope (OnWebApplicationCondition)

   ErrorMvcAutoConfiguration#basicErrorController matched:
      - @ConditionalOnMissingBean (types: org.springframework.boot.web.servlet.error.ErrorController; SearchStrategy: current) did not find any beans (OnBeanCondition)

   ErrorMvcAutoConfiguration#errorAttributes matched:
      - @ConditionalOnMissingBean (types: org.springframework.boot.web.servlet.error.ErrorAttributes; SearchStrategy: current) did not find any beans (OnBeanCondition)

   ErrorMvcAutoConfiguration.DefaultErrorViewResolverConfiguration#conventionErrorViewResolver matched:
      - @ConditionalOnBean (types: org.springframework.web.servlet.DispatcherServlet; SearchStrategy: all) found bean 'dispatcherServlet'; @ConditionalOnMissingBean (types: org.springframework.boot.autoconfigure.web.servlet.error.ErrorViewResolver; SearchStrategy: all) did not find any beans (OnBeanCondition)

   ErrorMvcAutoConfiguration.WhitelabelErrorViewConfiguration matched:
      - @ConditionalOnProperty (server.error.whitelabel.enabled) matched (OnPropertyCondition)
      - ErrorTemplate Missing did not find error template view (ErrorMvcAutoConfiguration.ErrorTemplateMissingCondition)

   ErrorMvcAutoConfiguration.WhitelabelErrorViewConfiguration#beanNameViewResolver matched:
      - @ConditionalOnMissingBean (types: org.springframework.web.servlet.view.BeanNameViewResolver; SearchStrategy: all) did not find any beans (OnBeanCondition)

   ErrorMvcAutoConfiguration.WhitelabelErrorViewConfiguration#defaultErrorView matched:
      - @ConditionalOnMissingBean (names: error; SearchStrategy: all) did not find any beans (OnBeanCondition)

   FlywayAutoConfiguration matched:
      - @ConditionalOnClass found required class 'org.flywaydb.core.Flyway' (OnClassCondition)
      - @ConditionalOnProperty (spring.flyway.enabled) matched (OnPropertyCondition)
      - AnyNestedCondition 2 matched 1 did not; NestedCondition on FlywayAutoConfiguration.FlywayDataSourceCondition.FlywayUrlCondition @ConditionalOnProperty (spring.flyway.url) did not find property 'url'; NestedCondition on FlywayAutoConfiguration.FlywayDataSourceCondition.JdbcConnectionDetailsCondition @ConditionalOnBean (types: org.springframework.boot.autoconfigure.jdbc.JdbcConnectionDetails; SearchStrategy: all) found bean 'jdbcConnectionDetails'; NestedCondition on FlywayAutoConfiguration.FlywayDataSourceCondition.DataSourceBeanCondition @ConditionalOnBean (types: javax.sql.DataSource; SearchStrategy: all) found bean 'dataSource' (FlywayAutoConfiguration.FlywayDataSourceCondition)

   FlywayAutoConfiguration.FlywayConfiguration matched:
      - @ConditionalOnClass found required class 'org.springframework.jdbc.support.JdbcUtils' (OnClassCondition)
      - @ConditionalOnMissingBean (types: org.flywaydb.core.Flyway; SearchStrategy: all) did not find any beans (OnBeanCondition)

   FlywayAutoConfiguration.FlywayConfiguration#flywayConnectionDetails matched:
      - @ConditionalOnMissingBean (types: org.springframework.boot.autoconfigure.flyway.FlywayConnectionDetails; SearchStrategy: all) did not find any beans (OnBeanCondition)

   FlywayAutoConfiguration.FlywayConfiguration#flywayInitializer matched:
      - @ConditionalOnMissingBean (types: org.springframework.boot.autoconfigure.flyway.FlywayMigrationInitializer; SearchStrategy: all) did not find any beans (OnBeanCondition)

   GenericCacheConfiguration matched:
      - Cache org.springframework.boot.autoconfigure.cache.GenericCacheConfiguration automatic cache type (CacheCondition)

   HibernateJpaAutoConfiguration matched:
      - @ConditionalOnClass found required classes 'org.springframework.orm.jpa.LocalContainerEntityManagerFactoryBean', 'jakarta.persistence.EntityManager', 'org.hibernate.engine.spi.SessionImplementor' (OnClassCondition)

   HibernateJpaConfiguration matched:
      - @ConditionalOnSingleCandidate (types: javax.sql.DataSource; SearchStrategy: all) found a single bean 'dataSource' (OnBeanCondition)

   HttpClientAutoConfiguration matched:
      - @ConditionalOnClass found required class 'org.springframework.http.client.ClientHttpRequestFactory' (OnClassCondition)
      - NoneNestedConditions 0 matched 1 did not; NestedCondition on NotReactiveWebApplicationCondition.ReactiveWebApplication did not find reactive web application classes (NotReactiveWebApplicationCondition)

   HttpClientAutoConfiguration#clientHttpRequestFactoryBuilder matched:
      - @ConditionalOnMissingBean (types: org.springframework.boot.http.client.ClientHttpRequestFactoryBuilder; SearchStrategy: all) did not find any beans (OnBeanCondition)

   HttpClientAutoConfiguration#clientHttpRequestFactorySettings matched:
      - @ConditionalOnMissingBean (types: org.springframework.boot.http.client.ClientHttpRequestFactorySettings; SearchStrategy: all) did not find any beans (OnBeanCondition)

   HttpEncodingAutoConfiguration matched:
      - @ConditionalOnClass found required class 'org.springframework.web.filter.CharacterEncodingFilter' (OnClassCondition)
      - found 'session' scope (OnWebApplicationCondition)
      - @ConditionalOnProperty (server.servlet.encoding.enabled) matched (OnPropertyCondition)

   HttpEncodingAutoConfiguration#characterEncodingFilter matched:
      - @ConditionalOnMissingBean (types: org.springframework.web.filter.CharacterEncodingFilter; SearchStrategy: all) did not find any beans (OnBeanCondition)

   HttpMessageConvertersAutoConfiguration matched:
      - @ConditionalOnClass found required class 'org.springframework.http.converter.HttpMessageConverter' (OnClassCondition)
      - NoneNestedConditions 0 matched 1 did not; NestedCondition on HttpMessageConvertersAutoConfiguration.NotReactiveWebApplicationCondition.ReactiveWebApplication did not find reactive web application classes (HttpMessageConvertersAutoConfiguration.NotReactiveWebApplicationCondition)

   HttpMessageConvertersAutoConfiguration#messageConverters matched:
      - @ConditionalOnMissingBean (types: org.springframework.boot.autoconfigure.http.HttpMessageConverters; SearchStrategy: all) did not find any beans (OnBeanCondition)

   HttpMessageConvertersAutoConfiguration.StringHttpMessageConverterConfiguration matched:
      - @ConditionalOnClass found required class 'org.springframework.http.converter.StringHttpMessageConverter' (OnClassCondition)

   HttpMessageConvertersAutoConfiguration.StringHttpMessageConverterConfiguration#stringHttpMessageConverter matched:
      - @ConditionalOnMissingBean (types: org.springframework.http.converter.StringHttpMessageConverter; SearchStrategy: all) did not find any beans (OnBeanCondition)

   JacksonAutoConfiguration matched:
      - @ConditionalOnClass found required class 'com.fasterxml.jackson.databind.ObjectMapper' (OnClassCondition)

   JacksonAutoConfiguration.Jackson2ObjectMapperBuilderCustomizerConfiguration matched:
      - @ConditionalOnClass found required class 'org.springframework.http.converter.json.Jackson2ObjectMapperBuilder' (OnClassCondition)

   JacksonAutoConfiguration.JacksonObjectMapperBuilderConfiguration matched:
      - @ConditionalOnClass found required class 'org.springframework.http.converter.json.Jackson2ObjectMapperBuilder' (OnClassCondition)

   JacksonAutoConfiguration.JacksonObjectMapperBuilderConfiguration#jacksonObjectMapperBuilder matched:
      - @ConditionalOnMissingBean (types: org.springframework.http.converter.json.Jackson2ObjectMapperBuilder; SearchStrategy: all) did not find any beans (OnBeanCondition)

   JacksonAutoConfiguration.JacksonObjectMapperConfiguration matched:
      - @ConditionalOnClass found required class 'org.springframework.http.converter.json.Jackson2ObjectMapperBuilder' (OnClassCondition)

   JacksonAutoConfiguration.JacksonObjectMapperConfiguration#jacksonObjectMapper matched:
      - @ConditionalOnMissingBean (types: com.fasterxml.jackson.databind.ObjectMapper; SearchStrategy: all) did not find any beans (OnBeanCondition)

   JacksonAutoConfiguration.ParameterNamesModuleConfiguration matched:
      - @ConditionalOnClass found required class 'com.fasterxml.jackson.module.paramnames.ParameterNamesModule' (OnClassCondition)

   JacksonAutoConfiguration.ParameterNamesModuleConfiguration#parameterNamesModule matched:
      - @ConditionalOnMissingBean (types: com.fasterxml.jackson.module.paramnames.ParameterNamesModule; SearchStrategy: all) did not find any beans (OnBeanCondition)

   JacksonHttpMessageConvertersConfiguration.MappingJackson2HttpMessageConverterConfiguration matched:
      - @ConditionalOnClass found required class 'com.fasterxml.jackson.databind.ObjectMapper' (OnClassCondition)
      - @ConditionalOnProperty (spring.mvc.converters.preferred-json-mapper=jackson) matched (OnPropertyCondition)
      - @ConditionalOnBean (types: com.fasterxml.jackson.databind.ObjectMapper; SearchStrategy: all) found bean 'jacksonObjectMapper' (OnBeanCondition)

   JacksonHttpMessageConvertersConfiguration.MappingJackson2HttpMessageConverterConfiguration#mappingJackson2HttpMessageConverter matched:
      - @ConditionalOnMissingBean (types: org.springframework.http.converter.json.MappingJackson2HttpMessageConverter ignored: org.springframework.hateoas.server.mvc.TypeConstrainedMappingJackson2HttpMessageConverter,org.springframework.data.rest.webmvc.alps.AlpsJsonHttpMessageConverter; SearchStrategy: all) did not find any beans (OnBeanCondition)

   JdbcClientAutoConfiguration matched:
      - @ConditionalOnSingleCandidate (types: org.springframework.jdbc.core.namedparam.NamedParameterJdbcTemplate; SearchStrategy: all) found a single bean 'namedParameterJdbcTemplate'; @ConditionalOnMissingBean (types: org.springframework.jdbc.core.simple.JdbcClient; SearchStrategy: all) did not find any beans (OnBeanCondition)

   JdbcTemplateAutoConfiguration matched:
      - @ConditionalOnClass found required classes 'javax.sql.DataSource', 'org.springframework.jdbc.core.JdbcTemplate' (OnClassCondition)
      - @ConditionalOnSingleCandidate (types: javax.sql.DataSource; SearchStrategy: all) found a single bean 'dataSource' (OnBeanCondition)

   JdbcTemplateConfiguration matched:
      - @ConditionalOnMissingBean (types: org.springframework.jdbc.core.JdbcOperations; SearchStrategy: all) did not find any beans (OnBeanCondition)

   JpaBaseConfiguration#entityManagerFactory matched:
      - @ConditionalOnMissingBean (types: org.springframework.orm.jpa.LocalContainerEntityManagerFactoryBean,jakarta.persistence.EntityManagerFactory; SearchStrategy: all) did not find any beans (OnBeanCondition)

   JpaBaseConfiguration#entityManagerFactoryBuilder matched:
      - @ConditionalOnMissingBean (types: org.springframework.boot.orm.jpa.EntityManagerFactoryBuilder; SearchStrategy: all) did not find any beans (OnBeanCondition)

   JpaBaseConfiguration#jpaVendorAdapter matched:
      - @ConditionalOnMissingBean (types: org.springframework.orm.jpa.JpaVendorAdapter; SearchStrategy: all) did not find any beans (OnBeanCondition)

   JpaBaseConfiguration#transactionManager matched:
      - @ConditionalOnMissingBean (types: org.springframework.transaction.TransactionManager; SearchStrategy: all) did not find any beans (OnBeanCondition)

   JpaBaseConfiguration.PersistenceManagedTypesConfiguration matched:
      - @ConditionalOnMissingBean (types: org.springframework.orm.jpa.LocalContainerEntityManagerFactoryBean,jakarta.persistence.EntityManagerFactory; SearchStrategy: all) did not find any beans (OnBeanCondition)

   JpaBaseConfiguration.PersistenceManagedTypesConfiguration#persistenceManagedTypes matched:
      - @ConditionalOnMissingBean (types: org.springframework.orm.jpa.persistenceunit.PersistenceManagedTypes; SearchStrategy: all) did not find any beans (OnBeanCondition)

   JpaRepositoriesAutoConfiguration matched:
      - @ConditionalOnClass found required class 'org.springframework.data.jpa.repository.JpaRepository' (OnClassCondition)
      - @ConditionalOnProperty (spring.data.jpa.repositories.enabled=true) matched (OnPropertyCondition)
      - @ConditionalOnBean (types: javax.sql.DataSource; SearchStrategy: all) found bean 'dataSource'; @ConditionalOnMissingBean (types: org.springframework.data.jpa.repository.support.JpaRepositoryFactoryBean,org.springframework.data.jpa.repository.config.JpaRepositoryConfigExtension; SearchStrategy: all) did not find any beans (OnBeanCondition)

   JtaAutoConfiguration matched:
      - @ConditionalOnClass found required class 'jakarta.transaction.Transaction' (OnClassCondition)
      - @ConditionalOnProperty (spring.jta.enabled) matched (OnPropertyCondition)

   LifecycleAutoConfiguration#defaultLifecycleProcessor matched:
      - @ConditionalOnMissingBean (names: lifecycleProcessor; SearchStrategy: current) did not find any beans (OnBeanCondition)

   MultipartAutoConfiguration matched:
      - @ConditionalOnClass found required classes 'jakarta.servlet.Servlet', 'org.springframework.web.multipart.support.StandardServletMultipartResolver', 'jakarta.servlet.MultipartConfigElement' (OnClassCondition)
      - found 'session' scope (OnWebApplicationCondition)
      - @ConditionalOnProperty (spring.servlet.multipart.enabled) matched (OnPropertyCondition)

   MultipartAutoConfiguration#multipartConfigElement matched:
      - @ConditionalOnMissingBean (types: jakarta.servlet.MultipartConfigElement; SearchStrategy: all) did not find any beans (OnBeanCondition)

   MultipartAutoConfiguration#multipartResolver matched:
      - @ConditionalOnMissingBean (types: org.springframework.web.multipart.MultipartResolver; SearchStrategy: all) did not find any beans (OnBeanCondition)

   NamedParameterJdbcTemplateConfiguration matched:
      - @ConditionalOnSingleCandidate (types: org.springframework.jdbc.core.JdbcTemplate; SearchStrategy: all) found a single bean 'jdbcTemplate'; @ConditionalOnMissingBean (types: org.springframework.jdbc.core.namedparam.NamedParameterJdbcOperations; SearchStrategy: all) did not find any beans (OnBeanCondition)

   NoOpCacheConfiguration matched:
      - Cache org.springframework.boot.autoconfigure.cache.NoOpCacheConfiguration automatic cache type (CacheCondition)

   PersistenceExceptionTranslationAutoConfiguration matched:
      - @ConditionalOnClass found required class 'org.springframework.dao.annotation.PersistenceExceptionTranslationPostProcessor' (OnClassCondition)

   PersistenceExceptionTranslationAutoConfiguration#persistenceExceptionTranslationPostProcessor matched:
      - @ConditionalOnProperty (spring.dao.exceptiontranslation.enabled) matched (OnPropertyCondition)
      - @ConditionalOnMissingBean (types: org.springframework.dao.annotation.PersistenceExceptionTranslationPostProcessor; SearchStrategy: all) did not find any beans (OnBeanCondition)

   PropertyPlaceholderAutoConfiguration#propertySourcesPlaceholderConfigurer matched:
      - @ConditionalOnMissingBean (types: org.springframework.context.support.PropertySourcesPlaceholderConfigurer; SearchStrategy: current) did not find any beans (OnBeanCondition)

   RestClientAutoConfiguration matched:
      - @ConditionalOnClass found required class 'org.springframework.web.client.RestClient' (OnClassCondition)
      - NoneNestedConditions 0 matched 1 did not; NestedCondition on NotReactiveWebApplicationCondition.ReactiveWebApplication did not find reactive web application classes (NotReactiveWebApplicationCondition)

   RestClientAutoConfiguration#httpMessageConvertersRestClientCustomizer matched:
      - @ConditionalOnMissingBean (types: org.springframework.boot.autoconfigure.web.client.HttpMessageConvertersRestClientCustomizer; SearchStrategy: all) did not find any beans (OnBeanCondition)

   RestClientAutoConfiguration#restClientBuilder matched:
      - @ConditionalOnMissingBean (types: org.springframework.web.client.RestClient$Builder; SearchStrategy: all) did not find any beans (OnBeanCondition)

   RestClientAutoConfiguration#restClientBuilderConfigurer matched:
      - @ConditionalOnMissingBean (types: org.springframework.boot.autoconfigure.web.client.RestClientBuilderConfigurer; SearchStrategy: all) did not find any beans (OnBeanCondition)

   RestClientAutoConfiguration#restClientSsl matched:
      - @ConditionalOnBean (types: org.springframework.boot.ssl.SslBundles; SearchStrategy: all) found bean 'sslBundleRegistry'; @ConditionalOnMissingBean (types: org.springframework.boot.autoconfigure.web.client.RestClientSsl; SearchStrategy: all) did not find any beans (OnBeanCondition)

   RestTemplateAutoConfiguration matched:
      - @ConditionalOnClass found required class 'org.springframework.web.client.RestTemplate' (OnClassCondition)
      - NoneNestedConditions 0 matched 1 did not; NestedCondition on NotReactiveWebApplicationCondition.ReactiveWebApplication did not find reactive web application classes (NotReactiveWebApplicationCondition)

   RestTemplateAutoConfiguration#restTemplateBuilder matched:
      - @ConditionalOnMissingBean (types: org.springframework.boot.web.client.RestTemplateBuilder; SearchStrategy: all) did not find any beans (OnBeanCondition)

   SampleDataConfig#sampleTeaData matched:
      - @ConditionalOnProperty (app.seed.enabled=true) matched (OnPropertyCondition)

   ServletWebServerFactoryAutoConfiguration matched:
      - @ConditionalOnClass found required class 'jakarta.servlet.ServletRequest' (OnClassCondition)
      - found 'session' scope (OnWebApplicationCondition)

   ServletWebServerFactoryAutoConfiguration#tomcatServletWebServerFactoryCustomizer matched:
      - @ConditionalOnClass found required class 'org.apache.catalina.startup.Tomcat' (OnClassCondition)

   ServletWebServerFactoryConfiguration.EmbeddedTomcat matched:
      - @ConditionalOnClass found required classes 'jakarta.servlet.Servlet', 'org.apache.catalina.startup.Tomcat', 'org.apache.coyote.UpgradeProtocol' (OnClassCondition)
      - @ConditionalOnMissingBean (types: org.springframework.boot.web.servlet.server.ServletWebServerFactory; SearchStrategy: current) did not find any beans (OnBeanCondition)

   SimpleCacheConfiguration matched:
      - Cache org.springframework.boot.autoconfigure.cache.SimpleCacheConfiguration automatic cache type (CacheCondition)

   SpringDataWebAutoConfiguration matched:
      - @ConditionalOnClass found required classes 'org.springframework.data.web.PageableHandlerMethodArgumentResolver', 'org.springframework.web.servlet.config.annotation.WebMvcConfigurer' (OnClassCondition)
      - found 'session' scope (OnWebApplicationCondition)
      - @ConditionalOnMissingBean (types: org.springframework.data.web.PageableHandlerMethodArgumentResolver; SearchStrategy: all) did not find any beans (OnBeanCondition)

   SpringDataWebAutoConfiguration#pageableCustomizer matched:
      - @ConditionalOnMissingBean (types: org.springframework.data.web.config.PageableHandlerMethodArgumentResolverCustomizer; SearchStrategy: all) did not find any beans (OnBeanCondition)

   SpringDataWebAutoConfiguration#sortCustomizer matched:
      - @ConditionalOnMissingBean (types: org.springframework.data.web.config.SortHandlerMethodArgumentResolverCustomizer; SearchStrategy: all) did not find any beans (OnBeanCondition)

   SpringDataWebAutoConfiguration#springDataWebSettings matched:
      - @ConditionalOnMissingBean (types: org.springframework.data.web.config.SpringDataWebSettings; SearchStrategy: all) did not find any beans (OnBeanCondition)

   SqlInitializationAutoConfiguration matched:
      - @ConditionalOnProperty (spring.sql.init.enabled) matched (OnPropertyCondition)
      - NoneNestedConditions 0 matched 1 did not; NestedCondition on SqlInitializationAutoConfiguration.SqlInitializationModeCondition.ModeIsNever @ConditionalOnProperty (spring.sql.init.mode=never) did not find property 'mode' (SqlInitializationAutoConfiguration.SqlInitializationModeCondition)

   SslAutoConfiguration#sslBundleRegistry matched:
      - @ConditionalOnMissingBean (types: org.springframework.boot.ssl.SslBundleRegistry,org.springframework.boot.ssl.SslBundles; SearchStrategy: all) did not find any beans (OnBeanCondition)

   TaskExecutionAutoConfiguration matched:
      - @ConditionalOnClass found required class 'org.springframework.scheduling.concurrent.ThreadPoolTaskExecutor' (OnClassCondition)

   TaskExecutorConfigurations.SimpleAsyncTaskExecutorBuilderConfiguration#simpleAsyncTaskExecutorBuilder matched:
      - @ConditionalOnMissingBean (types: org.springframework.boot.task.SimpleAsyncTaskExecutorBuilder; SearchStrategy: all) did not find any beans (OnBeanCondition)
      - @ConditionalOnThreading found PLATFORM (OnThreadingCondition)

   TaskExecutorConfigurations.ThreadPoolTaskExecutorBuilderConfiguration#threadPoolTaskExecutorBuilder matched:
      - @ConditionalOnMissingBean (types: org.springframework.boot.task.ThreadPoolTaskExecutorBuilder; SearchStrategy: all) did not find any beans (OnBeanCondition)

   TaskSchedulingAutoConfiguration matched:
      - @ConditionalOnClass found required class 'org.springframework.scheduling.concurrent.ThreadPoolTaskScheduler' (OnClassCondition)

   TaskSchedulingAutoConfiguration#scheduledBeanLazyInitializationExcludeFilter matched:
      - @ConditionalOnBean (names: org.springframework.context.annotation.internalScheduledAnnotationProcessor; SearchStrategy: all) found bean 'org.springframework.context.annotation.internalScheduledAnnotationProcessor' (OnBeanCondition)

   TaskSchedulingConfigurations.SimpleAsyncTaskSchedulerBuilderConfiguration#simpleAsyncTaskSchedulerBuilder matched:
      - @ConditionalOnMissingBean (types: org.springframework.boot.task.SimpleAsyncTaskSchedulerBuilder; SearchStrategy: all) did not find any beans (OnBeanCondition)
      - @ConditionalOnThreading found PLATFORM (OnThreadingCondition)

   TaskSchedulingConfigurations.ThreadPoolTaskSchedulerBuilderConfiguration#threadPoolTaskSchedulerBuilder matched:
      - @ConditionalOnMissingBean (types: org.springframework.boot.task.ThreadPoolTaskSchedulerBuilder; SearchStrategy: all) did not find any beans (OnBeanCondition)

   TransactionAutoConfiguration matched:
      - @ConditionalOnClass found required class 'org.springframework.transaction.PlatformTransactionManager' (OnClassCondition)

   TransactionAutoConfiguration.EnableTransactionManagementConfiguration matched:
      - @ConditionalOnBean (types: org.springframework.transaction.TransactionManager; SearchStrategy: all) found bean 'transactionManager'; @ConditionalOnMissingBean (types: org.springframework.transaction.annotation.AbstractTransactionManagementConfiguration; SearchStrategy: all) did not find any beans (OnBeanCondition)

   TransactionAutoConfiguration.EnableTransactionManagementConfiguration.CglibAutoProxyConfiguration matched:
      - @ConditionalOnProperty (spring.aop.proxy-target-class=true) matched (OnPropertyCondition)

   TransactionAutoConfiguration.TransactionTemplateConfiguration matched:
      - @ConditionalOnSingleCandidate (types: org.springframework.transaction.PlatformTransactionManager; SearchStrategy: all) found a single bean 'transactionManager' (OnBeanCondition)

   TransactionAutoConfiguration.TransactionTemplateConfiguration#transactionTemplate matched:
      - @ConditionalOnMissingBean (types: org.springframework.transaction.support.TransactionOperations; SearchStrategy: all) did not find any beans (OnBeanCondition)

   TransactionManagerCustomizationAutoConfiguration matched:
      - @ConditionalOnClass found required class 'org.springframework.transaction.PlatformTransactionManager' (OnClassCondition)

   TransactionManagerCustomizationAutoConfiguration#platformTransactionManagerCustomizers matched:
      - @ConditionalOnMissingBean (types: org.springframework.boot.autoconfigure.transaction.TransactionManagerCustomizers; SearchStrategy: all) did not find any beans (OnBeanCondition)

   ValidationAutoConfiguration matched:
      - @ConditionalOnClass found required class 'jakarta.validation.executable.ExecutableValidator' (OnClassCondition)
      - @ConditionalOnResource found location classpath:META-INF/services/jakarta.validation.spi.ValidationProvider (OnResourceCondition)

   ValidationAutoConfiguration#defaultValidator matched:
      - @ConditionalOnMissingBean (types: jakarta.validation.Validator; SearchStrategy: all) did not find any beans (OnBeanCondition)

   ValidationAutoConfiguration#methodValidationPostProcessor matched:
      - @ConditionalOnMissingBean (types: org.springframework.validation.beanvalidation.MethodValidationPostProcessor; SearchStrategy: current) did not find any beans (OnBeanCondition)

   WebMvcAutoConfiguration matched:
      - @ConditionalOnClass found required classes 'jakarta.servlet.Servlet', 'org.springframework.web.servlet.DispatcherServlet', 'org.springframework.web.servlet.config.annotation.WebMvcConfigurer' (OnClassCondition)
      - found 'session' scope (OnWebApplicationCondition)
      - @ConditionalOnMissingBean (types: org.springframework.web.servlet.config.annotation.WebMvcConfigurationSupport; SearchStrategy: all) did not find any beans (OnBeanCondition)

   WebMvcAutoConfiguration#formContentFilter matched:
      - @ConditionalOnProperty (spring.mvc.formcontent.filter.enabled) matched (OnPropertyCondition)
      - @ConditionalOnMissingBean (types: org.springframework.web.filter.FormContentFilter; SearchStrategy: all) did not find any beans (OnBeanCondition)

   WebMvcAutoConfiguration.EnableWebMvcConfiguration#flashMapManager matched:
      - @ConditionalOnMissingBean (names: flashMapManager; SearchStrategy: all) did not find any beans (OnBeanCondition)

   WebMvcAutoConfiguration.EnableWebMvcConfiguration#localeResolver matched:
      - @ConditionalOnMissingBean (names: localeResolver; SearchStrategy: all) did not find any beans (OnBeanCondition)

   WebMvcAutoConfiguration.EnableWebMvcConfiguration#themeResolver matched:
      - @ConditionalOnMissingBean (names: themeResolver; SearchStrategy: all) did not find any beans (OnBeanCondition)

   WebMvcAutoConfiguration.EnableWebMvcConfiguration#viewNameTranslator matched:
      - @ConditionalOnMissingBean (names: viewNameTranslator; SearchStrategy: all) did not find any beans (OnBeanCondition)

   WebMvcAutoConfiguration.WebMvcAutoConfigurationAdapter#defaultViewResolver matched:
      - @ConditionalOnMissingBean (types: org.springframework.web.servlet.view.InternalResourceViewResolver; SearchStrategy: all) did not find any beans (OnBeanCondition)

   WebMvcAutoConfiguration.WebMvcAutoConfigurationAdapter#requestContextFilter matched:
      - @ConditionalOnMissingBean (types: org.springframework.web.context.request.RequestContextListener,org.springframework.web.filter.RequestContextFilter; SearchStrategy: all) did not find any beans (OnBeanCondition)

   WebMvcAutoConfiguration.WebMvcAutoConfigurationAdapter#viewResolver matched:
      - @ConditionalOnBean (types: org.springframework.web.servlet.ViewResolver; SearchStrategy: all) found beans 'defaultViewResolver', 'beanNameViewResolver', 'mvcViewResolver'; @ConditionalOnMissingBean (names: viewResolver types: org.springframework.web.servlet.view.ContentNegotiatingViewResolver; SearchStrategy: all) did not find any beans (OnBeanCondition)

   WebSocketMessagingAutoConfiguration matched:
      - @ConditionalOnClass found required class 'org.springframework.web.socket.config.annotation.WebSocketMessageBrokerConfigurer' (OnClassCondition)
      - found 'session' scope (OnWebApplicationCondition)

   WebSocketMessagingAutoConfiguration.WebSocketMessageConverterConfiguration matched:
      - @ConditionalOnClass found required classes 'com.fasterxml.jackson.databind.ObjectMapper', 'org.springframework.messaging.simp.config.AbstractMessageBrokerConfiguration' (OnClassCondition)
      - @ConditionalOnBean (types: org.springframework.web.socket.config.annotation.DelegatingWebSocketMessageBrokerConfiguration,com.fasterxml.jackson.databind.ObjectMapper; SearchStrategy: all) found beans 'jacksonObjectMapper', 'org.springframework.web.socket.config.annotation.DelegatingWebSocketMessageBrokerConfiguration' (OnBeanCondition)

   WebSocketServletAutoConfiguration matched:
      - @ConditionalOnClass found required classes 'jakarta.servlet.Servlet', 'jakarta.websocket.server.ServerContainer' (OnClassCondition)
      - found 'session' scope (OnWebApplicationCondition)

   WebSocketServletAutoConfiguration.TomcatWebSocketConfiguration matched:
      - @ConditionalOnClass found required classes 'org.apache.catalina.startup.Tomcat', 'org.apache.tomcat.websocket.server.WsSci' (OnClassCondition)

   WebSocketServletAutoConfiguration.TomcatWebSocketConfiguration#websocketServletWebServerCustomizer matched:
      - @ConditionalOnMissingBean (names: websocketServletWebServerCustomizer; SearchStrategy: all) did not find any beans (OnBeanCondition)

   WeeklySettlementScheduler matched:
      - @ConditionalOnProperty (app.scheduler.enabled=true) matched (OnPropertyCondition)


Negative matches:
-----------------

   ActiveMQAutoConfiguration:
      Did not match:
         - @ConditionalOnClass did not find required class 'jakarta.jms.ConnectionFactory' (OnClassCondition)

   AopAutoConfiguration.AspectJAutoProxyingConfiguration.JdkDynamicAutoProxyConfiguration:
      Did not match:
         - @ConditionalOnProperty (spring.aop.proxy-target-class=false) did not find property 'proxy-target-class' (OnPropertyCondition)

   AopAutoConfiguration.ClassProxyingConfiguration:
      Did not match:
         - @ConditionalOnMissingClass found unwanted class 'org.aspectj.weaver.Advice' (OnClassCondition)

   ArtemisAutoConfiguration:
      Did not match:
         - @ConditionalOnClass did not find required class 'jakarta.jms.ConnectionFactory' (OnClassCondition)

   BatchAutoConfiguration:
      Did not match:
         - @ConditionalOnClass did not find required class 'org.springframework.batch.core.launch.JobLauncher' (OnClassCondition)

   Cache2kCacheConfiguration:
      Did not match:
         - @ConditionalOnClass did not find required class 'org.cache2k.Cache2kBuilder' (OnClassCondition)

   CacheAutoConfiguration:
      Did not match:
         - @ConditionalOnBean (types: org.springframework.cache.interceptor.CacheAspectSupport; SearchStrategy: all) did not find any beans of type org.springframework.cache.interceptor.CacheAspectSupport (OnBeanCondition)
      Matched:
         - @ConditionalOnClass found required class 'org.springframework.cache.CacheManager' (OnClassCondition)

   CacheAutoConfiguration.CacheManagerEntityManagerFactoryDependsOnPostProcessor:
      Did not match:
         - Ancestor org.springframework.boot.autoconfigure.cache.CacheAutoConfiguration did not match (ConditionEvaluationReport.AncestorsMatchedCondition)
      Matched:
         - @ConditionalOnClass found required class 'org.springframework.orm.jpa.LocalContainerEntityManagerFactoryBean' (OnClassCondition)

   CaffeineCacheConfiguration:
      Did not match:
         - @ConditionalOnClass did not find required class 'com.github.benmanes.caffeine.cache.Caffeine' (OnClassCondition)

   CassandraAutoConfiguration:
      Did not match:
         - @ConditionalOnClass did not find required class 'com.datastax.oss.driver.api.core.CqlSession' (OnClassCondition)

   CassandraDataAutoConfiguration:
      Did not match:
         - @ConditionalOnClass did not find required class 'com.datastax.oss.driver.api.core.CqlSession' (OnClassCondition)

   CassandraReactiveDataAutoConfiguration:
      Did not match:
         - @ConditionalOnClass did not find required class 'com.datastax.oss.driver.api.core.CqlSession' (OnClassCondition)

   CassandraReactiveRepositoriesAutoConfiguration:
      Did not match:
         - @ConditionalOnClass did not find required class 'org.springframework.data.cassandra.ReactiveSession' (OnClassCondition)

   CassandraRepositoriesAutoConfiguration:
      Did not match:
         - @ConditionalOnClass did not find required class 'com.datastax.oss.driver.api.core.CqlSession' (OnClassCondition)

   ClientHttpConnectorAutoConfiguration:
      Did not match:
         - @ConditionalOnClass did not find required class 'org.springframework.web.reactive.function.client.WebClient' (OnClassCondition)

   CodecsAutoConfiguration:
      Did not match:
         - @ConditionalOnClass did not find required class 'org.springframework.web.reactive.function.client.WebClient' (OnClassCondition)

   CouchbaseAutoConfiguration:
      Did not match:
         - @ConditionalOnClass did not find required class 'com.couchbase.client.java.Cluster' (OnClassCondition)

   CouchbaseCacheConfiguration:
      Did not match:
         - @ConditionalOnClass did not find required class 'com.couchbase.client.java.Cluster' (OnClassCondition)

   CouchbaseDataAutoConfiguration:
      Did not match:
         - @ConditionalOnClass did not find required class 'com.couchbase.client.java.Bucket' (OnClassCondition)

   CouchbaseReactiveDataAutoConfiguration:
      Did not match:
         - @ConditionalOnClass did not find required class 'com.couchbase.client.java.Cluster' (OnClassCondition)

   CouchbaseReactiveRepositoriesAutoConfiguration:
      Did not match:
         - @ConditionalOnClass did not find required class 'com.couchbase.client.java.Cluster' (OnClassCondition)

   CouchbaseRepositoriesAutoConfiguration:
      Did not match:
         - @ConditionalOnClass did not find required class 'com.couchbase.client.java.Bucket' (OnClassCondition)

   DataSourceAutoConfiguration.EmbeddedDatabaseConfiguration:
      Did not match:
         - EmbeddedDataSource spring.datasource.url is set (DataSourceAutoConfiguration.EmbeddedDatabaseCondition)

   DataSourceCheckpointRestoreConfiguration:
      Did not match:
         - @ConditionalOnClass did not find required class 'org.crac.Resource' (OnClassCondition)

   DataSourceConfiguration.Dbcp2:
      Did not match:
         - @ConditionalOnClass did not find required class 'org.apache.commons.dbcp2.BasicDataSource' (OnClassCondition)

   DataSourceConfiguration.Generic:
      Did not match:
         - @ConditionalOnProperty (spring.datasource.type) did not find property 'spring.datasource.type' (OnPropertyCondition)

   DataSourceConfiguration.OracleUcp:
      Did not match:
         - @ConditionalOnClass did not find required classes 'oracle.ucp.jdbc.PoolDataSourceImpl', 'oracle.jdbc.OracleConnection' (OnClassCondition)

   DataSourceConfiguration.Tomcat:
      Did not match:
         - @ConditionalOnClass did not find required class 'org.apache.tomcat.jdbc.pool.DataSource' (OnClassCondition)

   DataSourceJmxConfiguration.TomcatDataSourceJmxConfiguration:
      Did not match:
         - @ConditionalOnClass did not find required class 'org.apache.tomcat.jdbc.pool.DataSourceProxy' (OnClassCondition)

   DataSourcePoolMetadataProvidersConfiguration.CommonsDbcp2PoolDataSourceMetadataProviderConfiguration:
      Did not match:
         - @ConditionalOnClass did not find required class 'org.apache.commons.dbcp2.BasicDataSource' (OnClassCondition)

   DataSourcePoolMetadataProvidersConfiguration.OracleUcpPoolDataSourceMetadataProviderConfiguration:
      Did not match:
         - @ConditionalOnClass did not find required classes 'oracle.ucp.jdbc.PoolDataSource', 'oracle.jdbc.OracleConnection' (OnClassCondition)

   DataSourcePoolMetadataProvidersConfiguration.TomcatDataSourcePoolMetadataProviderConfiguration:
      Did not match:
         - @ConditionalOnClass did not find required class 'org.apache.tomcat.jdbc.pool.DataSource' (OnClassCondition)

   DataSourceTransactionManagerAutoConfiguration.JdbcTransactionManagerConfiguration#transactionManager:
      Did not match:
         - @ConditionalOnMissingBean (types: org.springframework.transaction.TransactionManager; SearchStrategy: all) found beans of type 'org.springframework.transaction.TransactionManager' transactionManager (OnBeanCondition)

   DispatcherServletAutoConfiguration.DispatcherServletConfiguration#multipartResolver:
      Did not match:
         - @ConditionalOnBean (types: org.springframework.web.multipart.MultipartResolver; SearchStrategy: all) did not find any beans of type org.springframework.web.multipart.MultipartResolver (OnBeanCondition)

   ElasticsearchClientAutoConfiguration:
      Did not match:
         - @ConditionalOnClass did not find required class 'co.elastic.clients.elasticsearch.ElasticsearchClient' (OnClassCondition)

   ElasticsearchDataAutoConfiguration:
      Did not match:
         - @ConditionalOnClass did not find required class 'org.springframework.data.elasticsearch.client.elc.ElasticsearchTemplate' (OnClassCondition)

   ElasticsearchRepositoriesAutoConfiguration:
      Did not match:
         - @ConditionalOnClass did not find required class 'org.springframework.data.elasticsearch.repository.ElasticsearchRepository' (OnClassCondition)

   ElasticsearchRestClientAutoConfiguration:
      Did not match:
         - @ConditionalOnClass did not find required class 'org.elasticsearch.client.RestClientBuilder' (OnClassCondition)

   EmbeddedLdapAutoConfiguration:
      Did not match:
         - @ConditionalOnClass did not find required class 'com.unboundid.ldap.listener.InMemoryDirectoryServer' (OnClassCondition)

   EmbeddedWebServerFactoryCustomizerAutoConfiguration.JettyWebServerFactoryCustomizerConfiguration:
      Did not match:
         - @ConditionalOnClass did not find required classes 'org.eclipse.jetty.server.Server', 'org.eclipse.jetty.util.Loader', 'org.eclipse.jetty.ee10.webapp.WebAppContext' (OnClassCondition)

   EmbeddedWebServerFactoryCustomizerAutoConfiguration.NettyWebServerFactoryCustomizerConfiguration:
      Did not match:
         - @ConditionalOnClass did not find required class 'reactor.netty.http.server.HttpServer' (OnClassCondition)

   EmbeddedWebServerFactoryCustomizerAutoConfiguration.TomcatWebServerFactoryCustomizerConfiguration#tomcatVirtualThreadsProtocolHandlerCustomizer:
      Did not match:
         - @ConditionalOnThreading did not find VIRTUAL (OnThreadingCondition)

   EmbeddedWebServerFactoryCustomizerAutoConfiguration.UndertowWebServerFactoryCustomizerConfiguration:
      Did not match:
         - @ConditionalOnClass did not find required classes 'io.undertow.Undertow', 'org.xnio.SslClientAuthMode' (OnClassCondition)

   ErrorWebFluxAutoConfiguration:
      Did not match:
         - @ConditionalOnClass did not find required class 'org.springframework.web.reactive.config.WebFluxConfigurer' (OnClassCondition)

   FlywayAutoConfiguration.FlywayConfiguration#oracleFlywayConfigurationCustomizer:
      Did not match:
         - @ConditionalOnClass did not find required class 'org.flywaydb.database.oracle.OracleConfigurationExtension' (OnClassCondition)

   FlywayAutoConfiguration.FlywayConfiguration#postgresqlFlywayConfigurationCustomizer:
      Did not match:
         - @ConditionalOnClass did not find required class 'org.flywaydb.database.postgresql.PostgreSQLConfigurationExtension' (OnClassCondition)

   FlywayAutoConfiguration.FlywayConfiguration#sqlServerFlywayConfigurationCustomizer:
      Did not match:
         - @ConditionalOnClass did not find required class 'org.flywaydb.database.sqlserver.SQLServerConfigurationExtension' (OnClassCondition)

   FreeMarkerAutoConfiguration:
      Did not match:
         - @ConditionalOnClass did not find required class 'freemarker.template.Configuration' (OnClassCondition)

   GraphQlAutoConfiguration:
      Did not match:
         - @ConditionalOnClass did not find required class 'graphql.GraphQL' (OnClassCondition)

   GraphQlQueryByExampleAutoConfiguration:
      Did not match:
         - @ConditionalOnClass did not find required class 'graphql.GraphQL' (OnClassCondition)

   GraphQlQuerydslAutoConfiguration:
      Did not match:
         - @ConditionalOnClass did not find required class 'com.querydsl.core.Query' (OnClassCondition)

   GraphQlRSocketAutoConfiguration:
      Did not match:
         - @ConditionalOnClass did not find required class 'graphql.GraphQL' (OnClassCondition)

   GraphQlReactiveQueryByExampleAutoConfiguration:
      Did not match:
         - @ConditionalOnClass did not find required class 'graphql.GraphQL' (OnClassCondition)

   GraphQlReactiveQuerydslAutoConfiguration:
      Did not match:
         - @ConditionalOnClass did not find required class 'com.querydsl.core.Query' (OnClassCondition)

   GraphQlWebFluxAutoConfiguration:
      Did not match:
         - @ConditionalOnClass did not find required class 'graphql.GraphQL' (OnClassCondition)

   GraphQlWebFluxSecurityAutoConfiguration:
      Did not match:
         - @ConditionalOnClass did not find required class 'graphql.GraphQL' (OnClassCondition)

   GraphQlWebMvcAutoConfiguration:
      Did not match:
         - @ConditionalOnClass did not find required class 'graphql.GraphQL' (OnClassCondition)

   GraphQlWebMvcSecurityAutoConfiguration:
      Did not match:
         - @ConditionalOnClass did not find required class 'graphql.GraphQL' (OnClassCondition)

   GroovyTemplateAutoConfiguration:
      Did not match:
         - @ConditionalOnClass did not find required class 'groovy.text.markup.MarkupTemplateEngine' (OnClassCondition)

   GsonAutoConfiguration:
      Did not match:
         - @ConditionalOnClass did not find required class 'com.google.gson.Gson' (OnClassCondition)

   GsonHttpMessageConvertersConfiguration:
      Did not match:
         - @ConditionalOnClass did not find required class 'com.google.gson.Gson' (OnClassCondition)

   H2ConsoleAutoConfiguration:
      Did not match:
         - @ConditionalOnClass did not find required class 'org.h2.server.web.JakartaWebServlet' (OnClassCondition)

   HazelcastAutoConfiguration:
      Did not match:
         - @ConditionalOnClass did not find required class 'com.hazelcast.core.HazelcastInstance' (OnClassCondition)

   HazelcastCacheConfiguration:
      Did not match:
         - @ConditionalOnClass did not find required class 'com.hazelcast.core.HazelcastInstance' (OnClassCondition)

   HazelcastJpaDependencyAutoConfiguration:
      Did not match:
         - @ConditionalOnClass did not find required class 'com.hazelcast.core.HazelcastInstance' (OnClassCondition)

   HttpHandlerAutoConfiguration:
      Did not match:
         - @ConditionalOnClass did not find required class 'org.springframework.web.reactive.DispatcherHandler' (OnClassCondition)

   HypermediaAutoConfiguration:
      Did not match:
         - @ConditionalOnClass did not find required class 'org.springframework.hateoas.EntityModel' (OnClassCondition)

   InfinispanCacheConfiguration:
      Did not match:
         - @ConditionalOnClass did not find required class 'org.infinispan.spring.embedded.provider.SpringEmbeddedCacheManager' (OnClassCondition)

   IntegrationAutoConfiguration:
      Did not match:
         - @ConditionalOnClass did not find required class 'org.springframework.integration.config.EnableIntegration' (OnClassCondition)

   JCacheCacheConfiguration:
      Did not match:
         - @ConditionalOnClass did not find required class 'javax.cache.Caching' (OnClassCondition)

   JacksonHttpMessageConvertersConfiguration.MappingJackson2XmlHttpMessageConverterConfiguration:
      Did not match:
         - @ConditionalOnClass did not find required class 'com.fasterxml.jackson.dataformat.xml.XmlMapper' (OnClassCondition)

   JdbcRepositoriesAutoConfiguration:
      Did not match:
         - @ConditionalOnClass did not find required class 'org.springframework.data.jdbc.repository.config.AbstractJdbcConfiguration' (OnClassCondition)

   JerseyAutoConfiguration:
      Did not match:
         - @ConditionalOnClass did not find required class 'org.glassfish.jersey.server.spring.SpringComponentProvider' (OnClassCondition)

   JmsAutoConfiguration:
      Did not match:
         - @ConditionalOnClass did not find required class 'jakarta.jms.Message' (OnClassCondition)

   JmxAutoConfiguration:
      Did not match:
         - @ConditionalOnProperty (spring.jmx.enabled=true) did not find property 'enabled' (OnPropertyCondition)
      Matched:
         - @ConditionalOnClass found required class 'org.springframework.jmx.export.MBeanExporter' (OnClassCondition)

   JndiConnectionFactoryAutoConfiguration:
      Did not match:
         - @ConditionalOnClass did not find required class 'org.springframework.jms.core.JmsTemplate' (OnClassCondition)

   JndiDataSourceAutoConfiguration:
      Did not match:
         - @ConditionalOnProperty (spring.datasource.jndi-name) did not find property 'jndi-name' (OnPropertyCondition)
      Matched:
         - @ConditionalOnClass found required classes 'javax.sql.DataSource', 'org.springframework.jdbc.datasource.embedded.EmbeddedDatabaseType' (OnClassCondition)

   JndiJtaConfiguration:
      Did not match:
         - @ConditionalOnJndi JNDI environment is not available (OnJndiCondition)
      Matched:
         - @ConditionalOnClass found required class 'org.springframework.transaction.jta.JtaTransactionManager' (OnClassCondition)

   JooqAutoConfiguration:
      Did not match:
         - @ConditionalOnClass did not find required class 'org.jooq.DSLContext' (OnClassCondition)

   JpaBaseConfiguration.JpaWebConfiguration:
      Did not match:
         - @ConditionalOnProperty (spring.jpa.open-in-view=true) found different value in property 'open-in-view' (OnPropertyCondition)
      Matched:
         - @ConditionalOnClass found required class 'org.springframework.web.servlet.config.annotation.WebMvcConfigurer' (OnClassCondition)
         - found 'session' scope (OnWebApplicationCondition)

   JpaRepositoriesAutoConfiguration#entityManagerFactoryBootstrapExecutorCustomizer:
      Did not match:
         - AnyNestedCondition 0 matched 2 did not; NestedCondition on JpaRepositoriesAutoConfiguration.BootstrapExecutorCondition.LazyBootstrapMode @ConditionalOnProperty (spring.data.jpa.repositories.bootstrap-mode=lazy) did not find property 'bootstrap-mode'; NestedCondition on JpaRepositoriesAutoConfiguration.BootstrapExecutorCondition.DeferredBootstrapMode @ConditionalOnProperty (spring.data.jpa.repositories.bootstrap-mode=deferred) did not find property 'bootstrap-mode' (JpaRepositoriesAutoConfiguration.BootstrapExecutorCondition)

   JsonbAutoConfiguration:
      Did not match:
         - @ConditionalOnClass did not find required class 'jakarta.json.bind.Jsonb' (OnClassCondition)

   JsonbHttpMessageConvertersConfiguration:
      Did not match:
         - @ConditionalOnClass did not find required class 'jakarta.json.bind.Jsonb' (OnClassCondition)

   KafkaAutoConfiguration:
      Did not match:
         - @ConditionalOnClass did not find required class 'org.springframework.kafka.core.KafkaTemplate' (OnClassCondition)

   LdapAutoConfiguration:
      Did not match:
         - @ConditionalOnClass did not find required class 'org.springframework.ldap.core.ContextSource' (OnClassCondition)

   LdapRepositoriesAutoConfiguration:
      Did not match:
         - @ConditionalOnClass did not find required class 'org.springframework.data.ldap.repository.LdapRepository' (OnClassCondition)

   LiquibaseAutoConfiguration:
      Did not match:
         - @ConditionalOnClass did not find required class 'liquibase.change.DatabaseChange' (OnClassCondition)

   MailSenderAutoConfiguration:
      Did not match:
         - @ConditionalOnClass did not find required class 'jakarta.mail.internet.MimeMessage' (OnClassCondition)

   MailSenderValidatorAutoConfiguration:
      Did not match:
         - @ConditionalOnSingleCandidate did not find required type 'org.springframework.mail.javamail.JavaMailSenderImpl' (OnBeanCondition)

   MessageSourceAutoConfiguration:
      Did not match:
         - ResourceBundle did not find bundle with basename messages (MessageSourceAutoConfiguration.ResourceBundleCondition)

   MongoAutoConfiguration:
      Did not match:
         - @ConditionalOnClass did not find required class 'com.mongodb.client.MongoClient' (OnClassCondition)

   MongoDataAutoConfiguration:
      Did not match:
         - @ConditionalOnClass did not find required class 'com.mongodb.client.MongoClient' (OnClassCondition)

   MongoReactiveAutoConfiguration:
      Did not match:
         - @ConditionalOnClass did not find required class 'com.mongodb.reactivestreams.client.MongoClient' (OnClassCondition)

   MongoReactiveDataAutoConfiguration:
      Did not match:
         - @ConditionalOnClass did not find required class 'com.mongodb.reactivestreams.client.MongoClient' (OnClassCondition)

   MongoReactiveRepositoriesAutoConfiguration:
      Did not match:
         - @ConditionalOnClass did not find required class 'com.mongodb.reactivestreams.client.MongoClient' (OnClassCondition)

   MongoRepositoriesAutoConfiguration:
      Did not match:
         - @ConditionalOnClass did not find required class 'com.mongodb.client.MongoClient' (OnClassCondition)

   MustacheAutoConfiguration:
      Did not match:
         - @ConditionalOnClass did not find required class 'com.samskivert.mustache.Mustache' (OnClassCondition)

   Neo4jAutoConfiguration:
      Did not match:
         - @ConditionalOnClass did not find required class 'org.neo4j.driver.Driver' (OnClassCondition)

   Neo4jDataAutoConfiguration:
      Did not match:
         - @ConditionalOnClass did not find required class 'org.neo4j.driver.Driver' (OnClassCondition)

   Neo4jReactiveDataAutoConfiguration:
      Did not match:
         - @ConditionalOnClass did not find required class 'org.neo4j.driver.Driver' (OnClassCondition)

   Neo4jReactiveRepositoriesAutoConfiguration:
      Did not match:
         - @ConditionalOnClass did not find required class 'org.neo4j.driver.Driver' (OnClassCondition)

   Neo4jRepositoriesAutoConfiguration:
      Did not match:
         - @ConditionalOnClass did not find required class 'org.neo4j.driver.Driver' (OnClassCondition)

   NettyAutoConfiguration:
      Did not match:
         - @ConditionalOnClass did not find required class 'io.netty.util.NettyRuntime' (OnClassCondition)

   OAuth2AuthorizationServerAutoConfiguration:
      Did not match:
         - @ConditionalOnClass did not find required class 'org.springframework.security.oauth2.server.authorization.OAuth2Authorization' (OnClassCondition)

   OAuth2AuthorizationServerJwtAutoConfiguration:
      Did not match:
         - @ConditionalOnClass did not find required class 'com.nimbusds.jose.jwk.source.JWKSource' (OnClassCondition)

   OAuth2ClientAutoConfiguration:
      Did not match:
         - @ConditionalOnClass did not find required class 'org.springframework.security.config.annotation.web.configuration.EnableWebSecurity' (OnClassCondition)

   OAuth2ResourceServerAutoConfiguration:
      Did not match:
         - @ConditionalOnClass did not find required class 'org.springframework.security.oauth2.server.resource.authentication.BearerTokenAuthenticationToken' (OnClassCondition)

   ProjectInfoAutoConfiguration#buildProperties:
      Did not match:
         - @ConditionalOnResource did not find resource '${spring.info.build.location:classpath:META-INF/build-info.properties}' (OnResourceCondition)

   ProjectInfoAutoConfiguration#gitProperties:
      Did not match:
         - GitResource did not find git info at classpath:git.properties (ProjectInfoAutoConfiguration.GitResourceAvailableCondition)

   PulsarAutoConfiguration:
      Did not match:
         - @ConditionalOnClass did not find required class 'org.apache.pulsar.client.api.PulsarClient' (OnClassCondition)

   PulsarReactiveAutoConfiguration:
      Did not match:
         - @ConditionalOnClass did not find required class 'org.apache.pulsar.client.api.PulsarClient' (OnClassCondition)

   QuartzAutoConfiguration:
      Did not match:
         - @ConditionalOnClass did not find required class 'org.quartz.Scheduler' (OnClassCondition)

   R2dbcAutoConfiguration:
      Did not match:
         - @ConditionalOnClass did not find required class 'io.r2dbc.spi.ConnectionFactory' (OnClassCondition)

   R2dbcDataAutoConfiguration:
      Did not match:
         - @ConditionalOnClass did not find required class 'org.springframework.data.r2dbc.core.R2dbcEntityTemplate' (OnClassCondition)

   R2dbcInitializationConfiguration:
      Did not match:
         - @ConditionalOnClass did not find required classes 'io.r2dbc.spi.ConnectionFactory', 'org.springframework.r2dbc.connection.init.DatabasePopulator' (OnClassCondition)

   R2dbcProxyAutoConfiguration:
      Did not match:
         - @ConditionalOnClass did not find required class 'io.r2dbc.proxy.ProxyConnectionFactory' (OnClassCondition)

   R2dbcRepositoriesAutoConfiguration:
      Did not match:
         - @ConditionalOnClass did not find required class 'io.r2dbc.spi.ConnectionFactory' (OnClassCondition)

   R2dbcTransactionManagerAutoConfiguration:
      Did not match:
         - @ConditionalOnClass did not find required class 'org.springframework.r2dbc.connection.R2dbcTransactionManager' (OnClassCondition)

   RSocketGraphQlClientAutoConfiguration:
      Did not match:
         - @ConditionalOnClass did not find required class 'graphql.GraphQL' (OnClassCondition)

   RSocketMessagingAutoConfiguration:
      Did not match:
         - @ConditionalOnClass did not find required class 'io.rsocket.RSocket' (OnClassCondition)

   RSocketRequesterAutoConfiguration:
      Did not match:
         - @ConditionalOnClass did not find required class 'io.rsocket.RSocket' (OnClassCondition)

   RSocketSecurityAutoConfiguration:
      Did not match:
         - @ConditionalOnClass did not find required class 'org.springframework.security.rsocket.core.SecuritySocketAcceptorInterceptor' (OnClassCondition)

   RSocketServerAutoConfiguration:
      Did not match:
         - @ConditionalOnClass did not find required class 'io.rsocket.core.RSocketServer' (OnClassCondition)

   RSocketStrategiesAutoConfiguration:
      Did not match:
         - @ConditionalOnClass did not find required class 'io.netty.buffer.PooledByteBufAllocator' (OnClassCondition)

   RabbitAutoConfiguration:
      Did not match:
         - @ConditionalOnClass did not find required class 'com.rabbitmq.client.Channel' (OnClassCondition)

   ReactiveElasticsearchClientAutoConfiguration:
      Did not match:
         - @ConditionalOnClass did not find required class 'co.elastic.clients.transport.ElasticsearchTransport' (OnClassCondition)

   ReactiveElasticsearchRepositoriesAutoConfiguration:
      Did not match:
         - @ConditionalOnClass did not find required class 'reactor.core.publisher.Mono' (OnClassCondition)

   ReactiveMultipartAutoConfiguration:
      Did not match:
         - @ConditionalOnClass did not find required class 'org.springframework.web.reactive.config.WebFluxConfigurer' (OnClassCondition)

   ReactiveOAuth2ClientAutoConfiguration:
      Did not match:
         - @ConditionalOnClass did not find required class 'reactor.core.publisher.Flux' (OnClassCondition)

   ReactiveOAuth2ResourceServerAutoConfiguration:
      Did not match:
         - @ConditionalOnClass did not find required class 'org.springframework.security.config.annotation.web.reactive.EnableWebFluxSecurity' (OnClassCondition)

   ReactiveSecurityAutoConfiguration:
      Did not match:
         - @ConditionalOnClass did not find required class 'reactor.core.publisher.Flux' (OnClassCondition)

   ReactiveUserDetailsServiceAutoConfiguration:
      Did not match:
         - @ConditionalOnClass did not find required class 'org.springframework.security.authentication.ReactiveAuthenticationManager' (OnClassCondition)

   ReactiveWebServerFactoryAutoConfiguration:
      Did not match:
         - @ConditionalOnWebApplication did not find reactive web application classes (OnWebApplicationCondition)

   ReactorAutoConfiguration:
      Did not match:
         - @ConditionalOnClass did not find required class 'reactor.core.publisher.Hooks' (OnClassCondition)

   RedisAutoConfiguration:
      Did not match:
         - @ConditionalOnClass did not find required class 'org.springframework.data.redis.core.RedisOperations' (OnClassCondition)

   RedisCacheConfiguration:
      Did not match:
         - @ConditionalOnClass did not find required class 'org.springframework.data.redis.connection.RedisConnectionFactory' (OnClassCondition)

   RedisReactiveAutoConfiguration:
      Did not match:
         - @ConditionalOnClass did not find required class 'reactor.core.publisher.Flux' (OnClassCondition)

   RedisRepositoriesAutoConfiguration:
      Did not match:
         - @ConditionalOnClass did not find required class 'org.springframework.data.redis.repository.configuration.EnableRedisRepositories' (OnClassCondition)

   RepositoryRestMvcAutoConfiguration:
      Did not match:
         - @ConditionalOnClass did not find required class 'org.springframework.data.rest.webmvc.config.RepositoryRestMvcConfiguration' (OnClassCondition)

   Saml2RelyingPartyAutoConfiguration:
      Did not match:
         - @ConditionalOnClass did not find required class 'org.springframework.security.saml2.provider.service.registration.RelyingPartyRegistrationRepository' (OnClassCondition)

   SecurityAutoConfiguration:
      Did not match:
         - @ConditionalOnClass did not find required class 'org.springframework.security.authentication.DefaultAuthenticationEventPublisher' (OnClassCondition)

   SecurityFilterAutoConfiguration:
      Did not match:
         - @ConditionalOnClass did not find required class 'org.springframework.security.config.http.SessionCreationPolicy' (OnClassCondition)

   SendGridAutoConfiguration:
      Did not match:
         - @ConditionalOnClass did not find required class 'com.sendgrid.SendGrid' (OnClassCondition)

   ServletWebServerFactoryAutoConfiguration.ForwardedHeaderFilterConfiguration:
      Did not match:
         - @ConditionalOnProperty (server.forward-headers-strategy=framework) did not find property 'server.forward-headers-strategy' (OnPropertyCondition)

   ServletWebServerFactoryConfiguration.EmbeddedJetty:
      Did not match:
         - @ConditionalOnClass did not find required classes 'org.eclipse.jetty.server.Server', 'org.eclipse.jetty.util.Loader', 'org.eclipse.jetty.ee10.webapp.WebAppContext' (OnClassCondition)

   ServletWebServerFactoryConfiguration.EmbeddedUndertow:
      Did not match:
         - @ConditionalOnClass did not find required classes 'io.undertow.Undertow', 'org.xnio.SslClientAuthMode' (OnClassCondition)

   SessionAutoConfiguration:
      Did not match:
         - @ConditionalOnClass did not find required class 'org.springframework.session.Session' (OnClassCondition)

   SpringApplicationAdminJmxAutoConfiguration:
      Did not match:
         - @ConditionalOnProperty (spring.application.admin.enabled=true) did not find property 'enabled' (OnPropertyCondition)

   TaskExecutorConfigurations.SimpleAsyncTaskExecutorBuilderConfiguration#simpleAsyncTaskExecutorBuilderVirtualThreads:
      Did not match:
         - @ConditionalOnMissingBean (types: org.springframework.boot.task.SimpleAsyncTaskExecutorBuilder; SearchStrategy: all) found beans of type 'org.springframework.boot.task.SimpleAsyncTaskExecutorBuilder' simpleAsyncTaskExecutorBuilder (OnBeanCondition)

   TaskExecutorConfigurations.TaskExecutorConfiguration:
      Did not match:
         - @ConditionalOnMissingBean (types: java.util.concurrent.Executor; SearchStrategy: all) found beans of type 'java.util.concurrent.Executor' clientInboundChannelExecutor, clientOutboundChannelExecutor, brokerChannelExecutor (OnBeanCondition)

   TaskSchedulingConfigurations.SimpleAsyncTaskSchedulerBuilderConfiguration#simpleAsyncTaskSchedulerBuilderVirtualThreads:
      Did not match:
         - @ConditionalOnMissingBean (types: org.springframework.boot.task.SimpleAsyncTaskSchedulerBuilder; SearchStrategy: all) found beans of type 'org.springframework.boot.task.SimpleAsyncTaskSchedulerBuilder' simpleAsyncTaskSchedulerBuilder (OnBeanCondition)

   TaskSchedulingConfigurations.TaskSchedulerConfiguration:
      Did not match:
         - @ConditionalOnMissingBean (types: org.springframework.scheduling.TaskScheduler,java.util.concurrent.ScheduledExecutorService; SearchStrategy: all) found beans of type 'org.springframework.scheduling.TaskScheduler' messageBrokerTaskScheduler (OnBeanCondition)

   ThymeleafAutoConfiguration:
      Did not match:
         - @ConditionalOnClass did not find required class 'org.thymeleaf.spring6.SpringTemplateEngine' (OnClassCondition)

   TransactionAutoConfiguration#transactionalOperator:
      Did not match:
         - @ConditionalOnSingleCandidate (types: org.springframework.transaction.ReactiveTransactionManager; SearchStrategy: all) did not find any beans (OnBeanCondition)

   TransactionAutoConfiguration.AspectJTransactionManagementConfiguration:
      Did not match:
         - @ConditionalOnBean (types: org.springframework.transaction.aspectj.AbstractTransactionAspect; SearchStrategy: all) did not find any beans of type org.springframework.transaction.aspectj.AbstractTransactionAspect (OnBeanCondition)

   TransactionAutoConfiguration.EnableTransactionManagementConfiguration.JdkDynamicAutoProxyConfiguration:
      Did not match:
         - @ConditionalOnProperty (spring.aop.proxy-target-class=false) did not find property 'proxy-target-class' (OnPropertyCondition)

   UserDetailsServiceAutoConfiguration:
      Did not match:
         - @ConditionalOnClass did not find required class 'org.springframework.security.authentication.AuthenticationManager' (OnClassCondition)

   WebClientAutoConfiguration:
      Did not match:
         - @ConditionalOnClass did not find required class 'org.springframework.web.reactive.function.client.WebClient' (OnClassCondition)

   WebFluxAutoConfiguration:
      Did not match:
         - @ConditionalOnClass did not find required class 'org.springframework.web.reactive.config.WebFluxConfigurer' (OnClassCondition)

   WebMvcAutoConfiguration#hiddenHttpMethodFilter:
      Did not match:
         - @ConditionalOnProperty (spring.mvc.hiddenmethod.filter.enabled) did not find property 'enabled' (OnPropertyCondition)

   WebMvcAutoConfiguration.ProblemDetailsErrorHandlingConfiguration:
      Did not match:
         - @ConditionalOnProperty (spring.mvc.problemdetails.enabled=true) did not find property 'enabled' (OnPropertyCondition)

   WebMvcAutoConfiguration.ResourceChainCustomizerConfiguration:
      Did not match:
         - @ConditionalOnEnabledResourceChain did not find class org.webjars.WebJarVersionLocator (OnEnabledResourceChainCondition)

   WebMvcAutoConfiguration.WebMvcAutoConfigurationAdapter#beanNameViewResolver:
      Did not match:
         - @ConditionalOnMissingBean (types: org.springframework.web.servlet.view.BeanNameViewResolver; SearchStrategy: all) found beans of type 'org.springframework.web.servlet.view.BeanNameViewResolver' beanNameViewResolver (OnBeanCondition)

   WebServiceTemplateAutoConfiguration:
      Did not match:
         - @ConditionalOnClass did not find required class 'org.springframework.oxm.Marshaller' (OnClassCondition)

   WebServicesAutoConfiguration:
      Did not match:
         - @ConditionalOnClass did not find required class 'org.springframework.ws.transport.http.MessageDispatcherServlet' (OnClassCondition)

   WebSessionIdResolverAutoConfiguration:
      Did not match:
         - @ConditionalOnClass did not find required class 'reactor.core.publisher.Mono' (OnClassCondition)

   WebSocketReactiveAutoConfiguration:
      Did not match:
         - @ConditionalOnWebApplication did not find reactive web application classes (OnWebApplicationCondition)

   WebSocketServletAutoConfiguration.JettyWebSocketConfiguration:
      Did not match:
         - @ConditionalOnClass did not find required class 'org.eclipse.jetty.ee10.websocket.jakarta.server.config.JakartaWebSocketServletContainerInitializer' (OnClassCondition)

   WebSocketServletAutoConfiguration.UndertowWebSocketConfiguration:
      Did not match:
         - @ConditionalOnClass did not find required class 'io.undertow.websockets.jsr.Bootstrap' (OnClassCondition)

   XADataSourceAutoConfiguration:
      Did not match:
         - @ConditionalOnBean (types: org.springframework.boot.jdbc.XADataSourceWrapper; SearchStrategy: all) did not find any beans of type org.springframework.boot.jdbc.XADataSourceWrapper (OnBeanCondition)
      Matched:
         - @ConditionalOnClass found required classes 'javax.sql.DataSource', 'jakarta.transaction.TransactionManager', 'org.springframework.jdbc.datasource.embedded.EmbeddedDatabaseType' (OnClassCondition)


Exclusions:
-----------

    None


Unconditional classes:
----------------------

    org.springframework.boot.autoconfigure.context.ConfigurationPropertiesAutoConfiguration

    org.springframework.boot.autoconfigure.ssl.SslAutoConfiguration

    org.springframework.boot.autoconfigure.context.LifecycleAutoConfiguration

    org.springframework.boot.autoconfigure.context.PropertyPlaceholderAutoConfiguration

    org.springframework.boot.autoconfigure.availability.ApplicationAvailabilityAutoConfiguration

    org.springframework.boot.autoconfigure.info.ProjectInfoAutoConfiguration



2026-09-12T15:30:13.969+07:00  INFO 23280 --- [tea-attendance-api] [           main] com.trasua.TeaAttendanceApplication      : Started TeaAttendanceApplication in 43.402 seconds (process running for 45.82)
2026-09-12T15:30:13.972+07:00 DEBUG 23280 --- [tea-attendance-api] [           main] o.s.b.a.ApplicationAvailabilityBean      : Application availability state LivenessState changed to CORRECT
2026-09-12T15:30:14.294+07:00 DEBUG 23280 --- [tea-attendance-api] [           main] org.hibernate.SQL                        : 
    select
        count(*) 
    from
        members m1_0
2026-09-12T15:30:14.438+07:00 DEBUG 23280 --- [tea-attendance-api] [           main] org.hibernate.SQL                        : 
    insert 
    into
        members
        (account_name, account_number, active, bank_bin, bank_name, created_at, display_name, email, qr_code_url, updated_at) 
    values
        (?, ?, ?, ?, ?, ?, ?, ?, ?, ?)
2026-09-12T15:30:14.524+07:00 DEBUG 23280 --- [tea-attendance-api] [           main] org.hibernate.SQL                        : 
    insert 
    into
        members
        (account_name, account_number, active, bank_bin, bank_name, created_at, display_name, email, qr_code_url, updated_at) 
    values
        (?, ?, ?, ?, ?, ?, ?, ?, ?, ?)
2026-09-12T15:30:14.560+07:00 DEBUG 23280 --- [tea-attendance-api] [           main] org.hibernate.SQL                        : 
    insert 
    into
        members
        (account_name, account_number, active, bank_bin, bank_name, created_at, display_name, email, qr_code_url, updated_at) 
    values
        (?, ?, ?, ?, ?, ?, ?, ?, ?, ?)
2026-09-12T15:30:14.569+07:00 DEBUG 23280 --- [tea-attendance-api] [           main] org.hibernate.SQL                        : 
    insert 
    into
        members
        (account_name, account_number, active, bank_bin, bank_name, created_at, display_name, email, qr_code_url, updated_at) 
    values
        (?, ?, ?, ?, ?, ?, ?, ?, ?, ?)
2026-09-12T15:30:14.581+07:00 DEBUG 23280 --- [tea-attendance-api] [           main] org.hibernate.SQL                        : 
    insert 
    into
        members
        (account_name, account_number, active, bank_bin, bank_name, created_at, display_name, email, qr_code_url, updated_at) 
    values
        (?, ?, ?, ?, ?, ?, ?, ?, ?, ?)
2026-09-12T15:30:14.825+07:00 DEBUG 23280 --- [tea-attendance-api] [           main] org.hibernate.SQL                        : 
    insert 
    into
        drink_orders
        (created_at, note, order_date, payer_member_id, total_amount, updated_at) 
    values
        (?, ?, ?, ?, ?, ?)
2026-09-12T15:30:14.854+07:00 DEBUG 23280 --- [tea-attendance-api] [           main] org.hibernate.SQL                        : 
    insert 
    into
        order_items
        (consumer_member_id, drink_name, line_total, order_id, quantity, unit_price) 
    values
        (?, ?, ?, ?, ?, ?)
2026-09-12T15:30:14.861+07:00 DEBUG 23280 --- [tea-attendance-api] [           main] org.hibernate.SQL                        : 
    insert 
    into
        order_items
        (consumer_member_id, drink_name, line_total, order_id, quantity, unit_price) 
    values
        (?, ?, ?, ?, ?, ?)
2026-09-12T15:30:14.870+07:00 DEBUG 23280 --- [tea-attendance-api] [           main] org.hibernate.SQL                        : 
    insert 
    into
        order_items
        (consumer_member_id, drink_name, line_total, order_id, quantity, unit_price) 
    values
        (?, ?, ?, ?, ?, ?)
2026-09-12T15:30:14.875+07:00 DEBUG 23280 --- [tea-attendance-api] [           main] org.hibernate.SQL                        : 
    insert 
    into
        order_items
        (consumer_member_id, drink_name, line_total, order_id, quantity, unit_price) 
    values
        (?, ?, ?, ?, ?, ?)
2026-09-12T15:30:14.965+07:00 DEBUG 23280 --- [tea-attendance-api] [           main] o.s.b.a.ApplicationAvailabilityBean      : Application availability state ReadinessState changed to ACCEPTING_TRAFFIC
2026-09-12T15:31:13.610+07:00  INFO 23280 --- [tea-attendance-api] [nio-8080-exec-1] o.a.c.c.C.[Tomcat].[localhost].[/]       : Initializing Spring DispatcherServlet 'dispatcherServlet'
2026-09-12T15:31:13.611+07:00  INFO 23280 --- [tea-attendance-api] [nio-8080-exec-1] o.s.web.servlet.DispatcherServlet        : Initializing Servlet 'dispatcherServlet'
2026-09-12T15:31:13.612+07:00 DEBUG 23280 --- [tea-attendance-api] [nio-8080-exec-1] o.s.web.servlet.DispatcherServlet        : Detected StandardServletMultipartResolver
2026-09-12T15:31:13.614+07:00 DEBUG 23280 --- [tea-attendance-api] [nio-8080-exec-1] o.s.web.servlet.DispatcherServlet        : Detected AcceptHeaderLocaleResolver
2026-09-12T15:31:13.615+07:00 DEBUG 23280 --- [tea-attendance-api] [nio-8080-exec-1] o.s.web.servlet.DispatcherServlet        : Detected FixedThemeResolver
2026-09-12T15:31:13.619+07:00 DEBUG 23280 --- [tea-attendance-api] [nio-8080-exec-1] o.s.web.servlet.DispatcherServlet        : Detected org.springframework.web.servlet.view.DefaultRequestToViewNameTranslator@649573d0
2026-09-12T15:31:13.622+07:00 DEBUG 23280 --- [tea-attendance-api] [nio-8080-exec-1] o.s.web.servlet.DispatcherServlet        : Detected org.springframework.web.servlet.support.SessionFlashMapManager@a3a54d6
2026-09-12T15:31:13.622+07:00 DEBUG 23280 --- [tea-attendance-api] [nio-8080-exec-1] o.s.web.servlet.DispatcherServlet        : enableLoggingRequestDetails='false': request parameters and headers will be masked to prevent unsafe logging of potentially sensitive data
2026-09-12T15:31:13.623+07:00  INFO 23280 --- [tea-attendance-api] [nio-8080-exec-1] o.s.web.servlet.DispatcherServlet        : Completed initialization in 10 ms
2026-09-12T15:31:13.646+07:00 DEBUG 23280 --- [tea-attendance-api] [nio-8080-exec-1] o.s.web.servlet.DispatcherServlet        : GET "/api/members", parameters={}
2026-09-12T15:31:13.691+07:00 DEBUG 23280 --- [tea-attendance-api] [nio-8080-exec-1] s.w.s.m.m.a.RequestMappingHandlerMapping : Mapped to com.trasua.api.MemberController#list(boolean)
2026-09-12T15:31:13.844+07:00  INFO 23280 --- [tea-attendance-api] [MessageBroker-1] o.s.w.s.c.WebSocketMessageBrokerStats    : WebSocketSession[0 current WS(0)-HttpStream(0)-HttpPoll(0), 0 total, 0 closed abnormally (0 connect failure, 0 send limit, 0 transport error)], stompSubProtocol[processed CONNECT(0)-CONNECTED(0)-DISCONNECT(0)], stompBrokerRelay[null], inboundChannel[pool size = 0, active threads = 0, queued tasks = 0, completed tasks = 0], outboundChannel[pool size = 0, active threads = 0, queued tasks = 0, completed tasks = 0], sockJsScheduler[pool size = 2, active threads = 1, queued tasks = 1, completed tasks = 0]
2026-09-12T15:31:13.874+07:00 DEBUG 23280 --- [tea-attendance-api] [nio-8080-exec-1] org.hibernate.SQL                        : 
    select
        m1_0.id,
        m1_0.account_name,
        m1_0.account_number,
        m1_0.active,
        m1_0.bank_bin,
        m1_0.bank_name,
        m1_0.created_at,
        m1_0.display_name,
        m1_0.email,
        m1_0.qr_code_url,
        m1_0.updated_at 
    from
        members m1_0 
    where
        m1_0.active 
    order by
        m1_0.display_name
2026-09-12T15:31:14.002+07:00 DEBUG 23280 --- [tea-attendance-api] [nio-8080-exec-1] m.m.a.RequestResponseBodyMethodProcessor : Using 'application/json', given [*/*] and supported [application/json, application/*+json]
2026-09-12T15:31:14.043+07:00 DEBUG 23280 --- [tea-attendance-api] [nio-8080-exec-1] m.m.a.RequestResponseBodyMethodProcessor : Writing [[MemberResponse[id=4, displayName=H??ng, email=huong@example.test, bankName=Techcombank, bankBin=970 (truncated)...]
2026-09-12T15:31:14.085+07:00 DEBUG 23280 --- [tea-attendance-api] [nio-8080-exec-1] o.s.web.servlet.DispatcherServlet        : Completed 200 OK
2026-09-12T15:31:14.242+07:00 DEBUG 23280 --- [tea-attendance-api] [nio-8080-exec-3] o.s.web.servlet.DispatcherServlet        : GET "/api/attendances/daily-summary", parameters={}
2026-09-12T15:31:14.242+07:00 DEBUG 23280 --- [tea-attendance-api] [nio-8080-exec-3] s.w.s.m.m.a.RequestMappingHandlerMapping : Mapped to com.trasua.api.AttendanceController#summary(LocalDate)
2026-09-12T15:31:14.285+07:00 DEBUG 23280 --- [tea-attendance-api] [nio-8080-exec-3] org.hibernate.SQL                        : 
    select
        distinct do1_0.id,
        do1_0.created_at,
        i1_0.order_id,
        i1_0.id,
        i1_0.consumer_member_id,
        c1_0.id,
        c1_0.account_name,
        c1_0.account_number,
        c1_0.active,
        c1_0.bank_bin,
        c1_0.bank_name,
        c1_0.created_at,
        c1_0.display_name,
        c1_0.email,
        c1_0.qr_code_url,
        c1_0.updated_at,
        i1_0.drink_name,
        i1_0.line_total,
        i1_0.quantity,
        i1_0.unit_price,
        do1_0.note,
        do1_0.order_date,
        do1_0.payer_member_id,
        p1_0.id,
        p1_0.account_name,
        p1_0.account_number,
        p1_0.active,
        p1_0.bank_bin,
        p1_0.bank_name,
        p1_0.created_at,
        p1_0.display_name,
        p1_0.email,
        p1_0.qr_code_url,
        p1_0.updated_at,
        do1_0.total_amount,
        do1_0.updated_at 
    from
        drink_orders do1_0 
    join
        members p1_0 
            on p1_0.id=do1_0.payer_member_id 
    left join
        order_items i1_0 
            on do1_0.id=i1_0.order_id 
    left join
        members c1_0 
            on c1_0.id=i1_0.consumer_member_id 
    where
        do1_0.order_date=? 
    order by
        do1_0.id desc
2026-09-12T15:31:14.360+07:00 DEBUG 23280 --- [tea-attendance-api] [nio-8080-exec-3] m.m.a.RequestResponseBodyMethodProcessor : Using 'application/json', given [*/*] and supported [application/json, application/*+json]
2026-09-12T15:31:14.396+07:00 DEBUG 23280 --- [tea-attendance-api] [nio-8080-exec-3] m.m.a.RequestResponseBodyMethodProcessor : Writing [DailySummaryResponse[date=2026-09-12, totalAmount=40000, drinkCount=4, attendances=[AttendanceRespon (truncated)...]
2026-09-12T15:31:14.417+07:00 DEBUG 23280 --- [tea-attendance-api] [nio-8080-exec-3] o.s.web.servlet.DispatcherServlet        : Completed 200 OK
2026-09-12T15:32:24.743+07:00 DEBUG 23280 --- [tea-attendance-api] [nio-8080-exec-7] o.s.web.servlet.DispatcherServlet        : GET "/api/members", parameters={}
2026-09-12T15:32:24.744+07:00 DEBUG 23280 --- [tea-attendance-api] [nio-8080-exec-7] s.w.s.m.m.a.RequestMappingHandlerMapping : Mapped to com.trasua.api.MemberController#list(boolean)
2026-09-12T15:32:24.789+07:00 DEBUG 23280 --- [tea-attendance-api] [nio-8080-exec-7] org.hibernate.SQL                        : 
    select
        m1_0.id,
        m1_0.account_name,
        m1_0.account_number,
        m1_0.active,
        m1_0.bank_bin,
        m1_0.bank_name,
        m1_0.created_at,
        m1_0.display_name,
        m1_0.email,
        m1_0.qr_code_url,
        m1_0.updated_at 
    from
        members m1_0 
    where
        m1_0.active 
    order by
        m1_0.display_name
2026-09-12T15:32:24.827+07:00 DEBUG 23280 --- [tea-attendance-api] [nio-8080-exec-7] m.m.a.RequestResponseBodyMethodProcessor : Using 'application/json;q=0.8', given [text/html, application/xhtml+xml, image/avif, image/webp, image/apng, application/xml;q=0.9, */*;q=0.8, application/signed-exchange;v=b3;q=0.7] and supported [application/json, application/*+json]
2026-09-12T15:32:24.834+07:00 DEBUG 23280 --- [tea-attendance-api] [nio-8080-exec-7] m.m.a.RequestResponseBodyMethodProcessor : Writing [[MemberResponse[id=4, displayName=H??ng, email=huong@example.test, bankName=Techcombank, bankBin=970 (truncated)...]
2026-09-12T15:32:24.837+07:00 DEBUG 23280 --- [tea-attendance-api] [nio-8080-exec-7] o.s.web.servlet.DispatcherServlet        : Completed 200 OK
2026-09-12T15:32:25.269+07:00 DEBUG 23280 --- [tea-attendance-api] [nio-8080-exec-8] o.s.web.servlet.DispatcherServlet        : GET "/favicon.ico", parameters={}
2026-09-12T15:32:25.289+07:00 DEBUG 23280 --- [tea-attendance-api] [nio-8080-exec-8] o.s.w.s.handler.SimpleUrlHandlerMapping  : Mapped to ResourceHttpRequestHandler [classpath [META-INF/resources/], classpath [resources/], classpath [static/], classpath [public/], ServletContext [/]]
2026-09-12T15:32:25.294+07:00 DEBUG 23280 --- [tea-attendance-api] [nio-8080-exec-8] o.s.w.s.r.ResourceHttpRequestHandler     : Resource not found
2026-09-12T15:32:25.304+07:00 DEBUG 23280 --- [tea-attendance-api] [nio-8080-exec-8] .w.s.m.s.DefaultHandlerExceptionResolver : Resolved [org.springframework.web.servlet.resource.NoResourceFoundException: No static resource favicon.ico.]
2026-09-12T15:32:25.304+07:00 DEBUG 23280 --- [tea-attendance-api] [nio-8080-exec-8] o.s.web.servlet.DispatcherServlet        : Completed 404 NOT_FOUND
2026-09-12T15:32:25.376+07:00 DEBUG 23280 --- [tea-attendance-api] [nio-8080-exec-8] o.s.web.servlet.DispatcherServlet        : "ERROR" dispatch for GET "/error", parameters={}
2026-09-12T15:32:25.379+07:00 DEBUG 23280 --- [tea-attendance-api] [nio-8080-exec-8] s.w.s.m.m.a.RequestMappingHandlerMapping : Mapped to org.springframework.boot.autoconfigure.web.servlet.error.BasicErrorController#error(HttpServletRequest)
2026-09-12T15:32:25.399+07:00 DEBUG 23280 --- [tea-attendance-api] [nio-8080-exec-8] o.s.w.s.m.m.a.HttpEntityMethodProcessor  : Using 'application/json;q=0.8', given [image/avif, image/webp, image/apng, image/svg+xml, image/*, */*;q=0.8] and supported [application/json, application/*+json]
2026-09-12T15:32:25.412+07:00 DEBUG 23280 --- [tea-attendance-api] [nio-8080-exec-8] o.s.w.s.m.m.a.HttpEntityMethodProcessor  : Writing [{timestamp=Sat Sep 12 15:32:25 GMT+07:00 2026, status=404, error=Not Found, path=/favicon.ico}]
2026-09-12T15:32:25.455+07:00 DEBUG 23280 --- [tea-attendance-api] [nio-8080-exec-8] o.s.web.servlet.DispatcherServlet        : Exiting from "ERROR" dispatch, status 404
2026-09-12T15:37:00.376+07:00 DEBUG 23280 --- [tea-attendance-api] [nio-8080-exec-6] o.s.web.servlet.DispatcherServlet        : OPTIONS "/api/members", parameters={}
2026-09-12T15:37:00.378+07:00 DEBUG 23280 --- [tea-attendance-api] [nio-8080-exec-6] s.w.s.m.m.a.RequestMappingHandlerMapping : Mapped to com.trasua.api.MemberController#list(boolean)
2026-09-12T15:37:00.379+07:00 DEBUG 23280 --- [tea-attendance-api] [nio-8080-exec-3] o.s.web.servlet.DispatcherServlet        : OPTIONS "/api/members", parameters={}
2026-09-12T15:37:00.379+07:00 DEBUG 23280 --- [tea-attendance-api] [nio-8080-exec-3] s.w.s.m.m.a.RequestMappingHandlerMapping : Mapped to com.trasua.api.MemberController#list(boolean)
2026-09-12T15:37:00.385+07:00 DEBUG 23280 --- [tea-attendance-api] [nio-8080-exec-9] o.s.web.servlet.DispatcherServlet        : OPTIONS "/api/attendances/daily-summary?date=2026-09-12", parameters={masked}
2026-09-12T15:37:00.387+07:00 DEBUG 23280 --- [tea-attendance-api] [nio-8080-exec-9] s.w.s.m.m.a.RequestMappingHandlerMapping : Mapped to com.trasua.api.AttendanceController#summary(LocalDate)
2026-09-12T15:37:00.394+07:00 DEBUG 23280 --- [tea-attendance-api] [nio-8080-exec-1] o.s.web.servlet.DispatcherServlet        : OPTIONS "/api/attendances/daily-summary?date=2026-09-12", parameters={masked}
2026-09-12T15:37:00.395+07:00 DEBUG 23280 --- [tea-attendance-api] [nio-8080-exec-4] o.s.web.servlet.DispatcherServlet        : OPTIONS "/api/chat/messages", parameters={}
2026-09-12T15:37:00.396+07:00 DEBUG 23280 --- [tea-attendance-api] [nio-8080-exec-1] s.w.s.m.m.a.RequestMappingHandlerMapping : Mapped to com.trasua.api.AttendanceController#summary(LocalDate)
2026-09-12T15:37:00.401+07:00 DEBUG 23280 --- [tea-attendance-api] [nio-8080-exec-4] s.w.s.m.m.a.RequestMappingHandlerMapping : Mapped to com.trasua.api.ChatController#list(Instant, int)
2026-09-12T15:37:00.412+07:00 DEBUG 23280 --- [tea-attendance-api] [io-8080-exec-10] o.s.web.servlet.DispatcherServlet        : OPTIONS "/api/chat/messages", parameters={}
2026-09-12T15:37:00.413+07:00 DEBUG 23280 --- [tea-attendance-api] [io-8080-exec-10] s.w.s.m.m.a.RequestMappingHandlerMapping : Mapped to com.trasua.api.ChatController#list(Instant, int)
2026-09-12T15:37:00.540+07:00 DEBUG 23280 --- [tea-attendance-api] [nio-8080-exec-9] o.s.web.cors.DefaultCorsProcessor        : Reject: 'http://127.0.0.1:5173' origin is not allowed
2026-09-12T15:37:00.540+07:00 DEBUG 23280 --- [tea-attendance-api] [io-8080-exec-10] o.s.web.cors.DefaultCorsProcessor        : Reject: 'http://127.0.0.1:5173' origin is not allowed
2026-09-12T15:37:00.540+07:00 DEBUG 23280 --- [tea-attendance-api] [nio-8080-exec-3] o.s.web.cors.DefaultCorsProcessor        : Reject: 'http://127.0.0.1:5173' origin is not allowed
2026-09-12T15:37:00.541+07:00 DEBUG 23280 --- [tea-attendance-api] [nio-8080-exec-4] o.s.web.cors.DefaultCorsProcessor        : Reject: 'http://127.0.0.1:5173' origin is not allowed
2026-09-12T15:37:00.542+07:00 DEBUG 23280 --- [tea-attendance-api] [io-8080-exec-10] o.s.web.servlet.DispatcherServlet        : Completed 403 FORBIDDEN
2026-09-12T15:37:00.542+07:00 DEBUG 23280 --- [tea-attendance-api] [nio-8080-exec-9] o.s.web.servlet.DispatcherServlet        : Completed 403 FORBIDDEN
2026-09-12T15:37:00.543+07:00 DEBUG 23280 --- [tea-attendance-api] [nio-8080-exec-4] o.s.web.servlet.DispatcherServlet        : Completed 403 FORBIDDEN
2026-09-12T15:37:00.544+07:00 DEBUG 23280 --- [tea-attendance-api] [nio-8080-exec-6] o.s.web.cors.DefaultCorsProcessor        : Reject: 'http://127.0.0.1:5173' origin is not allowed
2026-09-12T15:37:00.546+07:00 DEBUG 23280 --- [tea-attendance-api] [nio-8080-exec-3] o.s.web.servlet.DispatcherServlet        : Completed 403 FORBIDDEN
2026-09-12T15:37:00.546+07:00 DEBUG 23280 --- [tea-attendance-api] [nio-8080-exec-6] o.s.web.servlet.DispatcherServlet        : Completed 403 FORBIDDEN
2026-09-12T15:37:00.547+07:00 DEBUG 23280 --- [tea-attendance-api] [nio-8080-exec-1] o.s.web.cors.DefaultCorsProcessor        : Reject: 'http://127.0.0.1:5173' origin is not allowed
2026-09-12T15:37:00.548+07:00 DEBUG 23280 --- [tea-attendance-api] [nio-8080-exec-1] o.s.web.servlet.DispatcherServlet        : Completed 403 FORBIDDEN
2026-09-12T16:01:13.852+07:00  INFO 23280 --- [tea-attendance-api] [MessageBroker-2] o.s.w.s.c.WebSocketMessageBrokerStats    : WebSocketSession[0 current WS(0)-HttpStream(0)-HttpPoll(0), 0 total, 0 closed abnormally (0 connect failure, 0 send limit, 0 transport error)], stompSubProtocol[processed CONNECT(0)-CONNECTED(0)-DISCONNECT(0)], stompBrokerRelay[null], inboundChannel[pool size = 0, active threads = 0, queued tasks = 0, completed tasks = 0], outboundChannel[pool size = 0, active threads = 0, queued tasks = 0, completed tasks = 0], sockJsScheduler[pool size = 3, active threads = 1, queued tasks = 1, completed tasks = 1]
2026-09-12T16:18:47.359+07:00 DEBUG 23280 --- [tea-attendance-api] [nio-8080-exec-3] o.s.web.servlet.DispatcherServlet        : OPTIONS "/api/attendances/daily-summary?date=2026-09-12", parameters={masked}
2026-09-12T16:18:47.359+07:00 DEBUG 23280 --- [tea-attendance-api] [nio-8080-exec-4] o.s.web.servlet.DispatcherServlet        : OPTIONS "/api/chat/messages", parameters={}
2026-09-12T16:18:47.359+07:00 DEBUG 23280 --- [tea-attendance-api] [nio-8080-exec-8] o.s.web.servlet.DispatcherServlet        : OPTIONS "/api/members", parameters={}
2026-09-12T16:18:47.359+07:00 DEBUG 23280 --- [tea-attendance-api] [nio-8080-exec-6] o.s.web.servlet.DispatcherServlet        : OPTIONS "/api/attendances/daily-summary?date=2026-09-12", parameters={masked}
2026-09-12T16:18:47.359+07:00 DEBUG 23280 --- [tea-attendance-api] [io-8080-exec-10] o.s.web.servlet.DispatcherServlet        : OPTIONS "/api/members", parameters={}
2026-09-12T16:18:47.359+07:00 DEBUG 23280 --- [tea-attendance-api] [nio-8080-exec-1] o.s.web.servlet.DispatcherServlet        : OPTIONS "/api/chat/messages", parameters={}
2026-09-12T16:18:47.572+07:00 DEBUG 23280 --- [tea-attendance-api] [nio-8080-exec-4] s.w.s.m.m.a.RequestMappingHandlerMapping : Mapped to com.trasua.api.ChatController#list(Instant, int)
2026-09-12T16:18:47.573+07:00 DEBUG 23280 --- [tea-attendance-api] [io-8080-exec-10] s.w.s.m.m.a.RequestMappingHandlerMapping : Mapped to com.trasua.api.MemberController#list(boolean)
2026-09-12T16:18:47.571+07:00 DEBUG 23280 --- [tea-attendance-api] [nio-8080-exec-3] s.w.s.m.m.a.RequestMappingHandlerMapping : Mapped to com.trasua.api.AttendanceController#summary(LocalDate)
2026-09-12T16:18:47.574+07:00 DEBUG 23280 --- [tea-attendance-api] [nio-8080-exec-6] s.w.s.m.m.a.RequestMappingHandlerMapping : Mapped to com.trasua.api.AttendanceController#summary(LocalDate)
2026-09-12T16:18:47.573+07:00 DEBUG 23280 --- [tea-attendance-api] [nio-8080-exec-1] s.w.s.m.m.a.RequestMappingHandlerMapping : Mapped to com.trasua.api.ChatController#list(Instant, int)
2026-09-12T16:18:47.571+07:00 DEBUG 23280 --- [tea-attendance-api] [nio-8080-exec-8] s.w.s.m.m.a.RequestMappingHandlerMapping : Mapped to com.trasua.api.MemberController#list(boolean)
2026-09-12T16:18:47.645+07:00 DEBUG 23280 --- [tea-attendance-api] [nio-8080-exec-8] o.s.web.cors.DefaultCorsProcessor        : Reject: 'http://127.0.0.1:5173' origin is not allowed
2026-09-12T16:18:47.645+07:00 DEBUG 23280 --- [tea-attendance-api] [io-8080-exec-10] o.s.web.cors.DefaultCorsProcessor        : Reject: 'http://127.0.0.1:5173' origin is not allowed
2026-09-12T16:18:47.645+07:00 DEBUG 23280 --- [tea-attendance-api] [nio-8080-exec-3] o.s.web.cors.DefaultCorsProcessor        : Reject: 'http://127.0.0.1:5173' origin is not allowed
2026-09-12T16:18:47.646+07:00 DEBUG 23280 --- [tea-attendance-api] [nio-8080-exec-1] o.s.web.cors.DefaultCorsProcessor        : Reject: 'http://127.0.0.1:5173' origin is not allowed
2026-09-12T16:18:47.646+07:00 DEBUG 23280 --- [tea-attendance-api] [nio-8080-exec-4] o.s.web.cors.DefaultCorsProcessor        : Reject: 'http://127.0.0.1:5173' origin is not allowed
2026-09-12T16:18:47.646+07:00 DEBUG 23280 --- [tea-attendance-api] [nio-8080-exec-6] o.s.web.cors.DefaultCorsProcessor        : Reject: 'http://127.0.0.1:5173' origin is not allowed
2026-09-12T16:18:47.748+07:00 DEBUG 23280 --- [tea-attendance-api] [nio-8080-exec-4] o.s.web.servlet.DispatcherServlet        : Completed 403 FORBIDDEN
2026-09-12T16:18:47.748+07:00 DEBUG 23280 --- [tea-attendance-api] [nio-8080-exec-1] o.s.web.servlet.DispatcherServlet        : Completed 403 FORBIDDEN
2026-09-12T16:18:47.748+07:00 DEBUG 23280 --- [tea-attendance-api] [nio-8080-exec-6] o.s.web.servlet.DispatcherServlet        : Completed 403 FORBIDDEN
2026-09-12T16:18:47.748+07:00 DEBUG 23280 --- [tea-attendance-api] [io-8080-exec-10] o.s.web.servlet.DispatcherServlet        : Completed 403 FORBIDDEN
2026-09-12T16:18:47.748+07:00 DEBUG 23280 --- [tea-attendance-api] [nio-8080-exec-8] o.s.web.servlet.DispatcherServlet        : Completed 403 FORBIDDEN
2026-09-12T16:18:47.748+07:00 DEBUG 23280 --- [tea-attendance-api] [nio-8080-exec-3] o.s.web.servlet.DispatcherServlet        : Completed 403 FORBIDDEN
2026-09-12T16:19:47.230+07:00 DEBUG 23280 --- [tea-attendance-api] [nio-8080-exec-9] o.s.web.servlet.DispatcherServlet        : OPTIONS "/api/members", parameters={}
2026-09-12T16:19:47.231+07:00 DEBUG 23280 --- [tea-attendance-api] [nio-8080-exec-7] o.s.web.servlet.DispatcherServlet        : OPTIONS "/api/chat/messages", parameters={}
2026-09-12T16:19:47.233+07:00 DEBUG 23280 --- [tea-attendance-api] [nio-8080-exec-6] o.s.web.servlet.DispatcherServlet        : OPTIONS "/api/chat/messages", parameters={}
2026-09-12T16:19:47.232+07:00 DEBUG 23280 --- [tea-attendance-api] [nio-8080-exec-9] s.w.s.m.m.a.RequestMappingHandlerMapping : Mapped to com.trasua.api.MemberController#list(boolean)
2026-09-12T16:19:47.232+07:00 DEBUG 23280 --- [tea-attendance-api] [nio-8080-exec-7] s.w.s.m.m.a.RequestMappingHandlerMapping : Mapped to com.trasua.api.ChatController#list(Instant, int)
2026-09-12T16:19:47.235+07:00 DEBUG 23280 --- [tea-attendance-api] [nio-8080-exec-1] o.s.web.servlet.DispatcherServlet        : OPTIONS "/api/attendances/daily-summary?date=2026-09-12", parameters={masked}
2026-09-12T16:19:47.234+07:00 DEBUG 23280 --- [tea-attendance-api] [nio-8080-exec-6] s.w.s.m.m.a.RequestMappingHandlerMapping : Mapped to com.trasua.api.ChatController#list(Instant, int)
2026-09-12T16:19:47.236+07:00 DEBUG 23280 --- [tea-attendance-api] [nio-8080-exec-7] o.s.web.cors.DefaultCorsProcessor        : Reject: 'http://127.0.0.1:5173' origin is not allowed
2026-09-12T16:19:47.235+07:00 DEBUG 23280 --- [tea-attendance-api] [nio-8080-exec-9] o.s.web.cors.DefaultCorsProcessor        : Reject: 'http://127.0.0.1:5173' origin is not allowed
2026-09-12T16:19:47.237+07:00 DEBUG 23280 --- [tea-attendance-api] [nio-8080-exec-9] o.s.web.servlet.DispatcherServlet        : Completed 403 FORBIDDEN
2026-09-12T16:19:47.238+07:00 DEBUG 23280 --- [tea-attendance-api] [nio-8080-exec-6] o.s.web.cors.DefaultCorsProcessor        : Reject: 'http://127.0.0.1:5173' origin is not allowed
2026-09-12T16:19:47.237+07:00 DEBUG 23280 --- [tea-attendance-api] [nio-8080-exec-1] s.w.s.m.m.a.RequestMappingHandlerMapping : Mapped to com.trasua.api.AttendanceController#summary(LocalDate)
2026-09-12T16:19:47.239+07:00 DEBUG 23280 --- [tea-attendance-api] [nio-8080-exec-7] o.s.web.servlet.DispatcherServlet        : Completed 403 FORBIDDEN
2026-09-12T16:19:47.250+07:00 DEBUG 23280 --- [tea-attendance-api] [nio-8080-exec-1] o.s.web.cors.DefaultCorsProcessor        : Reject: 'http://127.0.0.1:5173' origin is not allowed
2026-09-12T16:19:47.250+07:00 DEBUG 23280 --- [tea-attendance-api] [nio-8080-exec-6] o.s.web.servlet.DispatcherServlet        : Completed 403 FORBIDDEN
2026-09-12T16:19:47.320+07:00 DEBUG 23280 --- [tea-attendance-api] [nio-8080-exec-1] o.s.web.servlet.DispatcherServlet        : Completed 403 FORBIDDEN
2026-09-12T16:19:47.349+07:00 DEBUG 23280 --- [tea-attendance-api] [nio-8080-exec-2] o.s.web.servlet.DispatcherServlet        : OPTIONS "/api/members", parameters={}
2026-09-12T16:19:47.350+07:00 DEBUG 23280 --- [tea-attendance-api] [nio-8080-exec-2] s.w.s.m.m.a.RequestMappingHandlerMapping : Mapped to com.trasua.api.MemberController#list(boolean)
2026-09-12T16:19:47.351+07:00 DEBUG 23280 --- [tea-attendance-api] [nio-8080-exec-2] o.s.web.cors.DefaultCorsProcessor        : Reject: 'http://127.0.0.1:5173' origin is not allowed
2026-09-12T16:19:47.351+07:00 DEBUG 23280 --- [tea-attendance-api] [nio-8080-exec-2] o.s.web.servlet.DispatcherServlet        : Completed 403 FORBIDDEN
2026-09-12T16:19:47.408+07:00 DEBUG 23280 --- [tea-attendance-api] [nio-8080-exec-5] o.s.web.servlet.DispatcherServlet        : OPTIONS "/api/attendances/daily-summary?date=2026-09-12", parameters={masked}
2026-09-12T16:19:47.420+07:00 DEBUG 23280 --- [tea-attendance-api] [nio-8080-exec-5] s.w.s.m.m.a.RequestMappingHandlerMapping : Mapped to com.trasua.api.AttendanceController#summary(LocalDate)
2026-09-12T16:19:47.422+07:00 DEBUG 23280 --- [tea-attendance-api] [nio-8080-exec-5] o.s.web.cors.DefaultCorsProcessor        : Reject: 'http://127.0.0.1:5173' origin is not allowed
2026-09-12T16:19:47.423+07:00 DEBUG 23280 --- [tea-attendance-api] [nio-8080-exec-5] o.s.web.servlet.DispatcherServlet        : Completed 403 FORBIDDEN
2026-09-12T16:20:02.764+07:00 DEBUG 23280 --- [tea-attendance-api] [nio-8080-exec-4] o.s.web.servlet.DispatcherServlet        : OPTIONS "/api/members", parameters={}
2026-09-12T16:20:02.771+07:00 DEBUG 23280 --- [tea-attendance-api] [nio-8080-exec-7] o.s.web.servlet.DispatcherServlet        : OPTIONS "/api/attendances/daily-summary?date=2026-09-12", parameters={masked}
2026-09-12T16:20:02.772+07:00 DEBUG 23280 --- [tea-attendance-api] [nio-8080-exec-4] s.w.s.m.m.a.RequestMappingHandlerMapping : Mapped to com.trasua.api.MemberController#list(boolean)
2026-09-12T16:20:02.773+07:00 DEBUG 23280 --- [tea-attendance-api] [nio-8080-exec-4] o.s.web.cors.DefaultCorsProcessor        : Reject: 'http://127.0.0.1:5173' origin is not allowed
2026-09-12T16:20:02.774+07:00 DEBUG 23280 --- [tea-attendance-api] [nio-8080-exec-4] o.s.web.servlet.DispatcherServlet        : Completed 403 FORBIDDEN
2026-09-12T16:20:02.774+07:00 DEBUG 23280 --- [tea-attendance-api] [nio-8080-exec-9] o.s.web.servlet.DispatcherServlet        : OPTIONS "/api/chat/messages", parameters={}
2026-09-12T16:20:02.773+07:00 DEBUG 23280 --- [tea-attendance-api] [nio-8080-exec-3] o.s.web.servlet.DispatcherServlet        : OPTIONS "/api/chat/messages", parameters={}
2026-09-12T16:20:02.794+07:00 DEBUG 23280 --- [tea-attendance-api] [nio-8080-exec-7] s.w.s.m.m.a.RequestMappingHandlerMapping : Mapped to com.trasua.api.AttendanceController#summary(LocalDate)
2026-09-12T16:20:02.795+07:00 DEBUG 23280 --- [tea-attendance-api] [nio-8080-exec-3] s.w.s.m.m.a.RequestMappingHandlerMapping : Mapped to com.trasua.api.ChatController#list(Instant, int)
2026-09-12T16:20:02.796+07:00 DEBUG 23280 --- [tea-attendance-api] [nio-8080-exec-3] o.s.web.cors.DefaultCorsProcessor        : Reject: 'http://127.0.0.1:5173' origin is not allowed
2026-09-12T16:20:02.796+07:00 DEBUG 23280 --- [tea-attendance-api] [nio-8080-exec-7] o.s.web.cors.DefaultCorsProcessor        : Reject: 'http://127.0.0.1:5173' origin is not allowed
2026-09-12T16:20:02.796+07:00 DEBUG 23280 --- [tea-attendance-api] [nio-8080-exec-3] o.s.web.servlet.DispatcherServlet        : Completed 403 FORBIDDEN
2026-09-12T16:20:02.796+07:00 DEBUG 23280 --- [tea-attendance-api] [nio-8080-exec-9] s.w.s.m.m.a.RequestMappingHandlerMapping : Mapped to com.trasua.api.ChatController#list(Instant, int)
2026-09-12T16:20:02.797+07:00 DEBUG 23280 --- [tea-attendance-api] [nio-8080-exec-7] o.s.web.servlet.DispatcherServlet        : Completed 403 FORBIDDEN
2026-09-12T16:20:02.855+07:00 DEBUG 23280 --- [tea-attendance-api] [nio-8080-exec-9] o.s.web.cors.DefaultCorsProcessor        : Reject: 'http://127.0.0.1:5173' origin is not allowed
2026-09-12T16:20:02.863+07:00 DEBUG 23280 --- [tea-attendance-api] [nio-8080-exec-9] o.s.web.servlet.DispatcherServlet        : Completed 403 FORBIDDEN
2026-09-12T16:20:02.779+07:00 DEBUG 23280 --- [tea-attendance-api] [nio-8080-exec-8] o.s.web.servlet.DispatcherServlet        : OPTIONS "/api/attendances/daily-summary?date=2026-09-12", parameters={masked}
2026-09-12T16:20:02.963+07:00 DEBUG 23280 --- [tea-attendance-api] [nio-8080-exec-8] s.w.s.m.m.a.RequestMappingHandlerMapping : Mapped to com.trasua.api.AttendanceController#summary(LocalDate)
2026-09-12T16:20:02.967+07:00 DEBUG 23280 --- [tea-attendance-api] [nio-8080-exec-8] o.s.web.cors.DefaultCorsProcessor        : Reject: 'http://127.0.0.1:5173' origin is not allowed
2026-09-12T16:20:02.969+07:00 DEBUG 23280 --- [tea-attendance-api] [nio-8080-exec-8] o.s.web.servlet.DispatcherServlet        : Completed 403 FORBIDDEN
2026-09-12T16:20:02.879+07:00 DEBUG 23280 --- [tea-attendance-api] [io-8080-exec-10] o.s.web.servlet.DispatcherServlet        : OPTIONS "/api/members", parameters={}
2026-09-12T16:20:02.997+07:00 DEBUG 23280 --- [tea-attendance-api] [io-8080-exec-10] s.w.s.m.m.a.RequestMappingHandlerMapping : Mapped to com.trasua.api.MemberController#list(boolean)
2026-09-12T16:20:03.006+07:00 DEBUG 23280 --- [tea-attendance-api] [io-8080-exec-10] o.s.web.cors.DefaultCorsProcessor        : Reject: 'http://127.0.0.1:5173' origin is not allowed
2026-09-12T16:20:03.008+07:00 DEBUG 23280 --- [tea-attendance-api] [io-8080-exec-10] o.s.web.servlet.DispatcherServlet        : Completed 403 FORBIDDEN
2026-09-12T16:20:05.493+07:00 DEBUG 23280 --- [tea-attendance-api] [nio-8080-exec-3] o.s.web.servlet.DispatcherServlet        : OPTIONS "/api/chat/messages", parameters={}
2026-09-12T16:20:05.493+07:00 DEBUG 23280 --- [tea-attendance-api] [nio-8080-exec-1] o.s.web.servlet.DispatcherServlet        : OPTIONS "/api/attendances/daily-summary?date=2026-09-12", parameters={masked}
2026-09-12T16:20:05.494+07:00 DEBUG 23280 --- [tea-attendance-api] [nio-8080-exec-3] s.w.s.m.m.a.RequestMappingHandlerMapping : Mapped to com.trasua.api.ChatController#list(Instant, int)
2026-09-12T16:20:05.494+07:00 DEBUG 23280 --- [tea-attendance-api] [nio-8080-exec-5] o.s.web.servlet.DispatcherServlet        : OPTIONS "/api/members", parameters={}
2026-09-12T16:20:05.494+07:00 DEBUG 23280 --- [tea-attendance-api] [nio-8080-exec-5] s.w.s.m.m.a.RequestMappingHandlerMapping : Mapped to com.trasua.api.MemberController#list(boolean)
2026-09-12T16:20:05.494+07:00 DEBUG 23280 --- [tea-attendance-api] [nio-8080-exec-1] s.w.s.m.m.a.RequestMappingHandlerMapping : Mapped to com.trasua.api.AttendanceController#summary(LocalDate)
2026-09-12T16:20:05.494+07:00 DEBUG 23280 --- [tea-attendance-api] [nio-8080-exec-2] o.s.web.servlet.DispatcherServlet        : OPTIONS "/api/chat/messages", parameters={}
2026-09-12T16:20:05.495+07:00 DEBUG 23280 --- [tea-attendance-api] [nio-8080-exec-1] o.s.web.cors.DefaultCorsProcessor        : Reject: 'http://127.0.0.1:5173' origin is not allowed
2026-09-12T16:20:05.506+07:00 DEBUG 23280 --- [tea-attendance-api] [nio-8080-exec-1] o.s.web.servlet.DispatcherServlet        : Completed 403 FORBIDDEN
2026-09-12T16:20:05.506+07:00 DEBUG 23280 --- [tea-attendance-api] [nio-8080-exec-2] s.w.s.m.m.a.RequestMappingHandlerMapping : Mapped to com.trasua.api.ChatController#list(Instant, int)
2026-09-12T16:20:05.490+07:00 DEBUG 23280 --- [tea-attendance-api] [nio-8080-exec-6] o.s.web.servlet.DispatcherServlet        : OPTIONS "/api/members", parameters={}
2026-09-12T16:20:05.495+07:00 DEBUG 23280 --- [tea-attendance-api] [nio-8080-exec-4] o.s.web.servlet.DispatcherServlet        : OPTIONS "/api/attendances/daily-summary?date=2026-09-12", parameters={masked}
2026-09-12T16:20:05.510+07:00 DEBUG 23280 --- [tea-attendance-api] [nio-8080-exec-4] s.w.s.m.m.a.RequestMappingHandlerMapping : Mapped to com.trasua.api.AttendanceController#summary(LocalDate)
2026-09-12T16:20:05.511+07:00 DEBUG 23280 --- [tea-attendance-api] [nio-8080-exec-3] o.s.web.cors.DefaultCorsProcessor        : Reject: 'http://127.0.0.1:5173' origin is not allowed
2026-09-12T16:20:05.512+07:00 DEBUG 23280 --- [tea-attendance-api] [nio-8080-exec-3] o.s.web.servlet.DispatcherServlet        : Completed 403 FORBIDDEN
2026-09-12T16:20:05.510+07:00 DEBUG 23280 --- [tea-attendance-api] [nio-8080-exec-6] s.w.s.m.m.a.RequestMappingHandlerMapping : Mapped to com.trasua.api.MemberController#list(boolean)
2026-09-12T16:20:05.514+07:00 DEBUG 23280 --- [tea-attendance-api] [nio-8080-exec-4] o.s.web.cors.DefaultCorsProcessor        : Reject: 'http://127.0.0.1:5173' origin is not allowed
2026-09-12T16:20:05.518+07:00 DEBUG 23280 --- [tea-attendance-api] [nio-8080-exec-4] o.s.web.servlet.DispatcherServlet        : Completed 403 FORBIDDEN
2026-09-12T16:20:05.512+07:00 DEBUG 23280 --- [tea-attendance-api] [nio-8080-exec-2] o.s.web.cors.DefaultCorsProcessor        : Reject: 'http://127.0.0.1:5173' origin is not allowed
2026-09-12T16:20:05.521+07:00 DEBUG 23280 --- [tea-attendance-api] [nio-8080-exec-2] o.s.web.servlet.DispatcherServlet        : Completed 403 FORBIDDEN
2026-09-12T16:20:05.521+07:00 DEBUG 23280 --- [tea-attendance-api] [nio-8080-exec-6] o.s.web.cors.DefaultCorsProcessor        : Reject: 'http://127.0.0.1:5173' origin is not allowed
2026-09-12T16:20:05.529+07:00 DEBUG 23280 --- [tea-attendance-api] [nio-8080-exec-5] o.s.web.cors.DefaultCorsProcessor        : Reject: 'http://127.0.0.1:5173' origin is not allowed
2026-09-12T16:20:05.532+07:00 DEBUG 23280 --- [tea-attendance-api] [nio-8080-exec-5] o.s.web.servlet.DispatcherServlet        : Completed 403 FORBIDDEN
2026-09-12T16:20:05.539+07:00 DEBUG 23280 --- [tea-attendance-api] [nio-8080-exec-6] o.s.web.servlet.DispatcherServlet        : Completed 403 FORBIDDEN
2026-09-12T16:20:44.610+07:00 DEBUG 23280 --- [tea-attendance-api] [nio-8080-exec-9] o.s.web.servlet.DispatcherServlet        : OPTIONS "/api/members", parameters={}
2026-09-12T16:20:44.612+07:00 DEBUG 23280 --- [tea-attendance-api] [nio-8080-exec-9] s.w.s.m.m.a.RequestMappingHandlerMapping : Mapped to com.trasua.api.MemberController#list(boolean)
2026-09-12T16:20:44.613+07:00 DEBUG 23280 --- [tea-attendance-api] [nio-8080-exec-9] o.s.web.cors.DefaultCorsProcessor        : Reject: 'http://127.0.0.1:5173' origin is not allowed
2026-09-12T16:20:44.616+07:00 DEBUG 23280 --- [tea-attendance-api] [nio-8080-exec-7] o.s.web.servlet.DispatcherServlet        : OPTIONS "/api/attendances/daily-summary?date=2026-09-12", parameters={masked}
2026-09-12T16:20:44.618+07:00 DEBUG 23280 --- [tea-attendance-api] [nio-8080-exec-7] s.w.s.m.m.a.RequestMappingHandlerMapping : Mapped to com.trasua.api.AttendanceController#summary(LocalDate)
2026-09-12T16:20:44.619+07:00 DEBUG 23280 --- [tea-attendance-api] [nio-8080-exec-9] o.s.web.servlet.DispatcherServlet        : Completed 403 FORBIDDEN
2026-09-12T16:20:44.619+07:00 DEBUG 23280 --- [tea-attendance-api] [nio-8080-exec-7] o.s.web.cors.DefaultCorsProcessor        : Reject: 'http://127.0.0.1:5173' origin is not allowed
2026-09-12T16:20:44.619+07:00 DEBUG 23280 --- [tea-attendance-api] [nio-8080-exec-8] o.s.web.servlet.DispatcherServlet        : OPTIONS "/api/chat/messages", parameters={}
2026-09-12T16:20:44.620+07:00 DEBUG 23280 --- [tea-attendance-api] [nio-8080-exec-7] o.s.web.servlet.DispatcherServlet        : Completed 403 FORBIDDEN
2026-09-12T16:20:44.621+07:00 DEBUG 23280 --- [tea-attendance-api] [nio-8080-exec-8] s.w.s.m.m.a.RequestMappingHandlerMapping : Mapped to com.trasua.api.ChatController#list(Instant, int)
2026-09-12T16:20:44.622+07:00 DEBUG 23280 --- [tea-attendance-api] [nio-8080-exec-8] o.s.web.cors.DefaultCorsProcessor        : Reject: 'http://127.0.0.1:5173' origin is not allowed
2026-09-12T16:20:44.623+07:00 DEBUG 23280 --- [tea-attendance-api] [nio-8080-exec-1] o.s.web.servlet.DispatcherServlet        : OPTIONS "/api/attendances/daily-summary?date=2026-09-12", parameters={masked}
2026-09-12T16:20:44.621+07:00 DEBUG 23280 --- [tea-attendance-api] [io-8080-exec-10] o.s.web.servlet.DispatcherServlet        : OPTIONS "/api/members", parameters={}
2026-09-12T16:20:44.623+07:00 DEBUG 23280 --- [tea-attendance-api] [nio-8080-exec-1] s.w.s.m.m.a.RequestMappingHandlerMapping : Mapped to com.trasua.api.AttendanceController#summary(LocalDate)
2026-09-12T16:20:44.624+07:00 DEBUG 23280 --- [tea-attendance-api] [nio-8080-exec-3] o.s.web.servlet.DispatcherServlet        : OPTIONS "/api/chat/messages", parameters={}
2026-09-12T16:20:44.623+07:00 DEBUG 23280 --- [tea-attendance-api] [nio-8080-exec-8] o.s.web.servlet.DispatcherServlet        : Completed 403 FORBIDDEN
2026-09-12T16:20:44.624+07:00 DEBUG 23280 --- [tea-attendance-api] [io-8080-exec-10] s.w.s.m.m.a.RequestMappingHandlerMapping : Mapped to com.trasua.api.MemberController#list(boolean)
2026-09-12T16:20:44.624+07:00 DEBUG 23280 --- [tea-attendance-api] [nio-8080-exec-3] s.w.s.m.m.a.RequestMappingHandlerMapping : Mapped to com.trasua.api.ChatController#list(Instant, int)
2026-09-12T16:20:44.625+07:00 DEBUG 23280 --- [tea-attendance-api] [nio-8080-exec-3] o.s.web.cors.DefaultCorsProcessor        : Reject: 'http://127.0.0.1:5173' origin is not allowed
2026-09-12T16:20:44.625+07:00 DEBUG 23280 --- [tea-attendance-api] [nio-8080-exec-1] o.s.web.cors.DefaultCorsProcessor        : Reject: 'http://127.0.0.1:5173' origin is not allowed
2026-09-12T16:20:44.626+07:00 DEBUG 23280 --- [tea-attendance-api] [nio-8080-exec-1] o.s.web.servlet.DispatcherServlet        : Completed 403 FORBIDDEN
2026-09-12T16:20:44.626+07:00 DEBUG 23280 --- [tea-attendance-api] [io-8080-exec-10] o.s.web.cors.DefaultCorsProcessor        : Reject: 'http://127.0.0.1:5173' origin is not allowed
2026-09-12T16:20:44.625+07:00 DEBUG 23280 --- [tea-attendance-api] [nio-8080-exec-3] o.s.web.servlet.DispatcherServlet        : Completed 403 FORBIDDEN
2026-09-12T16:20:44.629+07:00 DEBUG 23280 --- [tea-attendance-api] [io-8080-exec-10] o.s.web.servlet.DispatcherServlet        : Completed 403 FORBIDDEN
2026-09-12T16:22:05.834+07:00 DEBUG 23280 --- [tea-attendance-api] [nio-8080-exec-8] o.s.web.servlet.DispatcherServlet        : OPTIONS "/api/members", parameters={}
2026-09-12T16:22:05.835+07:00 DEBUG 23280 --- [tea-attendance-api] [nio-8080-exec-8] s.w.s.m.m.a.RequestMappingHandlerMapping : Mapped to com.trasua.api.MemberController#list(boolean)
2026-09-12T16:22:05.838+07:00 DEBUG 23280 --- [tea-attendance-api] [nio-8080-exec-8] o.s.web.cors.DefaultCorsProcessor        : Reject: 'http://127.0.0.1:5173' origin is not allowed
2026-09-12T16:22:05.838+07:00 DEBUG 23280 --- [tea-attendance-api] [nio-8080-exec-8] o.s.web.servlet.DispatcherServlet        : Completed 403 FORBIDDEN
2026-09-12T16:22:05.842+07:00 DEBUG 23280 --- [tea-attendance-api] [nio-8080-exec-3] o.s.web.servlet.DispatcherServlet        : OPTIONS "/api/attendances/daily-summary?date=2026-09-12", parameters={masked}
2026-09-12T16:22:05.845+07:00 DEBUG 23280 --- [tea-attendance-api] [nio-8080-exec-2] o.s.web.servlet.DispatcherServlet        : OPTIONS "/api/chat/messages", parameters={}
2026-09-12T16:22:05.844+07:00 DEBUG 23280 --- [tea-attendance-api] [io-8080-exec-10] o.s.web.servlet.DispatcherServlet        : OPTIONS "/api/attendances/daily-summary?date=2026-09-12", parameters={masked}
2026-09-12T16:22:05.840+07:00 DEBUG 23280 --- [tea-attendance-api] [nio-8080-exec-8] o.s.web.servlet.DispatcherServlet        : OPTIONS "/api/chat/messages", parameters={}
2026-09-12T16:22:05.909+07:00 DEBUG 23280 --- [tea-attendance-api] [nio-8080-exec-3] s.w.s.m.m.a.RequestMappingHandlerMapping : Mapped to com.trasua.api.AttendanceController#summary(LocalDate)
2026-09-12T16:22:05.909+07:00 DEBUG 23280 --- [tea-attendance-api] [nio-8080-exec-8] s.w.s.m.m.a.RequestMappingHandlerMapping : Mapped to com.trasua.api.ChatController#list(Instant, int)
2026-09-12T16:22:05.910+07:00 DEBUG 23280 --- [tea-attendance-api] [nio-8080-exec-3] o.s.web.cors.DefaultCorsProcessor        : Reject: 'http://127.0.0.1:5173' origin is not allowed
2026-09-12T16:22:05.904+07:00 DEBUG 23280 --- [tea-attendance-api] [nio-8080-exec-1] o.s.web.servlet.DispatcherServlet        : OPTIONS "/api/members", parameters={}
2026-09-12T16:22:05.920+07:00 DEBUG 23280 --- [tea-attendance-api] [nio-8080-exec-8] o.s.web.cors.DefaultCorsProcessor        : Reject: 'http://127.0.0.1:5173' origin is not allowed
2026-09-12T16:22:05.942+07:00 DEBUG 23280 --- [tea-attendance-api] [nio-8080-exec-1] s.w.s.m.m.a.RequestMappingHandlerMapping : Mapped to com.trasua.api.MemberController#list(boolean)
2026-09-12T16:22:05.914+07:00 DEBUG 23280 --- [tea-attendance-api] [nio-8080-exec-3] o.s.web.servlet.DispatcherServlet        : Completed 403 FORBIDDEN
2026-09-12T16:22:05.957+07:00 DEBUG 23280 --- [tea-attendance-api] [nio-8080-exec-1] o.s.web.cors.DefaultCorsProcessor        : Reject: 'http://127.0.0.1:5173' origin is not allowed
2026-09-12T16:22:05.961+07:00 DEBUG 23280 --- [tea-attendance-api] [nio-8080-exec-1] o.s.web.servlet.DispatcherServlet        : Completed 403 FORBIDDEN
2026-09-12T16:22:05.914+07:00 DEBUG 23280 --- [tea-attendance-api] [io-8080-exec-10] s.w.s.m.m.a.RequestMappingHandlerMapping : Mapped to com.trasua.api.AttendanceController#summary(LocalDate)
2026-09-12T16:22:05.944+07:00 DEBUG 23280 --- [tea-attendance-api] [nio-8080-exec-8] o.s.web.servlet.DispatcherServlet        : Completed 403 FORBIDDEN
2026-09-12T16:22:05.911+07:00 DEBUG 23280 --- [tea-attendance-api] [nio-8080-exec-2] s.w.s.m.m.a.RequestMappingHandlerMapping : Mapped to com.trasua.api.ChatController#list(Instant, int)
2026-09-12T16:22:05.988+07:00 DEBUG 23280 --- [tea-attendance-api] [nio-8080-exec-2] o.s.web.cors.DefaultCorsProcessor        : Reject: 'http://127.0.0.1:5173' origin is not allowed
2026-09-12T16:22:05.988+07:00 DEBUG 23280 --- [tea-attendance-api] [io-8080-exec-10] o.s.web.cors.DefaultCorsProcessor        : Reject: 'http://127.0.0.1:5173' origin is not allowed
2026-09-12T16:22:05.990+07:00 DEBUG 23280 --- [tea-attendance-api] [io-8080-exec-10] o.s.web.servlet.DispatcherServlet        : Completed 403 FORBIDDEN
2026-09-12T16:22:05.989+07:00 DEBUG 23280 --- [tea-attendance-api] [nio-8080-exec-2] o.s.web.servlet.DispatcherServlet        : Completed 403 FORBIDDEN
2026-09-12T16:31:13.965+07:00  INFO 23280 --- [tea-attendance-api] [MessageBroker-3] o.s.w.s.c.WebSocketMessageBrokerStats    : WebSocketSession[0 current WS(0)-HttpStream(0)-HttpPoll(0), 0 total, 0 closed abnormally (0 connect failure, 0 send limit, 0 transport error)], stompSubProtocol[processed CONNECT(0)-CONNECTED(0)-DISCONNECT(0)], stompBrokerRelay[null], inboundChannel[pool size = 0, active threads = 0, queued tasks = 0, completed tasks = 0], outboundChannel[pool size = 0, active threads = 0, queued tasks = 0, completed tasks = 0], sockJsScheduler[pool size = 4, active threads = 1, queued tasks = 1, completed tasks = 2]
2026-09-12T16:32:45.636+07:00 DEBUG 23280 --- [tea-attendance-api] [nio-8080-exec-1] o.s.web.servlet.DispatcherServlet        : OPTIONS "/api/members", parameters={}
2026-09-12T16:32:45.651+07:00 DEBUG 23280 --- [tea-attendance-api] [nio-8080-exec-8] o.s.web.servlet.DispatcherServlet        : OPTIONS "/api/attendances/daily-summary?date=2026-09-12", parameters={masked}
2026-09-12T16:32:45.646+07:00 DEBUG 23280 --- [tea-attendance-api] [nio-8080-exec-2] o.s.web.servlet.DispatcherServlet        : OPTIONS "/api/chat/messages", parameters={}
2026-09-12T16:32:45.653+07:00 DEBUG 23280 --- [tea-attendance-api] [nio-8080-exec-7] o.s.web.servlet.DispatcherServlet        : OPTIONS "/api/attendances/daily-summary?date=2026-09-12", parameters={masked}
2026-09-12T16:32:45.653+07:00 DEBUG 23280 --- [tea-attendance-api] [nio-8080-exec-1] s.w.s.m.m.a.RequestMappingHandlerMapping : Mapped to com.trasua.api.MemberController#list(boolean)
2026-09-12T16:32:45.654+07:00 DEBUG 23280 --- [tea-attendance-api] [nio-8080-exec-7] s.w.s.m.m.a.RequestMappingHandlerMapping : Mapped to com.trasua.api.AttendanceController#summary(LocalDate)
2026-09-12T16:32:45.655+07:00 DEBUG 23280 --- [tea-attendance-api] [nio-8080-exec-8] s.w.s.m.m.a.RequestMappingHandlerMapping : Mapped to com.trasua.api.AttendanceController#summary(LocalDate)
2026-09-12T16:32:45.656+07:00 DEBUG 23280 --- [tea-attendance-api] [nio-8080-exec-4] o.s.web.servlet.DispatcherServlet        : OPTIONS "/api/chat/messages", parameters={}
2026-09-12T16:32:45.657+07:00 DEBUG 23280 --- [tea-attendance-api] [nio-8080-exec-7] o.s.web.cors.DefaultCorsProcessor        : Reject: 'http://127.0.0.1:5173' origin is not allowed
2026-09-12T16:32:45.660+07:00 DEBUG 23280 --- [tea-attendance-api] [nio-8080-exec-7] o.s.web.servlet.DispatcherServlet        : Completed 403 FORBIDDEN
2026-09-12T16:32:45.661+07:00 DEBUG 23280 --- [tea-attendance-api] [nio-8080-exec-2] s.w.s.m.m.a.RequestMappingHandlerMapping : Mapped to com.trasua.api.ChatController#list(Instant, int)
2026-09-12T16:32:45.658+07:00 DEBUG 23280 --- [tea-attendance-api] [nio-8080-exec-4] s.w.s.m.m.a.RequestMappingHandlerMapping : Mapped to com.trasua.api.ChatController#list(Instant, int)
2026-09-12T16:32:45.662+07:00 DEBUG 23280 --- [tea-attendance-api] [nio-8080-exec-8] o.s.web.cors.DefaultCorsProcessor        : Reject: 'http://127.0.0.1:5173' origin is not allowed
2026-09-12T16:32:45.662+07:00 DEBUG 23280 --- [tea-attendance-api] [nio-8080-exec-4] o.s.web.cors.DefaultCorsProcessor        : Reject: 'http://127.0.0.1:5173' origin is not allowed
2026-09-12T16:32:45.663+07:00 DEBUG 23280 --- [tea-attendance-api] [nio-8080-exec-2] o.s.web.cors.DefaultCorsProcessor        : Reject: 'http://127.0.0.1:5173' origin is not allowed
2026-09-12T16:32:45.659+07:00 DEBUG 23280 --- [tea-attendance-api] [nio-8080-exec-1] o.s.web.cors.DefaultCorsProcessor        : Reject: 'http://127.0.0.1:5173' origin is not allowed
2026-09-12T16:32:45.663+07:00 DEBUG 23280 --- [tea-attendance-api] [nio-8080-exec-4] o.s.web.servlet.DispatcherServlet        : Completed 403 FORBIDDEN
2026-09-12T16:32:45.664+07:00 DEBUG 23280 --- [tea-attendance-api] [nio-8080-exec-1] o.s.web.servlet.DispatcherServlet        : Completed 403 FORBIDDEN
2026-09-12T16:32:45.662+07:00 DEBUG 23280 --- [tea-attendance-api] [nio-8080-exec-8] o.s.web.servlet.DispatcherServlet        : Completed 403 FORBIDDEN
2026-09-12T16:32:45.668+07:00 DEBUG 23280 --- [tea-attendance-api] [nio-8080-exec-2] o.s.web.servlet.DispatcherServlet        : Completed 403 FORBIDDEN
2026-09-12T16:32:45.716+07:00 DEBUG 23280 --- [tea-attendance-api] [io-8080-exec-10] o.s.web.servlet.DispatcherServlet        : OPTIONS "/api/members", parameters={}
2026-09-12T16:32:45.718+07:00 DEBUG 23280 --- [tea-attendance-api] [io-8080-exec-10] s.w.s.m.m.a.RequestMappingHandlerMapping : Mapped to com.trasua.api.MemberController#list(boolean)
2026-09-12T16:32:45.729+07:00 DEBUG 23280 --- [tea-attendance-api] [io-8080-exec-10] o.s.web.cors.DefaultCorsProcessor        : Reject: 'http://127.0.0.1:5173' origin is not allowed
2026-09-12T16:32:45.730+07:00 DEBUG 23280 --- [tea-attendance-api] [io-8080-exec-10] o.s.web.servlet.DispatcherServlet        : Completed 403 FORBIDDEN
2026-09-12T16:33:33.903+07:00 DEBUG 23280 --- [tea-attendance-api] [nio-8080-exec-4] o.s.web.servlet.DispatcherServlet        : OPTIONS "/api/chat/messages", parameters={}
2026-09-12T16:33:33.904+07:00 DEBUG 23280 --- [tea-attendance-api] [nio-8080-exec-4] s.w.s.m.m.a.RequestMappingHandlerMapping : Mapped to com.trasua.api.ChatController#list(Instant, int)
2026-09-12T16:33:33.903+07:00 DEBUG 23280 --- [tea-attendance-api] [nio-8080-exec-7] o.s.web.servlet.DispatcherServlet        : OPTIONS "/api/attendances/daily-summary?date=2026-09-12", parameters={masked}
2026-09-12T16:33:33.904+07:00 DEBUG 23280 --- [tea-attendance-api] [nio-8080-exec-7] s.w.s.m.m.a.RequestMappingHandlerMapping : Mapped to com.trasua.api.AttendanceController#summary(LocalDate)
2026-09-12T16:33:33.904+07:00 DEBUG 23280 --- [tea-attendance-api] [nio-8080-exec-3] o.s.web.servlet.DispatcherServlet        : OPTIONS "/api/members", parameters={}
2026-09-12T16:33:33.907+07:00 DEBUG 23280 --- [tea-attendance-api] [nio-8080-exec-4] o.s.web.cors.DefaultCorsProcessor        : Reject: 'http://127.0.0.1:5173' origin is not allowed
2026-09-12T16:33:33.907+07:00 DEBUG 23280 --- [tea-attendance-api] [nio-8080-exec-7] o.s.web.cors.DefaultCorsProcessor        : Reject: 'http://127.0.0.1:5173' origin is not allowed
2026-09-12T16:33:33.908+07:00 DEBUG 23280 --- [tea-attendance-api] [nio-8080-exec-7] o.s.web.servlet.DispatcherServlet        : Completed 403 FORBIDDEN
2026-09-12T16:33:33.909+07:00 DEBUG 23280 --- [tea-attendance-api] [nio-8080-exec-4] o.s.web.servlet.DispatcherServlet        : Completed 403 FORBIDDEN
2026-09-12T16:33:33.905+07:00 DEBUG 23280 --- [tea-attendance-api] [nio-8080-exec-3] s.w.s.m.m.a.RequestMappingHandlerMapping : Mapped to com.trasua.api.MemberController#list(boolean)
2026-09-12T16:33:33.919+07:00 DEBUG 23280 --- [tea-attendance-api] [nio-8080-exec-3] o.s.web.cors.DefaultCorsProcessor        : Reject: 'http://127.0.0.1:5173' origin is not allowed
2026-09-12T16:33:33.921+07:00 DEBUG 23280 --- [tea-attendance-api] [nio-8080-exec-3] o.s.web.servlet.DispatcherServlet        : Completed 403 FORBIDDEN
2026-09-12T16:33:33.928+07:00 DEBUG 23280 --- [tea-attendance-api] [nio-8080-exec-9] o.s.web.servlet.DispatcherServlet        : OPTIONS "/api/members", parameters={}
2026-09-12T16:33:33.904+07:00 DEBUG 23280 --- [tea-attendance-api] [nio-8080-exec-6] o.s.web.servlet.DispatcherServlet        : OPTIONS "/api/attendances/daily-summary?date=2026-09-12", parameters={masked}
2026-09-12T16:33:33.930+07:00 DEBUG 23280 --- [tea-attendance-api] [nio-8080-exec-6] s.w.s.m.m.a.RequestMappingHandlerMapping : Mapped to com.trasua.api.AttendanceController#summary(LocalDate)
2026-09-12T16:33:33.930+07:00 DEBUG 23280 --- [tea-attendance-api] [nio-8080-exec-9] s.w.s.m.m.a.RequestMappingHandlerMapping : Mapped to com.trasua.api.MemberController#list(boolean)
2026-09-12T16:33:33.930+07:00 DEBUG 23280 --- [tea-attendance-api] [nio-8080-exec-6] o.s.web.cors.DefaultCorsProcessor        : Reject: 'http://127.0.0.1:5173' origin is not allowed
2026-09-12T16:33:33.931+07:00 DEBUG 23280 --- [tea-attendance-api] [nio-8080-exec-9] o.s.web.cors.DefaultCorsProcessor        : Reject: 'http://127.0.0.1:5173' origin is not allowed
2026-09-12T16:33:33.933+07:00 DEBUG 23280 --- [tea-attendance-api] [nio-8080-exec-9] o.s.web.servlet.DispatcherServlet        : Completed 403 FORBIDDEN
2026-09-12T16:33:33.931+07:00 DEBUG 23280 --- [tea-attendance-api] [nio-8080-exec-6] o.s.web.servlet.DispatcherServlet        : Completed 403 FORBIDDEN
2026-09-12T16:33:33.903+07:00 DEBUG 23280 --- [tea-attendance-api] [nio-8080-exec-5] o.s.web.servlet.DispatcherServlet        : OPTIONS "/api/chat/messages", parameters={}
2026-09-12T16:33:33.953+07:00 DEBUG 23280 --- [tea-attendance-api] [nio-8080-exec-5] s.w.s.m.m.a.RequestMappingHandlerMapping : Mapped to com.trasua.api.ChatController#list(Instant, int)
2026-09-12T16:33:33.955+07:00 DEBUG 23280 --- [tea-attendance-api] [nio-8080-exec-5] o.s.web.cors.DefaultCorsProcessor        : Reject: 'http://127.0.0.1:5173' origin is not allowed
2026-09-12T16:33:33.957+07:00 DEBUG 23280 --- [tea-attendance-api] [nio-8080-exec-5] o.s.web.servlet.DispatcherServlet        : Completed 403 FORBIDDEN
2026-09-12T16:43:34.774+07:00 DEBUG 23280 --- [tea-attendance-api] [nio-8080-exec-3] o.s.web.servlet.DispatcherServlet        : GET "/api/members", parameters={}
2026-09-12T16:43:34.844+07:00 DEBUG 23280 --- [tea-attendance-api] [nio-8080-exec-3] s.w.s.m.m.a.RequestMappingHandlerMapping : Mapped to com.trasua.api.MemberController#list(boolean)
2026-09-12T16:43:35.467+07:00 DEBUG 23280 --- [tea-attendance-api] [nio-8080-exec-3] org.hibernate.SQL                        : 
    select
        m1_0.id,
        m1_0.account_name,
        m1_0.account_number,
        m1_0.active,
        m1_0.bank_bin,
        m1_0.bank_name,
        m1_0.created_at,
        m1_0.display_name,
        m1_0.email,
        m1_0.qr_code_url,
        m1_0.updated_at 
    from
        members m1_0 
    where
        m1_0.active 
    order by
        m1_0.display_name
2026-09-12T16:43:35.703+07:00 DEBUG 23280 --- [tea-attendance-api] [nio-8080-exec-3] m.m.a.RequestResponseBodyMethodProcessor : Using 'application/json', given [*/*] and supported [application/json, application/*+json]
2026-09-12T16:43:35.719+07:00 DEBUG 23280 --- [tea-attendance-api] [nio-8080-exec-3] m.m.a.RequestResponseBodyMethodProcessor : Writing [[MemberResponse[id=4, displayName=H??ng, email=huong@example.test, bankName=Techcombank, bankBin=970 (truncated)...]
2026-09-12T16:43:35.766+07:00 DEBUG 23280 --- [tea-attendance-api] [nio-8080-exec-3] o.s.web.servlet.DispatcherServlet        : Completed 200 OK
2026-09-12T16:43:48.320+07:00 DEBUG 23280 --- [tea-attendance-api] [nio-8080-exec-9] o.s.web.servlet.DispatcherServlet        : POST "/api/chat/messages/with-media", parameters={multipart}
2026-09-12T16:43:49.488+07:00 DEBUG 23280 --- [tea-attendance-api] [nio-8080-exec-9] o.s.w.s.handler.SimpleUrlHandlerMapping  : Mapped to ResourceHttpRequestHandler [classpath [META-INF/resources/], classpath [resources/], classpath [static/], classpath [public/], ServletContext [/]]
2026-09-12T16:43:49.508+07:00 DEBUG 23280 --- [tea-attendance-api] [nio-8080-exec-9] o.s.w.s.r.ResourceHttpRequestHandler     : Resource not found
2026-09-12T16:43:49.517+07:00 DEBUG 23280 --- [tea-attendance-api] [nio-8080-exec-9] .w.s.m.s.DefaultHandlerExceptionResolver : Resolved [org.springframework.web.servlet.resource.NoResourceFoundException: No static resource api/chat/messages/with-media.]
2026-09-12T16:43:49.519+07:00 DEBUG 23280 --- [tea-attendance-api] [nio-8080-exec-9] o.s.web.servlet.DispatcherServlet        : Completed 404 NOT_FOUND
2026-09-12T16:43:49.525+07:00 DEBUG 23280 --- [tea-attendance-api] [nio-8080-exec-9] o.s.web.servlet.DispatcherServlet        : "ERROR" dispatch for POST "/error", parameters={multipart}
2026-09-12T16:43:49.527+07:00 DEBUG 23280 --- [tea-attendance-api] [nio-8080-exec-9] s.w.s.m.m.a.RequestMappingHandlerMapping : Mapped to org.springframework.boot.autoconfigure.web.servlet.error.BasicErrorController#error(HttpServletRequest)
2026-09-12T16:43:49.535+07:00 DEBUG 23280 --- [tea-attendance-api] [nio-8080-exec-9] o.s.w.s.m.m.a.HttpEntityMethodProcessor  : Using 'application/json', given [*/*] and supported [application/json, application/*+json]
2026-09-12T16:43:49.536+07:00 DEBUG 23280 --- [tea-attendance-api] [nio-8080-exec-9] o.s.w.s.m.m.a.HttpEntityMethodProcessor  : Writing [{timestamp=Sat Sep 12 16:43:49 GMT+07:00 2026, status=404, error=Not Found, path=/api/chat/messages/ (truncated)...]
2026-09-12T16:43:49.543+07:00 DEBUG 23280 --- [tea-attendance-api] [nio-8080-exec-9] o.s.web.servlet.DispatcherServlet        : Exiting from "ERROR" dispatch, status 404
[INFO] ------------------------------------------------------------------------
[INFO] BUILD FAILURE
[INFO] ------------------------------------------------------------------------
[INFO] Total time:  01:16 h
[INFO] Finished at: 2026-09-12T16:44:32+07:00
[INFO] ------------------------------------------------------------------------
[ERROR] Failed to execute goal org.springframework.boot:spring-boot-maven-plugin:3.4.5:run (default-cli) on project tea-attendance-api: Process terminated with exit code: -1 -> [Help 1]
[ERROR] 
[ERROR] To see the full stack trace of the errors, re-run Maven with the -e switch.
[ERROR] Re-run Maven using the -X switch to enable full debug logging.
[ERROR] 
[ERROR] For more information about the errors and possible solutions, please read the following articles:
[ERROR] [Help 1] http://cwiki.apache.org/confluence/display/MAVEN/MojoExecutionException
